product,module,test_case_id,test_scenario,test_case_name,test_type,priority,preconditions,test_steps,expected_result,automation_framework,tags
Dataiku,Flow and Lineage,DIKU-DATAIKU_-00001,Flow and Lineage: rebuild a downstream dataset after changing an upstream recipe (clean baseline),Dataiku: rebuild a downstream dataset after changing an upstream recipe with clean baseline,Functional,Medium,Non-production tenant or isolated local fixture; synthetic records only; Use a versioned synthetic fixture with a verified baseline snapshot.,"1. Prepare a disposable, versioned synthetic fixture: Use a versioned synthetic fixture with a verified baseline snapshot. 2. Execute the operation to rebuild a downstream dataset after changing an upstream recipe. 3. Capture the committed result, version or workflow state, and audit evidence. 4. Compare output with the source fixture and the expected invariant. 5. Repeat the operation where applicable and verify recovery, access, and side-effect behavior.","The platform must correctly rebuild a downstream dataset after changing an upstream recipe; the clean baseline condition is handled according to the configured contract; valid data and committed state are preserved; invalid or unauthorized work is rejected or quarantined without silent loss; retries do not duplicate side effects; lineage, provenance, and audit evidence remain available; and no production data or credentials are used.",DSS API + pytest,"dataiku,data-platform,synthetic-data,dataiku_flow,clean-baseline"
Dataiku,Flow and Lineage,DIKU-DATAIKU_-00002,Flow and Lineage: preserve dependency order when two recipes share an input dataset (clean baseline),Dataiku: preserve dependency order when two recipes share an input dataset with clean baseline,Functional,High,Non-production tenant or isolated local fixture; synthetic records only; Use a versioned synthetic fixture with a verified baseline snapshot.,"1. Prepare a disposable, versioned synthetic fixture: Use a versioned synthetic fixture with a verified baseline snapshot. 2. Execute the operation to preserve dependency order when two recipes share an input dataset. 3. Capture the committed result, version or workflow state, and audit evidence. 4. Compare output with the source fixture and the expected invariant. 5. Repeat the operation where applicable and verify recovery, access, and side-effect behavior.","The platform must correctly preserve dependency order when two recipes share an input dataset; the clean baseline condition is handled according to the configured contract; valid data and committed state are preserved; invalid or unauthorized work is rejected or quarantined without silent loss; retries do not duplicate side effects; lineage, provenance, and audit evidence remain available; and no production data or credentials are used.",DSS API + pytest,"dataiku,data-platform,synthetic-data,dataiku_flow,clean-baseline"
Dataiku,Flow and Lineage,DIKU-DATAIKU_-00003,Flow and Lineage: propagate a compatible schema change only through dependent Flow nodes (clean baseline),Dataiku: propagate a compatible schema change only through dependent Flow nodes with clean baseline,Functional,High,Non-production tenant or isolated local fixture; synthetic records only; Use a versioned synthetic fixture with a verified baseline snapshot.,"1. Prepare a disposable, versioned synthetic fixture: Use a versioned synthetic fixture with a verified baseline snapshot. 2. Execute the operation to propagate a compatible schema change only through dependent Flow nodes. 3. Capture the committed result, version or workflow state, and audit evidence. 4. Compare output with the source fixture and the expected invariant. 5. Repeat the operation where applicable and verify recovery, access, and side-effect behavior.","The platform must correctly propagate a compatible schema change only through dependent Flow nodes; the clean baseline condition is handled according to the configured contract; valid data and committed state are preserved; invalid or unauthorized work is rejected or quarantined without silent loss; retries do not duplicate side effects; lineage, provenance, and audit evidence remain available; and no production data or credentials are used.",DSS API + pytest,"dataiku,data-platform,synthetic-data,dataiku_flow,clean-baseline"
Dataiku,Flow and Lineage,DIKU-DATAIKU_-00004,Flow and Lineage: remove an unused recipe without deleting a shared source dataset (clean baseline),Dataiku: remove an unused recipe without deleting a shared source dataset with clean baseline,Functional,Medium,Non-production tenant or isolated local fixture; synthetic records only; Use a versioned synthetic fixture with a verified baseline snapshot.,"1. Prepare a disposable, versioned synthetic fixture: Use a versioned synthetic fixture with a verified baseline snapshot. 2. Execute the operation to remove an unused recipe without deleting a shared source dataset. 3. Capture the committed result, version or workflow state, and audit evidence. 4. Compare output with the source fixture and the expected invariant. 5. Repeat the operation where applicable and verify recovery, access, and side-effect behavior.","The platform must correctly remove an unused recipe without deleting a shared source dataset; the clean baseline condition is handled according to the configured contract; valid data and committed state are preserved; invalid or unauthorized work is rejected or quarantined without silent loss; retries do not duplicate side effects; lineage, provenance, and audit evidence remain available; and no production data or credentials are used.",DSS API + pytest,"dataiku,data-platform,synthetic-data,dataiku_flow,clean-baseline"
Dataiku,Flow and Lineage,DIKU-DATAIKU_-00005,Flow and Lineage: export Flow lineage and reconcile each declared input and output (clean baseline),Dataiku: export Flow lineage and reconcile each declared input and output with clean baseline,Functional,High,Non-production tenant or isolated local fixture; synthetic records only; Use a versioned synthetic fixture with a verified baseline snapshot.,"1. Prepare a disposable, versioned synthetic fixture: Use a versioned synthetic fixture with a verified baseline snapshot. 2. Execute the operation to export Flow lineage and reconcile each declared input and output. 3. Capture the committed result, version or workflow state, and audit evidence. 4. Compare output with the source fixture and the expected invariant. 5. Repeat the operation where applicable and verify recovery, access, and side-effect behavior.","The platform must correctly export Flow lineage and reconcile each declared input and output; the clean baseline condition is handled according to the configured contract; valid data and committed state are preserved; invalid or unauthorized work is rejected or quarantined without silent loss; retries do not duplicate side effects; lineage, provenance, and audit evidence remain available; and no production data or credentials are used.",DSS API + pytest,"dataiku,data-platform,synthetic-data,dataiku_flow,clean-baseline"
Dataiku,Flow and Lineage,DIKU-DATAIKU_-00006,Flow and Lineage: enforce configured resource limits during a parallel Flow build (clean baseline),Dataiku: enforce configured resource limits during a parallel Flow build with clean baseline,Functional,High,Non-production tenant or isolated local fixture; synthetic records only; Use a versioned synthetic fixture with a verified baseline snapshot.,"1. Prepare a disposable, versioned synthetic fixture: Use a versioned synthetic fixture with a verified baseline snapshot. 2. Execute the operation to enforce configured resource limits during a parallel Flow build. 3. Capture the committed result, version or workflow state, and audit evidence. 4. Compare output with the source fixture and the expected invariant. 5. Repeat the operation where applicable and verify recovery, access, and side-effect behavior.","The platform must correctly enforce configured resource limits during a parallel Flow build; the clean baseline condition is handled according to the configured contract; valid data and committed state are preserved; invalid or unauthorized work is rejected or quarantined without silent loss; retries do not duplicate side effects; lineage, provenance, and audit evidence remain available; and no production data or credentials are used.",DSS API + pytest,"dataiku,data-platform,synthetic-data,dataiku_flow,clean-baseline"
Dataiku,Flow and Lineage,DIKU-DATAIKU_-00007,Flow and Lineage: detect a cycle before scheduling a circular recipe dependency (clean baseline),Dataiku: detect a cycle before scheduling a circular recipe dependency with clean baseline,Functional,Medium,Non-production tenant or isolated local fixture; synthetic records only; Use a versioned synthetic fixture with a verified baseline snapshot.,"1. Prepare a disposable, versioned synthetic fixture: Use a versioned synthetic fixture with a verified baseline snapshot. 2. Execute the operation to detect a cycle before scheduling a circular recipe dependency. 3. Capture the committed result, version or workflow state, and audit evidence. 4. Compare output with the source fixture and the expected invariant. 5. Repeat the operation where applicable and verify recovery, access, and side-effect behavior.","The platform must correctly detect a cycle before scheduling a circular recipe dependency; the clean baseline condition is handled according to the configured contract; valid data and committed state are preserved; invalid or unauthorized work is rejected or quarantined without silent loss; retries do not duplicate side effects; lineage, provenance, and audit evidence remain available; and no production data or credentials are used.",DSS API + pytest,"dataiku,data-platform,synthetic-data,dataiku_flow,clean-baseline"
Dataiku,Flow and Lineage,DIKU-DATAIKU_-00008,Flow and Lineage: rebuild only affected partitions after a partitioned input changes (clean baseline),Dataiku: rebuild only affected partitions after a partitioned input changes with clean baseline,Functional,High,Non-production tenant or isolated local fixture; synthetic records only; Use a versioned synthetic fixture with a verified baseline snapshot.,"1. Prepare a disposable, versioned synthetic fixture: Use a versioned synthetic fixture with a verified baseline snapshot. 2. Execute the operation to rebuild only affected partitions after a partitioned input changes. 3. Capture the committed result, version or workflow state, and audit evidence. 4. Compare output with the source fixture and the expected invariant. 5. Repeat the operation where applicable and verify recovery, access, and side-effect behavior.","The platform must correctly rebuild only affected partitions after a partitioned input changes; the clean baseline condition is handled according to the configured contract; valid data and committed state are preserved; invalid or unauthorized work is rejected or quarantined without silent loss; retries do not duplicate side effects; lineage, provenance, and audit evidence remain available; and no production data or credentials are used.",DSS API + pytest,"dataiku,data-platform,synthetic-data,dataiku_flow,clean-baseline"
Dataiku,Flow and Lineage,DIKU-DATAIKU_-00009,Flow and Lineage: compare Flow lineage before and after a recipe replacement (clean baseline),Dataiku: compare Flow lineage before and after a recipe replacement with clean baseline,Functional,High,Non-production tenant or isolated local fixture; synthetic records only; Use a versioned synthetic fixture with a verified baseline snapshot.,"1. Prepare a disposable, versioned synthetic fixture: Use a versioned synthetic fixture with a verified baseline snapshot. 2. Execute the operation to compare Flow lineage before and after a recipe replacement. 3. Capture the committed result, version or workflow state, and audit evidence. 4. Compare output with the source fixture and the expected invariant. 5. Repeat the operation where applicable and verify recovery, access, and side-effect behavior.","The platform must correctly compare Flow lineage before and after a recipe replacement; the clean baseline condition is handled according to the configured contract; valid data and committed state are preserved; invalid or unauthorized work is rejected or quarantined without silent loss; retries do not duplicate side effects; lineage, provenance, and audit evidence remain available; and no production data or credentials are used.",DSS API + pytest,"dataiku,data-platform,synthetic-data,dataiku_flow,clean-baseline"
Dataiku,Flow and Lineage,DIKU-DATAIKU_-00010,Flow and Lineage: prevent a user without project access from inspecting restricted Flow nodes (clean baseline),Dataiku: prevent a user without project access from inspecting restricted Flow nodes with clean baseline,Functional,Medium,Non-production tenant or isolated local fixture; synthetic records only; Use a versioned synthetic fixture with a verified baseline snapshot.,"1. Prepare a disposable, versioned synthetic fixture: Use a versioned synthetic fixture with a verified baseline snapshot. 2. Execute the operation to prevent a user without project access from inspecting restricted Flow nodes. 3. Capture the committed result, version or workflow state, and audit evidence. 4. Compare output with the source fixture and the expected invariant. 5. Repeat the operation where applicable and verify recovery, access, and side-effect behavior.","The platform must correctly prevent a user without project access from inspecting restricted Flow nodes; the clean baseline condition is handled according to the configured contract; valid data and committed state are preserved; invalid or unauthorized work is rejected or quarantined without silent loss; retries do not duplicate side effects; lineage, provenance, and audit evidence remain available; and no production data or credentials are used.",DSS API + pytest,"dataiku,data-platform,synthetic-data,dataiku_flow,clean-baseline"
Dataiku,Flow and Lineage,DIKU-DATAIKU_-00011,Flow and Lineage: rebuild a downstream dataset after changing an upstream recipe (empty input),Dataiku: rebuild a downstream dataset after changing an upstream recipe with empty input,Functional,High,Non-production tenant or isolated local fixture; synthetic records only; Run with an empty input table or partition and verify defined empty-result behavior.,"1. Prepare a disposable, versioned synthetic fixture: Run with an empty input table or partition and verify defined empty-result behavior. 2. Execute the operation to rebuild a downstream dataset after changing an upstream recipe. 3. Capture the committed result, version or workflow state, and audit evidence. 4. Compare output with the source fixture and the expected invariant. 5. Repeat the operation where applicable and verify recovery, access, and side-effect behavior.","The platform must correctly rebuild a downstream dataset after changing an upstream recipe; the empty input condition is handled according to the configured contract; valid data and committed state are preserved; invalid or unauthorized work is rejected or quarantined without silent loss; retries do not duplicate side effects; lineage, provenance, and audit evidence remain available; and no production data or credentials are used.",DSS API + pytest,"dataiku,data-platform,synthetic-data,dataiku_flow,empty-input"
Dataiku,Flow and Lineage,DIKU-DATAIKU_-00012,Flow and Lineage: preserve dependency order when two recipes share an input dataset (empty input),Dataiku: preserve dependency order when two recipes share an input dataset with empty input,Functional,High,Non-production tenant or isolated local fixture; synthetic records only; Run with an empty input table or partition and verify defined empty-result behavior.,"1. Prepare a disposable, versioned synthetic fixture: Run with an empty input table or partition and verify defined empty-result behavior. 2. Execute the operation to preserve dependency order when two recipes share an input dataset. 3. Capture the committed result, version or workflow state, and audit evidence. 4. Compare output with the source fixture and the expected invariant. 5. Repeat the operation where applicable and verify recovery, access, and side-effect behavior.","The platform must correctly preserve dependency order when two recipes share an input dataset; the empty input condition is handled according to the configured contract; valid data and committed state are preserved; invalid or unauthorized work is rejected or quarantined without silent loss; retries do not duplicate side effects; lineage, provenance, and audit evidence remain available; and no production data or credentials are used.",DSS API + pytest,"dataiku,data-platform,synthetic-data,dataiku_flow,empty-input"
Dataiku,Flow and Lineage,DIKU-DATAIKU_-00013,Flow and Lineage: propagate a compatible schema change only through dependent Flow nodes (empty input),Dataiku: propagate a compatible schema change only through dependent Flow nodes with empty input,Functional,Medium,Non-production tenant or isolated local fixture; synthetic records only; Run with an empty input table or partition and verify defined empty-result behavior.,"1. Prepare a disposable, versioned synthetic fixture: Run with an empty input table or partition and verify defined empty-result behavior. 2. Execute the operation to propagate a compatible schema change only through dependent Flow nodes. 3. Capture the committed result, version or workflow state, and audit evidence. 4. Compare output with the source fixture and the expected invariant. 5. Repeat the operation where applicable and verify recovery, access, and side-effect behavior.","The platform must correctly propagate a compatible schema change only through dependent Flow nodes; the empty input condition is handled according to the configured contract; valid data and committed state are preserved; invalid or unauthorized work is rejected or quarantined without silent loss; retries do not duplicate side effects; lineage, provenance, and audit evidence remain available; and no production data or credentials are used.",DSS API + pytest,"dataiku,data-platform,synthetic-data,dataiku_flow,empty-input"
Dataiku,Flow and Lineage,DIKU-DATAIKU_-00014,Flow and Lineage: remove an unused recipe without deleting a shared source dataset (empty input),Dataiku: remove an unused recipe without deleting a shared source dataset with empty input,Functional,High,Non-production tenant or isolated local fixture; synthetic records only; Run with an empty input table or partition and verify defined empty-result behavior.,"1. Prepare a disposable, versioned synthetic fixture: Run with an empty input table or partition and verify defined empty-result behavior. 2. Execute the operation to remove an unused recipe without deleting a shared source dataset. 3. Capture the committed result, version or workflow state, and audit evidence. 4. Compare output with the source fixture and the expected invariant. 5. Repeat the operation where applicable and verify recovery, access, and side-effect behavior.","The platform must correctly remove an unused recipe without deleting a shared source dataset; the empty input condition is handled according to the configured contract; valid data and committed state are preserved; invalid or unauthorized work is rejected or quarantined without silent loss; retries do not duplicate side effects; lineage, provenance, and audit evidence remain available; and no production data or credentials are used.",DSS API + pytest,"dataiku,data-platform,synthetic-data,dataiku_flow,empty-input"
Dataiku,Flow and Lineage,DIKU-DATAIKU_-00015,Flow and Lineage: export Flow lineage and reconcile each declared input and output (empty input),Dataiku: export Flow lineage and reconcile each declared input and output with empty input,Functional,High,Non-production tenant or isolated local fixture; synthetic records only; Run with an empty input table or partition and verify defined empty-result behavior.,"1. Prepare a disposable, versioned synthetic fixture: Run with an empty input table or partition and verify defined empty-result behavior. 2. Execute the operation to export Flow lineage and reconcile each declared input and output. 3. Capture the committed result, version or workflow state, and audit evidence. 4. Compare output with the source fixture and the expected invariant. 5. Repeat the operation where applicable and verify recovery, access, and side-effect behavior.","The platform must correctly export Flow lineage and reconcile each declared input and output; the empty input condition is handled according to the configured contract; valid data and committed state are preserved; invalid or unauthorized work is rejected or quarantined without silent loss; retries do not duplicate side effects; lineage, provenance, and audit evidence remain available; and no production data or credentials are used.",DSS API + pytest,"dataiku,data-platform,synthetic-data,dataiku_flow,empty-input"
Dataiku,Flow and Lineage,DIKU-DATAIKU_-00016,Flow and Lineage: enforce configured resource limits during a parallel Flow build (empty input),Dataiku: enforce configured resource limits during a parallel Flow build with empty input,Functional,Medium,Non-production tenant or isolated local fixture; synthetic records only; Run with an empty input table or partition and verify defined empty-result behavior.,"1. Prepare a disposable, versioned synthetic fixture: Run with an empty input table or partition and verify defined empty-result behavior. 2. Execute the operation to enforce configured resource limits during a parallel Flow build. 3. Capture the committed result, version or workflow state, and audit evidence. 4. Compare output with the source fixture and the expected invariant. 5. Repeat the operation where applicable and verify recovery, access, and side-effect behavior.","The platform must correctly enforce configured resource limits during a parallel Flow build; the empty input condition is handled according to the configured contract; valid data and committed state are preserved; invalid or unauthorized work is rejected or quarantined without silent loss; retries do not duplicate side effects; lineage, provenance, and audit evidence remain available; and no production data or credentials are used.",DSS API + pytest,"dataiku,data-platform,synthetic-data,dataiku_flow,empty-input"
Dataiku,Flow and Lineage,DIKU-DATAIKU_-00017,Flow and Lineage: detect a cycle before scheduling a circular recipe dependency (empty input),Dataiku: detect a cycle before scheduling a circular recipe dependency with empty input,Functional,High,Non-production tenant or isolated local fixture; synthetic records only; Run with an empty input table or partition and verify defined empty-result behavior.,"1. Prepare a disposable, versioned synthetic fixture: Run with an empty input table or partition and verify defined empty-result behavior. 2. Execute the operation to detect a cycle before scheduling a circular recipe dependency. 3. Capture the committed result, version or workflow state, and audit evidence. 4. Compare output with the source fixture and the expected invariant. 5. Repeat the operation where applicable and verify recovery, access, and side-effect behavior.","The platform must correctly detect a cycle before scheduling a circular recipe dependency; the empty input condition is handled according to the configured contract; valid data and committed state are preserved; invalid or unauthorized work is rejected or quarantined without silent loss; retries do not duplicate side effects; lineage, provenance, and audit evidence remain available; and no production data or credentials are used.",DSS API + pytest,"dataiku,data-platform,synthetic-data,dataiku_flow,empty-input"
Dataiku,Flow and Lineage,DIKU-DATAIKU_-00018,Flow and Lineage: rebuild only affected partitions after a partitioned input changes (empty input),Dataiku: rebuild only affected partitions after a partitioned input changes with empty input,Functional,High,Non-production tenant or isolated local fixture; synthetic records only; Run with an empty input table or partition and verify defined empty-result behavior.,"1. Prepare a disposable, versioned synthetic fixture: Run with an empty input table or partition and verify defined empty-result behavior. 2. Execute the operation to rebuild only affected partitions after a partitioned input changes. 3. Capture the committed result, version or workflow state, and audit evidence. 4. Compare output with the source fixture and the expected invariant. 5. Repeat the operation where applicable and verify recovery, access, and side-effect behavior.","The platform must correctly rebuild only affected partitions after a partitioned input changes; the empty input condition is handled according to the configured contract; valid data and committed state are preserved; invalid or unauthorized work is rejected or quarantined without silent loss; retries do not duplicate side effects; lineage, provenance, and audit evidence remain available; and no production data or credentials are used.",DSS API + pytest,"dataiku,data-platform,synthetic-data,dataiku_flow,empty-input"
Dataiku,Flow and Lineage,DIKU-DATAIKU_-00019,Flow and Lineage: compare Flow lineage before and after a recipe replacement (empty input),Dataiku: compare Flow lineage before and after a recipe replacement with empty input,Functional,Medium,Non-production tenant or isolated local fixture; synthetic records only; Run with an empty input table or partition and verify defined empty-result behavior.,"1. Prepare a disposable, versioned synthetic fixture: Run with an empty input table or partition and verify defined empty-result behavior. 2. Execute the operation to compare Flow lineage before and after a recipe replacement. 3. Capture the committed result, version or workflow state, and audit evidence. 4. Compare output with the source fixture and the expected invariant. 5. Repeat the operation where applicable and verify recovery, access, and side-effect behavior.","The platform must correctly compare Flow lineage before and after a recipe replacement; the empty input condition is handled according to the configured contract; valid data and committed state are preserved; invalid or unauthorized work is rejected or quarantined without silent loss; retries do not duplicate side effects; lineage, provenance, and audit evidence remain available; and no production data or credentials are used.",DSS API + pytest,"dataiku,data-platform,synthetic-data,dataiku_flow,empty-input"
Dataiku,Flow and Lineage,DIKU-DATAIKU_-00020,Flow and Lineage: prevent a user without project access from inspecting restricted Flow nodes (empty input),Dataiku: prevent a user without project access from inspecting restricted Flow nodes with empty input,Functional,High,Non-production tenant or isolated local fixture; synthetic records only; Run with an empty input table or partition and verify defined empty-result behavior.,"1. Prepare a disposable, versioned synthetic fixture: Run with an empty input table or partition and verify defined empty-result behavior. 2. Execute the operation to prevent a user without project access from inspecting restricted Flow nodes. 3. Capture the committed result, version or workflow state, and audit evidence. 4. Compare output with the source fixture and the expected invariant. 5. Repeat the operation where applicable and verify recovery, access, and side-effect behavior.","The platform must correctly prevent a user without project access from inspecting restricted Flow nodes; the empty input condition is handled according to the configured contract; valid data and committed state are preserved; invalid or unauthorized work is rejected or quarantined without silent loss; retries do not duplicate side effects; lineage, provenance, and audit evidence remain available; and no production data or credentials are used.",DSS API + pytest,"dataiku,data-platform,synthetic-data,dataiku_flow,empty-input"
Dataiku,Flow and Lineage,DIKU-DATAIKU_-00021,Flow and Lineage: rebuild a downstream dataset after changing an upstream recipe (single record),Dataiku: rebuild a downstream dataset after changing an upstream recipe with single record,Functional,High,Non-production tenant or isolated local fixture; synthetic records only; Run with one valid record and verify the smallest non-empty result.,"1. Prepare a disposable, versioned synthetic fixture: Run with one valid record and verify the smallest non-empty result. 2. Execute the operation to rebuild a downstream dataset after changing an upstream recipe. 3. Capture the committed result, version or workflow state, and audit evidence. 4. Compare output with the source fixture and the expected invariant. 5. Repeat the operation where applicable and verify recovery, access, and side-effect behavior.","The platform must correctly rebuild a downstream dataset after changing an upstream recipe; the single record condition is handled according to the configured contract; valid data and committed state are preserved; invalid or unauthorized work is rejected or quarantined without silent loss; retries do not duplicate side effects; lineage, provenance, and audit evidence remain available; and no production data or credentials are used.",DSS API + pytest,"dataiku,data-platform,synthetic-data,dataiku_flow,single-record"
Dataiku,Flow and Lineage,DIKU-DATAIKU_-00022,Flow and Lineage: preserve dependency order when two recipes share an input dataset (single record),Dataiku: preserve dependency order when two recipes share an input dataset with single record,Functional,Medium,Non-production tenant or isolated local fixture; synthetic records only; Run with one valid record and verify the smallest non-empty result.,"1. Prepare a disposable, versioned synthetic fixture: Run with one valid record and verify the smallest non-empty result. 2. Execute the operation to preserve dependency order when two recipes share an input dataset. 3. Capture the committed result, version or workflow state, and audit evidence. 4. Compare output with the source fixture and the expected invariant. 5. Repeat the operation where applicable and verify recovery, access, and side-effect behavior.","The platform must correctly preserve dependency order when two recipes share an input dataset; the single record condition is handled according to the configured contract; valid data and committed state are preserved; invalid or unauthorized work is rejected or quarantined without silent loss; retries do not duplicate side effects; lineage, provenance, and audit evidence remain available; and no production data or credentials are used.",DSS API + pytest,"dataiku,data-platform,synthetic-data,dataiku_flow,single-record"
Dataiku,Flow and Lineage,DIKU-DATAIKU_-00023,Flow and Lineage: propagate a compatible schema change only through dependent Flow nodes (single record),Dataiku: propagate a compatible schema change only through dependent Flow nodes with single record,Functional,High,Non-production tenant or isolated local fixture; synthetic records only; Run with one valid record and verify the smallest non-empty result.,"1. Prepare a disposable, versioned synthetic fixture: Run with one valid record and verify the smallest non-empty result. 2. Execute the operation to propagate a compatible schema change only through dependent Flow nodes. 3. Capture the committed result, version or workflow state, and audit evidence. 4. Compare output with the source fixture and the expected invariant. 5. Repeat the operation where applicable and verify recovery, access, and side-effect behavior.","The platform must correctly propagate a compatible schema change only through dependent Flow nodes; the single record condition is handled according to the configured contract; valid data and committed state are preserved; invalid or unauthorized work is rejected or quarantined without silent loss; retries do not duplicate side effects; lineage, provenance, and audit evidence remain available; and no production data or credentials are used.",DSS API + pytest,"dataiku,data-platform,synthetic-data,dataiku_flow,single-record"
Dataiku,Flow and Lineage,DIKU-DATAIKU_-00024,Flow and Lineage: remove an unused recipe without deleting a shared source dataset (single record),Dataiku: remove an unused recipe without deleting a shared source dataset with single record,Functional,High,Non-production tenant or isolated local fixture; synthetic records only; Run with one valid record and verify the smallest non-empty result.,"1. Prepare a disposable, versioned synthetic fixture: Run with one valid record and verify the smallest non-empty result. 2. Execute the operation to remove an unused recipe without deleting a shared source dataset. 3. Capture the committed result, version or workflow state, and audit evidence. 4. Compare output with the source fixture and the expected invariant. 5. Repeat the operation where applicable and verify recovery, access, and side-effect behavior.","The platform must correctly remove an unused recipe without deleting a shared source dataset; the single record condition is handled according to the configured contract; valid data and committed state are preserved; invalid or unauthorized work is rejected or quarantined without silent loss; retries do not duplicate side effects; lineage, provenance, and audit evidence remain available; and no production data or credentials are used.",DSS API + pytest,"dataiku,data-platform,synthetic-data,dataiku_flow,single-record"
Dataiku,Flow and Lineage,DIKU-DATAIKU_-00025,Flow and Lineage: export Flow lineage and reconcile each declared input and output (single record),Dataiku: export Flow lineage and reconcile each declared input and output with single record,Functional,Medium,Non-production tenant or isolated local fixture; synthetic records only; Run with one valid record and verify the smallest non-empty result.,"1. Prepare a disposable, versioned synthetic fixture: Run with one valid record and verify the smallest non-empty result. 2. Execute the operation to export Flow lineage and reconcile each declared input and output. 3. Capture the committed result, version or workflow state, and audit evidence. 4. Compare output with the source fixture and the expected invariant. 5. Repeat the operation where applicable and verify recovery, access, and side-effect behavior.","The platform must correctly export Flow lineage and reconcile each declared input and output; the single record condition is handled according to the configured contract; valid data and committed state are preserved; invalid or unauthorized work is rejected or quarantined without silent loss; retries do not duplicate side effects; lineage, provenance, and audit evidence remain available; and no production data or credentials are used.",DSS API + pytest,"dataiku,data-platform,synthetic-data,dataiku_flow,single-record"
Dataiku,Flow and Lineage,DIKU-DATAIKU_-00026,Flow and Lineage: enforce configured resource limits during a parallel Flow build (single record),Dataiku: enforce configured resource limits during a parallel Flow build with single record,Functional,High,Non-production tenant or isolated local fixture; synthetic records only; Run with one valid record and verify the smallest non-empty result.,"1. Prepare a disposable, versioned synthetic fixture: Run with one valid record and verify the smallest non-empty result. 2. Execute the operation to enforce configured resource limits during a parallel Flow build. 3. Capture the committed result, version or workflow state, and audit evidence. 4. Compare output with the source fixture and the expected invariant. 5. Repeat the operation where applicable and verify recovery, access, and side-effect behavior.","The platform must correctly enforce configured resource limits during a parallel Flow build; the single record condition is handled according to the configured contract; valid data and committed state are preserved; invalid or unauthorized work is rejected or quarantined without silent loss; retries do not duplicate side effects; lineage, provenance, and audit evidence remain available; and no production data or credentials are used.",DSS API + pytest,"dataiku,data-platform,synthetic-data,dataiku_flow,single-record"
Dataiku,Flow and Lineage,DIKU-DATAIKU_-00027,Flow and Lineage: detect a cycle before scheduling a circular recipe dependency (single record),Dataiku: detect a cycle before scheduling a circular recipe dependency with single record,Functional,High,Non-production tenant or isolated local fixture; synthetic records only; Run with one valid record and verify the smallest non-empty result.,"1. Prepare a disposable, versioned synthetic fixture: Run with one valid record and verify the smallest non-empty result. 2. Execute the operation to detect a cycle before scheduling a circular recipe dependency. 3. Capture the committed result, version or workflow state, and audit evidence. 4. Compare output with the source fixture and the expected invariant. 5. Repeat the operation where applicable and verify recovery, access, and side-effect behavior.","The platform must correctly detect a cycle before scheduling a circular recipe dependency; the single record condition is handled according to the configured contract; valid data and committed state are preserved; invalid or unauthorized work is rejected or quarantined without silent loss; retries do not duplicate side effects; lineage, provenance, and audit evidence remain available; and no production data or credentials are used.",DSS API + pytest,"dataiku,data-platform,synthetic-data,dataiku_flow,single-record"
Dataiku,Flow and Lineage,DIKU-DATAIKU_-00028,Flow and Lineage: rebuild only affected partitions after a partitioned input changes (single record),Dataiku: rebuild only affected partitions after a partitioned input changes with single record,Functional,Medium,Non-production tenant or isolated local fixture; synthetic records only; Run with one valid record and verify the smallest non-empty result.,"1. Prepare a disposable, versioned synthetic fixture: Run with one valid record and verify the smallest non-empty result. 2. Execute the operation to rebuild only affected partitions after a partitioned input changes. 3. Capture the committed result, version or workflow state, and audit evidence. 4. Compare output with the source fixture and the expected invariant. 5. Repeat the operation where applicable and verify recovery, access, and side-effect behavior.","The platform must correctly rebuild only affected partitions after a partitioned input changes; the single record condition is handled according to the configured contract; valid data and committed state are preserved; invalid or unauthorized work is rejected or quarantined without silent loss; retries do not duplicate side effects; lineage, provenance, and audit evidence remain available; and no production data or credentials are used.",DSS API + pytest,"dataiku,data-platform,synthetic-data,dataiku_flow,single-record"
Dataiku,Flow and Lineage,DIKU-DATAIKU_-00029,Flow and Lineage: compare Flow lineage before and after a recipe replacement (single record),Dataiku: compare Flow lineage before and after a recipe replacement with single record,Functional,High,Non-production tenant or isolated local fixture; synthetic records only; Run with one valid record and verify the smallest non-empty result.,"1. Prepare a disposable, versioned synthetic fixture: Run with one valid record and verify the smallest non-empty result. 2. Execute the operation to compare Flow lineage before and after a recipe replacement. 3. Capture the committed result, version or workflow state, and audit evidence. 4. Compare output with the source fixture and the expected invariant. 5. Repeat the operation where applicable and verify recovery, access, and side-effect behavior.","The platform must correctly compare Flow lineage before and after a recipe replacement; the single record condition is handled according to the configured contract; valid data and committed state are preserved; invalid or unauthorized work is rejected or quarantined without silent loss; retries do not duplicate side effects; lineage, provenance, and audit evidence remain available; and no production data or credentials are used.",DSS API + pytest,"dataiku,data-platform,synthetic-data,dataiku_flow,single-record"
Dataiku,Flow and Lineage,DIKU-DATAIKU_-00030,Flow and Lineage: prevent a user without project access from inspecting restricted Flow nodes (single record),Dataiku: prevent a user without project access from inspecting restricted Flow nodes with single record,Functional,High,Non-production tenant or isolated local fixture; synthetic records only; Run with one valid record and verify the smallest non-empty result.,"1. Prepare a disposable, versioned synthetic fixture: Run with one valid record and verify the smallest non-empty result. 2. Execute the operation to prevent a user without project access from inspecting restricted Flow nodes. 3. Capture the committed result, version or workflow state, and audit evidence. 4. Compare output with the source fixture and the expected invariant. 5. Repeat the operation where applicable and verify recovery, access, and side-effect behavior.","The platform must correctly prevent a user without project access from inspecting restricted Flow nodes; the single record condition is handled according to the configured contract; valid data and committed state are preserved; invalid or unauthorized work is rejected or quarantined without silent loss; retries do not duplicate side effects; lineage, provenance, and audit evidence remain available; and no production data or credentials are used.",DSS API + pytest,"dataiku,data-platform,synthetic-data,dataiku_flow,single-record"
Dataiku,Flow and Lineage,DIKU-DATAIKU_-00031,Flow and Lineage: rebuild a downstream dataset after changing an upstream recipe (duplicate business key),Dataiku: rebuild a downstream dataset after changing an upstream recipe with duplicate business key,Functional,Medium,Non-production tenant or isolated local fixture; synthetic records only; Include duplicate business keys and verify the configured deduplication or rejection rule.,"1. Prepare a disposable, versioned synthetic fixture: Include duplicate business keys and verify the configured deduplication or rejection rule. 2. Execute the operation to rebuild a downstream dataset after changing an upstream recipe. 3. Capture the committed result, version or workflow state, and audit evidence. 4. Compare output with the source fixture and the expected invariant. 5. Repeat the operation where applicable and verify recovery, access, and side-effect behavior.","The platform must correctly rebuild a downstream dataset after changing an upstream recipe; the duplicate business key condition is handled according to the configured contract; valid data and committed state are preserved; invalid or unauthorized work is rejected or quarantined without silent loss; retries do not duplicate side effects; lineage, provenance, and audit evidence remain available; and no production data or credentials are used.",DSS API + pytest,"dataiku,data-platform,synthetic-data,dataiku_flow,duplicate-business-key"
Dataiku,Flow and Lineage,DIKU-DATAIKU_-00032,Flow and Lineage: preserve dependency order when two recipes share an input dataset (duplicate business key),Dataiku: preserve dependency order when two recipes share an input dataset with duplicate business key,Functional,High,Non-production tenant or isolated local fixture; synthetic records only; Include duplicate business keys and verify the configured deduplication or rejection rule.,"1. Prepare a disposable, versioned synthetic fixture: Include duplicate business keys and verify the configured deduplication or rejection rule. 2. Execute the operation to preserve dependency order when two recipes share an input dataset. 3. Capture the committed result, version or workflow state, and audit evidence. 4. Compare output with the source fixture and the expected invariant. 5. Repeat the operation where applicable and verify recovery, access, and side-effect behavior.","The platform must correctly preserve dependency order when two recipes share an input dataset; the duplicate business key condition is handled according to the configured contract; valid data and committed state are preserved; invalid or unauthorized work is rejected or quarantined without silent loss; retries do not duplicate side effects; lineage, provenance, and audit evidence remain available; and no production data or credentials are used.",DSS API + pytest,"dataiku,data-platform,synthetic-data,dataiku_flow,duplicate-business-key"
Dataiku,Flow and Lineage,DIKU-DATAIKU_-00033,Flow and Lineage: propagate a compatible schema change only through dependent Flow nodes (duplicate business key),Dataiku: propagate a compatible schema change only through dependent Flow nodes with duplicate business key,Functional,High,Non-production tenant or isolated local fixture; synthetic records only; Include duplicate business keys and verify the configured deduplication or rejection rule.,"1. Prepare a disposable, versioned synthetic fixture: Include duplicate business keys and verify the configured deduplication or rejection rule. 2. Execute the operation to propagate a compatible schema change only through dependent Flow nodes. 3. Capture the committed result, version or workflow state, and audit evidence. 4. Compare output with the source fixture and the expected invariant. 5. Repeat the operation where applicable and verify recovery, access, and side-effect behavior.","The platform must correctly propagate a compatible schema change only through dependent Flow nodes; the duplicate business key condition is handled according to the configured contract; valid data and committed state are preserved; invalid or unauthorized work is rejected or quarantined without silent loss; retries do not duplicate side effects; lineage, provenance, and audit evidence remain available; and no production data or credentials are used.",DSS API + pytest,"dataiku,data-platform,synthetic-data,dataiku_flow,duplicate-business-key"
Dataiku,Flow and Lineage,DIKU-DATAIKU_-00034,Flow and Lineage: remove an unused recipe without deleting a shared source dataset (duplicate business key),Dataiku: remove an unused recipe without deleting a shared source dataset with duplicate business key,Functional,Medium,Non-production tenant or isolated local fixture; synthetic records only; Include duplicate business keys and verify the configured deduplication or rejection rule.,"1. Prepare a disposable, versioned synthetic fixture: Include duplicate business keys and verify the configured deduplication or rejection rule. 2. Execute the operation to remove an unused recipe without deleting a shared source dataset. 3. Capture the committed result, version or workflow state, and audit evidence. 4. Compare output with the source fixture and the expected invariant. 5. Repeat the operation where applicable and verify recovery, access, and side-effect behavior.","The platform must correctly remove an unused recipe without deleting a shared source dataset; the duplicate business key condition is handled according to the configured contract; valid data and committed state are preserved; invalid or unauthorized work is rejected or quarantined without silent loss; retries do not duplicate side effects; lineage, provenance, and audit evidence remain available; and no production data or credentials are used.",DSS API + pytest,"dataiku,data-platform,synthetic-data,dataiku_flow,duplicate-business-key"
Dataiku,Flow and Lineage,DIKU-DATAIKU_-00035,Flow and Lineage: export Flow lineage and reconcile each declared input and output (duplicate business key),Dataiku: export Flow lineage and reconcile each declared input and output with duplicate business key,Functional,High,Non-production tenant or isolated local fixture; synthetic records only; Include duplicate business keys and verify the configured deduplication or rejection rule.,"1. Prepare a disposable, versioned synthetic fixture: Include duplicate business keys and verify the configured deduplication or rejection rule. 2. Execute the operation to export Flow lineage and reconcile each declared input and output. 3. Capture the committed result, version or workflow state, and audit evidence. 4. Compare output with the source fixture and the expected invariant. 5. Repeat the operation where applicable and verify recovery, access, and side-effect behavior.","The platform must correctly export Flow lineage and reconcile each declared input and output; the duplicate business key condition is handled according to the configured contract; valid data and committed state are preserved; invalid or unauthorized work is rejected or quarantined without silent loss; retries do not duplicate side effects; lineage, provenance, and audit evidence remain available; and no production data or credentials are used.",DSS API + pytest,"dataiku,data-platform,synthetic-data,dataiku_flow,duplicate-business-key"
Dataiku,Flow and Lineage,DIKU-DATAIKU_-00036,Flow and Lineage: enforce configured resource limits during a parallel Flow build (duplicate business key),Dataiku: enforce configured resource limits during a parallel Flow build with duplicate business key,Functional,High,Non-production tenant or isolated local fixture; synthetic records only; Include duplicate business keys and verify the configured deduplication or rejection rule.,"1. Prepare a disposable, versioned synthetic fixture: Include duplicate business keys and verify the configured deduplication or rejection rule. 2. Execute the operation to enforce configured resource limits during a parallel Flow build. 3. Capture the committed result, version or workflow state, and audit evidence. 4. Compare output with the source fixture and the expected invariant. 5. Repeat the operation where applicable and verify recovery, access, and side-effect behavior.","The platform must correctly enforce configured resource limits during a parallel Flow build; the duplicate business key condition is handled according to the configured contract; valid data and committed state are preserved; invalid or unauthorized work is rejected or quarantined without silent loss; retries do not duplicate side effects; lineage, provenance, and audit evidence remain available; and no production data or credentials are used.",DSS API + pytest,"dataiku,data-platform,synthetic-data,dataiku_flow,duplicate-business-key"
Dataiku,Flow and Lineage,DIKU-DATAIKU_-00037,Flow and Lineage: detect a cycle before scheduling a circular recipe dependency (duplicate business key),Dataiku: detect a cycle before scheduling a circular recipe dependency with duplicate business key,Functional,Medium,Non-production tenant or isolated local fixture; synthetic records only; Include duplicate business keys and verify the configured deduplication or rejection rule.,"1. Prepare a disposable, versioned synthetic fixture: Include duplicate business keys and verify the configured deduplication or rejection rule. 2. Execute the operation to detect a cycle before scheduling a circular recipe dependency. 3. Capture the committed result, version or workflow state, and audit evidence. 4. Compare output with the source fixture and the expected invariant. 5. Repeat the operation where applicable and verify recovery, access, and side-effect behavior.","The platform must correctly detect a cycle before scheduling a circular recipe dependency; the duplicate business key condition is handled according to the configured contract; valid data and committed state are preserved; invalid or unauthorized work is rejected or quarantined without silent loss; retries do not duplicate side effects; lineage, provenance, and audit evidence remain available; and no production data or credentials are used.",DSS API + pytest,"dataiku,data-platform,synthetic-data,dataiku_flow,duplicate-business-key"
Dataiku,Flow and Lineage,DIKU-DATAIKU_-00038,Flow and Lineage: rebuild only affected partitions after a partitioned input changes (duplicate business key),Dataiku: rebuild only affected partitions after a partitioned input changes with duplicate business key,Functional,High,Non-production tenant or isolated local fixture; synthetic records only; Include duplicate business keys and verify the configured deduplication or rejection rule.,"1. Prepare a disposable, versioned synthetic fixture: Include duplicate business keys and verify the configured deduplication or rejection rule. 2. Execute the operation to rebuild only affected partitions after a partitioned input changes. 3. Capture the committed result, version or workflow state, and audit evidence. 4. Compare output with the source fixture and the expected invariant. 5. Repeat the operation where applicable and verify recovery, access, and side-effect behavior.","The platform must correctly rebuild only affected partitions after a partitioned input changes; the duplicate business key condition is handled according to the configured contract; valid data and committed state are preserved; invalid or unauthorized work is rejected or quarantined without silent loss; retries do not duplicate side effects; lineage, provenance, and audit evidence remain available; and no production data or credentials are used.",DSS API + pytest,"dataiku,data-platform,synthetic-data,dataiku_flow,duplicate-business-key"
Dataiku,Flow and Lineage,DIKU-DATAIKU_-00039,Flow and Lineage: compare Flow lineage before and after a recipe replacement (duplicate business key),Dataiku: compare Flow lineage before and after a recipe replacement with duplicate business key,Functional,High,Non-production tenant or isolated local fixture; synthetic records only; Include duplicate business keys and verify the configured deduplication or rejection rule.,"1. Prepare a disposable, versioned synthetic fixture: Include duplicate business keys and verify the configured deduplication or rejection rule. 2. Execute the operation to compare Flow lineage before and after a recipe replacement. 3. Capture the committed result, version or workflow state, and audit evidence. 4. Compare output with the source fixture and the expected invariant. 5. Repeat the operation where applicable and verify recovery, access, and side-effect behavior.","The platform must correctly compare Flow lineage before and after a recipe replacement; the duplicate business key condition is handled according to the configured contract; valid data and committed state are preserved; invalid or unauthorized work is rejected or quarantined without silent loss; retries do not duplicate side effects; lineage, provenance, and audit evidence remain available; and no production data or credentials are used.",DSS API + pytest,"dataiku,data-platform,synthetic-data,dataiku_flow,duplicate-business-key"
Dataiku,Flow and Lineage,DIKU-DATAIKU_-00040,Flow and Lineage: prevent a user without project access from inspecting restricted Flow nodes (duplicate business key),Dataiku: prevent a user without project access from inspecting restricted Flow nodes with duplicate business key,Functional,Medium,Non-production tenant or isolated local fixture; synthetic records only; Include duplicate business keys and verify the configured deduplication or rejection rule.,"1. Prepare a disposable, versioned synthetic fixture: Include duplicate business keys and verify the configured deduplication or rejection rule. 2. Execute the operation to prevent a user without project access from inspecting restricted Flow nodes. 3. Capture the committed result, version or workflow state, and audit evidence. 4. Compare output with the source fixture and the expected invariant. 5. Repeat the operation where applicable and verify recovery, access, and side-effect behavior.","The platform must correctly prevent a user without project access from inspecting restricted Flow nodes; the duplicate business key condition is handled according to the configured contract; valid data and committed state are preserved; invalid or unauthorized work is rejected or quarantined without silent loss; retries do not duplicate side effects; lineage, provenance, and audit evidence remain available; and no production data or credentials are used.",DSS API + pytest,"dataiku,data-platform,synthetic-data,dataiku_flow,duplicate-business-key"
Dataiku,Flow and Lineage,DIKU-DATAIKU_-00041,Flow and Lineage: rebuild a downstream dataset after changing an upstream recipe (nullable optional field),Dataiku: rebuild a downstream dataset after changing an upstream recipe with nullable optional field,Functional,High,Non-production tenant or isolated local fixture; synthetic records only; Set optional fields to null while required identifiers remain valid.,"1. Prepare a disposable, versioned synthetic fixture: Set optional fields to null while required identifiers remain valid. 2. Execute the operation to rebuild a downstream dataset after changing an upstream recipe. 3. Capture the committed result, version or workflow state, and audit evidence. 4. Compare output with the source fixture and the expected invariant. 5. Repeat the operation where applicable and verify recovery, access, and side-effect behavior.","The platform must correctly rebuild a downstream dataset after changing an upstream recipe; the nullable optional field condition is handled according to the configured contract; valid data and committed state are preserved; invalid or unauthorized work is rejected or quarantined without silent loss; retries do not duplicate side effects; lineage, provenance, and audit evidence remain available; and no production data or credentials are used.",DSS API + pytest,"dataiku,data-platform,synthetic-data,dataiku_flow,nullable-optional-field"
Dataiku,Flow and Lineage,DIKU-DATAIKU_-00042,Flow and Lineage: preserve dependency order when two recipes share an input dataset (nullable optional field),Dataiku: preserve dependency order when two recipes share an input dataset with nullable optional field,Functional,High,Non-production tenant or isolated local fixture; synthetic records only; Set optional fields to null while required identifiers remain valid.,"1. Prepare a disposable, versioned synthetic fixture: Set optional fields to null while required identifiers remain valid. 2. Execute the operation to preserve dependency order when two recipes share an input dataset. 3. Capture the committed result, version or workflow state, and audit evidence. 4. Compare output with the source fixture and the expected invariant. 5. Repeat the operation where applicable and verify recovery, access, and side-effect behavior.","The platform must correctly preserve dependency order when two recipes share an input dataset; the nullable optional field condition is handled according to the configured contract; valid data and committed state are preserved; invalid or unauthorized work is rejected or quarantined without silent loss; retries do not duplicate side effects; lineage, provenance, and audit evidence remain available; and no production data or credentials are used.",DSS API + pytest,"dataiku,data-platform,synthetic-data,dataiku_flow,nullable-optional-field"
Dataiku,Flow and Lineage,DIKU-DATAIKU_-00043,Flow and Lineage: propagate a compatible schema change only through dependent Flow nodes (nullable optional field),Dataiku: propagate a compatible schema change only through dependent Flow nodes with nullable optional field,Functional,Medium,Non-production tenant or isolated local fixture; synthetic records only; Set optional fields to null while required identifiers remain valid.,"1. Prepare a disposable, versioned synthetic fixture: Set optional fields to null while required identifiers remain valid. 2. Execute the operation to propagate a compatible schema change only through dependent Flow nodes. 3. Capture the committed result, version or workflow state, and audit evidence. 4. Compare output with the source fixture and the expected invariant. 5. Repeat the operation where applicable and verify recovery, access, and side-effect behavior.","The platform must correctly propagate a compatible schema change only through dependent Flow nodes; the nullable optional field condition is handled according to the configured contract; valid data and committed state are preserved; invalid or unauthorized work is rejected or quarantined without silent loss; retries do not duplicate side effects; lineage, provenance, and audit evidence remain available; and no production data or credentials are used.",DSS API + pytest,"dataiku,data-platform,synthetic-data,dataiku_flow,nullable-optional-field"
Dataiku,Flow and Lineage,DIKU-DATAIKU_-00044,Flow and Lineage: remove an unused recipe without deleting a shared source dataset (nullable optional field),Dataiku: remove an unused recipe without deleting a shared source dataset with nullable optional field,Functional,High,Non-production tenant or isolated local fixture; synthetic records only; Set optional fields to null while required identifiers remain valid.,"1. Prepare a disposable, versioned synthetic fixture: Set optional fields to null while required identifiers remain valid. 2. Execute the operation to remove an unused recipe without deleting a shared source dataset. 3. Capture the committed result, version or workflow state, and audit evidence. 4. Compare output with the source fixture and the expected invariant. 5. Repeat the operation where applicable and verify recovery, access, and side-effect behavior.","The platform must correctly remove an unused recipe without deleting a shared source dataset; the nullable optional field condition is handled according to the configured contract; valid data and committed state are preserved; invalid or unauthorized work is rejected or quarantined without silent loss; retries do not duplicate side effects; lineage, provenance, and audit evidence remain available; and no production data or credentials are used.",DSS API + pytest,"dataiku,data-platform,synthetic-data,dataiku_flow,nullable-optional-field"
Dataiku,Flow and Lineage,DIKU-DATAIKU_-00045,Flow and Lineage: export Flow lineage and reconcile each declared input and output (nullable optional field),Dataiku: export Flow lineage and reconcile each declared input and output with nullable optional field,Functional,High,Non-production tenant or isolated local fixture; synthetic records only; Set optional fields to null while required identifiers remain valid.,"1. Prepare a disposable, versioned synthetic fixture: Set optional fields to null while required identifiers remain valid. 2. Execute the operation to export Flow lineage and reconcile each declared input and output. 3. Capture the committed result, version or workflow state, and audit evidence. 4. Compare output with the source fixture and the expected invariant. 5. Repeat the operation where applicable and verify recovery, access, and side-effect behavior.","The platform must correctly export Flow lineage and reconcile each declared input and output; the nullable optional field condition is handled according to the configured contract; valid data and committed state are preserved; invalid or unauthorized work is rejected or quarantined without silent loss; retries do not duplicate side effects; lineage, provenance, and audit evidence remain available; and no production data or credentials are used.",DSS API + pytest,"dataiku,data-platform,synthetic-data,dataiku_flow,nullable-optional-field"
Dataiku,Flow and Lineage,DIKU-DATAIKU_-00046,Flow and Lineage: enforce configured resource limits during a parallel Flow build (nullable optional field),Dataiku: enforce configured resource limits during a parallel Flow build with nullable optional field,Functional,Medium,Non-production tenant or isolated local fixture; synthetic records only; Set optional fields to null while required identifiers remain valid.,"1. Prepare a disposable, versioned synthetic fixture: Set optional fields to null while required identifiers remain valid. 2. Execute the operation to enforce configured resource limits during a parallel Flow build. 3. Capture the committed result, version or workflow state, and audit evidence. 4. Compare output with the source fixture and the expected invariant. 5. Repeat the operation where applicable and verify recovery, access, and side-effect behavior.","The platform must correctly enforce configured resource limits during a parallel Flow build; the nullable optional field condition is handled according to the configured contract; valid data and committed state are preserved; invalid or unauthorized work is rejected or quarantined without silent loss; retries do not duplicate side effects; lineage, provenance, and audit evidence remain available; and no production data or credentials are used.",DSS API + pytest,"dataiku,data-platform,synthetic-data,dataiku_flow,nullable-optional-field"
Dataiku,Flow and Lineage,DIKU-DATAIKU_-00047,Flow and Lineage: detect a cycle before scheduling a circular recipe dependency (nullable optional field),Dataiku: detect a cycle before scheduling a circular recipe dependency with nullable optional field,Functional,High,Non-production tenant or isolated local fixture; synthetic records only; Set optional fields to null while required identifiers remain valid.,"1. Prepare a disposable, versioned synthetic fixture: Set optional fields to null while required identifiers remain valid. 2. Execute the operation to detect a cycle before scheduling a circular recipe dependency. 3. Capture the committed result, version or workflow state, and audit evidence. 4. Compare output with the source fixture and the expected invariant. 5. Repeat the operation where applicable and verify recovery, access, and side-effect behavior.","The platform must correctly detect a cycle before scheduling a circular recipe dependency; the nullable optional field condition is handled according to the configured contract; valid data and committed state are preserved; invalid or unauthorized work is rejected or quarantined without silent loss; retries do not duplicate side effects; lineage, provenance, and audit evidence remain available; and no production data or credentials are used.",DSS API + pytest,"dataiku,data-platform,synthetic-data,dataiku_flow,nullable-optional-field"
Dataiku,Flow and Lineage,DIKU-DATAIKU_-00048,Flow and Lineage: rebuild only affected partitions after a partitioned input changes (nullable optional field),Dataiku: rebuild only affected partitions after a partitioned input changes with nullable optional field,Functional,High,Non-production tenant or isolated local fixture; synthetic records only; Set optional fields to null while required identifiers remain valid.,"1. Prepare a disposable, versioned synthetic fixture: Set optional fields to null while required identifiers remain valid. 2. Execute the operation to rebuild only affected partitions after a partitioned input changes. 3. Capture the committed result, version or workflow state, and audit evidence. 4. Compare output with the source fixture and the expected invariant. 5. Repeat the operation where applicable and verify recovery, access, and side-effect behavior.","The platform must correctly rebuild only affected partitions after a partitioned input changes; the nullable optional field condition is handled according to the configured contract; valid data and committed state are preserved; invalid or unauthorized work is rejected or quarantined without silent loss; retries do not duplicate side effects; lineage, provenance, and audit evidence remain available; and no production data or credentials are used.",DSS API + pytest,"dataiku,data-platform,synthetic-data,dataiku_flow,nullable-optional-field"
Dataiku,Flow and Lineage,DIKU-DATAIKU_-00049,Flow and Lineage: compare Flow lineage before and after a recipe replacement (nullable optional field),Dataiku: compare Flow lineage before and after a recipe replacement with nullable optional field,Functional,Medium,Non-production tenant or isolated local fixture; synthetic records only; Set optional fields to null while required identifiers remain valid.,"1. Prepare a disposable, versioned synthetic fixture: Set optional fields to null while required identifiers remain valid. 2. Execute the operation to compare Flow lineage before and after a recipe replacement. 3. Capture the committed result, version or workflow state, and audit evidence. 4. Compare output with the source fixture and the expected invariant. 5. Repeat the operation where applicable and verify recovery, access, and side-effect behavior.","The platform must correctly compare Flow lineage before and after a recipe replacement; the nullable optional field condition is handled according to the configured contract; valid data and committed state are preserved; invalid or unauthorized work is rejected or quarantined without silent loss; retries do not duplicate side effects; lineage, provenance, and audit evidence remain available; and no production data or credentials are used.",DSS API + pytest,"dataiku,data-platform,synthetic-data,dataiku_flow,nullable-optional-field"
Dataiku,Flow and Lineage,DIKU-DATAIKU_-00050,Flow and Lineage: prevent a user without project access from inspecting restricted Flow nodes (nullable optional field),Dataiku: prevent a user without project access from inspecting restricted Flow nodes with nullable optional field,Functional,High,Non-production tenant or isolated local fixture; synthetic records only; Set optional fields to null while required identifiers remain valid.,"1. Prepare a disposable, versioned synthetic fixture: Set optional fields to null while required identifiers remain valid. 2. Execute the operation to prevent a user without project access from inspecting restricted Flow nodes. 3. Capture the committed result, version or workflow state, and audit evidence. 4. Compare output with the source fixture and the expected invariant. 5. Repeat the operation where applicable and verify recovery, access, and side-effect behavior.","The platform must correctly prevent a user without project access from inspecting restricted Flow nodes; the nullable optional field condition is handled according to the configured contract; valid data and committed state are preserved; invalid or unauthorized work is rejected or quarantined without silent loss; retries do not duplicate side effects; lineage, provenance, and audit evidence remain available; and no production data or credentials are used.",DSS API + pytest,"dataiku,data-platform,synthetic-data,dataiku_flow,nullable-optional-field"
Dataiku,Flow and Lineage,DIKU-DATAIKU_-00051,Flow and Lineage: rebuild a downstream dataset after changing an upstream recipe (boundary values),Dataiku: rebuild a downstream dataset after changing an upstream recipe with boundary values,Functional,High,"Non-production tenant or isolated local fixture; synthetic records only; Exercise the documented minimum, maximum, and just-outside boundary values.","1. Prepare a disposable, versioned synthetic fixture: Exercise the documented minimum, maximum, and just-outside boundary values. 2. Execute the operation to rebuild a downstream dataset after changing an upstream recipe. 3. Capture the committed result, version or workflow state, and audit evidence. 4. Compare output with the source fixture and the expected invariant. 5. Repeat the operation where applicable and verify recovery, access, and side-effect behavior.","The platform must correctly rebuild a downstream dataset after changing an upstream recipe; the boundary values condition is handled according to the configured contract; valid data and committed state are preserved; invalid or unauthorized work is rejected or quarantined without silent loss; retries do not duplicate side effects; lineage, provenance, and audit evidence remain available; and no production data or credentials are used.",DSS API + pytest,"dataiku,data-platform,synthetic-data,dataiku_flow,boundary-values"
Dataiku,Flow and Lineage,DIKU-DATAIKU_-00052,Flow and Lineage: preserve dependency order when two recipes share an input dataset (boundary values),Dataiku: preserve dependency order when two recipes share an input dataset with boundary values,Functional,Medium,"Non-production tenant or isolated local fixture; synthetic records only; Exercise the documented minimum, maximum, and just-outside boundary values.","1. Prepare a disposable, versioned synthetic fixture: Exercise the documented minimum, maximum, and just-outside boundary values. 2. Execute the operation to preserve dependency order when two recipes share an input dataset. 3. Capture the committed result, version or workflow state, and audit evidence. 4. Compare output with the source fixture and the expected invariant. 5. Repeat the operation where applicable and verify recovery, access, and side-effect behavior.","The platform must correctly preserve dependency order when two recipes share an input dataset; the boundary values condition is handled according to the configured contract; valid data and committed state are preserved; invalid or unauthorized work is rejected or quarantined without silent loss; retries do not duplicate side effects; lineage, provenance, and audit evidence remain available; and no production data or credentials are used.",DSS API + pytest,"dataiku,data-platform,synthetic-data,dataiku_flow,boundary-values"
Dataiku,Flow and Lineage,DIKU-DATAIKU_-00053,Flow and Lineage: propagate a compatible schema change only through dependent Flow nodes (boundary values),Dataiku: propagate a compatible schema change only through dependent Flow nodes with boundary values,Functional,High,"Non-production tenant or isolated local fixture; synthetic records only; Exercise the documented minimum, maximum, and just-outside boundary values.","1. Prepare a disposable, versioned synthetic fixture: Exercise the documented minimum, maximum, and just-outside boundary values. 2. Execute the operation to propagate a compatible schema change only through dependent Flow nodes. 3. Capture the committed result, version or workflow state, and audit evidence. 4. Compare output with the source fixture and the expected invariant. 5. Repeat the operation where applicable and verify recovery, access, and side-effect behavior.","The platform must correctly propagate a compatible schema change only through dependent Flow nodes; the boundary values condition is handled according to the configured contract; valid data and committed state are preserved; invalid or unauthorized work is rejected or quarantined without silent loss; retries do not duplicate side effects; lineage, provenance, and audit evidence remain available; and no production data or credentials are used.",DSS API + pytest,"dataiku,data-platform,synthetic-data,dataiku_flow,boundary-values"
Dataiku,Flow and Lineage,DIKU-DATAIKU_-00054,Flow and Lineage: remove an unused recipe without deleting a shared source dataset (boundary values),Dataiku: remove an unused recipe without deleting a shared source dataset with boundary values,Functional,High,"Non-production tenant or isolated local fixture; synthetic records only; Exercise the documented minimum, maximum, and just-outside boundary values.","1. Prepare a disposable, versioned synthetic fixture: Exercise the documented minimum, maximum, and just-outside boundary values. 2. Execute the operation to remove an unused recipe without deleting a shared source dataset. 3. Capture the committed result, version or workflow state, and audit evidence. 4. Compare output with the source fixture and the expected invariant. 5. Repeat the operation where applicable and verify recovery, access, and side-effect behavior.","The platform must correctly remove an unused recipe without deleting a shared source dataset; the boundary values condition is handled according to the configured contract; valid data and committed state are preserved; invalid or unauthorized work is rejected or quarantined without silent loss; retries do not duplicate side effects; lineage, provenance, and audit evidence remain available; and no production data or credentials are used.",DSS API + pytest,"dataiku,data-platform,synthetic-data,dataiku_flow,boundary-values"
Dataiku,Flow and Lineage,DIKU-DATAIKU_-00055,Flow and Lineage: export Flow lineage and reconcile each declared input and output (boundary values),Dataiku: export Flow lineage and reconcile each declared input and output with boundary values,Functional,Medium,"Non-production tenant or isolated local fixture; synthetic records only; Exercise the documented minimum, maximum, and just-outside boundary values.","1. Prepare a disposable, versioned synthetic fixture: Exercise the documented minimum, maximum, and just-outside boundary values. 2. Execute the operation to export Flow lineage and reconcile each declared input and output. 3. Capture the committed result, version or workflow state, and audit evidence. 4. Compare output with the source fixture and the expected invariant. 5. Repeat the operation where applicable and verify recovery, access, and side-effect behavior.","The platform must correctly export Flow lineage and reconcile each declared input and output; the boundary values condition is handled according to the configured contract; valid data and committed state are preserved; invalid or unauthorized work is rejected or quarantined without silent loss; retries do not duplicate side effects; lineage, provenance, and audit evidence remain available; and no production data or credentials are used.",DSS API + pytest,"dataiku,data-platform,synthetic-data,dataiku_flow,boundary-values"
Dataiku,Flow and Lineage,DIKU-DATAIKU_-00056,Flow and Lineage: enforce configured resource limits during a parallel Flow build (boundary values),Dataiku: enforce configured resource limits during a parallel Flow build with boundary values,Functional,High,"Non-production tenant or isolated local fixture; synthetic records only; Exercise the documented minimum, maximum, and just-outside boundary values.","1. Prepare a disposable, versioned synthetic fixture: Exercise the documented minimum, maximum, and just-outside boundary values. 2. Execute the operation to enforce configured resource limits during a parallel Flow build. 3. Capture the committed result, version or workflow state, and audit evidence. 4. Compare output with the source fixture and the expected invariant. 5. Repeat the operation where applicable and verify recovery, access, and side-effect behavior.","The platform must correctly enforce configured resource limits during a parallel Flow build; the boundary values condition is handled according to the configured contract; valid data and committed state are preserved; invalid or unauthorized work is rejected or quarantined without silent loss; retries do not duplicate side effects; lineage, provenance, and audit evidence remain available; and no production data or credentials are used.",DSS API + pytest,"dataiku,data-platform,synthetic-data,dataiku_flow,boundary-values"
Dataiku,Flow and Lineage,DIKU-DATAIKU_-00057,Flow and Lineage: detect a cycle before scheduling a circular recipe dependency (boundary values),Dataiku: detect a cycle before scheduling a circular recipe dependency with boundary values,Functional,High,"Non-production tenant or isolated local fixture; synthetic records only; Exercise the documented minimum, maximum, and just-outside boundary values.","1. Prepare a disposable, versioned synthetic fixture: Exercise the documented minimum, maximum, and just-outside boundary values. 2. Execute the operation to detect a cycle before scheduling a circular recipe dependency. 3. Capture the committed result, version or workflow state, and audit evidence. 4. Compare output with the source fixture and the expected invariant. 5. Repeat the operation where applicable and verify recovery, access, and side-effect behavior.","The platform must correctly detect a cycle before scheduling a circular recipe dependency; the boundary values condition is handled according to the configured contract; valid data and committed state are preserved; invalid or unauthorized work is rejected or quarantined without silent loss; retries do not duplicate side effects; lineage, provenance, and audit evidence remain available; and no production data or credentials are used.",DSS API + pytest,"dataiku,data-platform,synthetic-data,dataiku_flow,boundary-values"
Dataiku,Flow and Lineage,DIKU-DATAIKU_-00058,Flow and Lineage: rebuild only affected partitions after a partitioned input changes (boundary values),Dataiku: rebuild only affected partitions after a partitioned input changes with boundary values,Functional,Medium,"Non-production tenant or isolated local fixture; synthetic records only; Exercise the documented minimum, maximum, and just-outside boundary values.","1. Prepare a disposable, versioned synthetic fixture: Exercise the documented minimum, maximum, and just-outside boundary values. 2. Execute the operation to rebuild only affected partitions after a partitioned input changes. 3. Capture the committed result, version or workflow state, and audit evidence. 4. Compare output with the source fixture and the expected invariant. 5. Repeat the operation where applicable and verify recovery, access, and side-effect behavior.","The platform must correctly rebuild only affected partitions after a partitioned input changes; the boundary values condition is handled according to the configured contract; valid data and committed state are preserved; invalid or unauthorized work is rejected or quarantined without silent loss; retries do not duplicate side effects; lineage, provenance, and audit evidence remain available; and no production data or credentials are used.",DSS API + pytest,"dataiku,data-platform,synthetic-data,dataiku_flow,boundary-values"
Dataiku,Flow and Lineage,DIKU-DATAIKU_-00059,Flow and Lineage: compare Flow lineage before and after a recipe replacement (boundary values),Dataiku: compare Flow lineage before and after a recipe replacement with boundary values,Functional,High,"Non-production tenant or isolated local fixture; synthetic records only; Exercise the documented minimum, maximum, and just-outside boundary values.","1. Prepare a disposable, versioned synthetic fixture: Exercise the documented minimum, maximum, and just-outside boundary values. 2. Execute the operation to compare Flow lineage before and after a recipe replacement. 3. Capture the committed result, version or workflow state, and audit evidence. 4. Compare output with the source fixture and the expected invariant. 5. Repeat the operation where applicable and verify recovery, access, and side-effect behavior.","The platform must correctly compare Flow lineage before and after a recipe replacement; the boundary values condition is handled according to the configured contract; valid data and committed state are preserved; invalid or unauthorized work is rejected or quarantined without silent loss; retries do not duplicate side effects; lineage, provenance, and audit evidence remain available; and no production data or credentials are used.",DSS API + pytest,"dataiku,data-platform,synthetic-data,dataiku_flow,boundary-values"
Dataiku,Flow and Lineage,DIKU-DATAIKU_-00060,Flow and Lineage: prevent a user without project access from inspecting restricted Flow nodes (boundary values),Dataiku: prevent a user without project access from inspecting restricted Flow nodes with boundary values,Functional,High,"Non-production tenant or isolated local fixture; synthetic records only; Exercise the documented minimum, maximum, and just-outside boundary values.","1. Prepare a disposable, versioned synthetic fixture: Exercise the documented minimum, maximum, and just-outside boundary values. 2. Execute the operation to prevent a user without project access from inspecting restricted Flow nodes. 3. Capture the committed result, version or workflow state, and audit evidence. 4. Compare output with the source fixture and the expected invariant. 5. Repeat the operation where applicable and verify recovery, access, and side-effect behavior.","The platform must correctly prevent a user without project access from inspecting restricted Flow nodes; the boundary values condition is handled according to the configured contract; valid data and committed state are preserved; invalid or unauthorized work is rejected or quarantined without silent loss; retries do not duplicate side effects; lineage, provenance, and audit evidence remain available; and no production data or credentials are used.",DSS API + pytest,"dataiku,data-platform,synthetic-data,dataiku_flow,boundary-values"
Dataiku,Flow and Lineage,DIKU-DATAIKU_-00061,Flow and Lineage: rebuild a downstream dataset after changing an upstream recipe (late arriving data),Dataiku: rebuild a downstream dataset after changing an upstream recipe with late arriving data,Functional,Medium,Non-production tenant or isolated local fixture; synthetic records only; Deliver an older event after a newer watermark or processing window has closed.,"1. Prepare a disposable, versioned synthetic fixture: Deliver an older event after a newer watermark or processing window has closed. 2. Execute the operation to rebuild a downstream dataset after changing an upstream recipe. 3. Capture the committed result, version or workflow state, and audit evidence. 4. Compare output with the source fixture and the expected invariant. 5. Repeat the operation where applicable and verify recovery, access, and side-effect behavior.","The platform must correctly rebuild a downstream dataset after changing an upstream recipe; the late arriving data condition is handled according to the configured contract; valid data and committed state are preserved; invalid or unauthorized work is rejected or quarantined without silent loss; retries do not duplicate side effects; lineage, provenance, and audit evidence remain available; and no production data or credentials are used.",DSS API + pytest,"dataiku,data-platform,synthetic-data,dataiku_flow,late-arriving-data"
Dataiku,Flow and Lineage,DIKU-DATAIKU_-00062,Flow and Lineage: preserve dependency order when two recipes share an input dataset (late arriving data),Dataiku: preserve dependency order when two recipes share an input dataset with late arriving data,Functional,High,Non-production tenant or isolated local fixture; synthetic records only; Deliver an older event after a newer watermark or processing window has closed.,"1. Prepare a disposable, versioned synthetic fixture: Deliver an older event after a newer watermark or processing window has closed. 2. Execute the operation to preserve dependency order when two recipes share an input dataset. 3. Capture the committed result, version or workflow state, and audit evidence. 4. Compare output with the source fixture and the expected invariant. 5. Repeat the operation where applicable and verify recovery, access, and side-effect behavior.","The platform must correctly preserve dependency order when two recipes share an input dataset; the late arriving data condition is handled according to the configured contract; valid data and committed state are preserved; invalid or unauthorized work is rejected or quarantined without silent loss; retries do not duplicate side effects; lineage, provenance, and audit evidence remain available; and no production data or credentials are used.",DSS API + pytest,"dataiku,data-platform,synthetic-data,dataiku_flow,late-arriving-data"
Dataiku,Flow and Lineage,DIKU-DATAIKU_-00063,Flow and Lineage: propagate a compatible schema change only through dependent Flow nodes (late arriving data),Dataiku: propagate a compatible schema change only through dependent Flow nodes with late arriving data,Functional,High,Non-production tenant or isolated local fixture; synthetic records only; Deliver an older event after a newer watermark or processing window has closed.,"1. Prepare a disposable, versioned synthetic fixture: Deliver an older event after a newer watermark or processing window has closed. 2. Execute the operation to propagate a compatible schema change only through dependent Flow nodes. 3. Capture the committed result, version or workflow state, and audit evidence. 4. Compare output with the source fixture and the expected invariant. 5. Repeat the operation where applicable and verify recovery, access, and side-effect behavior.","The platform must correctly propagate a compatible schema change only through dependent Flow nodes; the late arriving data condition is handled according to the configured contract; valid data and committed state are preserved; invalid or unauthorized work is rejected or quarantined without silent loss; retries do not duplicate side effects; lineage, provenance, and audit evidence remain available; and no production data or credentials are used.",DSS API + pytest,"dataiku,data-platform,synthetic-data,dataiku_flow,late-arriving-data"
Dataiku,Flow and Lineage,DIKU-DATAIKU_-00064,Flow and Lineage: remove an unused recipe without deleting a shared source dataset (late arriving data),Dataiku: remove an unused recipe without deleting a shared source dataset with late arriving data,Functional,Medium,Non-production tenant or isolated local fixture; synthetic records only; Deliver an older event after a newer watermark or processing window has closed.,"1. Prepare a disposable, versioned synthetic fixture: Deliver an older event after a newer watermark or processing window has closed. 2. Execute the operation to remove an unused recipe without deleting a shared source dataset. 3. Capture the committed result, version or workflow state, and audit evidence. 4. Compare output with the source fixture and the expected invariant. 5. Repeat the operation where applicable and verify recovery, access, and side-effect behavior.","The platform must correctly remove an unused recipe without deleting a shared source dataset; the late arriving data condition is handled according to the configured contract; valid data and committed state are preserved; invalid or unauthorized work is rejected or quarantined without silent loss; retries do not duplicate side effects; lineage, provenance, and audit evidence remain available; and no production data or credentials are used.",DSS API + pytest,"dataiku,data-platform,synthetic-data,dataiku_flow,late-arriving-data"
Dataiku,Flow and Lineage,DIKU-DATAIKU_-00065,Flow and Lineage: export Flow lineage and reconcile each declared input and output (late arriving data),Dataiku: export Flow lineage and reconcile each declared input and output with late arriving data,Functional,High,Non-production tenant or isolated local fixture; synthetic records only; Deliver an older event after a newer watermark or processing window has closed.,"1. Prepare a disposable, versioned synthetic fixture: Deliver an older event after a newer watermark or processing window has closed. 2. Execute the operation to export Flow lineage and reconcile each declared input and output. 3. Capture the committed result, version or workflow state, and audit evidence. 4. Compare output with the source fixture and the expected invariant. 5. Repeat the operation where applicable and verify recovery, access, and side-effect behavior.","The platform must correctly export Flow lineage and reconcile each declared input and output; the late arriving data condition is handled according to the configured contract; valid data and committed state are preserved; invalid or unauthorized work is rejected or quarantined without silent loss; retries do not duplicate side effects; lineage, provenance, and audit evidence remain available; and no production data or credentials are used.",DSS API + pytest,"dataiku,data-platform,synthetic-data,dataiku_flow,late-arriving-data"
Dataiku,Flow and Lineage,DIKU-DATAIKU_-00066,Flow and Lineage: enforce configured resource limits during a parallel Flow build (late arriving data),Dataiku: enforce configured resource limits during a parallel Flow build with late arriving data,Functional,High,Non-production tenant or isolated local fixture; synthetic records only; Deliver an older event after a newer watermark or processing window has closed.,"1. Prepare a disposable, versioned synthetic fixture: Deliver an older event after a newer watermark or processing window has closed. 2. Execute the operation to enforce configured resource limits during a parallel Flow build. 3. Capture the committed result, version or workflow state, and audit evidence. 4. Compare output with the source fixture and the expected invariant. 5. Repeat the operation where applicable and verify recovery, access, and side-effect behavior.","The platform must correctly enforce configured resource limits during a parallel Flow build; the late arriving data condition is handled according to the configured contract; valid data and committed state are preserved; invalid or unauthorized work is rejected or quarantined without silent loss; retries do not duplicate side effects; lineage, provenance, and audit evidence remain available; and no production data or credentials are used.",DSS API + pytest,"dataiku,data-platform,synthetic-data,dataiku_flow,late-arriving-data"
Dataiku,Flow and Lineage,DIKU-DATAIKU_-00067,Flow and Lineage: detect a cycle before scheduling a circular recipe dependency (late arriving data),Dataiku: detect a cycle before scheduling a circular recipe dependency with late arriving data,Functional,Medium,Non-production tenant or isolated local fixture; synthetic records only; Deliver an older event after a newer watermark or processing window has closed.,"1. Prepare a disposable, versioned synthetic fixture: Deliver an older event after a newer watermark or processing window has closed. 2. Execute the operation to detect a cycle before scheduling a circular recipe dependency. 3. Capture the committed result, version or workflow state, and audit evidence. 4. Compare output with the source fixture and the expected invariant. 5. Repeat the operation where applicable and verify recovery, access, and side-effect behavior.","The platform must correctly detect a cycle before scheduling a circular recipe dependency; the late arriving data condition is handled according to the configured contract; valid data and committed state are preserved; invalid or unauthorized work is rejected or quarantined without silent loss; retries do not duplicate side effects; lineage, provenance, and audit evidence remain available; and no production data or credentials are used.",DSS API + pytest,"dataiku,data-platform,synthetic-data,dataiku_flow,late-arriving-data"
Dataiku,Flow and Lineage,DIKU-DATAIKU_-00068,Flow and Lineage: rebuild only affected partitions after a partitioned input changes (late arriving data),Dataiku: rebuild only affected partitions after a partitioned input changes with late arriving data,Functional,High,Non-production tenant or isolated local fixture; synthetic records only; Deliver an older event after a newer watermark or processing window has closed.,"1. Prepare a disposable, versioned synthetic fixture: Deliver an older event after a newer watermark or processing window has closed. 2. Execute the operation to rebuild only affected partitions after a partitioned input changes. 3. Capture the committed result, version or workflow state, and audit evidence. 4. Compare output with the source fixture and the expected invariant. 5. Repeat the operation where applicable and verify recovery, access, and side-effect behavior.","The platform must correctly rebuild only affected partitions after a partitioned input changes; the late arriving data condition is handled according to the configured contract; valid data and committed state are preserved; invalid or unauthorized work is rejected or quarantined without silent loss; retries do not duplicate side effects; lineage, provenance, and audit evidence remain available; and no production data or credentials are used.",DSS API + pytest,"dataiku,data-platform,synthetic-data,dataiku_flow,late-arriving-data"
Dataiku,Flow and Lineage,DIKU-DATAIKU_-00069,Flow and Lineage: compare Flow lineage before and after a recipe replacement (late arriving data),Dataiku: compare Flow lineage before and after a recipe replacement with late arriving data,Functional,High,Non-production tenant or isolated local fixture; synthetic records only; Deliver an older event after a newer watermark or processing window has closed.,"1. Prepare a disposable, versioned synthetic fixture: Deliver an older event after a newer watermark or processing window has closed. 2. Execute the operation to compare Flow lineage before and after a recipe replacement. 3. Capture the committed result, version or workflow state, and audit evidence. 4. Compare output with the source fixture and the expected invariant. 5. Repeat the operation where applicable and verify recovery, access, and side-effect behavior.","The platform must correctly compare Flow lineage before and after a recipe replacement; the late arriving data condition is handled according to the configured contract; valid data and committed state are preserved; invalid or unauthorized work is rejected or quarantined without silent loss; retries do not duplicate side effects; lineage, provenance, and audit evidence remain available; and no production data or credentials are used.",DSS API + pytest,"dataiku,data-platform,synthetic-data,dataiku_flow,late-arriving-data"
Dataiku,Flow and Lineage,DIKU-DATAIKU_-00070,Flow and Lineage: prevent a user without project access from inspecting restricted Flow nodes (late arriving data),Dataiku: prevent a user without project access from inspecting restricted Flow nodes with late arriving data,Functional,Medium,Non-production tenant or isolated local fixture; synthetic records only; Deliver an older event after a newer watermark or processing window has closed.,"1. Prepare a disposable, versioned synthetic fixture: Deliver an older event after a newer watermark or processing window has closed. 2. Execute the operation to prevent a user without project access from inspecting restricted Flow nodes. 3. Capture the committed result, version or workflow state, and audit evidence. 4. Compare output with the source fixture and the expected invariant. 5. Repeat the operation where applicable and verify recovery, access, and side-effect behavior.","The platform must correctly prevent a user without project access from inspecting restricted Flow nodes; the late arriving data condition is handled according to the configured contract; valid data and committed state are preserved; invalid or unauthorized work is rejected or quarantined without silent loss; retries do not duplicate side effects; lineage, provenance, and audit evidence remain available; and no production data or credentials are used.",DSS API + pytest,"dataiku,data-platform,synthetic-data,dataiku_flow,late-arriving-data"
Dataiku,Flow and Lineage,DIKU-DATAIKU_-00071,Flow and Lineage: rebuild a downstream dataset after changing an upstream recipe (out-of-order events),Dataiku: rebuild a downstream dataset after changing an upstream recipe with out-of-order events,Functional,High,Non-production tenant or isolated local fixture; synthetic records only; Shuffle event and commit order while preserving source event-time values.,"1. Prepare a disposable, versioned synthetic fixture: Shuffle event and commit order while preserving source event-time values. 2. Execute the operation to rebuild a downstream dataset after changing an upstream recipe. 3. Capture the committed result, version or workflow state, and audit evidence. 4. Compare output with the source fixture and the expected invariant. 5. Repeat the operation where applicable and verify recovery, access, and side-effect behavior.","The platform must correctly rebuild a downstream dataset after changing an upstream recipe; the out-of-order events condition is handled according to the configured contract; valid data and committed state are preserved; invalid or unauthorized work is rejected or quarantined without silent loss; retries do not duplicate side effects; lineage, provenance, and audit evidence remain available; and no production data or credentials are used.",DSS API + pytest,"dataiku,data-platform,synthetic-data,dataiku_flow,out-of-order-events"
Dataiku,Flow and Lineage,DIKU-DATAIKU_-00072,Flow and Lineage: preserve dependency order when two recipes share an input dataset (out-of-order events),Dataiku: preserve dependency order when two recipes share an input dataset with out-of-order events,Functional,High,Non-production tenant or isolated local fixture; synthetic records only; Shuffle event and commit order while preserving source event-time values.,"1. Prepare a disposable, versioned synthetic fixture: Shuffle event and commit order while preserving source event-time values. 2. Execute the operation to preserve dependency order when two recipes share an input dataset. 3. Capture the committed result, version or workflow state, and audit evidence. 4. Compare output with the source fixture and the expected invariant. 5. Repeat the operation where applicable and verify recovery, access, and side-effect behavior.","The platform must correctly preserve dependency order when two recipes share an input dataset; the out-of-order events condition is handled according to the configured contract; valid data and committed state are preserved; invalid or unauthorized work is rejected or quarantined without silent loss; retries do not duplicate side effects; lineage, provenance, and audit evidence remain available; and no production data or credentials are used.",DSS API + pytest,"dataiku,data-platform,synthetic-data,dataiku_flow,out-of-order-events"
Dataiku,Flow and Lineage,DIKU-DATAIKU_-00073,Flow and Lineage: propagate a compatible schema change only through dependent Flow nodes (out-of-order events),Dataiku: propagate a compatible schema change only through dependent Flow nodes with out-of-order events,Functional,Medium,Non-production tenant or isolated local fixture; synthetic records only; Shuffle event and commit order while preserving source event-time values.,"1. Prepare a disposable, versioned synthetic fixture: Shuffle event and commit order while preserving source event-time values. 2. Execute the operation to propagate a compatible schema change only through dependent Flow nodes. 3. Capture the committed result, version or workflow state, and audit evidence. 4. Compare output with the source fixture and the expected invariant. 5. Repeat the operation where applicable and verify recovery, access, and side-effect behavior.","The platform must correctly propagate a compatible schema change only through dependent Flow nodes; the out-of-order events condition is handled according to the configured contract; valid data and committed state are preserved; invalid or unauthorized work is rejected or quarantined without silent loss; retries do not duplicate side effects; lineage, provenance, and audit evidence remain available; and no production data or credentials are used.",DSS API + pytest,"dataiku,data-platform,synthetic-data,dataiku_flow,out-of-order-events"
Dataiku,Flow and Lineage,DIKU-DATAIKU_-00074,Flow and Lineage: remove an unused recipe without deleting a shared source dataset (out-of-order events),Dataiku: remove an unused recipe without deleting a shared source dataset with out-of-order events,Functional,High,Non-production tenant or isolated local fixture; synthetic records only; Shuffle event and commit order while preserving source event-time values.,"1. Prepare a disposable, versioned synthetic fixture: Shuffle event and commit order while preserving source event-time values. 2. Execute the operation to remove an unused recipe without deleting a shared source dataset. 3. Capture the committed result, version or workflow state, and audit evidence. 4. Compare output with the source fixture and the expected invariant. 5. Repeat the operation where applicable and verify recovery, access, and side-effect behavior.","The platform must correctly remove an unused recipe without deleting a shared source dataset; the out-of-order events condition is handled according to the configured contract; valid data and committed state are preserved; invalid or unauthorized work is rejected or quarantined without silent loss; retries do not duplicate side effects; lineage, provenance, and audit evidence remain available; and no production data or credentials are used.",DSS API + pytest,"dataiku,data-platform,synthetic-data,dataiku_flow,out-of-order-events"
Dataiku,Flow and Lineage,DIKU-DATAIKU_-00075,Flow and Lineage: export Flow lineage and reconcile each declared input and output (out-of-order events),Dataiku: export Flow lineage and reconcile each declared input and output with out-of-order events,Functional,High,Non-production tenant or isolated local fixture; synthetic records only; Shuffle event and commit order while preserving source event-time values.,"1. Prepare a disposable, versioned synthetic fixture: Shuffle event and commit order while preserving source event-time values. 2. Execute the operation to export Flow lineage and reconcile each declared input and output. 3. Capture the committed result, version or workflow state, and audit evidence. 4. Compare output with the source fixture and the expected invariant. 5. Repeat the operation where applicable and verify recovery, access, and side-effect behavior.","The platform must correctly export Flow lineage and reconcile each declared input and output; the out-of-order events condition is handled according to the configured contract; valid data and committed state are preserved; invalid or unauthorized work is rejected or quarantined without silent loss; retries do not duplicate side effects; lineage, provenance, and audit evidence remain available; and no production data or credentials are used.",DSS API + pytest,"dataiku,data-platform,synthetic-data,dataiku_flow,out-of-order-events"
Dataiku,Flow and Lineage,DIKU-DATAIKU_-00076,Flow and Lineage: enforce configured resource limits during a parallel Flow build (out-of-order events),Dataiku: enforce configured resource limits during a parallel Flow build with out-of-order events,Functional,Medium,Non-production tenant or isolated local fixture; synthetic records only; Shuffle event and commit order while preserving source event-time values.,"1. Prepare a disposable, versioned synthetic fixture: Shuffle event and commit order while preserving source event-time values. 2. Execute the operation to enforce configured resource limits during a parallel Flow build. 3. Capture the committed result, version or workflow state, and audit evidence. 4. Compare output with the source fixture and the expected invariant. 5. Repeat the operation where applicable and verify recovery, access, and side-effect behavior.","The platform must correctly enforce configured resource limits during a parallel Flow build; the out-of-order events condition is handled according to the configured contract; valid data and committed state are preserved; invalid or unauthorized work is rejected or quarantined without silent loss; retries do not duplicate side effects; lineage, provenance, and audit evidence remain available; and no production data or credentials are used.",DSS API + pytest,"dataiku,data-platform,synthetic-data,dataiku_flow,out-of-order-events"
Dataiku,Flow and Lineage,DIKU-DATAIKU_-00077,Flow and Lineage: detect a cycle before scheduling a circular recipe dependency (out-of-order events),Dataiku: detect a cycle before scheduling a circular recipe dependency with out-of-order events,Functional,High,Non-production tenant or isolated local fixture; synthetic records only; Shuffle event and commit order while preserving source event-time values.,"1. Prepare a disposable, versioned synthetic fixture: Shuffle event and commit order while preserving source event-time values. 2. Execute the operation to detect a cycle before scheduling a circular recipe dependency. 3. Capture the committed result, version or workflow state, and audit evidence. 4. Compare output with the source fixture and the expected invariant. 5. Repeat the operation where applicable and verify recovery, access, and side-effect behavior.","The platform must correctly detect a cycle before scheduling a circular recipe dependency; the out-of-order events condition is handled according to the configured contract; valid data and committed state are preserved; invalid or unauthorized work is rejected or quarantined without silent loss; retries do not duplicate side effects; lineage, provenance, and audit evidence remain available; and no production data or credentials are used.",DSS API + pytest,"dataiku,data-platform,synthetic-data,dataiku_flow,out-of-order-events"
Dataiku,Flow and Lineage,DIKU-DATAIKU_-00078,Flow and Lineage: rebuild only affected partitions after a partitioned input changes (out-of-order events),Dataiku: rebuild only affected partitions after a partitioned input changes with out-of-order events,Functional,High,Non-production tenant or isolated local fixture; synthetic records only; Shuffle event and commit order while preserving source event-time values.,"1. Prepare a disposable, versioned synthetic fixture: Shuffle event and commit order while preserving source event-time values. 2. Execute the operation to rebuild only affected partitions after a partitioned input changes. 3. Capture the committed result, version or workflow state, and audit evidence. 4. Compare output with the source fixture and the expected invariant. 5. Repeat the operation where applicable and verify recovery, access, and side-effect behavior.","The platform must correctly rebuild only affected partitions after a partitioned input changes; the out-of-order events condition is handled according to the configured contract; valid data and committed state are preserved; invalid or unauthorized work is rejected or quarantined without silent loss; retries do not duplicate side effects; lineage, provenance, and audit evidence remain available; and no production data or credentials are used.",DSS API + pytest,"dataiku,data-platform,synthetic-data,dataiku_flow,out-of-order-events"
Dataiku,Flow and Lineage,DIKU-DATAIKU_-00079,Flow and Lineage: compare Flow lineage before and after a recipe replacement (out-of-order events),Dataiku: compare Flow lineage before and after a recipe replacement with out-of-order events,Functional,Medium,Non-production tenant or isolated local fixture; synthetic records only; Shuffle event and commit order while preserving source event-time values.,"1. Prepare a disposable, versioned synthetic fixture: Shuffle event and commit order while preserving source event-time values. 2. Execute the operation to compare Flow lineage before and after a recipe replacement. 3. Capture the committed result, version or workflow state, and audit evidence. 4. Compare output with the source fixture and the expected invariant. 5. Repeat the operation where applicable and verify recovery, access, and side-effect behavior.","The platform must correctly compare Flow lineage before and after a recipe replacement; the out-of-order events condition is handled according to the configured contract; valid data and committed state are preserved; invalid or unauthorized work is rejected or quarantined without silent loss; retries do not duplicate side effects; lineage, provenance, and audit evidence remain available; and no production data or credentials are used.",DSS API + pytest,"dataiku,data-platform,synthetic-data,dataiku_flow,out-of-order-events"
Dataiku,Flow and Lineage,DIKU-DATAIKU_-00080,Flow and Lineage: prevent a user without project access from inspecting restricted Flow nodes (out-of-order events),Dataiku: prevent a user without project access from inspecting restricted Flow nodes with out-of-order events,Functional,High,Non-production tenant or isolated local fixture; synthetic records only; Shuffle event and commit order while preserving source event-time values.,"1. Prepare a disposable, versioned synthetic fixture: Shuffle event and commit order while preserving source event-time values. 2. Execute the operation to prevent a user without project access from inspecting restricted Flow nodes. 3. Capture the committed result, version or workflow state, and audit evidence. 4. Compare output with the source fixture and the expected invariant. 5. Repeat the operation where applicable and verify recovery, access, and side-effect behavior.","The platform must correctly prevent a user without project access from inspecting restricted Flow nodes; the out-of-order events condition is handled according to the configured contract; valid data and committed state are preserved; invalid or unauthorized work is rejected or quarantined without silent loss; retries do not duplicate side effects; lineage, provenance, and audit evidence remain available; and no production data or credentials are used.",DSS API + pytest,"dataiku,data-platform,synthetic-data,dataiku_flow,out-of-order-events"
Dataiku,Flow and Lineage,DIKU-DATAIKU_-00081,Flow and Lineage: rebuild a downstream dataset after changing an upstream recipe (compatible schema addition),Dataiku: rebuild a downstream dataset after changing an upstream recipe with compatible schema addition,Functional,High,Non-production tenant or isolated local fixture; synthetic records only; Add a nullable field while older readers and stored snapshots still exist.,"1. Prepare a disposable, versioned synthetic fixture: Add a nullable field while older readers and stored snapshots still exist. 2. Execute the operation to rebuild a downstream dataset after changing an upstream recipe. 3. Capture the committed result, version or workflow state, and audit evidence. 4. Compare output with the source fixture and the expected invariant. 5. Repeat the operation where applicable and verify recovery, access, and side-effect behavior.","The platform must correctly rebuild a downstream dataset after changing an upstream recipe; the compatible schema addition condition is handled according to the configured contract; valid data and committed state are preserved; invalid or unauthorized work is rejected or quarantined without silent loss; retries do not duplicate side effects; lineage, provenance, and audit evidence remain available; and no production data or credentials are used.",DSS API + pytest,"dataiku,data-platform,synthetic-data,dataiku_flow,compatible-schema-addition"
Dataiku,Flow and Lineage,DIKU-DATAIKU_-00082,Flow and Lineage: preserve dependency order when two recipes share an input dataset (compatible schema addition),Dataiku: preserve dependency order when two recipes share an input dataset with compatible schema addition,Functional,Medium,Non-production tenant or isolated local fixture; synthetic records only; Add a nullable field while older readers and stored snapshots still exist.,"1. Prepare a disposable, versioned synthetic fixture: Add a nullable field while older readers and stored snapshots still exist. 2. Execute the operation to preserve dependency order when two recipes share an input dataset. 3. Capture the committed result, version or workflow state, and audit evidence. 4. Compare output with the source fixture and the expected invariant. 5. Repeat the operation where applicable and verify recovery, access, and side-effect behavior.","The platform must correctly preserve dependency order when two recipes share an input dataset; the compatible schema addition condition is handled according to the configured contract; valid data and committed state are preserved; invalid or unauthorized work is rejected or quarantined without silent loss; retries do not duplicate side effects; lineage, provenance, and audit evidence remain available; and no production data or credentials are used.",DSS API + pytest,"dataiku,data-platform,synthetic-data,dataiku_flow,compatible-schema-addition"
Dataiku,Flow and Lineage,DIKU-DATAIKU_-00083,Flow and Lineage: propagate a compatible schema change only through dependent Flow nodes (compatible schema addition),Dataiku: propagate a compatible schema change only through dependent Flow nodes with compatible schema addition,Functional,High,Non-production tenant or isolated local fixture; synthetic records only; Add a nullable field while older readers and stored snapshots still exist.,"1. Prepare a disposable, versioned synthetic fixture: Add a nullable field while older readers and stored snapshots still exist. 2. Execute the operation to propagate a compatible schema change only through dependent Flow nodes. 3. Capture the committed result, version or workflow state, and audit evidence. 4. Compare output with the source fixture and the expected invariant. 5. Repeat the operation where applicable and verify recovery, access, and side-effect behavior.","The platform must correctly propagate a compatible schema change only through dependent Flow nodes; the compatible schema addition condition is handled according to the configured contract; valid data and committed state are preserved; invalid or unauthorized work is rejected or quarantined without silent loss; retries do not duplicate side effects; lineage, provenance, and audit evidence remain available; and no production data or credentials are used.",DSS API + pytest,"dataiku,data-platform,synthetic-data,dataiku_flow,compatible-schema-addition"
Dataiku,Flow and Lineage,DIKU-DATAIKU_-00084,Flow and Lineage: remove an unused recipe without deleting a shared source dataset (compatible schema addition),Dataiku: remove an unused recipe without deleting a shared source dataset with compatible schema addition,Functional,High,Non-production tenant or isolated local fixture; synthetic records only; Add a nullable field while older readers and stored snapshots still exist.,"1. Prepare a disposable, versioned synthetic fixture: Add a nullable field while older readers and stored snapshots still exist. 2. Execute the operation to remove an unused recipe without deleting a shared source dataset. 3. Capture the committed result, version or workflow state, and audit evidence. 4. Compare output with the source fixture and the expected invariant. 5. Repeat the operation where applicable and verify recovery, access, and side-effect behavior.","The platform must correctly remove an unused recipe without deleting a shared source dataset; the compatible schema addition condition is handled according to the configured contract; valid data and committed state are preserved; invalid or unauthorized work is rejected or quarantined without silent loss; retries do not duplicate side effects; lineage, provenance, and audit evidence remain available; and no production data or credentials are used.",DSS API + pytest,"dataiku,data-platform,synthetic-data,dataiku_flow,compatible-schema-addition"
Dataiku,Flow and Lineage,DIKU-DATAIKU_-00085,Flow and Lineage: export Flow lineage and reconcile each declared input and output (compatible schema addition),Dataiku: export Flow lineage and reconcile each declared input and output with compatible schema addition,Functional,Medium,Non-production tenant or isolated local fixture; synthetic records only; Add a nullable field while older readers and stored snapshots still exist.,"1. Prepare a disposable, versioned synthetic fixture: Add a nullable field while older readers and stored snapshots still exist. 2. Execute the operation to export Flow lineage and reconcile each declared input and output. 3. Capture the committed result, version or workflow state, and audit evidence. 4. Compare output with the source fixture and the expected invariant. 5. Repeat the operation where applicable and verify recovery, access, and side-effect behavior.","The platform must correctly export Flow lineage and reconcile each declared input and output; the compatible schema addition condition is handled according to the configured contract; valid data and committed state are preserved; invalid or unauthorized work is rejected or quarantined without silent loss; retries do not duplicate side effects; lineage, provenance, and audit evidence remain available; and no production data or credentials are used.",DSS API + pytest,"dataiku,data-platform,synthetic-data,dataiku_flow,compatible-schema-addition"
Dataiku,Flow and Lineage,DIKU-DATAIKU_-00086,Flow and Lineage: enforce configured resource limits during a parallel Flow build (compatible schema addition),Dataiku: enforce configured resource limits during a parallel Flow build with compatible schema addition,Functional,High,Non-production tenant or isolated local fixture; synthetic records only; Add a nullable field while older readers and stored snapshots still exist.,"1. Prepare a disposable, versioned synthetic fixture: Add a nullable field while older readers and stored snapshots still exist. 2. Execute the operation to enforce configured resource limits during a parallel Flow build. 3. Capture the committed result, version or workflow state, and audit evidence. 4. Compare output with the source fixture and the expected invariant. 5. Repeat the operation where applicable and verify recovery, access, and side-effect behavior.","The platform must correctly enforce configured resource limits during a parallel Flow build; the compatible schema addition condition is handled according to the configured contract; valid data and committed state are preserved; invalid or unauthorized work is rejected or quarantined without silent loss; retries do not duplicate side effects; lineage, provenance, and audit evidence remain available; and no production data or credentials are used.",DSS API + pytest,"dataiku,data-platform,synthetic-data,dataiku_flow,compatible-schema-addition"
Dataiku,Flow and Lineage,DIKU-DATAIKU_-00087,Flow and Lineage: detect a cycle before scheduling a circular recipe dependency (compatible schema addition),Dataiku: detect a cycle before scheduling a circular recipe dependency with compatible schema addition,Functional,High,Non-production tenant or isolated local fixture; synthetic records only; Add a nullable field while older readers and stored snapshots still exist.,"1. Prepare a disposable, versioned synthetic fixture: Add a nullable field while older readers and stored snapshots still exist. 2. Execute the operation to detect a cycle before scheduling a circular recipe dependency. 3. Capture the committed result, version or workflow state, and audit evidence. 4. Compare output with the source fixture and the expected invariant. 5. Repeat the operation where applicable and verify recovery, access, and side-effect behavior.","The platform must correctly detect a cycle before scheduling a circular recipe dependency; the compatible schema addition condition is handled according to the configured contract; valid data and committed state are preserved; invalid or unauthorized work is rejected or quarantined without silent loss; retries do not duplicate side effects; lineage, provenance, and audit evidence remain available; and no production data or credentials are used.",DSS API + pytest,"dataiku,data-platform,synthetic-data,dataiku_flow,compatible-schema-addition"
Dataiku,Flow and Lineage,DIKU-DATAIKU_-00088,Flow and Lineage: rebuild only affected partitions after a partitioned input changes (compatible schema addition),Dataiku: rebuild only affected partitions after a partitioned input changes with compatible schema addition,Functional,Medium,Non-production tenant or isolated local fixture; synthetic records only; Add a nullable field while older readers and stored snapshots still exist.,"1. Prepare a disposable, versioned synthetic fixture: Add a nullable field while older readers and stored snapshots still exist. 2. Execute the operation to rebuild only affected partitions after a partitioned input changes. 3. Capture the committed result, version or workflow state, and audit evidence. 4. Compare output with the source fixture and the expected invariant. 5. Repeat the operation where applicable and verify recovery, access, and side-effect behavior.","The platform must correctly rebuild only affected partitions after a partitioned input changes; the compatible schema addition condition is handled according to the configured contract; valid data and committed state are preserved; invalid or unauthorized work is rejected or quarantined without silent loss; retries do not duplicate side effects; lineage, provenance, and audit evidence remain available; and no production data or credentials are used.",DSS API + pytest,"dataiku,data-platform,synthetic-data,dataiku_flow,compatible-schema-addition"
Dataiku,Flow and Lineage,DIKU-DATAIKU_-00089,Flow and Lineage: compare Flow lineage before and after a recipe replacement (compatible schema addition),Dataiku: compare Flow lineage before and after a recipe replacement with compatible schema addition,Functional,High,Non-production tenant or isolated local fixture; synthetic records only; Add a nullable field while older readers and stored snapshots still exist.,"1. Prepare a disposable, versioned synthetic fixture: Add a nullable field while older readers and stored snapshots still exist. 2. Execute the operation to compare Flow lineage before and after a recipe replacement. 3. Capture the committed result, version or workflow state, and audit evidence. 4. Compare output with the source fixture and the expected invariant. 5. Repeat the operation where applicable and verify recovery, access, and side-effect behavior.","The platform must correctly compare Flow lineage before and after a recipe replacement; the compatible schema addition condition is handled according to the configured contract; valid data and committed state are preserved; invalid or unauthorized work is rejected or quarantined without silent loss; retries do not duplicate side effects; lineage, provenance, and audit evidence remain available; and no production data or credentials are used.",DSS API + pytest,"dataiku,data-platform,synthetic-data,dataiku_flow,compatible-schema-addition"
Dataiku,Flow and Lineage,DIKU-DATAIKU_-00090,Flow and Lineage: prevent a user without project access from inspecting restricted Flow nodes (compatible schema addition),Dataiku: prevent a user without project access from inspecting restricted Flow nodes with compatible schema addition,Functional,High,Non-production tenant or isolated local fixture; synthetic records only; Add a nullable field while older readers and stored snapshots still exist.,"1. Prepare a disposable, versioned synthetic fixture: Add a nullable field while older readers and stored snapshots still exist. 2. Execute the operation to prevent a user without project access from inspecting restricted Flow nodes. 3. Capture the committed result, version or workflow state, and audit evidence. 4. Compare output with the source fixture and the expected invariant. 5. Repeat the operation where applicable and verify recovery, access, and side-effect behavior.","The platform must correctly prevent a user without project access from inspecting restricted Flow nodes; the compatible schema addition condition is handled according to the configured contract; valid data and committed state are preserved; invalid or unauthorized work is rejected or quarantined without silent loss; retries do not duplicate side effects; lineage, provenance, and audit evidence remain available; and no production data or credentials are used.",DSS API + pytest,"dataiku,data-platform,synthetic-data,dataiku_flow,compatible-schema-addition"
Dataiku,Flow and Lineage,DIKU-DATAIKU_-00091,Flow and Lineage: rebuild a downstream dataset after changing an upstream recipe (field rename),Dataiku: rebuild a downstream dataset after changing an upstream recipe with field rename,Functional,Medium,Non-production tenant or isolated local fixture; synthetic records only; Rename a field through the supported migration path and inspect historical reads.,"1. Prepare a disposable, versioned synthetic fixture: Rename a field through the supported migration path and inspect historical reads. 2. Execute the operation to rebuild a downstream dataset after changing an upstream recipe. 3. Capture the committed result, version or workflow state, and audit evidence. 4. Compare output with the source fixture and the expected invariant. 5. Repeat the operation where applicable and verify recovery, access, and side-effect behavior.","The platform must correctly rebuild a downstream dataset after changing an upstream recipe; the field rename condition is handled according to the configured contract; valid data and committed state are preserved; invalid or unauthorized work is rejected or quarantined without silent loss; retries do not duplicate side effects; lineage, provenance, and audit evidence remain available; and no production data or credentials are used.",DSS API + pytest,"dataiku,data-platform,synthetic-data,dataiku_flow,field-rename"
Dataiku,Flow and Lineage,DIKU-DATAIKU_-00092,Flow and Lineage: preserve dependency order when two recipes share an input dataset (field rename),Dataiku: preserve dependency order when two recipes share an input dataset with field rename,Functional,High,Non-production tenant or isolated local fixture; synthetic records only; Rename a field through the supported migration path and inspect historical reads.,"1. Prepare a disposable, versioned synthetic fixture: Rename a field through the supported migration path and inspect historical reads. 2. Execute the operation to preserve dependency order when two recipes share an input dataset. 3. Capture the committed result, version or workflow state, and audit evidence. 4. Compare output with the source fixture and the expected invariant. 5. Repeat the operation where applicable and verify recovery, access, and side-effect behavior.","The platform must correctly preserve dependency order when two recipes share an input dataset; the field rename condition is handled according to the configured contract; valid data and committed state are preserved; invalid or unauthorized work is rejected or quarantined without silent loss; retries do not duplicate side effects; lineage, provenance, and audit evidence remain available; and no production data or credentials are used.",DSS API + pytest,"dataiku,data-platform,synthetic-data,dataiku_flow,field-rename"
Dataiku,Flow and Lineage,DIKU-DATAIKU_-00093,Flow and Lineage: propagate a compatible schema change only through dependent Flow nodes (field rename),Dataiku: propagate a compatible schema change only through dependent Flow nodes with field rename,Functional,High,Non-production tenant or isolated local fixture; synthetic records only; Rename a field through the supported migration path and inspect historical reads.,"1. Prepare a disposable, versioned synthetic fixture: Rename a field through the supported migration path and inspect historical reads. 2. Execute the operation to propagate a compatible schema change only through dependent Flow nodes. 3. Capture the committed result, version or workflow state, and audit evidence. 4. Compare output with the source fixture and the expected invariant. 5. Repeat the operation where applicable and verify recovery, access, and side-effect behavior.","The platform must correctly propagate a compatible schema change only through dependent Flow nodes; the field rename condition is handled according to the configured contract; valid data and committed state are preserved; invalid or unauthorized work is rejected or quarantined without silent loss; retries do not duplicate side effects; lineage, provenance, and audit evidence remain available; and no production data or credentials are used.",DSS API + pytest,"dataiku,data-platform,synthetic-data,dataiku_flow,field-rename"
Dataiku,Flow and Lineage,DIKU-DATAIKU_-00094,Flow and Lineage: remove an unused recipe without deleting a shared source dataset (field rename),Dataiku: remove an unused recipe without deleting a shared source dataset with field rename,Functional,Medium,Non-production tenant or isolated local fixture; synthetic records only; Rename a field through the supported migration path and inspect historical reads.,"1. Prepare a disposable, versioned synthetic fixture: Rename a field through the supported migration path and inspect historical reads. 2. Execute the operation to remove an unused recipe without deleting a shared source dataset. 3. Capture the committed result, version or workflow state, and audit evidence. 4. Compare output with the source fixture and the expected invariant. 5. Repeat the operation where applicable and verify recovery, access, and side-effect behavior.","The platform must correctly remove an unused recipe without deleting a shared source dataset; the field rename condition is handled according to the configured contract; valid data and committed state are preserved; invalid or unauthorized work is rejected or quarantined without silent loss; retries do not duplicate side effects; lineage, provenance, and audit evidence remain available; and no production data or credentials are used.",DSS API + pytest,"dataiku,data-platform,synthetic-data,dataiku_flow,field-rename"
Dataiku,Flow and Lineage,DIKU-DATAIKU_-00095,Flow and Lineage: export Flow lineage and reconcile each declared input and output (field rename),Dataiku: export Flow lineage and reconcile each declared input and output with field rename,Functional,High,Non-production tenant or isolated local fixture; synthetic records only; Rename a field through the supported migration path and inspect historical reads.,"1. Prepare a disposable, versioned synthetic fixture: Rename a field through the supported migration path and inspect historical reads. 2. Execute the operation to export Flow lineage and reconcile each declared input and output. 3. Capture the committed result, version or workflow state, and audit evidence. 4. Compare output with the source fixture and the expected invariant. 5. Repeat the operation where applicable and verify recovery, access, and side-effect behavior.","The platform must correctly export Flow lineage and reconcile each declared input and output; the field rename condition is handled according to the configured contract; valid data and committed state are preserved; invalid or unauthorized work is rejected or quarantined without silent loss; retries do not duplicate side effects; lineage, provenance, and audit evidence remain available; and no production data or credentials are used.",DSS API + pytest,"dataiku,data-platform,synthetic-data,dataiku_flow,field-rename"
Dataiku,Flow and Lineage,DIKU-DATAIKU_-00096,Flow and Lineage: enforce configured resource limits during a parallel Flow build (field rename),Dataiku: enforce configured resource limits during a parallel Flow build with field rename,Functional,High,Non-production tenant or isolated local fixture; synthetic records only; Rename a field through the supported migration path and inspect historical reads.,"1. Prepare a disposable, versioned synthetic fixture: Rename a field through the supported migration path and inspect historical reads. 2. Execute the operation to enforce configured resource limits during a parallel Flow build. 3. Capture the committed result, version or workflow state, and audit evidence. 4. Compare output with the source fixture and the expected invariant. 5. Repeat the operation where applicable and verify recovery, access, and side-effect behavior.","The platform must correctly enforce configured resource limits during a parallel Flow build; the field rename condition is handled according to the configured contract; valid data and committed state are preserved; invalid or unauthorized work is rejected or quarantined without silent loss; retries do not duplicate side effects; lineage, provenance, and audit evidence remain available; and no production data or credentials are used.",DSS API + pytest,"dataiku,data-platform,synthetic-data,dataiku_flow,field-rename"
Dataiku,Flow and Lineage,DIKU-DATAIKU_-00097,Flow and Lineage: detect a cycle before scheduling a circular recipe dependency (field rename),Dataiku: detect a cycle before scheduling a circular recipe dependency with field rename,Functional,Medium,Non-production tenant or isolated local fixture; synthetic records only; Rename a field through the supported migration path and inspect historical reads.,"1. Prepare a disposable, versioned synthetic fixture: Rename a field through the supported migration path and inspect historical reads. 2. Execute the operation to detect a cycle before scheduling a circular recipe dependency. 3. Capture the committed result, version or workflow state, and audit evidence. 4. Compare output with the source fixture and the expected invariant. 5. Repeat the operation where applicable and verify recovery, access, and side-effect behavior.","The platform must correctly detect a cycle before scheduling a circular recipe dependency; the field rename condition is handled according to the configured contract; valid data and committed state are preserved; invalid or unauthorized work is rejected or quarantined without silent loss; retries do not duplicate side effects; lineage, provenance, and audit evidence remain available; and no production data or credentials are used.",DSS API + pytest,"dataiku,data-platform,synthetic-data,dataiku_flow,field-rename"
Dataiku,Flow and Lineage,DIKU-DATAIKU_-00098,Flow and Lineage: rebuild only affected partitions after a partitioned input changes (field rename),Dataiku: rebuild only affected partitions after a partitioned input changes with field rename,Functional,High,Non-production tenant or isolated local fixture; synthetic records only; Rename a field through the supported migration path and inspect historical reads.,"1. Prepare a disposable, versioned synthetic fixture: Rename a field through the supported migration path and inspect historical reads. 2. Execute the operation to rebuild only affected partitions after a partitioned input changes. 3. Capture the committed result, version or workflow state, and audit evidence. 4. Compare output with the source fixture and the expected invariant. 5. Repeat the operation where applicable and verify recovery, access, and side-effect behavior.","The platform must correctly rebuild only affected partitions after a partitioned input changes; the field rename condition is handled according to the configured contract; valid data and committed state are preserved; invalid or unauthorized work is rejected or quarantined without silent loss; retries do not duplicate side effects; lineage, provenance, and audit evidence remain available; and no production data or credentials are used.",DSS API + pytest,"dataiku,data-platform,synthetic-data,dataiku_flow,field-rename"
Dataiku,Flow and Lineage,DIKU-DATAIKU_-00099,Flow and Lineage: compare Flow lineage before and after a recipe replacement (field rename),Dataiku: compare Flow lineage before and after a recipe replacement with field rename,Functional,High,Non-production tenant or isolated local fixture; synthetic records only; Rename a field through the supported migration path and inspect historical reads.,"1. Prepare a disposable, versioned synthetic fixture: Rename a field through the supported migration path and inspect historical reads. 2. Execute the operation to compare Flow lineage before and after a recipe replacement. 3. Capture the committed result, version or workflow state, and audit evidence. 4. Compare output with the source fixture and the expected invariant. 5. Repeat the operation where applicable and verify recovery, access, and side-effect behavior.","The platform must correctly compare Flow lineage before and after a recipe replacement; the field rename condition is handled according to the configured contract; valid data and committed state are preserved; invalid or unauthorized work is rejected or quarantined without silent loss; retries do not duplicate side effects; lineage, provenance, and audit evidence remain available; and no production data or credentials are used.",DSS API + pytest,"dataiku,data-platform,synthetic-data,dataiku_flow,field-rename"
Dataiku,Flow and Lineage,DIKU-DATAIKU_-00100,Flow and Lineage: prevent a user without project access from inspecting restricted Flow nodes (field rename),Dataiku: prevent a user without project access from inspecting restricted Flow nodes with field rename,Functional,Medium,Non-production tenant or isolated local fixture; synthetic records only; Rename a field through the supported migration path and inspect historical reads.,"1. Prepare a disposable, versioned synthetic fixture: Rename a field through the supported migration path and inspect historical reads. 2. Execute the operation to prevent a user without project access from inspecting restricted Flow nodes. 3. Capture the committed result, version or workflow state, and audit evidence. 4. Compare output with the source fixture and the expected invariant. 5. Repeat the operation where applicable and verify recovery, access, and side-effect behavior.","The platform must correctly prevent a user without project access from inspecting restricted Flow nodes; the field rename condition is handled according to the configured contract; valid data and committed state are preserved; invalid or unauthorized work is rejected or quarantined without silent loss; retries do not duplicate side effects; lineage, provenance, and audit evidence remain available; and no production data or credentials are used.",DSS API + pytest,"dataiku,data-platform,synthetic-data,dataiku_flow,field-rename"
Dataiku,Flow and Lineage,DIKU-DATAIKU_-00101,Flow and Lineage: rebuild a downstream dataset after changing an upstream recipe (worker restart),Dataiku: rebuild a downstream dataset after changing an upstream recipe with worker restart,Resilience,High,Non-production tenant or isolated local fixture; synthetic records only; Restart a worker after input processing but before the final checkpoint or commit.,"1. Prepare a disposable, versioned synthetic fixture: Restart a worker after input processing but before the final checkpoint or commit. 2. Execute the operation to rebuild a downstream dataset after changing an upstream recipe. 3. Capture the committed result, version or workflow state, and audit evidence. 4. Compare output with the source fixture and the expected invariant. 5. Repeat the operation where applicable and verify recovery, access, and side-effect behavior.","The platform must correctly rebuild a downstream dataset after changing an upstream recipe; the worker restart condition is handled according to the configured contract; valid data and committed state are preserved; invalid or unauthorized work is rejected or quarantined without silent loss; retries do not duplicate side effects; lineage, provenance, and audit evidence remain available; and no production data or credentials are used.",DSS API + pytest,"dataiku,data-platform,synthetic-data,dataiku_flow,worker-restart"
Dataiku,Flow and Lineage,DIKU-DATAIKU_-00102,Flow and Lineage: preserve dependency order when two recipes share an input dataset (worker restart),Dataiku: preserve dependency order when two recipes share an input dataset with worker restart,Resilience,High,Non-production tenant or isolated local fixture; synthetic records only; Restart a worker after input processing but before the final checkpoint or commit.,"1. Prepare a disposable, versioned synthetic fixture: Restart a worker after input processing but before the final checkpoint or commit. 2. Execute the operation to preserve dependency order when two recipes share an input dataset. 3. Capture the committed result, version or workflow state, and audit evidence. 4. Compare output with the source fixture and the expected invariant. 5. Repeat the operation where applicable and verify recovery, access, and side-effect behavior.","The platform must correctly preserve dependency order when two recipes share an input dataset; the worker restart condition is handled according to the configured contract; valid data and committed state are preserved; invalid or unauthorized work is rejected or quarantined without silent loss; retries do not duplicate side effects; lineage, provenance, and audit evidence remain available; and no production data or credentials are used.",DSS API + pytest,"dataiku,data-platform,synthetic-data,dataiku_flow,worker-restart"
Dataiku,Flow and Lineage,DIKU-DATAIKU_-00103,Flow and Lineage: propagate a compatible schema change only through dependent Flow nodes (worker restart),Dataiku: propagate a compatible schema change only through dependent Flow nodes with worker restart,Resilience,Medium,Non-production tenant or isolated local fixture; synthetic records only; Restart a worker after input processing but before the final checkpoint or commit.,"1. Prepare a disposable, versioned synthetic fixture: Restart a worker after input processing but before the final checkpoint or commit. 2. Execute the operation to propagate a compatible schema change only through dependent Flow nodes. 3. Capture the committed result, version or workflow state, and audit evidence. 4. Compare output with the source fixture and the expected invariant. 5. Repeat the operation where applicable and verify recovery, access, and side-effect behavior.","The platform must correctly propagate a compatible schema change only through dependent Flow nodes; the worker restart condition is handled according to the configured contract; valid data and committed state are preserved; invalid or unauthorized work is rejected or quarantined without silent loss; retries do not duplicate side effects; lineage, provenance, and audit evidence remain available; and no production data or credentials are used.",DSS API + pytest,"dataiku,data-platform,synthetic-data,dataiku_flow,worker-restart"
Dataiku,Flow and Lineage,DIKU-DATAIKU_-00104,Flow and Lineage: remove an unused recipe without deleting a shared source dataset (worker restart),Dataiku: remove an unused recipe without deleting a shared source dataset with worker restart,Resilience,High,Non-production tenant or isolated local fixture; synthetic records only; Restart a worker after input processing but before the final checkpoint or commit.,"1. Prepare a disposable, versioned synthetic fixture: Restart a worker after input processing but before the final checkpoint or commit. 2. Execute the operation to remove an unused recipe without deleting a shared source dataset. 3. Capture the committed result, version or workflow state, and audit evidence. 4. Compare output with the source fixture and the expected invariant. 5. Repeat the operation where applicable and verify recovery, access, and side-effect behavior.","The platform must correctly remove an unused recipe without deleting a shared source dataset; the worker restart condition is handled according to the configured contract; valid data and committed state are preserved; invalid or unauthorized work is rejected or quarantined without silent loss; retries do not duplicate side effects; lineage, provenance, and audit evidence remain available; and no production data or credentials are used.",DSS API + pytest,"dataiku,data-platform,synthetic-data,dataiku_flow,worker-restart"
Dataiku,Flow and Lineage,DIKU-DATAIKU_-00105,Flow and Lineage: export Flow lineage and reconcile each declared input and output (worker restart),Dataiku: export Flow lineage and reconcile each declared input and output with worker restart,Resilience,High,Non-production tenant or isolated local fixture; synthetic records only; Restart a worker after input processing but before the final checkpoint or commit.,"1. Prepare a disposable, versioned synthetic fixture: Restart a worker after input processing but before the final checkpoint or commit. 2. Execute the operation to export Flow lineage and reconcile each declared input and output. 3. Capture the committed result, version or workflow state, and audit evidence. 4. Compare output with the source fixture and the expected invariant. 5. Repeat the operation where applicable and verify recovery, access, and side-effect behavior.","The platform must correctly export Flow lineage and reconcile each declared input and output; the worker restart condition is handled according to the configured contract; valid data and committed state are preserved; invalid or unauthorized work is rejected or quarantined without silent loss; retries do not duplicate side effects; lineage, provenance, and audit evidence remain available; and no production data or credentials are used.",DSS API + pytest,"dataiku,data-platform,synthetic-data,dataiku_flow,worker-restart"
Dataiku,Flow and Lineage,DIKU-DATAIKU_-00106,Flow and Lineage: enforce configured resource limits during a parallel Flow build (worker restart),Dataiku: enforce configured resource limits during a parallel Flow build with worker restart,Resilience,Medium,Non-production tenant or isolated local fixture; synthetic records only; Restart a worker after input processing but before the final checkpoint or commit.,"1. Prepare a disposable, versioned synthetic fixture: Restart a worker after input processing but before the final checkpoint or commit. 2. Execute the operation to enforce configured resource limits during a parallel Flow build. 3. Capture the committed result, version or workflow state, and audit evidence. 4. Compare output with the source fixture and the expected invariant. 5. Repeat the operation where applicable and verify recovery, access, and side-effect behavior.","The platform must correctly enforce configured resource limits during a parallel Flow build; the worker restart condition is handled according to the configured contract; valid data and committed state are preserved; invalid or unauthorized work is rejected or quarantined without silent loss; retries do not duplicate side effects; lineage, provenance, and audit evidence remain available; and no production data or credentials are used.",DSS API + pytest,"dataiku,data-platform,synthetic-data,dataiku_flow,worker-restart"
Dataiku,Flow and Lineage,DIKU-DATAIKU_-00107,Flow and Lineage: detect a cycle before scheduling a circular recipe dependency (worker restart),Dataiku: detect a cycle before scheduling a circular recipe dependency with worker restart,Resilience,High,Non-production tenant or isolated local fixture; synthetic records only; Restart a worker after input processing but before the final checkpoint or commit.,"1. Prepare a disposable, versioned synthetic fixture: Restart a worker after input processing but before the final checkpoint or commit. 2. Execute the operation to detect a cycle before scheduling a circular recipe dependency. 3. Capture the committed result, version or workflow state, and audit evidence. 4. Compare output with the source fixture and the expected invariant. 5. Repeat the operation where applicable and verify recovery, access, and side-effect behavior.","The platform must correctly detect a cycle before scheduling a circular recipe dependency; the worker restart condition is handled according to the configured contract; valid data and committed state are preserved; invalid or unauthorized work is rejected or quarantined without silent loss; retries do not duplicate side effects; lineage, provenance, and audit evidence remain available; and no production data or credentials are used.",DSS API + pytest,"dataiku,data-platform,synthetic-data,dataiku_flow,worker-restart"
Dataiku,Flow and Lineage,DIKU-DATAIKU_-00108,Flow and Lineage: rebuild only affected partitions after a partitioned input changes (worker restart),Dataiku: rebuild only affected partitions after a partitioned input changes with worker restart,Resilience,High,Non-production tenant or isolated local fixture; synthetic records only; Restart a worker after input processing but before the final checkpoint or commit.,"1. Prepare a disposable, versioned synthetic fixture: Restart a worker after input processing but before the final checkpoint or commit. 2. Execute the operation to rebuild only affected partitions after a partitioned input changes. 3. Capture the committed result, version or workflow state, and audit evidence. 4. Compare output with the source fixture and the expected invariant. 5. Repeat the operation where applicable and verify recovery, access, and side-effect behavior.","The platform must correctly rebuild only affected partitions after a partitioned input changes; the worker restart condition is handled according to the configured contract; valid data and committed state are preserved; invalid or unauthorized work is rejected or quarantined without silent loss; retries do not duplicate side effects; lineage, provenance, and audit evidence remain available; and no production data or credentials are used.",DSS API + pytest,"dataiku,data-platform,synthetic-data,dataiku_flow,worker-restart"
Dataiku,Flow and Lineage,DIKU-DATAIKU_-00109,Flow and Lineage: compare Flow lineage before and after a recipe replacement (worker restart),Dataiku: compare Flow lineage before and after a recipe replacement with worker restart,Resilience,Medium,Non-production tenant or isolated local fixture; synthetic records only; Restart a worker after input processing but before the final checkpoint or commit.,"1. Prepare a disposable, versioned synthetic fixture: Restart a worker after input processing but before the final checkpoint or commit. 2. Execute the operation to compare Flow lineage before and after a recipe replacement. 3. Capture the committed result, version or workflow state, and audit evidence. 4. Compare output with the source fixture and the expected invariant. 5. Repeat the operation where applicable and verify recovery, access, and side-effect behavior.","The platform must correctly compare Flow lineage before and after a recipe replacement; the worker restart condition is handled according to the configured contract; valid data and committed state are preserved; invalid or unauthorized work is rejected or quarantined without silent loss; retries do not duplicate side effects; lineage, provenance, and audit evidence remain available; and no production data or credentials are used.",DSS API + pytest,"dataiku,data-platform,synthetic-data,dataiku_flow,worker-restart"
Dataiku,Flow and Lineage,DIKU-DATAIKU_-00110,Flow and Lineage: prevent a user without project access from inspecting restricted Flow nodes (worker restart),Dataiku: prevent a user without project access from inspecting restricted Flow nodes with worker restart,Resilience,High,Non-production tenant or isolated local fixture; synthetic records only; Restart a worker after input processing but before the final checkpoint or commit.,"1. Prepare a disposable, versioned synthetic fixture: Restart a worker after input processing but before the final checkpoint or commit. 2. Execute the operation to prevent a user without project access from inspecting restricted Flow nodes. 3. Capture the committed result, version or workflow state, and audit evidence. 4. Compare output with the source fixture and the expected invariant. 5. Repeat the operation where applicable and verify recovery, access, and side-effect behavior.","The platform must correctly prevent a user without project access from inspecting restricted Flow nodes; the worker restart condition is handled according to the configured contract; valid data and committed state are preserved; invalid or unauthorized work is rejected or quarantined without silent loss; retries do not duplicate side effects; lineage, provenance, and audit evidence remain available; and no production data or credentials are used.",DSS API + pytest,"dataiku,data-platform,synthetic-data,dataiku_flow,worker-restart"
Dataiku,Flow and Lineage,DIKU-DATAIKU_-00111,Flow and Lineage: rebuild a downstream dataset after changing an upstream recipe (least privilege),Dataiku: rebuild a downstream dataset after changing an upstream recipe with least privilege,Functional,High,Non-production tenant or isolated local fixture; synthetic records only; Run once as an authorized role and once as a role lacking the required grant.,"1. Prepare a disposable, versioned synthetic fixture: Run once as an authorized role and once as a role lacking the required grant. 2. Execute the operation to rebuild a downstream dataset after changing an upstream recipe. 3. Capture the committed result, version or workflow state, and audit evidence. 4. Compare output with the source fixture and the expected invariant. 5. Repeat the operation where applicable and verify recovery, access, and side-effect behavior.","The platform must correctly rebuild a downstream dataset after changing an upstream recipe; the least privilege condition is handled according to the configured contract; valid data and committed state are preserved; invalid or unauthorized work is rejected or quarantined without silent loss; retries do not duplicate side effects; lineage, provenance, and audit evidence remain available; and no production data or credentials are used.",DSS API + pytest,"dataiku,data-platform,synthetic-data,dataiku_flow,least-privilege"
Dataiku,Flow and Lineage,DIKU-DATAIKU_-00112,Flow and Lineage: preserve dependency order when two recipes share an input dataset (least privilege),Dataiku: preserve dependency order when two recipes share an input dataset with least privilege,Functional,Medium,Non-production tenant or isolated local fixture; synthetic records only; Run once as an authorized role and once as a role lacking the required grant.,"1. Prepare a disposable, versioned synthetic fixture: Run once as an authorized role and once as a role lacking the required grant. 2. Execute the operation to preserve dependency order when two recipes share an input dataset. 3. Capture the committed result, version or workflow state, and audit evidence. 4. Compare output with the source fixture and the expected invariant. 5. Repeat the operation where applicable and verify recovery, access, and side-effect behavior.","The platform must correctly preserve dependency order when two recipes share an input dataset; the least privilege condition is handled according to the configured contract; valid data and committed state are preserved; invalid or unauthorized work is rejected or quarantined without silent loss; retries do not duplicate side effects; lineage, provenance, and audit evidence remain available; and no production data or credentials are used.",DSS API + pytest,"dataiku,data-platform,synthetic-data,dataiku_flow,least-privilege"
Dataiku,Flow and Lineage,DIKU-DATAIKU_-00113,Flow and Lineage: propagate a compatible schema change only through dependent Flow nodes (least privilege),Dataiku: propagate a compatible schema change only through dependent Flow nodes with least privilege,Functional,High,Non-production tenant or isolated local fixture; synthetic records only; Run once as an authorized role and once as a role lacking the required grant.,"1. Prepare a disposable, versioned synthetic fixture: Run once as an authorized role and once as a role lacking the required grant. 2. Execute the operation to propagate a compatible schema change only through dependent Flow nodes. 3. Capture the committed result, version or workflow state, and audit evidence. 4. Compare output with the source fixture and the expected invariant. 5. Repeat the operation where applicable and verify recovery, access, and side-effect behavior.","The platform must correctly propagate a compatible schema change only through dependent Flow nodes; the least privilege condition is handled according to the configured contract; valid data and committed state are preserved; invalid or unauthorized work is rejected or quarantined without silent loss; retries do not duplicate side effects; lineage, provenance, and audit evidence remain available; and no production data or credentials are used.",DSS API + pytest,"dataiku,data-platform,synthetic-data,dataiku_flow,least-privilege"
Dataiku,Flow and Lineage,DIKU-DATAIKU_-00114,Flow and Lineage: remove an unused recipe without deleting a shared source dataset (least privilege),Dataiku: remove an unused recipe without deleting a shared source dataset with least privilege,Functional,High,Non-production tenant or isolated local fixture; synthetic records only; Run once as an authorized role and once as a role lacking the required grant.,"1. Prepare a disposable, versioned synthetic fixture: Run once as an authorized role and once as a role lacking the required grant. 2. Execute the operation to remove an unused recipe without deleting a shared source dataset. 3. Capture the committed result, version or workflow state, and audit evidence. 4. Compare output with the source fixture and the expected invariant. 5. Repeat the operation where applicable and verify recovery, access, and side-effect behavior.","The platform must correctly remove an unused recipe without deleting a shared source dataset; the least privilege condition is handled according to the configured contract; valid data and committed state are preserved; invalid or unauthorized work is rejected or quarantined without silent loss; retries do not duplicate side effects; lineage, provenance, and audit evidence remain available; and no production data or credentials are used.",DSS API + pytest,"dataiku,data-platform,synthetic-data,dataiku_flow,least-privilege"
Dataiku,Flow and Lineage,DIKU-DATAIKU_-00115,Flow and Lineage: export Flow lineage and reconcile each declared input and output (least privilege),Dataiku: export Flow lineage and reconcile each declared input and output with least privilege,Functional,Medium,Non-production tenant or isolated local fixture; synthetic records only; Run once as an authorized role and once as a role lacking the required grant.,"1. Prepare a disposable, versioned synthetic fixture: Run once as an authorized role and once as a role lacking the required grant. 2. Execute the operation to export Flow lineage and reconcile each declared input and output. 3. Capture the committed result, version or workflow state, and audit evidence. 4. Compare output with the source fixture and the expected invariant. 5. Repeat the operation where applicable and verify recovery, access, and side-effect behavior.","The platform must correctly export Flow lineage and reconcile each declared input and output; the least privilege condition is handled according to the configured contract; valid data and committed state are preserved; invalid or unauthorized work is rejected or quarantined without silent loss; retries do not duplicate side effects; lineage, provenance, and audit evidence remain available; and no production data or credentials are used.",DSS API + pytest,"dataiku,data-platform,synthetic-data,dataiku_flow,least-privilege"
Dataiku,Flow and Lineage,DIKU-DATAIKU_-00116,Flow and Lineage: enforce configured resource limits during a parallel Flow build (least privilege),Dataiku: enforce configured resource limits during a parallel Flow build with least privilege,Functional,High,Non-production tenant or isolated local fixture; synthetic records only; Run once as an authorized role and once as a role lacking the required grant.,"1. Prepare a disposable, versioned synthetic fixture: Run once as an authorized role and once as a role lacking the required grant. 2. Execute the operation to enforce configured resource limits during a parallel Flow build. 3. Capture the committed result, version or workflow state, and audit evidence. 4. Compare output with the source fixture and the expected invariant. 5. Repeat the operation where applicable and verify recovery, access, and side-effect behavior.","The platform must correctly enforce configured resource limits during a parallel Flow build; the least privilege condition is handled according to the configured contract; valid data and committed state are preserved; invalid or unauthorized work is rejected or quarantined without silent loss; retries do not duplicate side effects; lineage, provenance, and audit evidence remain available; and no production data or credentials are used.",DSS API + pytest,"dataiku,data-platform,synthetic-data,dataiku_flow,least-privilege"
Dataiku,Flow and Lineage,DIKU-DATAIKU_-00117,Flow and Lineage: detect a cycle before scheduling a circular recipe dependency (least privilege),Dataiku: detect a cycle before scheduling a circular recipe dependency with least privilege,Functional,High,Non-production tenant or isolated local fixture; synthetic records only; Run once as an authorized role and once as a role lacking the required grant.,"1. Prepare a disposable, versioned synthetic fixture: Run once as an authorized role and once as a role lacking the required grant. 2. Execute the operation to detect a cycle before scheduling a circular recipe dependency. 3. Capture the committed result, version or workflow state, and audit evidence. 4. Compare output with the source fixture and the expected invariant. 5. Repeat the operation where applicable and verify recovery, access, and side-effect behavior.","The platform must correctly detect a cycle before scheduling a circular recipe dependency; the least privilege condition is handled according to the configured contract; valid data and committed state are preserved; invalid or unauthorized work is rejected or quarantined without silent loss; retries do not duplicate side effects; lineage, provenance, and audit evidence remain available; and no production data or credentials are used.",DSS API + pytest,"dataiku,data-platform,synthetic-data,dataiku_flow,least-privilege"
Dataiku,Flow and Lineage,DIKU-DATAIKU_-00118,Flow and Lineage: rebuild only affected partitions after a partitioned input changes (least privilege),Dataiku: rebuild only affected partitions after a partitioned input changes with least privilege,Functional,Medium,Non-production tenant or isolated local fixture; synthetic records only; Run once as an authorized role and once as a role lacking the required grant.,"1. Prepare a disposable, versioned synthetic fixture: Run once as an authorized role and once as a role lacking the required grant. 2. Execute the operation to rebuild only affected partitions after a partitioned input changes. 3. Capture the committed result, version or workflow state, and audit evidence. 4. Compare output with the source fixture and the expected invariant. 5. Repeat the operation where applicable and verify recovery, access, and side-effect behavior.","The platform must correctly rebuild only affected partitions after a partitioned input changes; the least privilege condition is handled according to the configured contract; valid data and committed state are preserved; invalid or unauthorized work is rejected or quarantined without silent loss; retries do not duplicate side effects; lineage, provenance, and audit evidence remain available; and no production data or credentials are used.",DSS API + pytest,"dataiku,data-platform,synthetic-data,dataiku_flow,least-privilege"
Dataiku,Flow and Lineage,DIKU-DATAIKU_-00119,Flow and Lineage: compare Flow lineage before and after a recipe replacement (least privilege),Dataiku: compare Flow lineage before and after a recipe replacement with least privilege,Functional,High,Non-production tenant or isolated local fixture; synthetic records only; Run once as an authorized role and once as a role lacking the required grant.,"1. Prepare a disposable, versioned synthetic fixture: Run once as an authorized role and once as a role lacking the required grant. 2. Execute the operation to compare Flow lineage before and after a recipe replacement. 3. Capture the committed result, version or workflow state, and audit evidence. 4. Compare output with the source fixture and the expected invariant. 5. Repeat the operation where applicable and verify recovery, access, and side-effect behavior.","The platform must correctly compare Flow lineage before and after a recipe replacement; the least privilege condition is handled according to the configured contract; valid data and committed state are preserved; invalid or unauthorized work is rejected or quarantined without silent loss; retries do not duplicate side effects; lineage, provenance, and audit evidence remain available; and no production data or credentials are used.",DSS API + pytest,"dataiku,data-platform,synthetic-data,dataiku_flow,least-privilege"
Dataiku,Flow and Lineage,DIKU-DATAIKU_-00120,Flow and Lineage: prevent a user without project access from inspecting restricted Flow nodes (least privilege),Dataiku: prevent a user without project access from inspecting restricted Flow nodes with least privilege,Functional,High,Non-production tenant or isolated local fixture; synthetic records only; Run once as an authorized role and once as a role lacking the required grant.,"1. Prepare a disposable, versioned synthetic fixture: Run once as an authorized role and once as a role lacking the required grant. 2. Execute the operation to prevent a user without project access from inspecting restricted Flow nodes. 3. Capture the committed result, version or workflow state, and audit evidence. 4. Compare output with the source fixture and the expected invariant. 5. Repeat the operation where applicable and verify recovery, access, and side-effect behavior.","The platform must correctly prevent a user without project access from inspecting restricted Flow nodes; the least privilege condition is handled according to the configured contract; valid data and committed state are preserved; invalid or unauthorized work is rejected or quarantined without silent loss; retries do not duplicate side effects; lineage, provenance, and audit evidence remain available; and no production data or credentials are used.",DSS API + pytest,"dataiku,data-platform,synthetic-data,dataiku_flow,least-privilege"
Dataiku,Flow and Lineage,DIKU-DATAIKU_-00121,Flow and Lineage: rebuild a downstream dataset after changing an upstream recipe (concurrent writers),Dataiku: rebuild a downstream dataset after changing an upstream recipe with concurrent writers,Functional,Medium,Non-production tenant or isolated local fixture; synthetic records only; Submit two valid writers that touch overlapping logical data at the same time.,"1. Prepare a disposable, versioned synthetic fixture: Submit two valid writers that touch overlapping logical data at the same time. 2. Execute the operation to rebuild a downstream dataset after changing an upstream recipe. 3. Capture the committed result, version or workflow state, and audit evidence. 4. Compare output with the source fixture and the expected invariant. 5. Repeat the operation where applicable and verify recovery, access, and side-effect behavior.","The platform must correctly rebuild a downstream dataset after changing an upstream recipe; the concurrent writers condition is handled according to the configured contract; valid data and committed state are preserved; invalid or unauthorized work is rejected or quarantined without silent loss; retries do not duplicate side effects; lineage, provenance, and audit evidence remain available; and no production data or credentials are used.",DSS API + pytest,"dataiku,data-platform,synthetic-data,dataiku_flow,concurrent-writers"
Dataiku,Flow and Lineage,DIKU-DATAIKU_-00122,Flow and Lineage: preserve dependency order when two recipes share an input dataset (concurrent writers),Dataiku: preserve dependency order when two recipes share an input dataset with concurrent writers,Functional,High,Non-production tenant or isolated local fixture; synthetic records only; Submit two valid writers that touch overlapping logical data at the same time.,"1. Prepare a disposable, versioned synthetic fixture: Submit two valid writers that touch overlapping logical data at the same time. 2. Execute the operation to preserve dependency order when two recipes share an input dataset. 3. Capture the committed result, version or workflow state, and audit evidence. 4. Compare output with the source fixture and the expected invariant. 5. Repeat the operation where applicable and verify recovery, access, and side-effect behavior.","The platform must correctly preserve dependency order when two recipes share an input dataset; the concurrent writers condition is handled according to the configured contract; valid data and committed state are preserved; invalid or unauthorized work is rejected or quarantined without silent loss; retries do not duplicate side effects; lineage, provenance, and audit evidence remain available; and no production data or credentials are used.",DSS API + pytest,"dataiku,data-platform,synthetic-data,dataiku_flow,concurrent-writers"
Dataiku,Flow and Lineage,DIKU-DATAIKU_-00123,Flow and Lineage: propagate a compatible schema change only through dependent Flow nodes (concurrent writers),Dataiku: propagate a compatible schema change only through dependent Flow nodes with concurrent writers,Functional,High,Non-production tenant or isolated local fixture; synthetic records only; Submit two valid writers that touch overlapping logical data at the same time.,"1. Prepare a disposable, versioned synthetic fixture: Submit two valid writers that touch overlapping logical data at the same time. 2. Execute the operation to propagate a compatible schema change only through dependent Flow nodes. 3. Capture the committed result, version or workflow state, and audit evidence. 4. Compare output with the source fixture and the expected invariant. 5. Repeat the operation where applicable and verify recovery, access, and side-effect behavior.","The platform must correctly propagate a compatible schema change only through dependent Flow nodes; the concurrent writers condition is handled according to the configured contract; valid data and committed state are preserved; invalid or unauthorized work is rejected or quarantined without silent loss; retries do not duplicate side effects; lineage, provenance, and audit evidence remain available; and no production data or credentials are used.",DSS API + pytest,"dataiku,data-platform,synthetic-data,dataiku_flow,concurrent-writers"
Dataiku,Flow and Lineage,DIKU-DATAIKU_-00124,Flow and Lineage: remove an unused recipe without deleting a shared source dataset (concurrent writers),Dataiku: remove an unused recipe without deleting a shared source dataset with concurrent writers,Functional,Medium,Non-production tenant or isolated local fixture; synthetic records only; Submit two valid writers that touch overlapping logical data at the same time.,"1. Prepare a disposable, versioned synthetic fixture: Submit two valid writers that touch overlapping logical data at the same time. 2. Execute the operation to remove an unused recipe without deleting a shared source dataset. 3. Capture the committed result, version or workflow state, and audit evidence. 4. Compare output with the source fixture and the expected invariant. 5. Repeat the operation where applicable and verify recovery, access, and side-effect behavior.","The platform must correctly remove an unused recipe without deleting a shared source dataset; the concurrent writers condition is handled according to the configured contract; valid data and committed state are preserved; invalid or unauthorized work is rejected or quarantined without silent loss; retries do not duplicate side effects; lineage, provenance, and audit evidence remain available; and no production data or credentials are used.",DSS API + pytest,"dataiku,data-platform,synthetic-data,dataiku_flow,concurrent-writers"
Dataiku,Flow and Lineage,DIKU-DATAIKU_-00125,Flow and Lineage: export Flow lineage and reconcile each declared input and output (concurrent writers),Dataiku: export Flow lineage and reconcile each declared input and output with concurrent writers,Functional,High,Non-production tenant or isolated local fixture; synthetic records only; Submit two valid writers that touch overlapping logical data at the same time.,"1. Prepare a disposable, versioned synthetic fixture: Submit two valid writers that touch overlapping logical data at the same time. 2. Execute the operation to export Flow lineage and reconcile each declared input and output. 3. Capture the committed result, version or workflow state, and audit evidence. 4. Compare output with the source fixture and the expected invariant. 5. Repeat the operation where applicable and verify recovery, access, and side-effect behavior.","The platform must correctly export Flow lineage and reconcile each declared input and output; the concurrent writers condition is handled according to the configured contract; valid data and committed state are preserved; invalid or unauthorized work is rejected or quarantined without silent loss; retries do not duplicate side effects; lineage, provenance, and audit evidence remain available; and no production data or credentials are used.",DSS API + pytest,"dataiku,data-platform,synthetic-data,dataiku_flow,concurrent-writers"
Dataiku,Flow and Lineage,DIKU-DATAIKU_-00126,Flow and Lineage: enforce configured resource limits during a parallel Flow build (concurrent writers),Dataiku: enforce configured resource limits during a parallel Flow build with concurrent writers,Functional,High,Non-production tenant or isolated local fixture; synthetic records only; Submit two valid writers that touch overlapping logical data at the same time.,"1. Prepare a disposable, versioned synthetic fixture: Submit two valid writers that touch overlapping logical data at the same time. 2. Execute the operation to enforce configured resource limits during a parallel Flow build. 3. Capture the committed result, version or workflow state, and audit evidence. 4. Compare output with the source fixture and the expected invariant. 5. Repeat the operation where applicable and verify recovery, access, and side-effect behavior.","The platform must correctly enforce configured resource limits during a parallel Flow build; the concurrent writers condition is handled according to the configured contract; valid data and committed state are preserved; invalid or unauthorized work is rejected or quarantined without silent loss; retries do not duplicate side effects; lineage, provenance, and audit evidence remain available; and no production data or credentials are used.",DSS API + pytest,"dataiku,data-platform,synthetic-data,dataiku_flow,concurrent-writers"
Dataiku,Flow and Lineage,DIKU-DATAIKU_-00127,Flow and Lineage: detect a cycle before scheduling a circular recipe dependency (concurrent writers),Dataiku: detect a cycle before scheduling a circular recipe dependency with concurrent writers,Functional,Medium,Non-production tenant or isolated local fixture; synthetic records only; Submit two valid writers that touch overlapping logical data at the same time.,"1. Prepare a disposable, versioned synthetic fixture: Submit two valid writers that touch overlapping logical data at the same time. 2. Execute the operation to detect a cycle before scheduling a circular recipe dependency. 3. Capture the committed result, version or workflow state, and audit evidence. 4. Compare output with the source fixture and the expected invariant. 5. Repeat the operation where applicable and verify recovery, access, and side-effect behavior.","The platform must correctly detect a cycle before scheduling a circular recipe dependency; the concurrent writers condition is handled according to the configured contract; valid data and committed state are preserved; invalid or unauthorized work is rejected or quarantined without silent loss; retries do not duplicate side effects; lineage, provenance, and audit evidence remain available; and no production data or credentials are used.",DSS API + pytest,"dataiku,data-platform,synthetic-data,dataiku_flow,concurrent-writers"
Dataiku,Flow and Lineage,DIKU-DATAIKU_-00128,Flow and Lineage: rebuild only affected partitions after a partitioned input changes (concurrent writers),Dataiku: rebuild only affected partitions after a partitioned input changes with concurrent writers,Functional,High,Non-production tenant or isolated local fixture; synthetic records only; Submit two valid writers that touch overlapping logical data at the same time.,"1. Prepare a disposable, versioned synthetic fixture: Submit two valid writers that touch overlapping logical data at the same time. 2. Execute the operation to rebuild only affected partitions after a partitioned input changes. 3. Capture the committed result, version or workflow state, and audit evidence. 4. Compare output with the source fixture and the expected invariant. 5. Repeat the operation where applicable and verify recovery, access, and side-effect behavior.","The platform must correctly rebuild only affected partitions after a partitioned input changes; the concurrent writers condition is handled according to the configured contract; valid data and committed state are preserved; invalid or unauthorized work is rejected or quarantined without silent loss; retries do not duplicate side effects; lineage, provenance, and audit evidence remain available; and no production data or credentials are used.",DSS API + pytest,"dataiku,data-platform,synthetic-data,dataiku_flow,concurrent-writers"
Dataiku,Flow and Lineage,DIKU-DATAIKU_-00129,Flow and Lineage: compare Flow lineage before and after a recipe replacement (concurrent writers),Dataiku: compare Flow lineage before and after a recipe replacement with concurrent writers,Functional,High,Non-production tenant or isolated local fixture; synthetic records only; Submit two valid writers that touch overlapping logical data at the same time.,"1. Prepare a disposable, versioned synthetic fixture: Submit two valid writers that touch overlapping logical data at the same time. 2. Execute the operation to compare Flow lineage before and after a recipe replacement. 3. Capture the committed result, version or workflow state, and audit evidence. 4. Compare output with the source fixture and the expected invariant. 5. Repeat the operation where applicable and verify recovery, access, and side-effect behavior.","The platform must correctly compare Flow lineage before and after a recipe replacement; the concurrent writers condition is handled according to the configured contract; valid data and committed state are preserved; invalid or unauthorized work is rejected or quarantined without silent loss; retries do not duplicate side effects; lineage, provenance, and audit evidence remain available; and no production data or credentials are used.",DSS API + pytest,"dataiku,data-platform,synthetic-data,dataiku_flow,concurrent-writers"
Dataiku,Flow and Lineage,DIKU-DATAIKU_-00130,Flow and Lineage: prevent a user without project access from inspecting restricted Flow nodes (concurrent writers),Dataiku: prevent a user without project access from inspecting restricted Flow nodes with concurrent writers,Functional,Medium,Non-production tenant or isolated local fixture; synthetic records only; Submit two valid writers that touch overlapping logical data at the same time.,"1. Prepare a disposable, versioned synthetic fixture: Submit two valid writers that touch overlapping logical data at the same time. 2. Execute the operation to prevent a user without project access from inspecting restricted Flow nodes. 3. Capture the committed result, version or workflow state, and audit evidence. 4. Compare output with the source fixture and the expected invariant. 5. Repeat the operation where applicable and verify recovery, access, and side-effect behavior.","The platform must correctly prevent a user without project access from inspecting restricted Flow nodes; the concurrent writers condition is handled according to the configured contract; valid data and committed state are preserved; invalid or unauthorized work is rejected or quarantined without silent loss; retries do not duplicate side effects; lineage, provenance, and audit evidence remain available; and no production data or credentials are used.",DSS API + pytest,"dataiku,data-platform,synthetic-data,dataiku_flow,concurrent-writers"
Dataiku,Flow and Lineage,DIKU-DATAIKU_-00131,Flow and Lineage: rebuild a downstream dataset after changing an upstream recipe (transient retry),Dataiku: rebuild a downstream dataset after changing an upstream recipe with transient retry,Resilience,High,"Non-production tenant or isolated local fixture; synthetic records only; Inject one transient storage or service failure, then restore the dependency.","1. Prepare a disposable, versioned synthetic fixture: Inject one transient storage or service failure, then restore the dependency. 2. Execute the operation to rebuild a downstream dataset after changing an upstream recipe. 3. Capture the committed result, version or workflow state, and audit evidence. 4. Compare output with the source fixture and the expected invariant. 5. Repeat the operation where applicable and verify recovery, access, and side-effect behavior.","The platform must correctly rebuild a downstream dataset after changing an upstream recipe; the transient retry condition is handled according to the configured contract; valid data and committed state are preserved; invalid or unauthorized work is rejected or quarantined without silent loss; retries do not duplicate side effects; lineage, provenance, and audit evidence remain available; and no production data or credentials are used.",DSS API + pytest,"dataiku,data-platform,synthetic-data,dataiku_flow,transient-retry"
Dataiku,Flow and Lineage,DIKU-DATAIKU_-00132,Flow and Lineage: preserve dependency order when two recipes share an input dataset (transient retry),Dataiku: preserve dependency order when two recipes share an input dataset with transient retry,Resilience,High,"Non-production tenant or isolated local fixture; synthetic records only; Inject one transient storage or service failure, then restore the dependency.","1. Prepare a disposable, versioned synthetic fixture: Inject one transient storage or service failure, then restore the dependency. 2. Execute the operation to preserve dependency order when two recipes share an input dataset. 3. Capture the committed result, version or workflow state, and audit evidence. 4. Compare output with the source fixture and the expected invariant. 5. Repeat the operation where applicable and verify recovery, access, and side-effect behavior.","The platform must correctly preserve dependency order when two recipes share an input dataset; the transient retry condition is handled according to the configured contract; valid data and committed state are preserved; invalid or unauthorized work is rejected or quarantined without silent loss; retries do not duplicate side effects; lineage, provenance, and audit evidence remain available; and no production data or credentials are used.",DSS API + pytest,"dataiku,data-platform,synthetic-data,dataiku_flow,transient-retry"
Dataiku,Flow and Lineage,DIKU-DATAIKU_-00133,Flow and Lineage: propagate a compatible schema change only through dependent Flow nodes (transient retry),Dataiku: propagate a compatible schema change only through dependent Flow nodes with transient retry,Resilience,Medium,"Non-production tenant or isolated local fixture; synthetic records only; Inject one transient storage or service failure, then restore the dependency.","1. Prepare a disposable, versioned synthetic fixture: Inject one transient storage or service failure, then restore the dependency. 2. Execute the operation to propagate a compatible schema change only through dependent Flow nodes. 3. Capture the committed result, version or workflow state, and audit evidence. 4. Compare output with the source fixture and the expected invariant. 5. Repeat the operation where applicable and verify recovery, access, and side-effect behavior.","The platform must correctly propagate a compatible schema change only through dependent Flow nodes; the transient retry condition is handled according to the configured contract; valid data and committed state are preserved; invalid or unauthorized work is rejected or quarantined without silent loss; retries do not duplicate side effects; lineage, provenance, and audit evidence remain available; and no production data or credentials are used.",DSS API + pytest,"dataiku,data-platform,synthetic-data,dataiku_flow,transient-retry"
Dataiku,Flow and Lineage,DIKU-DATAIKU_-00134,Flow and Lineage: remove an unused recipe without deleting a shared source dataset (transient retry),Dataiku: remove an unused recipe without deleting a shared source dataset with transient retry,Resilience,High,"Non-production tenant or isolated local fixture; synthetic records only; Inject one transient storage or service failure, then restore the dependency.","1. Prepare a disposable, versioned synthetic fixture: Inject one transient storage or service failure, then restore the dependency. 2. Execute the operation to remove an unused recipe without deleting a shared source dataset. 3. Capture the committed result, version or workflow state, and audit evidence. 4. Compare output with the source fixture and the expected invariant. 5. Repeat the operation where applicable and verify recovery, access, and side-effect behavior.","The platform must correctly remove an unused recipe without deleting a shared source dataset; the transient retry condition is handled according to the configured contract; valid data and committed state are preserved; invalid or unauthorized work is rejected or quarantined without silent loss; retries do not duplicate side effects; lineage, provenance, and audit evidence remain available; and no production data or credentials are used.",DSS API + pytest,"dataiku,data-platform,synthetic-data,dataiku_flow,transient-retry"
Dataiku,Flow and Lineage,DIKU-DATAIKU_-00135,Flow and Lineage: export Flow lineage and reconcile each declared input and output (transient retry),Dataiku: export Flow lineage and reconcile each declared input and output with transient retry,Resilience,High,"Non-production tenant or isolated local fixture; synthetic records only; Inject one transient storage or service failure, then restore the dependency.","1. Prepare a disposable, versioned synthetic fixture: Inject one transient storage or service failure, then restore the dependency. 2. Execute the operation to export Flow lineage and reconcile each declared input and output. 3. Capture the committed result, version or workflow state, and audit evidence. 4. Compare output with the source fixture and the expected invariant. 5. Repeat the operation where applicable and verify recovery, access, and side-effect behavior.","The platform must correctly export Flow lineage and reconcile each declared input and output; the transient retry condition is handled according to the configured contract; valid data and committed state are preserved; invalid or unauthorized work is rejected or quarantined without silent loss; retries do not duplicate side effects; lineage, provenance, and audit evidence remain available; and no production data or credentials are used.",DSS API + pytest,"dataiku,data-platform,synthetic-data,dataiku_flow,transient-retry"
Dataiku,Flow and Lineage,DIKU-DATAIKU_-00136,Flow and Lineage: enforce configured resource limits during a parallel Flow build (transient retry),Dataiku: enforce configured resource limits during a parallel Flow build with transient retry,Resilience,Medium,"Non-production tenant or isolated local fixture; synthetic records only; Inject one transient storage or service failure, then restore the dependency.","1. Prepare a disposable, versioned synthetic fixture: Inject one transient storage or service failure, then restore the dependency. 2. Execute the operation to enforce configured resource limits during a parallel Flow build. 3. Capture the committed result, version or workflow state, and audit evidence. 4. Compare output with the source fixture and the expected invariant. 5. Repeat the operation where applicable and verify recovery, access, and side-effect behavior.","The platform must correctly enforce configured resource limits during a parallel Flow build; the transient retry condition is handled according to the configured contract; valid data and committed state are preserved; invalid or unauthorized work is rejected or quarantined without silent loss; retries do not duplicate side effects; lineage, provenance, and audit evidence remain available; and no production data or credentials are used.",DSS API + pytest,"dataiku,data-platform,synthetic-data,dataiku_flow,transient-retry"
Dataiku,Flow and Lineage,DIKU-DATAIKU_-00137,Flow and Lineage: detect a cycle before scheduling a circular recipe dependency (transient retry),Dataiku: detect a cycle before scheduling a circular recipe dependency with transient retry,Resilience,High,"Non-production tenant or isolated local fixture; synthetic records only; Inject one transient storage or service failure, then restore the dependency.","1. Prepare a disposable, versioned synthetic fixture: Inject one transient storage or service failure, then restore the dependency. 2. Execute the operation to detect a cycle before scheduling a circular recipe dependency. 3. Capture the committed result, version or workflow state, and audit evidence. 4. Compare output with the source fixture and the expected invariant. 5. Repeat the operation where applicable and verify recovery, access, and side-effect behavior.","The platform must correctly detect a cycle before scheduling a circular recipe dependency; the transient retry condition is handled according to the configured contract; valid data and committed state are preserved; invalid or unauthorized work is rejected or quarantined without silent loss; retries do not duplicate side effects; lineage, provenance, and audit evidence remain available; and no production data or credentials are used.",DSS API + pytest,"dataiku,data-platform,synthetic-data,dataiku_flow,transient-retry"
Dataiku,Flow and Lineage,DIKU-DATAIKU_-00138,Flow and Lineage: rebuild only affected partitions after a partitioned input changes (transient retry),Dataiku: rebuild only affected partitions after a partitioned input changes with transient retry,Resilience,High,"Non-production tenant or isolated local fixture; synthetic records only; Inject one transient storage or service failure, then restore the dependency.","1. Prepare a disposable, versioned synthetic fixture: Inject one transient storage or service failure, then restore the dependency. 2. Execute the operation to rebuild only affected partitions after a partitioned input changes. 3. Capture the committed result, version or workflow state, and audit evidence. 4. Compare output with the source fixture and the expected invariant. 5. Repeat the operation where applicable and verify recovery, access, and side-effect behavior.","The platform must correctly rebuild only affected partitions after a partitioned input changes; the transient retry condition is handled according to the configured contract; valid data and committed state are preserved; invalid or unauthorized work is rejected or quarantined without silent loss; retries do not duplicate side effects; lineage, provenance, and audit evidence remain available; and no production data or credentials are used.",DSS API + pytest,"dataiku,data-platform,synthetic-data,dataiku_flow,transient-retry"
Dataiku,Flow and Lineage,DIKU-DATAIKU_-00139,Flow and Lineage: compare Flow lineage before and after a recipe replacement (transient retry),Dataiku: compare Flow lineage before and after a recipe replacement with transient retry,Resilience,Medium,"Non-production tenant or isolated local fixture; synthetic records only; Inject one transient storage or service failure, then restore the dependency.","1. Prepare a disposable, versioned synthetic fixture: Inject one transient storage or service failure, then restore the dependency. 2. Execute the operation to compare Flow lineage before and after a recipe replacement. 3. Capture the committed result, version or workflow state, and audit evidence. 4. Compare output with the source fixture and the expected invariant. 5. Repeat the operation where applicable and verify recovery, access, and side-effect behavior.","The platform must correctly compare Flow lineage before and after a recipe replacement; the transient retry condition is handled according to the configured contract; valid data and committed state are preserved; invalid or unauthorized work is rejected or quarantined without silent loss; retries do not duplicate side effects; lineage, provenance, and audit evidence remain available; and no production data or credentials are used.",DSS API + pytest,"dataiku,data-platform,synthetic-data,dataiku_flow,transient-retry"
Dataiku,Flow and Lineage,DIKU-DATAIKU_-00140,Flow and Lineage: prevent a user without project access from inspecting restricted Flow nodes (transient retry),Dataiku: prevent a user without project access from inspecting restricted Flow nodes with transient retry,Resilience,High,"Non-production tenant or isolated local fixture; synthetic records only; Inject one transient storage or service failure, then restore the dependency.","1. Prepare a disposable, versioned synthetic fixture: Inject one transient storage or service failure, then restore the dependency. 2. Execute the operation to prevent a user without project access from inspecting restricted Flow nodes. 3. Capture the committed result, version or workflow state, and audit evidence. 4. Compare output with the source fixture and the expected invariant. 5. Repeat the operation where applicable and verify recovery, access, and side-effect behavior.","The platform must correctly prevent a user without project access from inspecting restricted Flow nodes; the transient retry condition is handled according to the configured contract; valid data and committed state are preserved; invalid or unauthorized work is rejected or quarantined without silent loss; retries do not duplicate side effects; lineage, provenance, and audit evidence remain available; and no production data or credentials are used.",DSS API + pytest,"dataiku,data-platform,synthetic-data,dataiku_flow,transient-retry"
Dataiku,Flow and Lineage,DIKU-DATAIKU_-00141,Flow and Lineage: rebuild a downstream dataset after changing an upstream recipe (commit conflict),Dataiku: rebuild a downstream dataset after changing an upstream recipe with commit conflict,Functional,High,Non-production tenant or isolated local fixture; synthetic records only; Advance the table or dataset version between read and write to create an optimistic conflict.,"1. Prepare a disposable, versioned synthetic fixture: Advance the table or dataset version between read and write to create an optimistic conflict. 2. Execute the operation to rebuild a downstream dataset after changing an upstream recipe. 3. Capture the committed result, version or workflow state, and audit evidence. 4. Compare output with the source fixture and the expected invariant. 5. Repeat the operation where applicable and verify recovery, access, and side-effect behavior.","The platform must correctly rebuild a downstream dataset after changing an upstream recipe; the commit conflict condition is handled according to the configured contract; valid data and committed state are preserved; invalid or unauthorized work is rejected or quarantined without silent loss; retries do not duplicate side effects; lineage, provenance, and audit evidence remain available; and no production data or credentials are used.",DSS API + pytest,"dataiku,data-platform,synthetic-data,dataiku_flow,commit-conflict"
Dataiku,Flow and Lineage,DIKU-DATAIKU_-00142,Flow and Lineage: preserve dependency order when two recipes share an input dataset (commit conflict),Dataiku: preserve dependency order when two recipes share an input dataset with commit conflict,Functional,Medium,Non-production tenant or isolated local fixture; synthetic records only; Advance the table or dataset version between read and write to create an optimistic conflict.,"1. Prepare a disposable, versioned synthetic fixture: Advance the table or dataset version between read and write to create an optimistic conflict. 2. Execute the operation to preserve dependency order when two recipes share an input dataset. 3. Capture the committed result, version or workflow state, and audit evidence. 4. Compare output with the source fixture and the expected invariant. 5. Repeat the operation where applicable and verify recovery, access, and side-effect behavior.","The platform must correctly preserve dependency order when two recipes share an input dataset; the commit conflict condition is handled according to the configured contract; valid data and committed state are preserved; invalid or unauthorized work is rejected or quarantined without silent loss; retries do not duplicate side effects; lineage, provenance, and audit evidence remain available; and no production data or credentials are used.",DSS API + pytest,"dataiku,data-platform,synthetic-data,dataiku_flow,commit-conflict"
Dataiku,Flow and Lineage,DIKU-DATAIKU_-00143,Flow and Lineage: propagate a compatible schema change only through dependent Flow nodes (commit conflict),Dataiku: propagate a compatible schema change only through dependent Flow nodes with commit conflict,Functional,High,Non-production tenant or isolated local fixture; synthetic records only; Advance the table or dataset version between read and write to create an optimistic conflict.,"1. Prepare a disposable, versioned synthetic fixture: Advance the table or dataset version between read and write to create an optimistic conflict. 2. Execute the operation to propagate a compatible schema change only through dependent Flow nodes. 3. Capture the committed result, version or workflow state, and audit evidence. 4. Compare output with the source fixture and the expected invariant. 5. Repeat the operation where applicable and verify recovery, access, and side-effect behavior.","The platform must correctly propagate a compatible schema change only through dependent Flow nodes; the commit conflict condition is handled according to the configured contract; valid data and committed state are preserved; invalid or unauthorized work is rejected or quarantined without silent loss; retries do not duplicate side effects; lineage, provenance, and audit evidence remain available; and no production data or credentials are used.",DSS API + pytest,"dataiku,data-platform,synthetic-data,dataiku_flow,commit-conflict"
Dataiku,Flow and Lineage,DIKU-DATAIKU_-00144,Flow and Lineage: remove an unused recipe without deleting a shared source dataset (commit conflict),Dataiku: remove an unused recipe without deleting a shared source dataset with commit conflict,Functional,High,Non-production tenant or isolated local fixture; synthetic records only; Advance the table or dataset version between read and write to create an optimistic conflict.,"1. Prepare a disposable, versioned synthetic fixture: Advance the table or dataset version between read and write to create an optimistic conflict. 2. Execute the operation to remove an unused recipe without deleting a shared source dataset. 3. Capture the committed result, version or workflow state, and audit evidence. 4. Compare output with the source fixture and the expected invariant. 5. Repeat the operation where applicable and verify recovery, access, and side-effect behavior.","The platform must correctly remove an unused recipe without deleting a shared source dataset; the commit conflict condition is handled according to the configured contract; valid data and committed state are preserved; invalid or unauthorized work is rejected or quarantined without silent loss; retries do not duplicate side effects; lineage, provenance, and audit evidence remain available; and no production data or credentials are used.",DSS API + pytest,"dataiku,data-platform,synthetic-data,dataiku_flow,commit-conflict"
Dataiku,Flow and Lineage,DIKU-DATAIKU_-00145,Flow and Lineage: export Flow lineage and reconcile each declared input and output (commit conflict),Dataiku: export Flow lineage and reconcile each declared input and output with commit conflict,Functional,Medium,Non-production tenant or isolated local fixture; synthetic records only; Advance the table or dataset version between read and write to create an optimistic conflict.,"1. Prepare a disposable, versioned synthetic fixture: Advance the table or dataset version between read and write to create an optimistic conflict. 2. Execute the operation to export Flow lineage and reconcile each declared input and output. 3. Capture the committed result, version or workflow state, and audit evidence. 4. Compare output with the source fixture and the expected invariant. 5. Repeat the operation where applicable and verify recovery, access, and side-effect behavior.","The platform must correctly export Flow lineage and reconcile each declared input and output; the commit conflict condition is handled according to the configured contract; valid data and committed state are preserved; invalid or unauthorized work is rejected or quarantined without silent loss; retries do not duplicate side effects; lineage, provenance, and audit evidence remain available; and no production data or credentials are used.",DSS API + pytest,"dataiku,data-platform,synthetic-data,dataiku_flow,commit-conflict"
Dataiku,Flow and Lineage,DIKU-DATAIKU_-00146,Flow and Lineage: enforce configured resource limits during a parallel Flow build (commit conflict),Dataiku: enforce configured resource limits during a parallel Flow build with commit conflict,Functional,High,Non-production tenant or isolated local fixture; synthetic records only; Advance the table or dataset version between read and write to create an optimistic conflict.,"1. Prepare a disposable, versioned synthetic fixture: Advance the table or dataset version between read and write to create an optimistic conflict. 2. Execute the operation to enforce configured resource limits during a parallel Flow build. 3. Capture the committed result, version or workflow state, and audit evidence. 4. Compare output with the source fixture and the expected invariant. 5. Repeat the operation where applicable and verify recovery, access, and side-effect behavior.","The platform must correctly enforce configured resource limits during a parallel Flow build; the commit conflict condition is handled according to the configured contract; valid data and committed state are preserved; invalid or unauthorized work is rejected or quarantined without silent loss; retries do not duplicate side effects; lineage, provenance, and audit evidence remain available; and no production data or credentials are used.",DSS API + pytest,"dataiku,data-platform,synthetic-data,dataiku_flow,commit-conflict"
Dataiku,Flow and Lineage,DIKU-DATAIKU_-00147,Flow and Lineage: detect a cycle before scheduling a circular recipe dependency (commit conflict),Dataiku: detect a cycle before scheduling a circular recipe dependency with commit conflict,Functional,High,Non-production tenant or isolated local fixture; synthetic records only; Advance the table or dataset version between read and write to create an optimistic conflict.,"1. Prepare a disposable, versioned synthetic fixture: Advance the table or dataset version between read and write to create an optimistic conflict. 2. Execute the operation to detect a cycle before scheduling a circular recipe dependency. 3. Capture the committed result, version or workflow state, and audit evidence. 4. Compare output with the source fixture and the expected invariant. 5. Repeat the operation where applicable and verify recovery, access, and side-effect behavior.","The platform must correctly detect a cycle before scheduling a circular recipe dependency; the commit conflict condition is handled according to the configured contract; valid data and committed state are preserved; invalid or unauthorized work is rejected or quarantined without silent loss; retries do not duplicate side effects; lineage, provenance, and audit evidence remain available; and no production data or credentials are used.",DSS API + pytest,"dataiku,data-platform,synthetic-data,dataiku_flow,commit-conflict"
Dataiku,Flow and Lineage,DIKU-DATAIKU_-00148,Flow and Lineage: rebuild only affected partitions after a partitioned input changes (commit conflict),Dataiku: rebuild only affected partitions after a partitioned input changes with commit conflict,Functional,Medium,Non-production tenant or isolated local fixture; synthetic records only; Advance the table or dataset version between read and write to create an optimistic conflict.,"1. Prepare a disposable, versioned synthetic fixture: Advance the table or dataset version between read and write to create an optimistic conflict. 2. Execute the operation to rebuild only affected partitions after a partitioned input changes. 3. Capture the committed result, version or workflow state, and audit evidence. 4. Compare output with the source fixture and the expected invariant. 5. Repeat the operation where applicable and verify recovery, access, and side-effect behavior.","The platform must correctly rebuild only affected partitions after a partitioned input changes; the commit conflict condition is handled according to the configured contract; valid data and committed state are preserved; invalid or unauthorized work is rejected or quarantined without silent loss; retries do not duplicate side effects; lineage, provenance, and audit evidence remain available; and no production data or credentials are used.",DSS API + pytest,"dataiku,data-platform,synthetic-data,dataiku_flow,commit-conflict"
Dataiku,Flow and Lineage,DIKU-DATAIKU_-00149,Flow and Lineage: compare Flow lineage before and after a recipe replacement (commit conflict),Dataiku: compare Flow lineage before and after a recipe replacement with commit conflict,Functional,High,Non-production tenant or isolated local fixture; synthetic records only; Advance the table or dataset version between read and write to create an optimistic conflict.,"1. Prepare a disposable, versioned synthetic fixture: Advance the table or dataset version between read and write to create an optimistic conflict. 2. Execute the operation to compare Flow lineage before and after a recipe replacement. 3. Capture the committed result, version or workflow state, and audit evidence. 4. Compare output with the source fixture and the expected invariant. 5. Repeat the operation where applicable and verify recovery, access, and side-effect behavior.","The platform must correctly compare Flow lineage before and after a recipe replacement; the commit conflict condition is handled according to the configured contract; valid data and committed state are preserved; invalid or unauthorized work is rejected or quarantined without silent loss; retries do not duplicate side effects; lineage, provenance, and audit evidence remain available; and no production data or credentials are used.",DSS API + pytest,"dataiku,data-platform,synthetic-data,dataiku_flow,commit-conflict"
Dataiku,Flow and Lineage,DIKU-DATAIKU_-00150,Flow and Lineage: prevent a user without project access from inspecting restricted Flow nodes (commit conflict),Dataiku: prevent a user without project access from inspecting restricted Flow nodes with commit conflict,Functional,High,Non-production tenant or isolated local fixture; synthetic records only; Advance the table or dataset version between read and write to create an optimistic conflict.,"1. Prepare a disposable, versioned synthetic fixture: Advance the table or dataset version between read and write to create an optimistic conflict. 2. Execute the operation to prevent a user without project access from inspecting restricted Flow nodes. 3. Capture the committed result, version or workflow state, and audit evidence. 4. Compare output with the source fixture and the expected invariant. 5. Repeat the operation where applicable and verify recovery, access, and side-effect behavior.","The platform must correctly prevent a user without project access from inspecting restricted Flow nodes; the commit conflict condition is handled according to the configured contract; valid data and committed state are preserved; invalid or unauthorized work is rejected or quarantined without silent loss; retries do not duplicate side effects; lineage, provenance, and audit evidence remain available; and no production data or credentials are used.",DSS API + pytest,"dataiku,data-platform,synthetic-data,dataiku_flow,commit-conflict"
Dataiku,Flow and Lineage,DIKU-DATAIKU_-00151,Flow and Lineage: rebuild a downstream dataset after changing an upstream recipe (rollback and replay),Dataiku: rebuild a downstream dataset after changing an upstream recipe with rollback and replay,Functional,Medium,"Non-production tenant or isolated local fixture; synthetic records only; Restore a prior version in a disposable fixture, then replay the same operation.","1. Prepare a disposable, versioned synthetic fixture: Restore a prior version in a disposable fixture, then replay the same operation. 2. Execute the operation to rebuild a downstream dataset after changing an upstream recipe. 3. Capture the committed result, version or workflow state, and audit evidence. 4. Compare output with the source fixture and the expected invariant. 5. Repeat the operation where applicable and verify recovery, access, and side-effect behavior.","The platform must correctly rebuild a downstream dataset after changing an upstream recipe; the rollback and replay condition is handled according to the configured contract; valid data and committed state are preserved; invalid or unauthorized work is rejected or quarantined without silent loss; retries do not duplicate side effects; lineage, provenance, and audit evidence remain available; and no production data or credentials are used.",DSS API + pytest,"dataiku,data-platform,synthetic-data,dataiku_flow,rollback-and-replay"
Dataiku,Flow and Lineage,DIKU-DATAIKU_-00152,Flow and Lineage: preserve dependency order when two recipes share an input dataset (rollback and replay),Dataiku: preserve dependency order when two recipes share an input dataset with rollback and replay,Functional,High,"Non-production tenant or isolated local fixture; synthetic records only; Restore a prior version in a disposable fixture, then replay the same operation.","1. Prepare a disposable, versioned synthetic fixture: Restore a prior version in a disposable fixture, then replay the same operation. 2. Execute the operation to preserve dependency order when two recipes share an input dataset. 3. Capture the committed result, version or workflow state, and audit evidence. 4. Compare output with the source fixture and the expected invariant. 5. Repeat the operation where applicable and verify recovery, access, and side-effect behavior.","The platform must correctly preserve dependency order when two recipes share an input dataset; the rollback and replay condition is handled according to the configured contract; valid data and committed state are preserved; invalid or unauthorized work is rejected or quarantined without silent loss; retries do not duplicate side effects; lineage, provenance, and audit evidence remain available; and no production data or credentials are used.",DSS API + pytest,"dataiku,data-platform,synthetic-data,dataiku_flow,rollback-and-replay"
Dataiku,Flow and Lineage,DIKU-DATAIKU_-00153,Flow and Lineage: propagate a compatible schema change only through dependent Flow nodes (rollback and replay),Dataiku: propagate a compatible schema change only through dependent Flow nodes with rollback and replay,Functional,High,"Non-production tenant or isolated local fixture; synthetic records only; Restore a prior version in a disposable fixture, then replay the same operation.","1. Prepare a disposable, versioned synthetic fixture: Restore a prior version in a disposable fixture, then replay the same operation. 2. Execute the operation to propagate a compatible schema change only through dependent Flow nodes. 3. Capture the committed result, version or workflow state, and audit evidence. 4. Compare output with the source fixture and the expected invariant. 5. Repeat the operation where applicable and verify recovery, access, and side-effect behavior.","The platform must correctly propagate a compatible schema change only through dependent Flow nodes; the rollback and replay condition is handled according to the configured contract; valid data and committed state are preserved; invalid or unauthorized work is rejected or quarantined without silent loss; retries do not duplicate side effects; lineage, provenance, and audit evidence remain available; and no production data or credentials are used.",DSS API + pytest,"dataiku,data-platform,synthetic-data,dataiku_flow,rollback-and-replay"
Dataiku,Flow and Lineage,DIKU-DATAIKU_-00154,Flow and Lineage: remove an unused recipe without deleting a shared source dataset (rollback and replay),Dataiku: remove an unused recipe without deleting a shared source dataset with rollback and replay,Functional,Medium,"Non-production tenant or isolated local fixture; synthetic records only; Restore a prior version in a disposable fixture, then replay the same operation.","1. Prepare a disposable, versioned synthetic fixture: Restore a prior version in a disposable fixture, then replay the same operation. 2. Execute the operation to remove an unused recipe without deleting a shared source dataset. 3. Capture the committed result, version or workflow state, and audit evidence. 4. Compare output with the source fixture and the expected invariant. 5. Repeat the operation where applicable and verify recovery, access, and side-effect behavior.","The platform must correctly remove an unused recipe without deleting a shared source dataset; the rollback and replay condition is handled according to the configured contract; valid data and committed state are preserved; invalid or unauthorized work is rejected or quarantined without silent loss; retries do not duplicate side effects; lineage, provenance, and audit evidence remain available; and no production data or credentials are used.",DSS API + pytest,"dataiku,data-platform,synthetic-data,dataiku_flow,rollback-and-replay"
Dataiku,Flow and Lineage,DIKU-DATAIKU_-00155,Flow and Lineage: export Flow lineage and reconcile each declared input and output (rollback and replay),Dataiku: export Flow lineage and reconcile each declared input and output with rollback and replay,Functional,High,"Non-production tenant or isolated local fixture; synthetic records only; Restore a prior version in a disposable fixture, then replay the same operation.","1. Prepare a disposable, versioned synthetic fixture: Restore a prior version in a disposable fixture, then replay the same operation. 2. Execute the operation to export Flow lineage and reconcile each declared input and output. 3. Capture the committed result, version or workflow state, and audit evidence. 4. Compare output with the source fixture and the expected invariant. 5. Repeat the operation where applicable and verify recovery, access, and side-effect behavior.","The platform must correctly export Flow lineage and reconcile each declared input and output; the rollback and replay condition is handled according to the configured contract; valid data and committed state are preserved; invalid or unauthorized work is rejected or quarantined without silent loss; retries do not duplicate side effects; lineage, provenance, and audit evidence remain available; and no production data or credentials are used.",DSS API + pytest,"dataiku,data-platform,synthetic-data,dataiku_flow,rollback-and-replay"
Dataiku,Flow and Lineage,DIKU-DATAIKU_-00156,Flow and Lineage: enforce configured resource limits during a parallel Flow build (rollback and replay),Dataiku: enforce configured resource limits during a parallel Flow build with rollback and replay,Functional,High,"Non-production tenant or isolated local fixture; synthetic records only; Restore a prior version in a disposable fixture, then replay the same operation.","1. Prepare a disposable, versioned synthetic fixture: Restore a prior version in a disposable fixture, then replay the same operation. 2. Execute the operation to enforce configured resource limits during a parallel Flow build. 3. Capture the committed result, version or workflow state, and audit evidence. 4. Compare output with the source fixture and the expected invariant. 5. Repeat the operation where applicable and verify recovery, access, and side-effect behavior.","The platform must correctly enforce configured resource limits during a parallel Flow build; the rollback and replay condition is handled according to the configured contract; valid data and committed state are preserved; invalid or unauthorized work is rejected or quarantined without silent loss; retries do not duplicate side effects; lineage, provenance, and audit evidence remain available; and no production data or credentials are used.",DSS API + pytest,"dataiku,data-platform,synthetic-data,dataiku_flow,rollback-and-replay"
Dataiku,Flow and Lineage,DIKU-DATAIKU_-00157,Flow and Lineage: detect a cycle before scheduling a circular recipe dependency (rollback and replay),Dataiku: detect a cycle before scheduling a circular recipe dependency with rollback and replay,Functional,Medium,"Non-production tenant or isolated local fixture; synthetic records only; Restore a prior version in a disposable fixture, then replay the same operation.","1. Prepare a disposable, versioned synthetic fixture: Restore a prior version in a disposable fixture, then replay the same operation. 2. Execute the operation to detect a cycle before scheduling a circular recipe dependency. 3. Capture the committed result, version or workflow state, and audit evidence. 4. Compare output with the source fixture and the expected invariant. 5. Repeat the operation where applicable and verify recovery, access, and side-effect behavior.","The platform must correctly detect a cycle before scheduling a circular recipe dependency; the rollback and replay condition is handled according to the configured contract; valid data and committed state are preserved; invalid or unauthorized work is rejected or quarantined without silent loss; retries do not duplicate side effects; lineage, provenance, and audit evidence remain available; and no production data or credentials are used.",DSS API + pytest,"dataiku,data-platform,synthetic-data,dataiku_flow,rollback-and-replay"
Dataiku,Flow and Lineage,DIKU-DATAIKU_-00158,Flow and Lineage: rebuild only affected partitions after a partitioned input changes (rollback and replay),Dataiku: rebuild only affected partitions after a partitioned input changes with rollback and replay,Functional,High,"Non-production tenant or isolated local fixture; synthetic records only; Restore a prior version in a disposable fixture, then replay the same operation.","1. Prepare a disposable, versioned synthetic fixture: Restore a prior version in a disposable fixture, then replay the same operation. 2. Execute the operation to rebuild only affected partitions after a partitioned input changes. 3. Capture the committed result, version or workflow state, and audit evidence. 4. Compare output with the source fixture and the expected invariant. 5. Repeat the operation where applicable and verify recovery, access, and side-effect behavior.","The platform must correctly rebuild only affected partitions after a partitioned input changes; the rollback and replay condition is handled according to the configured contract; valid data and committed state are preserved; invalid or unauthorized work is rejected or quarantined without silent loss; retries do not duplicate side effects; lineage, provenance, and audit evidence remain available; and no production data or credentials are used.",DSS API + pytest,"dataiku,data-platform,synthetic-data,dataiku_flow,rollback-and-replay"
Dataiku,Flow and Lineage,DIKU-DATAIKU_-00159,Flow and Lineage: compare Flow lineage before and after a recipe replacement (rollback and replay),Dataiku: compare Flow lineage before and after a recipe replacement with rollback and replay,Functional,High,"Non-production tenant or isolated local fixture; synthetic records only; Restore a prior version in a disposable fixture, then replay the same operation.","1. Prepare a disposable, versioned synthetic fixture: Restore a prior version in a disposable fixture, then replay the same operation. 2. Execute the operation to compare Flow lineage before and after a recipe replacement. 3. Capture the committed result, version or workflow state, and audit evidence. 4. Compare output with the source fixture and the expected invariant. 5. Repeat the operation where applicable and verify recovery, access, and side-effect behavior.","The platform must correctly compare Flow lineage before and after a recipe replacement; the rollback and replay condition is handled according to the configured contract; valid data and committed state are preserved; invalid or unauthorized work is rejected or quarantined without silent loss; retries do not duplicate side effects; lineage, provenance, and audit evidence remain available; and no production data or credentials are used.",DSS API + pytest,"dataiku,data-platform,synthetic-data,dataiku_flow,rollback-and-replay"
Dataiku,Flow and Lineage,DIKU-DATAIKU_-00160,Flow and Lineage: prevent a user without project access from inspecting restricted Flow nodes (rollback and replay),Dataiku: prevent a user without project access from inspecting restricted Flow nodes with rollback and replay,Functional,Medium,"Non-production tenant or isolated local fixture; synthetic records only; Restore a prior version in a disposable fixture, then replay the same operation.","1. Prepare a disposable, versioned synthetic fixture: Restore a prior version in a disposable fixture, then replay the same operation. 2. Execute the operation to prevent a user without project access from inspecting restricted Flow nodes. 3. Capture the committed result, version or workflow state, and audit evidence. 4. Compare output with the source fixture and the expected invariant. 5. Repeat the operation where applicable and verify recovery, access, and side-effect behavior.","The platform must correctly prevent a user without project access from inspecting restricted Flow nodes; the rollback and replay condition is handled according to the configured contract; valid data and committed state are preserved; invalid or unauthorized work is rejected or quarantined without silent loss; retries do not duplicate side effects; lineage, provenance, and audit evidence remain available; and no production data or credentials are used.",DSS API + pytest,"dataiku,data-platform,synthetic-data,dataiku_flow,rollback-and-replay"
Dataiku,Flow and Lineage,DIKU-DATAIKU_-00161,Flow and Lineage: rebuild a downstream dataset after changing an upstream recipe (Unicode identifiers),Dataiku: rebuild a downstream dataset after changing an upstream recipe with Unicode identifiers,Functional,High,"Non-production tenant or isolated local fixture; synthetic records only; Use Unicode in safe table, column, project, and synthetic participant labels.","1. Prepare a disposable, versioned synthetic fixture: Use Unicode in safe table, column, project, and synthetic participant labels. 2. Execute the operation to rebuild a downstream dataset after changing an upstream recipe. 3. Capture the committed result, version or workflow state, and audit evidence. 4. Compare output with the source fixture and the expected invariant. 5. Repeat the operation where applicable and verify recovery, access, and side-effect behavior.","The platform must correctly rebuild a downstream dataset after changing an upstream recipe; the Unicode identifiers condition is handled according to the configured contract; valid data and committed state are preserved; invalid or unauthorized work is rejected or quarantined without silent loss; retries do not duplicate side effects; lineage, provenance, and audit evidence remain available; and no production data or credentials are used.",DSS API + pytest,"dataiku,data-platform,synthetic-data,dataiku_flow,Unicode-identifiers"
Dataiku,Flow and Lineage,DIKU-DATAIKU_-00162,Flow and Lineage: preserve dependency order when two recipes share an input dataset (Unicode identifiers),Dataiku: preserve dependency order when two recipes share an input dataset with Unicode identifiers,Functional,High,"Non-production tenant or isolated local fixture; synthetic records only; Use Unicode in safe table, column, project, and synthetic participant labels.","1. Prepare a disposable, versioned synthetic fixture: Use Unicode in safe table, column, project, and synthetic participant labels. 2. Execute the operation to preserve dependency order when two recipes share an input dataset. 3. Capture the committed result, version or workflow state, and audit evidence. 4. Compare output with the source fixture and the expected invariant. 5. Repeat the operation where applicable and verify recovery, access, and side-effect behavior.","The platform must correctly preserve dependency order when two recipes share an input dataset; the Unicode identifiers condition is handled according to the configured contract; valid data and committed state are preserved; invalid or unauthorized work is rejected or quarantined without silent loss; retries do not duplicate side effects; lineage, provenance, and audit evidence remain available; and no production data or credentials are used.",DSS API + pytest,"dataiku,data-platform,synthetic-data,dataiku_flow,Unicode-identifiers"
Dataiku,Flow and Lineage,DIKU-DATAIKU_-00163,Flow and Lineage: propagate a compatible schema change only through dependent Flow nodes (Unicode identifiers),Dataiku: propagate a compatible schema change only through dependent Flow nodes with Unicode identifiers,Functional,Medium,"Non-production tenant or isolated local fixture; synthetic records only; Use Unicode in safe table, column, project, and synthetic participant labels.","1. Prepare a disposable, versioned synthetic fixture: Use Unicode in safe table, column, project, and synthetic participant labels. 2. Execute the operation to propagate a compatible schema change only through dependent Flow nodes. 3. Capture the committed result, version or workflow state, and audit evidence. 4. Compare output with the source fixture and the expected invariant. 5. Repeat the operation where applicable and verify recovery, access, and side-effect behavior.","The platform must correctly propagate a compatible schema change only through dependent Flow nodes; the Unicode identifiers condition is handled according to the configured contract; valid data and committed state are preserved; invalid or unauthorized work is rejected or quarantined without silent loss; retries do not duplicate side effects; lineage, provenance, and audit evidence remain available; and no production data or credentials are used.",DSS API + pytest,"dataiku,data-platform,synthetic-data,dataiku_flow,Unicode-identifiers"
Dataiku,Flow and Lineage,DIKU-DATAIKU_-00164,Flow and Lineage: remove an unused recipe without deleting a shared source dataset (Unicode identifiers),Dataiku: remove an unused recipe without deleting a shared source dataset with Unicode identifiers,Functional,High,"Non-production tenant or isolated local fixture; synthetic records only; Use Unicode in safe table, column, project, and synthetic participant labels.","1. Prepare a disposable, versioned synthetic fixture: Use Unicode in safe table, column, project, and synthetic participant labels. 2. Execute the operation to remove an unused recipe without deleting a shared source dataset. 3. Capture the committed result, version or workflow state, and audit evidence. 4. Compare output with the source fixture and the expected invariant. 5. Repeat the operation where applicable and verify recovery, access, and side-effect behavior.","The platform must correctly remove an unused recipe without deleting a shared source dataset; the Unicode identifiers condition is handled according to the configured contract; valid data and committed state are preserved; invalid or unauthorized work is rejected or quarantined without silent loss; retries do not duplicate side effects; lineage, provenance, and audit evidence remain available; and no production data or credentials are used.",DSS API + pytest,"dataiku,data-platform,synthetic-data,dataiku_flow,Unicode-identifiers"
Dataiku,Flow and Lineage,DIKU-DATAIKU_-00165,Flow and Lineage: export Flow lineage and reconcile each declared input and output (Unicode identifiers),Dataiku: export Flow lineage and reconcile each declared input and output with Unicode identifiers,Functional,High,"Non-production tenant or isolated local fixture; synthetic records only; Use Unicode in safe table, column, project, and synthetic participant labels.","1. Prepare a disposable, versioned synthetic fixture: Use Unicode in safe table, column, project, and synthetic participant labels. 2. Execute the operation to export Flow lineage and reconcile each declared input and output. 3. Capture the committed result, version or workflow state, and audit evidence. 4. Compare output with the source fixture and the expected invariant. 5. Repeat the operation where applicable and verify recovery, access, and side-effect behavior.","The platform must correctly export Flow lineage and reconcile each declared input and output; the Unicode identifiers condition is handled according to the configured contract; valid data and committed state are preserved; invalid or unauthorized work is rejected or quarantined without silent loss; retries do not duplicate side effects; lineage, provenance, and audit evidence remain available; and no production data or credentials are used.",DSS API + pytest,"dataiku,data-platform,synthetic-data,dataiku_flow,Unicode-identifiers"
Dataiku,Flow and Lineage,DIKU-DATAIKU_-00166,Flow and Lineage: enforce configured resource limits during a parallel Flow build (Unicode identifiers),Dataiku: enforce configured resource limits during a parallel Flow build with Unicode identifiers,Functional,Medium,"Non-production tenant or isolated local fixture; synthetic records only; Use Unicode in safe table, column, project, and synthetic participant labels.","1. Prepare a disposable, versioned synthetic fixture: Use Unicode in safe table, column, project, and synthetic participant labels. 2. Execute the operation to enforce configured resource limits during a parallel Flow build. 3. Capture the committed result, version or workflow state, and audit evidence. 4. Compare output with the source fixture and the expected invariant. 5. Repeat the operation where applicable and verify recovery, access, and side-effect behavior.","The platform must correctly enforce configured resource limits during a parallel Flow build; the Unicode identifiers condition is handled according to the configured contract; valid data and committed state are preserved; invalid or unauthorized work is rejected or quarantined without silent loss; retries do not duplicate side effects; lineage, provenance, and audit evidence remain available; and no production data or credentials are used.",DSS API + pytest,"dataiku,data-platform,synthetic-data,dataiku_flow,Unicode-identifiers"
Dataiku,Flow and Lineage,DIKU-DATAIKU_-00167,Flow and Lineage: detect a cycle before scheduling a circular recipe dependency (Unicode identifiers),Dataiku: detect a cycle before scheduling a circular recipe dependency with Unicode identifiers,Functional,High,"Non-production tenant or isolated local fixture; synthetic records only; Use Unicode in safe table, column, project, and synthetic participant labels.","1. Prepare a disposable, versioned synthetic fixture: Use Unicode in safe table, column, project, and synthetic participant labels. 2. Execute the operation to detect a cycle before scheduling a circular recipe dependency. 3. Capture the committed result, version or workflow state, and audit evidence. 4. Compare output with the source fixture and the expected invariant. 5. Repeat the operation where applicable and verify recovery, access, and side-effect behavior.","The platform must correctly detect a cycle before scheduling a circular recipe dependency; the Unicode identifiers condition is handled according to the configured contract; valid data and committed state are preserved; invalid or unauthorized work is rejected or quarantined without silent loss; retries do not duplicate side effects; lineage, provenance, and audit evidence remain available; and no production data or credentials are used.",DSS API + pytest,"dataiku,data-platform,synthetic-data,dataiku_flow,Unicode-identifiers"
Dataiku,Flow and Lineage,DIKU-DATAIKU_-00168,Flow and Lineage: rebuild only affected partitions after a partitioned input changes (Unicode identifiers),Dataiku: rebuild only affected partitions after a partitioned input changes with Unicode identifiers,Functional,High,"Non-production tenant or isolated local fixture; synthetic records only; Use Unicode in safe table, column, project, and synthetic participant labels.","1. Prepare a disposable, versioned synthetic fixture: Use Unicode in safe table, column, project, and synthetic participant labels. 2. Execute the operation to rebuild only affected partitions after a partitioned input changes. 3. Capture the committed result, version or workflow state, and audit evidence. 4. Compare output with the source fixture and the expected invariant. 5. Repeat the operation where applicable and verify recovery, access, and side-effect behavior.","The platform must correctly rebuild only affected partitions after a partitioned input changes; the Unicode identifiers condition is handled according to the configured contract; valid data and committed state are preserved; invalid or unauthorized work is rejected or quarantined without silent loss; retries do not duplicate side effects; lineage, provenance, and audit evidence remain available; and no production data or credentials are used.",DSS API + pytest,"dataiku,data-platform,synthetic-data,dataiku_flow,Unicode-identifiers"
Dataiku,Flow and Lineage,DIKU-DATAIKU_-00169,Flow and Lineage: compare Flow lineage before and after a recipe replacement (Unicode identifiers),Dataiku: compare Flow lineage before and after a recipe replacement with Unicode identifiers,Functional,Medium,"Non-production tenant or isolated local fixture; synthetic records only; Use Unicode in safe table, column, project, and synthetic participant labels.","1. Prepare a disposable, versioned synthetic fixture: Use Unicode in safe table, column, project, and synthetic participant labels. 2. Execute the operation to compare Flow lineage before and after a recipe replacement. 3. Capture the committed result, version or workflow state, and audit evidence. 4. Compare output with the source fixture and the expected invariant. 5. Repeat the operation where applicable and verify recovery, access, and side-effect behavior.","The platform must correctly compare Flow lineage before and after a recipe replacement; the Unicode identifiers condition is handled according to the configured contract; valid data and committed state are preserved; invalid or unauthorized work is rejected or quarantined without silent loss; retries do not duplicate side effects; lineage, provenance, and audit evidence remain available; and no production data or credentials are used.",DSS API + pytest,"dataiku,data-platform,synthetic-data,dataiku_flow,Unicode-identifiers"
Dataiku,Flow and Lineage,DIKU-DATAIKU_-00170,Flow and Lineage: prevent a user without project access from inspecting restricted Flow nodes (Unicode identifiers),Dataiku: prevent a user without project access from inspecting restricted Flow nodes with Unicode identifiers,Functional,High,"Non-production tenant or isolated local fixture; synthetic records only; Use Unicode in safe table, column, project, and synthetic participant labels.","1. Prepare a disposable, versioned synthetic fixture: Use Unicode in safe table, column, project, and synthetic participant labels. 2. Execute the operation to prevent a user without project access from inspecting restricted Flow nodes. 3. Capture the committed result, version or workflow state, and audit evidence. 4. Compare output with the source fixture and the expected invariant. 5. Repeat the operation where applicable and verify recovery, access, and side-effect behavior.","The platform must correctly prevent a user without project access from inspecting restricted Flow nodes; the Unicode identifiers condition is handled according to the configured contract; valid data and committed state are preserved; invalid or unauthorized work is rejected or quarantined without silent loss; retries do not duplicate side effects; lineage, provenance, and audit evidence remain available; and no production data or credentials are used.",DSS API + pytest,"dataiku,data-platform,synthetic-data,dataiku_flow,Unicode-identifiers"
Dataiku,Flow and Lineage,DIKU-DATAIKU_-00171,Flow and Lineage: rebuild a downstream dataset after changing an upstream recipe (time-zone boundary),Dataiku: rebuild a downstream dataset after changing an upstream recipe with time-zone boundary,Functional,High,Non-production tenant or isolated local fixture; synthetic records only; Place timestamps around midnight and a daylight-saving transition in two time zones.,"1. Prepare a disposable, versioned synthetic fixture: Place timestamps around midnight and a daylight-saving transition in two time zones. 2. Execute the operation to rebuild a downstream dataset after changing an upstream recipe. 3. Capture the committed result, version or workflow state, and audit evidence. 4. Compare output with the source fixture and the expected invariant. 5. Repeat the operation where applicable and verify recovery, access, and side-effect behavior.","The platform must correctly rebuild a downstream dataset after changing an upstream recipe; the time-zone boundary condition is handled according to the configured contract; valid data and committed state are preserved; invalid or unauthorized work is rejected or quarantined without silent loss; retries do not duplicate side effects; lineage, provenance, and audit evidence remain available; and no production data or credentials are used.",DSS API + pytest,"dataiku,data-platform,synthetic-data,dataiku_flow,time-zone-boundary"
Dataiku,Flow and Lineage,DIKU-DATAIKU_-00172,Flow and Lineage: preserve dependency order when two recipes share an input dataset (time-zone boundary),Dataiku: preserve dependency order when two recipes share an input dataset with time-zone boundary,Functional,Medium,Non-production tenant or isolated local fixture; synthetic records only; Place timestamps around midnight and a daylight-saving transition in two time zones.,"1. Prepare a disposable, versioned synthetic fixture: Place timestamps around midnight and a daylight-saving transition in two time zones. 2. Execute the operation to preserve dependency order when two recipes share an input dataset. 3. Capture the committed result, version or workflow state, and audit evidence. 4. Compare output with the source fixture and the expected invariant. 5. Repeat the operation where applicable and verify recovery, access, and side-effect behavior.","The platform must correctly preserve dependency order when two recipes share an input dataset; the time-zone boundary condition is handled according to the configured contract; valid data and committed state are preserved; invalid or unauthorized work is rejected or quarantined without silent loss; retries do not duplicate side effects; lineage, provenance, and audit evidence remain available; and no production data or credentials are used.",DSS API + pytest,"dataiku,data-platform,synthetic-data,dataiku_flow,time-zone-boundary"
Dataiku,Flow and Lineage,DIKU-DATAIKU_-00173,Flow and Lineage: propagate a compatible schema change only through dependent Flow nodes (time-zone boundary),Dataiku: propagate a compatible schema change only through dependent Flow nodes with time-zone boundary,Functional,High,Non-production tenant or isolated local fixture; synthetic records only; Place timestamps around midnight and a daylight-saving transition in two time zones.,"1. Prepare a disposable, versioned synthetic fixture: Place timestamps around midnight and a daylight-saving transition in two time zones. 2. Execute the operation to propagate a compatible schema change only through dependent Flow nodes. 3. Capture the committed result, version or workflow state, and audit evidence. 4. Compare output with the source fixture and the expected invariant. 5. Repeat the operation where applicable and verify recovery, access, and side-effect behavior.","The platform must correctly propagate a compatible schema change only through dependent Flow nodes; the time-zone boundary condition is handled according to the configured contract; valid data and committed state are preserved; invalid or unauthorized work is rejected or quarantined without silent loss; retries do not duplicate side effects; lineage, provenance, and audit evidence remain available; and no production data or credentials are used.",DSS API + pytest,"dataiku,data-platform,synthetic-data,dataiku_flow,time-zone-boundary"
Dataiku,Flow and Lineage,DIKU-DATAIKU_-00174,Flow and Lineage: remove an unused recipe without deleting a shared source dataset (time-zone boundary),Dataiku: remove an unused recipe without deleting a shared source dataset with time-zone boundary,Functional,High,Non-production tenant or isolated local fixture; synthetic records only; Place timestamps around midnight and a daylight-saving transition in two time zones.,"1. Prepare a disposable, versioned synthetic fixture: Place timestamps around midnight and a daylight-saving transition in two time zones. 2. Execute the operation to remove an unused recipe without deleting a shared source dataset. 3. Capture the committed result, version or workflow state, and audit evidence. 4. Compare output with the source fixture and the expected invariant. 5. Repeat the operation where applicable and verify recovery, access, and side-effect behavior.","The platform must correctly remove an unused recipe without deleting a shared source dataset; the time-zone boundary condition is handled according to the configured contract; valid data and committed state are preserved; invalid or unauthorized work is rejected or quarantined without silent loss; retries do not duplicate side effects; lineage, provenance, and audit evidence remain available; and no production data or credentials are used.",DSS API + pytest,"dataiku,data-platform,synthetic-data,dataiku_flow,time-zone-boundary"
Dataiku,Flow and Lineage,DIKU-DATAIKU_-00175,Flow and Lineage: export Flow lineage and reconcile each declared input and output (time-zone boundary),Dataiku: export Flow lineage and reconcile each declared input and output with time-zone boundary,Functional,Medium,Non-production tenant or isolated local fixture; synthetic records only; Place timestamps around midnight and a daylight-saving transition in two time zones.,"1. Prepare a disposable, versioned synthetic fixture: Place timestamps around midnight and a daylight-saving transition in two time zones. 2. Execute the operation to export Flow lineage and reconcile each declared input and output. 3. Capture the committed result, version or workflow state, and audit evidence. 4. Compare output with the source fixture and the expected invariant. 5. Repeat the operation where applicable and verify recovery, access, and side-effect behavior.","The platform must correctly export Flow lineage and reconcile each declared input and output; the time-zone boundary condition is handled according to the configured contract; valid data and committed state are preserved; invalid or unauthorized work is rejected or quarantined without silent loss; retries do not duplicate side effects; lineage, provenance, and audit evidence remain available; and no production data or credentials are used.",DSS API + pytest,"dataiku,data-platform,synthetic-data,dataiku_flow,time-zone-boundary"
Dataiku,Flow and Lineage,DIKU-DATAIKU_-00176,Flow and Lineage: enforce configured resource limits during a parallel Flow build (time-zone boundary),Dataiku: enforce configured resource limits during a parallel Flow build with time-zone boundary,Functional,High,Non-production tenant or isolated local fixture; synthetic records only; Place timestamps around midnight and a daylight-saving transition in two time zones.,"1. Prepare a disposable, versioned synthetic fixture: Place timestamps around midnight and a daylight-saving transition in two time zones. 2. Execute the operation to enforce configured resource limits during a parallel Flow build. 3. Capture the committed result, version or workflow state, and audit evidence. 4. Compare output with the source fixture and the expected invariant. 5. Repeat the operation where applicable and verify recovery, access, and side-effect behavior.","The platform must correctly enforce configured resource limits during a parallel Flow build; the time-zone boundary condition is handled according to the configured contract; valid data and committed state are preserved; invalid or unauthorized work is rejected or quarantined without silent loss; retries do not duplicate side effects; lineage, provenance, and audit evidence remain available; and no production data or credentials are used.",DSS API + pytest,"dataiku,data-platform,synthetic-data,dataiku_flow,time-zone-boundary"
Dataiku,Flow and Lineage,DIKU-DATAIKU_-00177,Flow and Lineage: detect a cycle before scheduling a circular recipe dependency (time-zone boundary),Dataiku: detect a cycle before scheduling a circular recipe dependency with time-zone boundary,Functional,High,Non-production tenant or isolated local fixture; synthetic records only; Place timestamps around midnight and a daylight-saving transition in two time zones.,"1. Prepare a disposable, versioned synthetic fixture: Place timestamps around midnight and a daylight-saving transition in two time zones. 2. Execute the operation to detect a cycle before scheduling a circular recipe dependency. 3. Capture the committed result, version or workflow state, and audit evidence. 4. Compare output with the source fixture and the expected invariant. 5. Repeat the operation where applicable and verify recovery, access, and side-effect behavior.","The platform must correctly detect a cycle before scheduling a circular recipe dependency; the time-zone boundary condition is handled according to the configured contract; valid data and committed state are preserved; invalid or unauthorized work is rejected or quarantined without silent loss; retries do not duplicate side effects; lineage, provenance, and audit evidence remain available; and no production data or credentials are used.",DSS API + pytest,"dataiku,data-platform,synthetic-data,dataiku_flow,time-zone-boundary"
Dataiku,Flow and Lineage,DIKU-DATAIKU_-00178,Flow and Lineage: rebuild only affected partitions after a partitioned input changes (time-zone boundary),Dataiku: rebuild only affected partitions after a partitioned input changes with time-zone boundary,Functional,Medium,Non-production tenant or isolated local fixture; synthetic records only; Place timestamps around midnight and a daylight-saving transition in two time zones.,"1. Prepare a disposable, versioned synthetic fixture: Place timestamps around midnight and a daylight-saving transition in two time zones. 2. Execute the operation to rebuild only affected partitions after a partitioned input changes. 3. Capture the committed result, version or workflow state, and audit evidence. 4. Compare output with the source fixture and the expected invariant. 5. Repeat the operation where applicable and verify recovery, access, and side-effect behavior.","The platform must correctly rebuild only affected partitions after a partitioned input changes; the time-zone boundary condition is handled according to the configured contract; valid data and committed state are preserved; invalid or unauthorized work is rejected or quarantined without silent loss; retries do not duplicate side effects; lineage, provenance, and audit evidence remain available; and no production data or credentials are used.",DSS API + pytest,"dataiku,data-platform,synthetic-data,dataiku_flow,time-zone-boundary"
Dataiku,Flow and Lineage,DIKU-DATAIKU_-00179,Flow and Lineage: compare Flow lineage before and after a recipe replacement (time-zone boundary),Dataiku: compare Flow lineage before and after a recipe replacement with time-zone boundary,Functional,High,Non-production tenant or isolated local fixture; synthetic records only; Place timestamps around midnight and a daylight-saving transition in two time zones.,"1. Prepare a disposable, versioned synthetic fixture: Place timestamps around midnight and a daylight-saving transition in two time zones. 2. Execute the operation to compare Flow lineage before and after a recipe replacement. 3. Capture the committed result, version or workflow state, and audit evidence. 4. Compare output with the source fixture and the expected invariant. 5. Repeat the operation where applicable and verify recovery, access, and side-effect behavior.","The platform must correctly compare Flow lineage before and after a recipe replacement; the time-zone boundary condition is handled according to the configured contract; valid data and committed state are preserved; invalid or unauthorized work is rejected or quarantined without silent loss; retries do not duplicate side effects; lineage, provenance, and audit evidence remain available; and no production data or credentials are used.",DSS API + pytest,"dataiku,data-platform,synthetic-data,dataiku_flow,time-zone-boundary"
Dataiku,Flow and Lineage,DIKU-DATAIKU_-00180,Flow and Lineage: prevent a user without project access from inspecting restricted Flow nodes (time-zone boundary),Dataiku: prevent a user without project access from inspecting restricted Flow nodes with time-zone boundary,Functional,High,Non-production tenant or isolated local fixture; synthetic records only; Place timestamps around midnight and a daylight-saving transition in two time zones.,"1. Prepare a disposable, versioned synthetic fixture: Place timestamps around midnight and a daylight-saving transition in two time zones. 2. Execute the operation to prevent a user without project access from inspecting restricted Flow nodes. 3. Capture the committed result, version or workflow state, and audit evidence. 4. Compare output with the source fixture and the expected invariant. 5. Repeat the operation where applicable and verify recovery, access, and side-effect behavior.","The platform must correctly prevent a user without project access from inspecting restricted Flow nodes; the time-zone boundary condition is handled according to the configured contract; valid data and committed state are preserved; invalid or unauthorized work is rejected or quarantined without silent loss; retries do not duplicate side effects; lineage, provenance, and audit evidence remain available; and no production data or credentials are used.",DSS API + pytest,"dataiku,data-platform,synthetic-data,dataiku_flow,time-zone-boundary"
Dataiku,Flow and Lineage,DIKU-DATAIKU_-00181,Flow and Lineage: rebuild a downstream dataset after changing an upstream recipe (skewed high volume),Dataiku: rebuild a downstream dataset after changing an upstream recipe with skewed high volume,Functional,Medium,Non-production tenant or isolated local fixture; synthetic records only; Use a large synthetic fixture with one intentionally skewed key or partition.,"1. Prepare a disposable, versioned synthetic fixture: Use a large synthetic fixture with one intentionally skewed key or partition. 2. Execute the operation to rebuild a downstream dataset after changing an upstream recipe. 3. Capture the committed result, version or workflow state, and audit evidence. 4. Compare output with the source fixture and the expected invariant. 5. Repeat the operation where applicable and verify recovery, access, and side-effect behavior.","The platform must correctly rebuild a downstream dataset after changing an upstream recipe; the skewed high volume condition is handled according to the configured contract; valid data and committed state are preserved; invalid or unauthorized work is rejected or quarantined without silent loss; retries do not duplicate side effects; lineage, provenance, and audit evidence remain available; and no production data or credentials are used.",DSS API + pytest,"dataiku,data-platform,synthetic-data,dataiku_flow,skewed-high-volume"
Dataiku,Flow and Lineage,DIKU-DATAIKU_-00182,Flow and Lineage: preserve dependency order when two recipes share an input dataset (skewed high volume),Dataiku: preserve dependency order when two recipes share an input dataset with skewed high volume,Functional,High,Non-production tenant or isolated local fixture; synthetic records only; Use a large synthetic fixture with one intentionally skewed key or partition.,"1. Prepare a disposable, versioned synthetic fixture: Use a large synthetic fixture with one intentionally skewed key or partition. 2. Execute the operation to preserve dependency order when two recipes share an input dataset. 3. Capture the committed result, version or workflow state, and audit evidence. 4. Compare output with the source fixture and the expected invariant. 5. Repeat the operation where applicable and verify recovery, access, and side-effect behavior.","The platform must correctly preserve dependency order when two recipes share an input dataset; the skewed high volume condition is handled according to the configured contract; valid data and committed state are preserved; invalid or unauthorized work is rejected or quarantined without silent loss; retries do not duplicate side effects; lineage, provenance, and audit evidence remain available; and no production data or credentials are used.",DSS API + pytest,"dataiku,data-platform,synthetic-data,dataiku_flow,skewed-high-volume"
Dataiku,Flow and Lineage,DIKU-DATAIKU_-00183,Flow and Lineage: propagate a compatible schema change only through dependent Flow nodes (skewed high volume),Dataiku: propagate a compatible schema change only through dependent Flow nodes with skewed high volume,Functional,High,Non-production tenant or isolated local fixture; synthetic records only; Use a large synthetic fixture with one intentionally skewed key or partition.,"1. Prepare a disposable, versioned synthetic fixture: Use a large synthetic fixture with one intentionally skewed key or partition. 2. Execute the operation to propagate a compatible schema change only through dependent Flow nodes. 3. Capture the committed result, version or workflow state, and audit evidence. 4. Compare output with the source fixture and the expected invariant. 5. Repeat the operation where applicable and verify recovery, access, and side-effect behavior.","The platform must correctly propagate a compatible schema change only through dependent Flow nodes; the skewed high volume condition is handled according to the configured contract; valid data and committed state are preserved; invalid or unauthorized work is rejected or quarantined without silent loss; retries do not duplicate side effects; lineage, provenance, and audit evidence remain available; and no production data or credentials are used.",DSS API + pytest,"dataiku,data-platform,synthetic-data,dataiku_flow,skewed-high-volume"
Dataiku,Flow and Lineage,DIKU-DATAIKU_-00184,Flow and Lineage: remove an unused recipe without deleting a shared source dataset (skewed high volume),Dataiku: remove an unused recipe without deleting a shared source dataset with skewed high volume,Functional,Medium,Non-production tenant or isolated local fixture; synthetic records only; Use a large synthetic fixture with one intentionally skewed key or partition.,"1. Prepare a disposable, versioned synthetic fixture: Use a large synthetic fixture with one intentionally skewed key or partition. 2. Execute the operation to remove an unused recipe without deleting a shared source dataset. 3. Capture the committed result, version or workflow state, and audit evidence. 4. Compare output with the source fixture and the expected invariant. 5. Repeat the operation where applicable and verify recovery, access, and side-effect behavior.","The platform must correctly remove an unused recipe without deleting a shared source dataset; the skewed high volume condition is handled according to the configured contract; valid data and committed state are preserved; invalid or unauthorized work is rejected or quarantined without silent loss; retries do not duplicate side effects; lineage, provenance, and audit evidence remain available; and no production data or credentials are used.",DSS API + pytest,"dataiku,data-platform,synthetic-data,dataiku_flow,skewed-high-volume"
Dataiku,Flow and Lineage,DIKU-DATAIKU_-00185,Flow and Lineage: export Flow lineage and reconcile each declared input and output (skewed high volume),Dataiku: export Flow lineage and reconcile each declared input and output with skewed high volume,Functional,High,Non-production tenant or isolated local fixture; synthetic records only; Use a large synthetic fixture with one intentionally skewed key or partition.,"1. Prepare a disposable, versioned synthetic fixture: Use a large synthetic fixture with one intentionally skewed key or partition. 2. Execute the operation to export Flow lineage and reconcile each declared input and output. 3. Capture the committed result, version or workflow state, and audit evidence. 4. Compare output with the source fixture and the expected invariant. 5. Repeat the operation where applicable and verify recovery, access, and side-effect behavior.","The platform must correctly export Flow lineage and reconcile each declared input and output; the skewed high volume condition is handled according to the configured contract; valid data and committed state are preserved; invalid or unauthorized work is rejected or quarantined without silent loss; retries do not duplicate side effects; lineage, provenance, and audit evidence remain available; and no production data or credentials are used.",DSS API + pytest,"dataiku,data-platform,synthetic-data,dataiku_flow,skewed-high-volume"
Dataiku,Flow and Lineage,DIKU-DATAIKU_-00186,Flow and Lineage: enforce configured resource limits during a parallel Flow build (skewed high volume),Dataiku: enforce configured resource limits during a parallel Flow build with skewed high volume,Functional,High,Non-production tenant or isolated local fixture; synthetic records only; Use a large synthetic fixture with one intentionally skewed key or partition.,"1. Prepare a disposable, versioned synthetic fixture: Use a large synthetic fixture with one intentionally skewed key or partition. 2. Execute the operation to enforce configured resource limits during a parallel Flow build. 3. Capture the committed result, version or workflow state, and audit evidence. 4. Compare output with the source fixture and the expected invariant. 5. Repeat the operation where applicable and verify recovery, access, and side-effect behavior.","The platform must correctly enforce configured resource limits during a parallel Flow build; the skewed high volume condition is handled according to the configured contract; valid data and committed state are preserved; invalid or unauthorized work is rejected or quarantined without silent loss; retries do not duplicate side effects; lineage, provenance, and audit evidence remain available; and no production data or credentials are used.",DSS API + pytest,"dataiku,data-platform,synthetic-data,dataiku_flow,skewed-high-volume"
Dataiku,Flow and Lineage,DIKU-DATAIKU_-00187,Flow and Lineage: detect a cycle before scheduling a circular recipe dependency (skewed high volume),Dataiku: detect a cycle before scheduling a circular recipe dependency with skewed high volume,Functional,Medium,Non-production tenant or isolated local fixture; synthetic records only; Use a large synthetic fixture with one intentionally skewed key or partition.,"1. Prepare a disposable, versioned synthetic fixture: Use a large synthetic fixture with one intentionally skewed key or partition. 2. Execute the operation to detect a cycle before scheduling a circular recipe dependency. 3. Capture the committed result, version or workflow state, and audit evidence. 4. Compare output with the source fixture and the expected invariant. 5. Repeat the operation where applicable and verify recovery, access, and side-effect behavior.","The platform must correctly detect a cycle before scheduling a circular recipe dependency; the skewed high volume condition is handled according to the configured contract; valid data and committed state are preserved; invalid or unauthorized work is rejected or quarantined without silent loss; retries do not duplicate side effects; lineage, provenance, and audit evidence remain available; and no production data or credentials are used.",DSS API + pytest,"dataiku,data-platform,synthetic-data,dataiku_flow,skewed-high-volume"
Dataiku,Flow and Lineage,DIKU-DATAIKU_-00188,Flow and Lineage: rebuild only affected partitions after a partitioned input changes (skewed high volume),Dataiku: rebuild only affected partitions after a partitioned input changes with skewed high volume,Functional,High,Non-production tenant or isolated local fixture; synthetic records only; Use a large synthetic fixture with one intentionally skewed key or partition.,"1. Prepare a disposable, versioned synthetic fixture: Use a large synthetic fixture with one intentionally skewed key or partition. 2. Execute the operation to rebuild only affected partitions after a partitioned input changes. 3. Capture the committed result, version or workflow state, and audit evidence. 4. Compare output with the source fixture and the expected invariant. 5. Repeat the operation where applicable and verify recovery, access, and side-effect behavior.","The platform must correctly rebuild only affected partitions after a partitioned input changes; the skewed high volume condition is handled according to the configured contract; valid data and committed state are preserved; invalid or unauthorized work is rejected or quarantined without silent loss; retries do not duplicate side effects; lineage, provenance, and audit evidence remain available; and no production data or credentials are used.",DSS API + pytest,"dataiku,data-platform,synthetic-data,dataiku_flow,skewed-high-volume"
Dataiku,Flow and Lineage,DIKU-DATAIKU_-00189,Flow and Lineage: compare Flow lineage before and after a recipe replacement (skewed high volume),Dataiku: compare Flow lineage before and after a recipe replacement with skewed high volume,Functional,High,Non-production tenant or isolated local fixture; synthetic records only; Use a large synthetic fixture with one intentionally skewed key or partition.,"1. Prepare a disposable, versioned synthetic fixture: Use a large synthetic fixture with one intentionally skewed key or partition. 2. Execute the operation to compare Flow lineage before and after a recipe replacement. 3. Capture the committed result, version or workflow state, and audit evidence. 4. Compare output with the source fixture and the expected invariant. 5. Repeat the operation where applicable and verify recovery, access, and side-effect behavior.","The platform must correctly compare Flow lineage before and after a recipe replacement; the skewed high volume condition is handled according to the configured contract; valid data and committed state are preserved; invalid or unauthorized work is rejected or quarantined without silent loss; retries do not duplicate side effects; lineage, provenance, and audit evidence remain available; and no production data or credentials are used.",DSS API + pytest,"dataiku,data-platform,synthetic-data,dataiku_flow,skewed-high-volume"
Dataiku,Flow and Lineage,DIKU-DATAIKU_-00190,Flow and Lineage: prevent a user without project access from inspecting restricted Flow nodes (skewed high volume),Dataiku: prevent a user without project access from inspecting restricted Flow nodes with skewed high volume,Functional,Medium,Non-production tenant or isolated local fixture; synthetic records only; Use a large synthetic fixture with one intentionally skewed key or partition.,"1. Prepare a disposable, versioned synthetic fixture: Use a large synthetic fixture with one intentionally skewed key or partition. 2. Execute the operation to prevent a user without project access from inspecting restricted Flow nodes. 3. Capture the committed result, version or workflow state, and audit evidence. 4. Compare output with the source fixture and the expected invariant. 5. Repeat the operation where applicable and verify recovery, access, and side-effect behavior.","The platform must correctly prevent a user without project access from inspecting restricted Flow nodes; the skewed high volume condition is handled according to the configured contract; valid data and committed state are preserved; invalid or unauthorized work is rejected or quarantined without silent loss; retries do not duplicate side effects; lineage, provenance, and audit evidence remain available; and no production data or credentials are used.",DSS API + pytest,"dataiku,data-platform,synthetic-data,dataiku_flow,skewed-high-volume"
Dataiku,Flow and Lineage,DIKU-DATAIKU_-00191,Flow and Lineage: rebuild a downstream dataset after changing an upstream recipe (corrupt input),Dataiku: rebuild a downstream dataset after changing an upstream recipe with corrupt input,Functional,High,Non-production tenant or isolated local fixture; synthetic records only; Include one malformed record and verify quarantine or failure behavior without silent loss.,"1. Prepare a disposable, versioned synthetic fixture: Include one malformed record and verify quarantine or failure behavior without silent loss. 2. Execute the operation to rebuild a downstream dataset after changing an upstream recipe. 3. Capture the committed result, version or workflow state, and audit evidence. 4. Compare output with the source fixture and the expected invariant. 5. Repeat the operation where applicable and verify recovery, access, and side-effect behavior.","The platform must correctly rebuild a downstream dataset after changing an upstream recipe; the corrupt input condition is handled according to the configured contract; valid data and committed state are preserved; invalid or unauthorized work is rejected or quarantined without silent loss; retries do not duplicate side effects; lineage, provenance, and audit evidence remain available; and no production data or credentials are used.",DSS API + pytest,"dataiku,data-platform,synthetic-data,dataiku_flow,corrupt-input"
Dataiku,Flow and Lineage,DIKU-DATAIKU_-00192,Flow and Lineage: preserve dependency order when two recipes share an input dataset (corrupt input),Dataiku: preserve dependency order when two recipes share an input dataset with corrupt input,Functional,High,Non-production tenant or isolated local fixture; synthetic records only; Include one malformed record and verify quarantine or failure behavior without silent loss.,"1. Prepare a disposable, versioned synthetic fixture: Include one malformed record and verify quarantine or failure behavior without silent loss. 2. Execute the operation to preserve dependency order when two recipes share an input dataset. 3. Capture the committed result, version or workflow state, and audit evidence. 4. Compare output with the source fixture and the expected invariant. 5. Repeat the operation where applicable and verify recovery, access, and side-effect behavior.","The platform must correctly preserve dependency order when two recipes share an input dataset; the corrupt input condition is handled according to the configured contract; valid data and committed state are preserved; invalid or unauthorized work is rejected or quarantined without silent loss; retries do not duplicate side effects; lineage, provenance, and audit evidence remain available; and no production data or credentials are used.",DSS API + pytest,"dataiku,data-platform,synthetic-data,dataiku_flow,corrupt-input"
Dataiku,Flow and Lineage,DIKU-DATAIKU_-00193,Flow and Lineage: propagate a compatible schema change only through dependent Flow nodes (corrupt input),Dataiku: propagate a compatible schema change only through dependent Flow nodes with corrupt input,Functional,Medium,Non-production tenant or isolated local fixture; synthetic records only; Include one malformed record and verify quarantine or failure behavior without silent loss.,"1. Prepare a disposable, versioned synthetic fixture: Include one malformed record and verify quarantine or failure behavior without silent loss. 2. Execute the operation to propagate a compatible schema change only through dependent Flow nodes. 3. Capture the committed result, version or workflow state, and audit evidence. 4. Compare output with the source fixture and the expected invariant. 5. Repeat the operation where applicable and verify recovery, access, and side-effect behavior.","The platform must correctly propagate a compatible schema change only through dependent Flow nodes; the corrupt input condition is handled according to the configured contract; valid data and committed state are preserved; invalid or unauthorized work is rejected or quarantined without silent loss; retries do not duplicate side effects; lineage, provenance, and audit evidence remain available; and no production data or credentials are used.",DSS API + pytest,"dataiku,data-platform,synthetic-data,dataiku_flow,corrupt-input"
Dataiku,Flow and Lineage,DIKU-DATAIKU_-00194,Flow and Lineage: remove an unused recipe without deleting a shared source dataset (corrupt input),Dataiku: remove an unused recipe without deleting a shared source dataset with corrupt input,Functional,High,Non-production tenant or isolated local fixture; synthetic records only; Include one malformed record and verify quarantine or failure behavior without silent loss.,"1. Prepare a disposable, versioned synthetic fixture: Include one malformed record and verify quarantine or failure behavior without silent loss. 2. Execute the operation to remove an unused recipe without deleting a shared source dataset. 3. Capture the committed result, version or workflow state, and audit evidence. 4. Compare output with the source fixture and the expected invariant. 5. Repeat the operation where applicable and verify recovery, access, and side-effect behavior.","The platform must correctly remove an unused recipe without deleting a shared source dataset; the corrupt input condition is handled according to the configured contract; valid data and committed state are preserved; invalid or unauthorized work is rejected or quarantined without silent loss; retries do not duplicate side effects; lineage, provenance, and audit evidence remain available; and no production data or credentials are used.",DSS API + pytest,"dataiku,data-platform,synthetic-data,dataiku_flow,corrupt-input"
Dataiku,Flow and Lineage,DIKU-DATAIKU_-00195,Flow and Lineage: export Flow lineage and reconcile each declared input and output (corrupt input),Dataiku: export Flow lineage and reconcile each declared input and output with corrupt input,Functional,High,Non-production tenant or isolated local fixture; synthetic records only; Include one malformed record and verify quarantine or failure behavior without silent loss.,"1. Prepare a disposable, versioned synthetic fixture: Include one malformed record and verify quarantine or failure behavior without silent loss. 2. Execute the operation to export Flow lineage and reconcile each declared input and output. 3. Capture the committed result, version or workflow state, and audit evidence. 4. Compare output with the source fixture and the expected invariant. 5. Repeat the operation where applicable and verify recovery, access, and side-effect behavior.","The platform must correctly export Flow lineage and reconcile each declared input and output; the corrupt input condition is handled according to the configured contract; valid data and committed state are preserved; invalid or unauthorized work is rejected or quarantined without silent loss; retries do not duplicate side effects; lineage, provenance, and audit evidence remain available; and no production data or credentials are used.",DSS API + pytest,"dataiku,data-platform,synthetic-data,dataiku_flow,corrupt-input"
Dataiku,Flow and Lineage,DIKU-DATAIKU_-00196,Flow and Lineage: enforce configured resource limits during a parallel Flow build (corrupt input),Dataiku: enforce configured resource limits during a parallel Flow build with corrupt input,Functional,Medium,Non-production tenant or isolated local fixture; synthetic records only; Include one malformed record and verify quarantine or failure behavior without silent loss.,"1. Prepare a disposable, versioned synthetic fixture: Include one malformed record and verify quarantine or failure behavior without silent loss. 2. Execute the operation to enforce configured resource limits during a parallel Flow build. 3. Capture the committed result, version or workflow state, and audit evidence. 4. Compare output with the source fixture and the expected invariant. 5. Repeat the operation where applicable and verify recovery, access, and side-effect behavior.","The platform must correctly enforce configured resource limits during a parallel Flow build; the corrupt input condition is handled according to the configured contract; valid data and committed state are preserved; invalid or unauthorized work is rejected or quarantined without silent loss; retries do not duplicate side effects; lineage, provenance, and audit evidence remain available; and no production data or credentials are used.",DSS API + pytest,"dataiku,data-platform,synthetic-data,dataiku_flow,corrupt-input"
Dataiku,Flow and Lineage,DIKU-DATAIKU_-00197,Flow and Lineage: detect a cycle before scheduling a circular recipe dependency (corrupt input),Dataiku: detect a cycle before scheduling a circular recipe dependency with corrupt input,Functional,High,Non-production tenant or isolated local fixture; synthetic records only; Include one malformed record and verify quarantine or failure behavior without silent loss.,"1. Prepare a disposable, versioned synthetic fixture: Include one malformed record and verify quarantine or failure behavior without silent loss. 2. Execute the operation to detect a cycle before scheduling a circular recipe dependency. 3. Capture the committed result, version or workflow state, and audit evidence. 4. Compare output with the source fixture and the expected invariant. 5. Repeat the operation where applicable and verify recovery, access, and side-effect behavior.","The platform must correctly detect a cycle before scheduling a circular recipe dependency; the corrupt input condition is handled according to the configured contract; valid data and committed state are preserved; invalid or unauthorized work is rejected or quarantined without silent loss; retries do not duplicate side effects; lineage, provenance, and audit evidence remain available; and no production data or credentials are used.",DSS API + pytest,"dataiku,data-platform,synthetic-data,dataiku_flow,corrupt-input"
Dataiku,Flow and Lineage,DIKU-DATAIKU_-00198,Flow and Lineage: rebuild only affected partitions after a partitioned input changes (corrupt input),Dataiku: rebuild only affected partitions after a partitioned input changes with corrupt input,Functional,High,Non-production tenant or isolated local fixture; synthetic records only; Include one malformed record and verify quarantine or failure behavior without silent loss.,"1. Prepare a disposable, versioned synthetic fixture: Include one malformed record and verify quarantine or failure behavior without silent loss. 2. Execute the operation to rebuild only affected partitions after a partitioned input changes. 3. Capture the committed result, version or workflow state, and audit evidence. 4. Compare output with the source fixture and the expected invariant. 5. Repeat the operation where applicable and verify recovery, access, and side-effect behavior.","The platform must correctly rebuild only affected partitions after a partitioned input changes; the corrupt input condition is handled according to the configured contract; valid data and committed state are preserved; invalid or unauthorized work is rejected or quarantined without silent loss; retries do not duplicate side effects; lineage, provenance, and audit evidence remain available; and no production data or credentials are used.",DSS API + pytest,"dataiku,data-platform,synthetic-data,dataiku_flow,corrupt-input"
Dataiku,Flow and Lineage,DIKU-DATAIKU_-00199,Flow and Lineage: compare Flow lineage before and after a recipe replacement (corrupt input),Dataiku: compare Flow lineage before and after a recipe replacement with corrupt input,Functional,Medium,Non-production tenant or isolated local fixture; synthetic records only; Include one malformed record and verify quarantine or failure behavior without silent loss.,"1. Prepare a disposable, versioned synthetic fixture: Include one malformed record and verify quarantine or failure behavior without silent loss. 2. Execute the operation to compare Flow lineage before and after a recipe replacement. 3. Capture the committed result, version or workflow state, and audit evidence. 4. Compare output with the source fixture and the expected invariant. 5. Repeat the operation where applicable and verify recovery, access, and side-effect behavior.","The platform must correctly compare Flow lineage before and after a recipe replacement; the corrupt input condition is handled according to the configured contract; valid data and committed state are preserved; invalid or unauthorized work is rejected or quarantined without silent loss; retries do not duplicate side effects; lineage, provenance, and audit evidence remain available; and no production data or credentials are used.",DSS API + pytest,"dataiku,data-platform,synthetic-data,dataiku_flow,corrupt-input"
Dataiku,Flow and Lineage,DIKU-DATAIKU_-00200,Flow and Lineage: prevent a user without project access from inspecting restricted Flow nodes (corrupt input),Dataiku: prevent a user without project access from inspecting restricted Flow nodes with corrupt input,Functional,High,Non-production tenant or isolated local fixture; synthetic records only; Include one malformed record and verify quarantine or failure behavior without silent loss.,"1. Prepare a disposable, versioned synthetic fixture: Include one malformed record and verify quarantine or failure behavior without silent loss. 2. Execute the operation to prevent a user without project access from inspecting restricted Flow nodes. 3. Capture the committed result, version or workflow state, and audit evidence. 4. Compare output with the source fixture and the expected invariant. 5. Repeat the operation where applicable and verify recovery, access, and side-effect behavior.","The platform must correctly prevent a user without project access from inspecting restricted Flow nodes; the corrupt input condition is handled according to the configured contract; valid data and committed state are preserved; invalid or unauthorized work is rejected or quarantined without silent loss; retries do not duplicate side effects; lineage, provenance, and audit evidence remain available; and no production data or credentials are used.",DSS API + pytest,"dataiku,data-platform,synthetic-data,dataiku_flow,corrupt-input"
