product,module,test_case_id,test_scenario,test_case_name,test_type,priority,preconditions,test_steps,expected_result,automation_framework,tags
Prefect,Integrations and Task Runners,PFT-INTEGRAT-00001,Integrations and Task Runners: run async tasks with a compatible task runner (clean baseline),Prefect: run async tasks with a compatible task runner with clean baseline,Functional,Medium,"Non-production tenant or isolated local fixture; synthetic records only; Use a disposable workspace, tenant, project, and versioned synthetic fixture.","1. Create a disposable, versioned synthetic fixture: Use a disposable workspace, tenant, project, and versioned synthetic fixture. 2. Execute the platform workflow to run async tasks with a compatible task runner. 3. Capture the committed result, resource version, or run status. 4. Compare the result with the source fixture and the declared invariant. 5. Repeat or recover the operation when applicable; verify access, audit evidence, and side effects.","The platform must correctly run async tasks with a compatible task runner; the clean baseline condition follows the configured contract; valid state is preserved, invalid or unauthorized work is rejected or quarantined without silent loss, retries do not duplicate side effects, lineage and audit evidence remain available, and no production records or credentials are used.",Playwright + platform UI/API,"prefect,market-platform,synthetic-data,integrations,clean-baseline"
Prefect,Integrations and Task Runners,PFT-INTEGRAT-00002,Integrations and Task Runners: run threaded work within bounded concurrency (clean baseline),Prefect: run threaded work within bounded concurrency with clean baseline,Functional,High,"Non-production tenant or isolated local fixture; synthetic records only; Use a disposable workspace, tenant, project, and versioned synthetic fixture.","1. Create a disposable, versioned synthetic fixture: Use a disposable workspace, tenant, project, and versioned synthetic fixture. 2. Execute the platform workflow to run threaded work within bounded concurrency. 3. Capture the committed result, resource version, or run status. 4. Compare the result with the source fixture and the declared invariant. 5. Repeat or recover the operation when applicable; verify access, audit evidence, and side effects.","The platform must correctly run threaded work within bounded concurrency; the clean baseline condition follows the configured contract; valid state is preserved, invalid or unauthorized work is rejected or quarantined without silent loss, retries do not duplicate side effects, lineage and audit evidence remain available, and no production records or credentials are used.",Playwright + platform UI/API,"prefect,market-platform,synthetic-data,integrations,clean-baseline"
Prefect,Integrations and Task Runners,PFT-INTEGRAT-00003,Integrations and Task Runners: load an approved pinned integration package (clean baseline),Prefect: load an approved pinned integration package with clean baseline,Functional,High,"Non-production tenant or isolated local fixture; synthetic records only; Use a disposable workspace, tenant, project, and versioned synthetic fixture.","1. Create a disposable, versioned synthetic fixture: Use a disposable workspace, tenant, project, and versioned synthetic fixture. 2. Execute the platform workflow to load an approved pinned integration package. 3. Capture the committed result, resource version, or run status. 4. Compare the result with the source fixture and the declared invariant. 5. Repeat or recover the operation when applicable; verify access, audit evidence, and side effects.","The platform must correctly load an approved pinned integration package; the clean baseline condition follows the configured contract; valid state is preserved, invalid or unauthorized work is rejected or quarantined without silent loss, retries do not duplicate side effects, lineage and audit evidence remain available, and no production records or credentials are used.",Playwright + platform UI/API,"prefect,market-platform,synthetic-data,integrations,clean-baseline"
Prefect,Integrations and Task Runners,PFT-INTEGRAT-00004,Integrations and Task Runners: reject incompatible runner settings before start (clean baseline),Prefect: reject incompatible runner settings before start with clean baseline,Functional,High,"Non-production tenant or isolated local fixture; synthetic records only; Use a disposable workspace, tenant, project, and versioned synthetic fixture.","1. Create a disposable, versioned synthetic fixture: Use a disposable workspace, tenant, project, and versioned synthetic fixture. 2. Execute the platform workflow to reject incompatible runner settings before start. 3. Capture the committed result, resource version, or run status. 4. Compare the result with the source fixture and the declared invariant. 5. Repeat or recover the operation when applicable; verify access, audit evidence, and side effects.","The platform must correctly reject incompatible runner settings before start; the clean baseline condition follows the configured contract; valid state is preserved, invalid or unauthorized work is rejected or quarantined without silent loss, retries do not duplicate side effects, lineage and audit evidence remain available, and no production records or credentials are used.",Playwright + platform UI/API,"prefect,market-platform,synthetic-data,integrations,clean-baseline"
Prefect,Integrations and Task Runners,PFT-INTEGRAT-00005,Integrations and Task Runners: invoke a mocked external test integration (clean baseline),Prefect: invoke a mocked external test integration with clean baseline,Functional,Medium,"Non-production tenant or isolated local fixture; synthetic records only; Use a disposable workspace, tenant, project, and versioned synthetic fixture.","1. Create a disposable, versioned synthetic fixture: Use a disposable workspace, tenant, project, and versioned synthetic fixture. 2. Execute the platform workflow to invoke a mocked external test integration. 3. Capture the committed result, resource version, or run status. 4. Compare the result with the source fixture and the declared invariant. 5. Repeat or recover the operation when applicable; verify access, audit evidence, and side effects.","The platform must correctly invoke a mocked external test integration; the clean baseline condition follows the configured contract; valid state is preserved, invalid or unauthorized work is rejected or quarantined without silent loss, retries do not duplicate side effects, lineage and audit evidence remain available, and no production records or credentials are used.",Playwright + platform UI/API,"prefect,market-platform,synthetic-data,integrations,clean-baseline"
Prefect,Integrations and Task Runners,PFT-INTEGRAT-00006,Integrations and Task Runners: retry calls with an idempotency key (clean baseline),Prefect: retry calls with an idempotency key with clean baseline,Functional,High,"Non-production tenant or isolated local fixture; synthetic records only; Use a disposable workspace, tenant, project, and versioned synthetic fixture.","1. Create a disposable, versioned synthetic fixture: Use a disposable workspace, tenant, project, and versioned synthetic fixture. 2. Execute the platform workflow to retry calls with an idempotency key. 3. Capture the committed result, resource version, or run status. 4. Compare the result with the source fixture and the declared invariant. 5. Repeat or recover the operation when applicable; verify access, audit evidence, and side effects.","The platform must correctly retry calls with an idempotency key; the clean baseline condition follows the configured contract; valid state is preserved, invalid or unauthorized work is rejected or quarantined without silent loss, retries do not duplicate side effects, lineage and audit evidence remain available, and no production records or credentials are used.",Playwright + platform UI/API,"prefect,market-platform,synthetic-data,integrations,clean-baseline"
Prefect,Integrations and Task Runners,PFT-INTEGRAT-00007,Integrations and Task Runners: preserve structured return data between tasks (clean baseline),Prefect: preserve structured return data between tasks with clean baseline,Functional,High,"Non-production tenant or isolated local fixture; synthetic records only; Use a disposable workspace, tenant, project, and versioned synthetic fixture.","1. Create a disposable, versioned synthetic fixture: Use a disposable workspace, tenant, project, and versioned synthetic fixture. 2. Execute the platform workflow to preserve structured return data between tasks. 3. Capture the committed result, resource version, or run status. 4. Compare the result with the source fixture and the declared invariant. 5. Repeat or recover the operation when applicable; verify access, audit evidence, and side effects.","The platform must correctly preserve structured return data between tasks; the clean baseline condition follows the configured contract; valid state is preserved, invalid or unauthorized work is rejected or quarantined without silent loss, retries do not duplicate side effects, lineage and audit evidence remain available, and no production records or credentials are used.",Playwright + platform UI/API,"prefect,market-platform,synthetic-data,integrations,clean-baseline"
Prefect,Integrations and Task Runners,PFT-INTEGRAT-00008,Integrations and Task Runners: map exceptions to declared retry rules (clean baseline),Prefect: map exceptions to declared retry rules with clean baseline,Functional,High,"Non-production tenant or isolated local fixture; synthetic records only; Use a disposable workspace, tenant, project, and versioned synthetic fixture.","1. Create a disposable, versioned synthetic fixture: Use a disposable workspace, tenant, project, and versioned synthetic fixture. 2. Execute the platform workflow to map exceptions to declared retry rules. 3. Capture the committed result, resource version, or run status. 4. Compare the result with the source fixture and the declared invariant. 5. Repeat or recover the operation when applicable; verify access, audit evidence, and side effects.","The platform must correctly map exceptions to declared retry rules; the clean baseline condition follows the configured contract; valid state is preserved, invalid or unauthorized work is rejected or quarantined without silent loss, retries do not duplicate side effects, lineage and audit evidence remain available, and no production records or credentials are used.",Playwright + platform UI/API,"prefect,market-platform,synthetic-data,integrations,clean-baseline"
Prefect,Integrations and Task Runners,PFT-INTEGRAT-00009,Integrations and Task Runners: upgrade integration without breaking imports (clean baseline),Prefect: upgrade integration without breaking imports with clean baseline,Functional,Medium,"Non-production tenant or isolated local fixture; synthetic records only; Use a disposable workspace, tenant, project, and versioned synthetic fixture.","1. Create a disposable, versioned synthetic fixture: Use a disposable workspace, tenant, project, and versioned synthetic fixture. 2. Execute the platform workflow to upgrade integration without breaking imports. 3. Capture the committed result, resource version, or run status. 4. Compare the result with the source fixture and the declared invariant. 5. Repeat or recover the operation when applicable; verify access, audit evidence, and side effects.","The platform must correctly upgrade integration without breaking imports; the clean baseline condition follows the configured contract; valid state is preserved, invalid or unauthorized work is rejected or quarantined without silent loss, retries do not duplicate side effects, lineage and audit evidence remain available, and no production records or credentials are used.",Playwright + platform UI/API,"prefect,market-platform,synthetic-data,integrations,clean-baseline"
Prefect,Integrations and Task Runners,PFT-INTEGRAT-00010,Integrations and Task Runners: record integration version in run metadata (clean baseline),Prefect: record integration version in run metadata with clean baseline,Functional,High,"Non-production tenant or isolated local fixture; synthetic records only; Use a disposable workspace, tenant, project, and versioned synthetic fixture.","1. Create a disposable, versioned synthetic fixture: Use a disposable workspace, tenant, project, and versioned synthetic fixture. 2. Execute the platform workflow to record integration version in run metadata. 3. Capture the committed result, resource version, or run status. 4. Compare the result with the source fixture and the declared invariant. 5. Repeat or recover the operation when applicable; verify access, audit evidence, and side effects.","The platform must correctly record integration version in run metadata; the clean baseline condition follows the configured contract; valid state is preserved, invalid or unauthorized work is rejected or quarantined without silent loss, retries do not duplicate side effects, lineage and audit evidence remain available, and no production records or credentials are used.",Playwright + platform UI/API,"prefect,market-platform,synthetic-data,integrations,clean-baseline"
Prefect,Integrations and Task Runners,PFT-INTEGRAT-00011,Integrations and Task Runners: run async tasks with a compatible task runner (empty input),Prefect: run async tasks with a compatible task runner with empty input,Functional,High,Non-production tenant or isolated local fixture; synthetic records only; Use an empty source or namespace and verify defined empty-result behavior.,"1. Create a disposable, versioned synthetic fixture: Use an empty source or namespace and verify defined empty-result behavior. 2. Execute the platform workflow to run async tasks with a compatible task runner. 3. Capture the committed result, resource version, or run status. 4. Compare the result with the source fixture and the declared invariant. 5. Repeat or recover the operation when applicable; verify access, audit evidence, and side effects.","The platform must correctly run async tasks with a compatible task runner; the empty input condition follows the configured contract; valid state is preserved, invalid or unauthorized work is rejected or quarantined without silent loss, retries do not duplicate side effects, lineage and audit evidence remain available, and no production records or credentials are used.",Playwright + platform UI/API,"prefect,market-platform,synthetic-data,integrations,empty-input"
Prefect,Integrations and Task Runners,PFT-INTEGRAT-00012,Integrations and Task Runners: run threaded work within bounded concurrency (empty input),Prefect: run threaded work within bounded concurrency with empty input,Functional,High,Non-production tenant or isolated local fixture; synthetic records only; Use an empty source or namespace and verify defined empty-result behavior.,"1. Create a disposable, versioned synthetic fixture: Use an empty source or namespace and verify defined empty-result behavior. 2. Execute the platform workflow to run threaded work within bounded concurrency. 3. Capture the committed result, resource version, or run status. 4. Compare the result with the source fixture and the declared invariant. 5. Repeat or recover the operation when applicable; verify access, audit evidence, and side effects.","The platform must correctly run threaded work within bounded concurrency; the empty input condition follows the configured contract; valid state is preserved, invalid or unauthorized work is rejected or quarantined without silent loss, retries do not duplicate side effects, lineage and audit evidence remain available, and no production records or credentials are used.",Playwright + platform UI/API,"prefect,market-platform,synthetic-data,integrations,empty-input"
Prefect,Integrations and Task Runners,PFT-INTEGRAT-00013,Integrations and Task Runners: load an approved pinned integration package (empty input),Prefect: load an approved pinned integration package with empty input,Functional,Medium,Non-production tenant or isolated local fixture; synthetic records only; Use an empty source or namespace and verify defined empty-result behavior.,"1. Create a disposable, versioned synthetic fixture: Use an empty source or namespace and verify defined empty-result behavior. 2. Execute the platform workflow to load an approved pinned integration package. 3. Capture the committed result, resource version, or run status. 4. Compare the result with the source fixture and the declared invariant. 5. Repeat or recover the operation when applicable; verify access, audit evidence, and side effects.","The platform must correctly load an approved pinned integration package; the empty input condition follows the configured contract; valid state is preserved, invalid or unauthorized work is rejected or quarantined without silent loss, retries do not duplicate side effects, lineage and audit evidence remain available, and no production records or credentials are used.",Playwright + platform UI/API,"prefect,market-platform,synthetic-data,integrations,empty-input"
Prefect,Integrations and Task Runners,PFT-INTEGRAT-00014,Integrations and Task Runners: reject incompatible runner settings before start (empty input),Prefect: reject incompatible runner settings before start with empty input,Functional,High,Non-production tenant or isolated local fixture; synthetic records only; Use an empty source or namespace and verify defined empty-result behavior.,"1. Create a disposable, versioned synthetic fixture: Use an empty source or namespace and verify defined empty-result behavior. 2. Execute the platform workflow to reject incompatible runner settings before start. 3. Capture the committed result, resource version, or run status. 4. Compare the result with the source fixture and the declared invariant. 5. Repeat or recover the operation when applicable; verify access, audit evidence, and side effects.","The platform must correctly reject incompatible runner settings before start; the empty input condition follows the configured contract; valid state is preserved, invalid or unauthorized work is rejected or quarantined without silent loss, retries do not duplicate side effects, lineage and audit evidence remain available, and no production records or credentials are used.",Playwright + platform UI/API,"prefect,market-platform,synthetic-data,integrations,empty-input"
Prefect,Integrations and Task Runners,PFT-INTEGRAT-00015,Integrations and Task Runners: invoke a mocked external test integration (empty input),Prefect: invoke a mocked external test integration with empty input,Functional,High,Non-production tenant or isolated local fixture; synthetic records only; Use an empty source or namespace and verify defined empty-result behavior.,"1. Create a disposable, versioned synthetic fixture: Use an empty source or namespace and verify defined empty-result behavior. 2. Execute the platform workflow to invoke a mocked external test integration. 3. Capture the committed result, resource version, or run status. 4. Compare the result with the source fixture and the declared invariant. 5. Repeat or recover the operation when applicable; verify access, audit evidence, and side effects.","The platform must correctly invoke a mocked external test integration; the empty input condition follows the configured contract; valid state is preserved, invalid or unauthorized work is rejected or quarantined without silent loss, retries do not duplicate side effects, lineage and audit evidence remain available, and no production records or credentials are used.",Playwright + platform UI/API,"prefect,market-platform,synthetic-data,integrations,empty-input"
Prefect,Integrations and Task Runners,PFT-INTEGRAT-00016,Integrations and Task Runners: retry calls with an idempotency key (empty input),Prefect: retry calls with an idempotency key with empty input,Functional,High,Non-production tenant or isolated local fixture; synthetic records only; Use an empty source or namespace and verify defined empty-result behavior.,"1. Create a disposable, versioned synthetic fixture: Use an empty source or namespace and verify defined empty-result behavior. 2. Execute the platform workflow to retry calls with an idempotency key. 3. Capture the committed result, resource version, or run status. 4. Compare the result with the source fixture and the declared invariant. 5. Repeat or recover the operation when applicable; verify access, audit evidence, and side effects.","The platform must correctly retry calls with an idempotency key; the empty input condition follows the configured contract; valid state is preserved, invalid or unauthorized work is rejected or quarantined without silent loss, retries do not duplicate side effects, lineage and audit evidence remain available, and no production records or credentials are used.",Playwright + platform UI/API,"prefect,market-platform,synthetic-data,integrations,empty-input"
Prefect,Integrations and Task Runners,PFT-INTEGRAT-00017,Integrations and Task Runners: preserve structured return data between tasks (empty input),Prefect: preserve structured return data between tasks with empty input,Functional,Medium,Non-production tenant or isolated local fixture; synthetic records only; Use an empty source or namespace and verify defined empty-result behavior.,"1. Create a disposable, versioned synthetic fixture: Use an empty source or namespace and verify defined empty-result behavior. 2. Execute the platform workflow to preserve structured return data between tasks. 3. Capture the committed result, resource version, or run status. 4. Compare the result with the source fixture and the declared invariant. 5. Repeat or recover the operation when applicable; verify access, audit evidence, and side effects.","The platform must correctly preserve structured return data between tasks; the empty input condition follows the configured contract; valid state is preserved, invalid or unauthorized work is rejected or quarantined without silent loss, retries do not duplicate side effects, lineage and audit evidence remain available, and no production records or credentials are used.",Playwright + platform UI/API,"prefect,market-platform,synthetic-data,integrations,empty-input"
Prefect,Integrations and Task Runners,PFT-INTEGRAT-00018,Integrations and Task Runners: map exceptions to declared retry rules (empty input),Prefect: map exceptions to declared retry rules with empty input,Functional,High,Non-production tenant or isolated local fixture; synthetic records only; Use an empty source or namespace and verify defined empty-result behavior.,"1. Create a disposable, versioned synthetic fixture: Use an empty source or namespace and verify defined empty-result behavior. 2. Execute the platform workflow to map exceptions to declared retry rules. 3. Capture the committed result, resource version, or run status. 4. Compare the result with the source fixture and the declared invariant. 5. Repeat or recover the operation when applicable; verify access, audit evidence, and side effects.","The platform must correctly map exceptions to declared retry rules; the empty input condition follows the configured contract; valid state is preserved, invalid or unauthorized work is rejected or quarantined without silent loss, retries do not duplicate side effects, lineage and audit evidence remain available, and no production records or credentials are used.",Playwright + platform UI/API,"prefect,market-platform,synthetic-data,integrations,empty-input"
Prefect,Integrations and Task Runners,PFT-INTEGRAT-00019,Integrations and Task Runners: upgrade integration without breaking imports (empty input),Prefect: upgrade integration without breaking imports with empty input,Functional,High,Non-production tenant or isolated local fixture; synthetic records only; Use an empty source or namespace and verify defined empty-result behavior.,"1. Create a disposable, versioned synthetic fixture: Use an empty source or namespace and verify defined empty-result behavior. 2. Execute the platform workflow to upgrade integration without breaking imports. 3. Capture the committed result, resource version, or run status. 4. Compare the result with the source fixture and the declared invariant. 5. Repeat or recover the operation when applicable; verify access, audit evidence, and side effects.","The platform must correctly upgrade integration without breaking imports; the empty input condition follows the configured contract; valid state is preserved, invalid or unauthorized work is rejected or quarantined without silent loss, retries do not duplicate side effects, lineage and audit evidence remain available, and no production records or credentials are used.",Playwright + platform UI/API,"prefect,market-platform,synthetic-data,integrations,empty-input"
Prefect,Integrations and Task Runners,PFT-INTEGRAT-00020,Integrations and Task Runners: record integration version in run metadata (empty input),Prefect: record integration version in run metadata with empty input,Functional,High,Non-production tenant or isolated local fixture; synthetic records only; Use an empty source or namespace and verify defined empty-result behavior.,"1. Create a disposable, versioned synthetic fixture: Use an empty source or namespace and verify defined empty-result behavior. 2. Execute the platform workflow to record integration version in run metadata. 3. Capture the committed result, resource version, or run status. 4. Compare the result with the source fixture and the declared invariant. 5. Repeat or recover the operation when applicable; verify access, audit evidence, and side effects.","The platform must correctly record integration version in run metadata; the empty input condition follows the configured contract; valid state is preserved, invalid or unauthorized work is rejected or quarantined without silent loss, retries do not duplicate side effects, lineage and audit evidence remain available, and no production records or credentials are used.",Playwright + platform UI/API,"prefect,market-platform,synthetic-data,integrations,empty-input"
Prefect,Integrations and Task Runners,PFT-INTEGRAT-00021,Integrations and Task Runners: run async tasks with a compatible task runner (single record),Prefect: run async tasks with a compatible task runner with single record,Functional,Medium,Non-production tenant or isolated local fixture; synthetic records only; Use one valid synthetic record and verify the smallest non-empty result.,"1. Create a disposable, versioned synthetic fixture: Use one valid synthetic record and verify the smallest non-empty result. 2. Execute the platform workflow to run async tasks with a compatible task runner. 3. Capture the committed result, resource version, or run status. 4. Compare the result with the source fixture and the declared invariant. 5. Repeat or recover the operation when applicable; verify access, audit evidence, and side effects.","The platform must correctly run async tasks with a compatible task runner; the single record condition follows the configured contract; valid state is preserved, invalid or unauthorized work is rejected or quarantined without silent loss, retries do not duplicate side effects, lineage and audit evidence remain available, and no production records or credentials are used.",Playwright + platform UI/API,"prefect,market-platform,synthetic-data,integrations,single-record"
Prefect,Integrations and Task Runners,PFT-INTEGRAT-00022,Integrations and Task Runners: run threaded work within bounded concurrency (single record),Prefect: run threaded work within bounded concurrency with single record,Functional,High,Non-production tenant or isolated local fixture; synthetic records only; Use one valid synthetic record and verify the smallest non-empty result.,"1. Create a disposable, versioned synthetic fixture: Use one valid synthetic record and verify the smallest non-empty result. 2. Execute the platform workflow to run threaded work within bounded concurrency. 3. Capture the committed result, resource version, or run status. 4. Compare the result with the source fixture and the declared invariant. 5. Repeat or recover the operation when applicable; verify access, audit evidence, and side effects.","The platform must correctly run threaded work within bounded concurrency; the single record condition follows the configured contract; valid state is preserved, invalid or unauthorized work is rejected or quarantined without silent loss, retries do not duplicate side effects, lineage and audit evidence remain available, and no production records or credentials are used.",Playwright + platform UI/API,"prefect,market-platform,synthetic-data,integrations,single-record"
Prefect,Integrations and Task Runners,PFT-INTEGRAT-00023,Integrations and Task Runners: load an approved pinned integration package (single record),Prefect: load an approved pinned integration package with single record,Functional,High,Non-production tenant or isolated local fixture; synthetic records only; Use one valid synthetic record and verify the smallest non-empty result.,"1. Create a disposable, versioned synthetic fixture: Use one valid synthetic record and verify the smallest non-empty result. 2. Execute the platform workflow to load an approved pinned integration package. 3. Capture the committed result, resource version, or run status. 4. Compare the result with the source fixture and the declared invariant. 5. Repeat or recover the operation when applicable; verify access, audit evidence, and side effects.","The platform must correctly load an approved pinned integration package; the single record condition follows the configured contract; valid state is preserved, invalid or unauthorized work is rejected or quarantined without silent loss, retries do not duplicate side effects, lineage and audit evidence remain available, and no production records or credentials are used.",Playwright + platform UI/API,"prefect,market-platform,synthetic-data,integrations,single-record"
Prefect,Integrations and Task Runners,PFT-INTEGRAT-00024,Integrations and Task Runners: reject incompatible runner settings before start (single record),Prefect: reject incompatible runner settings before start with single record,Functional,High,Non-production tenant or isolated local fixture; synthetic records only; Use one valid synthetic record and verify the smallest non-empty result.,"1. Create a disposable, versioned synthetic fixture: Use one valid synthetic record and verify the smallest non-empty result. 2. Execute the platform workflow to reject incompatible runner settings before start. 3. Capture the committed result, resource version, or run status. 4. Compare the result with the source fixture and the declared invariant. 5. Repeat or recover the operation when applicable; verify access, audit evidence, and side effects.","The platform must correctly reject incompatible runner settings before start; the single record condition follows the configured contract; valid state is preserved, invalid or unauthorized work is rejected or quarantined without silent loss, retries do not duplicate side effects, lineage and audit evidence remain available, and no production records or credentials are used.",Playwright + platform UI/API,"prefect,market-platform,synthetic-data,integrations,single-record"
Prefect,Integrations and Task Runners,PFT-INTEGRAT-00025,Integrations and Task Runners: invoke a mocked external test integration (single record),Prefect: invoke a mocked external test integration with single record,Functional,Medium,Non-production tenant or isolated local fixture; synthetic records only; Use one valid synthetic record and verify the smallest non-empty result.,"1. Create a disposable, versioned synthetic fixture: Use one valid synthetic record and verify the smallest non-empty result. 2. Execute the platform workflow to invoke a mocked external test integration. 3. Capture the committed result, resource version, or run status. 4. Compare the result with the source fixture and the declared invariant. 5. Repeat or recover the operation when applicable; verify access, audit evidence, and side effects.","The platform must correctly invoke a mocked external test integration; the single record condition follows the configured contract; valid state is preserved, invalid or unauthorized work is rejected or quarantined without silent loss, retries do not duplicate side effects, lineage and audit evidence remain available, and no production records or credentials are used.",Playwright + platform UI/API,"prefect,market-platform,synthetic-data,integrations,single-record"
Prefect,Integrations and Task Runners,PFT-INTEGRAT-00026,Integrations and Task Runners: retry calls with an idempotency key (single record),Prefect: retry calls with an idempotency key with single record,Functional,High,Non-production tenant or isolated local fixture; synthetic records only; Use one valid synthetic record and verify the smallest non-empty result.,"1. Create a disposable, versioned synthetic fixture: Use one valid synthetic record and verify the smallest non-empty result. 2. Execute the platform workflow to retry calls with an idempotency key. 3. Capture the committed result, resource version, or run status. 4. Compare the result with the source fixture and the declared invariant. 5. Repeat or recover the operation when applicable; verify access, audit evidence, and side effects.","The platform must correctly retry calls with an idempotency key; the single record condition follows the configured contract; valid state is preserved, invalid or unauthorized work is rejected or quarantined without silent loss, retries do not duplicate side effects, lineage and audit evidence remain available, and no production records or credentials are used.",Playwright + platform UI/API,"prefect,market-platform,synthetic-data,integrations,single-record"
Prefect,Integrations and Task Runners,PFT-INTEGRAT-00027,Integrations and Task Runners: preserve structured return data between tasks (single record),Prefect: preserve structured return data between tasks with single record,Functional,High,Non-production tenant or isolated local fixture; synthetic records only; Use one valid synthetic record and verify the smallest non-empty result.,"1. Create a disposable, versioned synthetic fixture: Use one valid synthetic record and verify the smallest non-empty result. 2. Execute the platform workflow to preserve structured return data between tasks. 3. Capture the committed result, resource version, or run status. 4. Compare the result with the source fixture and the declared invariant. 5. Repeat or recover the operation when applicable; verify access, audit evidence, and side effects.","The platform must correctly preserve structured return data between tasks; the single record condition follows the configured contract; valid state is preserved, invalid or unauthorized work is rejected or quarantined without silent loss, retries do not duplicate side effects, lineage and audit evidence remain available, and no production records or credentials are used.",Playwright + platform UI/API,"prefect,market-platform,synthetic-data,integrations,single-record"
Prefect,Integrations and Task Runners,PFT-INTEGRAT-00028,Integrations and Task Runners: map exceptions to declared retry rules (single record),Prefect: map exceptions to declared retry rules with single record,Functional,High,Non-production tenant or isolated local fixture; synthetic records only; Use one valid synthetic record and verify the smallest non-empty result.,"1. Create a disposable, versioned synthetic fixture: Use one valid synthetic record and verify the smallest non-empty result. 2. Execute the platform workflow to map exceptions to declared retry rules. 3. Capture the committed result, resource version, or run status. 4. Compare the result with the source fixture and the declared invariant. 5. Repeat or recover the operation when applicable; verify access, audit evidence, and side effects.","The platform must correctly map exceptions to declared retry rules; the single record condition follows the configured contract; valid state is preserved, invalid or unauthorized work is rejected or quarantined without silent loss, retries do not duplicate side effects, lineage and audit evidence remain available, and no production records or credentials are used.",Playwright + platform UI/API,"prefect,market-platform,synthetic-data,integrations,single-record"
Prefect,Integrations and Task Runners,PFT-INTEGRAT-00029,Integrations and Task Runners: upgrade integration without breaking imports (single record),Prefect: upgrade integration without breaking imports with single record,Functional,Medium,Non-production tenant or isolated local fixture; synthetic records only; Use one valid synthetic record and verify the smallest non-empty result.,"1. Create a disposable, versioned synthetic fixture: Use one valid synthetic record and verify the smallest non-empty result. 2. Execute the platform workflow to upgrade integration without breaking imports. 3. Capture the committed result, resource version, or run status. 4. Compare the result with the source fixture and the declared invariant. 5. Repeat or recover the operation when applicable; verify access, audit evidence, and side effects.","The platform must correctly upgrade integration without breaking imports; the single record condition follows the configured contract; valid state is preserved, invalid or unauthorized work is rejected or quarantined without silent loss, retries do not duplicate side effects, lineage and audit evidence remain available, and no production records or credentials are used.",Playwright + platform UI/API,"prefect,market-platform,synthetic-data,integrations,single-record"
Prefect,Integrations and Task Runners,PFT-INTEGRAT-00030,Integrations and Task Runners: record integration version in run metadata (single record),Prefect: record integration version in run metadata with single record,Functional,High,Non-production tenant or isolated local fixture; synthetic records only; Use one valid synthetic record and verify the smallest non-empty result.,"1. Create a disposable, versioned synthetic fixture: Use one valid synthetic record and verify the smallest non-empty result. 2. Execute the platform workflow to record integration version in run metadata. 3. Capture the committed result, resource version, or run status. 4. Compare the result with the source fixture and the declared invariant. 5. Repeat or recover the operation when applicable; verify access, audit evidence, and side effects.","The platform must correctly record integration version in run metadata; the single record condition follows the configured contract; valid state is preserved, invalid or unauthorized work is rejected or quarantined without silent loss, retries do not duplicate side effects, lineage and audit evidence remain available, and no production records or credentials are used.",Playwright + platform UI/API,"prefect,market-platform,synthetic-data,integrations,single-record"
Prefect,Integrations and Task Runners,PFT-INTEGRAT-00031,Integrations and Task Runners: run async tasks with a compatible task runner (duplicate key),Prefect: run async tasks with a compatible task runner with duplicate key,Functional,High,Non-production tenant or isolated local fixture; synthetic records only; Submit a duplicate business key and verify the declared deduplication or rejection rule.,"1. Create a disposable, versioned synthetic fixture: Submit a duplicate business key and verify the declared deduplication or rejection rule. 2. Execute the platform workflow to run async tasks with a compatible task runner. 3. Capture the committed result, resource version, or run status. 4. Compare the result with the source fixture and the declared invariant. 5. Repeat or recover the operation when applicable; verify access, audit evidence, and side effects.","The platform must correctly run async tasks with a compatible task runner; the duplicate key condition follows the configured contract; valid state is preserved, invalid or unauthorized work is rejected or quarantined without silent loss, retries do not duplicate side effects, lineage and audit evidence remain available, and no production records or credentials are used.",Playwright + platform UI/API,"prefect,market-platform,synthetic-data,integrations,duplicate-key"
Prefect,Integrations and Task Runners,PFT-INTEGRAT-00032,Integrations and Task Runners: run threaded work within bounded concurrency (duplicate key),Prefect: run threaded work within bounded concurrency with duplicate key,Functional,High,Non-production tenant or isolated local fixture; synthetic records only; Submit a duplicate business key and verify the declared deduplication or rejection rule.,"1. Create a disposable, versioned synthetic fixture: Submit a duplicate business key and verify the declared deduplication or rejection rule. 2. Execute the platform workflow to run threaded work within bounded concurrency. 3. Capture the committed result, resource version, or run status. 4. Compare the result with the source fixture and the declared invariant. 5. Repeat or recover the operation when applicable; verify access, audit evidence, and side effects.","The platform must correctly run threaded work within bounded concurrency; the duplicate key condition follows the configured contract; valid state is preserved, invalid or unauthorized work is rejected or quarantined without silent loss, retries do not duplicate side effects, lineage and audit evidence remain available, and no production records or credentials are used.",Playwright + platform UI/API,"prefect,market-platform,synthetic-data,integrations,duplicate-key"
Prefect,Integrations and Task Runners,PFT-INTEGRAT-00033,Integrations and Task Runners: load an approved pinned integration package (duplicate key),Prefect: load an approved pinned integration package with duplicate key,Functional,Medium,Non-production tenant or isolated local fixture; synthetic records only; Submit a duplicate business key and verify the declared deduplication or rejection rule.,"1. Create a disposable, versioned synthetic fixture: Submit a duplicate business key and verify the declared deduplication or rejection rule. 2. Execute the platform workflow to load an approved pinned integration package. 3. Capture the committed result, resource version, or run status. 4. Compare the result with the source fixture and the declared invariant. 5. Repeat or recover the operation when applicable; verify access, audit evidence, and side effects.","The platform must correctly load an approved pinned integration package; the duplicate key condition follows the configured contract; valid state is preserved, invalid or unauthorized work is rejected or quarantined without silent loss, retries do not duplicate side effects, lineage and audit evidence remain available, and no production records or credentials are used.",Playwright + platform UI/API,"prefect,market-platform,synthetic-data,integrations,duplicate-key"
Prefect,Integrations and Task Runners,PFT-INTEGRAT-00034,Integrations and Task Runners: reject incompatible runner settings before start (duplicate key),Prefect: reject incompatible runner settings before start with duplicate key,Functional,High,Non-production tenant or isolated local fixture; synthetic records only; Submit a duplicate business key and verify the declared deduplication or rejection rule.,"1. Create a disposable, versioned synthetic fixture: Submit a duplicate business key and verify the declared deduplication or rejection rule. 2. Execute the platform workflow to reject incompatible runner settings before start. 3. Capture the committed result, resource version, or run status. 4. Compare the result with the source fixture and the declared invariant. 5. Repeat or recover the operation when applicable; verify access, audit evidence, and side effects.","The platform must correctly reject incompatible runner settings before start; the duplicate key condition follows the configured contract; valid state is preserved, invalid or unauthorized work is rejected or quarantined without silent loss, retries do not duplicate side effects, lineage and audit evidence remain available, and no production records or credentials are used.",Playwright + platform UI/API,"prefect,market-platform,synthetic-data,integrations,duplicate-key"
Prefect,Integrations and Task Runners,PFT-INTEGRAT-00035,Integrations and Task Runners: invoke a mocked external test integration (duplicate key),Prefect: invoke a mocked external test integration with duplicate key,Functional,High,Non-production tenant or isolated local fixture; synthetic records only; Submit a duplicate business key and verify the declared deduplication or rejection rule.,"1. Create a disposable, versioned synthetic fixture: Submit a duplicate business key and verify the declared deduplication or rejection rule. 2. Execute the platform workflow to invoke a mocked external test integration. 3. Capture the committed result, resource version, or run status. 4. Compare the result with the source fixture and the declared invariant. 5. Repeat or recover the operation when applicable; verify access, audit evidence, and side effects.","The platform must correctly invoke a mocked external test integration; the duplicate key condition follows the configured contract; valid state is preserved, invalid or unauthorized work is rejected or quarantined without silent loss, retries do not duplicate side effects, lineage and audit evidence remain available, and no production records or credentials are used.",Playwright + platform UI/API,"prefect,market-platform,synthetic-data,integrations,duplicate-key"
Prefect,Integrations and Task Runners,PFT-INTEGRAT-00036,Integrations and Task Runners: retry calls with an idempotency key (duplicate key),Prefect: retry calls with an idempotency key with duplicate key,Functional,High,Non-production tenant or isolated local fixture; synthetic records only; Submit a duplicate business key and verify the declared deduplication or rejection rule.,"1. Create a disposable, versioned synthetic fixture: Submit a duplicate business key and verify the declared deduplication or rejection rule. 2. Execute the platform workflow to retry calls with an idempotency key. 3. Capture the committed result, resource version, or run status. 4. Compare the result with the source fixture and the declared invariant. 5. Repeat or recover the operation when applicable; verify access, audit evidence, and side effects.","The platform must correctly retry calls with an idempotency key; the duplicate key condition follows the configured contract; valid state is preserved, invalid or unauthorized work is rejected or quarantined without silent loss, retries do not duplicate side effects, lineage and audit evidence remain available, and no production records or credentials are used.",Playwright + platform UI/API,"prefect,market-platform,synthetic-data,integrations,duplicate-key"
Prefect,Integrations and Task Runners,PFT-INTEGRAT-00037,Integrations and Task Runners: preserve structured return data between tasks (duplicate key),Prefect: preserve structured return data between tasks with duplicate key,Functional,Medium,Non-production tenant or isolated local fixture; synthetic records only; Submit a duplicate business key and verify the declared deduplication or rejection rule.,"1. Create a disposable, versioned synthetic fixture: Submit a duplicate business key and verify the declared deduplication or rejection rule. 2. Execute the platform workflow to preserve structured return data between tasks. 3. Capture the committed result, resource version, or run status. 4. Compare the result with the source fixture and the declared invariant. 5. Repeat or recover the operation when applicable; verify access, audit evidence, and side effects.","The platform must correctly preserve structured return data between tasks; the duplicate key condition follows the configured contract; valid state is preserved, invalid or unauthorized work is rejected or quarantined without silent loss, retries do not duplicate side effects, lineage and audit evidence remain available, and no production records or credentials are used.",Playwright + platform UI/API,"prefect,market-platform,synthetic-data,integrations,duplicate-key"
Prefect,Integrations and Task Runners,PFT-INTEGRAT-00038,Integrations and Task Runners: map exceptions to declared retry rules (duplicate key),Prefect: map exceptions to declared retry rules with duplicate key,Functional,High,Non-production tenant or isolated local fixture; synthetic records only; Submit a duplicate business key and verify the declared deduplication or rejection rule.,"1. Create a disposable, versioned synthetic fixture: Submit a duplicate business key and verify the declared deduplication or rejection rule. 2. Execute the platform workflow to map exceptions to declared retry rules. 3. Capture the committed result, resource version, or run status. 4. Compare the result with the source fixture and the declared invariant. 5. Repeat or recover the operation when applicable; verify access, audit evidence, and side effects.","The platform must correctly map exceptions to declared retry rules; the duplicate key condition follows the configured contract; valid state is preserved, invalid or unauthorized work is rejected or quarantined without silent loss, retries do not duplicate side effects, lineage and audit evidence remain available, and no production records or credentials are used.",Playwright + platform UI/API,"prefect,market-platform,synthetic-data,integrations,duplicate-key"
Prefect,Integrations and Task Runners,PFT-INTEGRAT-00039,Integrations and Task Runners: upgrade integration without breaking imports (duplicate key),Prefect: upgrade integration without breaking imports with duplicate key,Functional,High,Non-production tenant or isolated local fixture; synthetic records only; Submit a duplicate business key and verify the declared deduplication or rejection rule.,"1. Create a disposable, versioned synthetic fixture: Submit a duplicate business key and verify the declared deduplication or rejection rule. 2. Execute the platform workflow to upgrade integration without breaking imports. 3. Capture the committed result, resource version, or run status. 4. Compare the result with the source fixture and the declared invariant. 5. Repeat or recover the operation when applicable; verify access, audit evidence, and side effects.","The platform must correctly upgrade integration without breaking imports; the duplicate key condition follows the configured contract; valid state is preserved, invalid or unauthorized work is rejected or quarantined without silent loss, retries do not duplicate side effects, lineage and audit evidence remain available, and no production records or credentials are used.",Playwright + platform UI/API,"prefect,market-platform,synthetic-data,integrations,duplicate-key"
Prefect,Integrations and Task Runners,PFT-INTEGRAT-00040,Integrations and Task Runners: record integration version in run metadata (duplicate key),Prefect: record integration version in run metadata with duplicate key,Functional,High,Non-production tenant or isolated local fixture; synthetic records only; Submit a duplicate business key and verify the declared deduplication or rejection rule.,"1. Create a disposable, versioned synthetic fixture: Submit a duplicate business key and verify the declared deduplication or rejection rule. 2. Execute the platform workflow to record integration version in run metadata. 3. Capture the committed result, resource version, or run status. 4. Compare the result with the source fixture and the declared invariant. 5. Repeat or recover the operation when applicable; verify access, audit evidence, and side effects.","The platform must correctly record integration version in run metadata; the duplicate key condition follows the configured contract; valid state is preserved, invalid or unauthorized work is rejected or quarantined without silent loss, retries do not duplicate side effects, lineage and audit evidence remain available, and no production records or credentials are used.",Playwright + platform UI/API,"prefect,market-platform,synthetic-data,integrations,duplicate-key"
Prefect,Integrations and Task Runners,PFT-INTEGRAT-00041,Integrations and Task Runners: run async tasks with a compatible task runner (nullable optional field),Prefect: run async tasks with a compatible task runner with nullable optional field,Functional,Medium,Non-production tenant or isolated local fixture; synthetic records only; Set optional fields to null while retaining all required identifiers.,"1. Create a disposable, versioned synthetic fixture: Set optional fields to null while retaining all required identifiers. 2. Execute the platform workflow to run async tasks with a compatible task runner. 3. Capture the committed result, resource version, or run status. 4. Compare the result with the source fixture and the declared invariant. 5. Repeat or recover the operation when applicable; verify access, audit evidence, and side effects.","The platform must correctly run async tasks with a compatible task runner; the nullable optional field condition follows the configured contract; valid state is preserved, invalid or unauthorized work is rejected or quarantined without silent loss, retries do not duplicate side effects, lineage and audit evidence remain available, and no production records or credentials are used.",Playwright + platform UI/API,"prefect,market-platform,synthetic-data,integrations,nullable-optional-field"
Prefect,Integrations and Task Runners,PFT-INTEGRAT-00042,Integrations and Task Runners: run threaded work within bounded concurrency (nullable optional field),Prefect: run threaded work within bounded concurrency with nullable optional field,Functional,High,Non-production tenant or isolated local fixture; synthetic records only; Set optional fields to null while retaining all required identifiers.,"1. Create a disposable, versioned synthetic fixture: Set optional fields to null while retaining all required identifiers. 2. Execute the platform workflow to run threaded work within bounded concurrency. 3. Capture the committed result, resource version, or run status. 4. Compare the result with the source fixture and the declared invariant. 5. Repeat or recover the operation when applicable; verify access, audit evidence, and side effects.","The platform must correctly run threaded work within bounded concurrency; the nullable optional field condition follows the configured contract; valid state is preserved, invalid or unauthorized work is rejected or quarantined without silent loss, retries do not duplicate side effects, lineage and audit evidence remain available, and no production records or credentials are used.",Playwright + platform UI/API,"prefect,market-platform,synthetic-data,integrations,nullable-optional-field"
Prefect,Integrations and Task Runners,PFT-INTEGRAT-00043,Integrations and Task Runners: load an approved pinned integration package (nullable optional field),Prefect: load an approved pinned integration package with nullable optional field,Functional,High,Non-production tenant or isolated local fixture; synthetic records only; Set optional fields to null while retaining all required identifiers.,"1. Create a disposable, versioned synthetic fixture: Set optional fields to null while retaining all required identifiers. 2. Execute the platform workflow to load an approved pinned integration package. 3. Capture the committed result, resource version, or run status. 4. Compare the result with the source fixture and the declared invariant. 5. Repeat or recover the operation when applicable; verify access, audit evidence, and side effects.","The platform must correctly load an approved pinned integration package; the nullable optional field condition follows the configured contract; valid state is preserved, invalid or unauthorized work is rejected or quarantined without silent loss, retries do not duplicate side effects, lineage and audit evidence remain available, and no production records or credentials are used.",Playwright + platform UI/API,"prefect,market-platform,synthetic-data,integrations,nullable-optional-field"
Prefect,Integrations and Task Runners,PFT-INTEGRAT-00044,Integrations and Task Runners: reject incompatible runner settings before start (nullable optional field),Prefect: reject incompatible runner settings before start with nullable optional field,Functional,High,Non-production tenant or isolated local fixture; synthetic records only; Set optional fields to null while retaining all required identifiers.,"1. Create a disposable, versioned synthetic fixture: Set optional fields to null while retaining all required identifiers. 2. Execute the platform workflow to reject incompatible runner settings before start. 3. Capture the committed result, resource version, or run status. 4. Compare the result with the source fixture and the declared invariant. 5. Repeat or recover the operation when applicable; verify access, audit evidence, and side effects.","The platform must correctly reject incompatible runner settings before start; the nullable optional field condition follows the configured contract; valid state is preserved, invalid or unauthorized work is rejected or quarantined without silent loss, retries do not duplicate side effects, lineage and audit evidence remain available, and no production records or credentials are used.",Playwright + platform UI/API,"prefect,market-platform,synthetic-data,integrations,nullable-optional-field"
Prefect,Integrations and Task Runners,PFT-INTEGRAT-00045,Integrations and Task Runners: invoke a mocked external test integration (nullable optional field),Prefect: invoke a mocked external test integration with nullable optional field,Functional,Medium,Non-production tenant or isolated local fixture; synthetic records only; Set optional fields to null while retaining all required identifiers.,"1. Create a disposable, versioned synthetic fixture: Set optional fields to null while retaining all required identifiers. 2. Execute the platform workflow to invoke a mocked external test integration. 3. Capture the committed result, resource version, or run status. 4. Compare the result with the source fixture and the declared invariant. 5. Repeat or recover the operation when applicable; verify access, audit evidence, and side effects.","The platform must correctly invoke a mocked external test integration; the nullable optional field condition follows the configured contract; valid state is preserved, invalid or unauthorized work is rejected or quarantined without silent loss, retries do not duplicate side effects, lineage and audit evidence remain available, and no production records or credentials are used.",Playwright + platform UI/API,"prefect,market-platform,synthetic-data,integrations,nullable-optional-field"
Prefect,Integrations and Task Runners,PFT-INTEGRAT-00046,Integrations and Task Runners: retry calls with an idempotency key (nullable optional field),Prefect: retry calls with an idempotency key with nullable optional field,Functional,High,Non-production tenant or isolated local fixture; synthetic records only; Set optional fields to null while retaining all required identifiers.,"1. Create a disposable, versioned synthetic fixture: Set optional fields to null while retaining all required identifiers. 2. Execute the platform workflow to retry calls with an idempotency key. 3. Capture the committed result, resource version, or run status. 4. Compare the result with the source fixture and the declared invariant. 5. Repeat or recover the operation when applicable; verify access, audit evidence, and side effects.","The platform must correctly retry calls with an idempotency key; the nullable optional field condition follows the configured contract; valid state is preserved, invalid or unauthorized work is rejected or quarantined without silent loss, retries do not duplicate side effects, lineage and audit evidence remain available, and no production records or credentials are used.",Playwright + platform UI/API,"prefect,market-platform,synthetic-data,integrations,nullable-optional-field"
Prefect,Integrations and Task Runners,PFT-INTEGRAT-00047,Integrations and Task Runners: preserve structured return data between tasks (nullable optional field),Prefect: preserve structured return data between tasks with nullable optional field,Functional,High,Non-production tenant or isolated local fixture; synthetic records only; Set optional fields to null while retaining all required identifiers.,"1. Create a disposable, versioned synthetic fixture: Set optional fields to null while retaining all required identifiers. 2. Execute the platform workflow to preserve structured return data between tasks. 3. Capture the committed result, resource version, or run status. 4. Compare the result with the source fixture and the declared invariant. 5. Repeat or recover the operation when applicable; verify access, audit evidence, and side effects.","The platform must correctly preserve structured return data between tasks; the nullable optional field condition follows the configured contract; valid state is preserved, invalid or unauthorized work is rejected or quarantined without silent loss, retries do not duplicate side effects, lineage and audit evidence remain available, and no production records or credentials are used.",Playwright + platform UI/API,"prefect,market-platform,synthetic-data,integrations,nullable-optional-field"
Prefect,Integrations and Task Runners,PFT-INTEGRAT-00048,Integrations and Task Runners: map exceptions to declared retry rules (nullable optional field),Prefect: map exceptions to declared retry rules with nullable optional field,Functional,High,Non-production tenant or isolated local fixture; synthetic records only; Set optional fields to null while retaining all required identifiers.,"1. Create a disposable, versioned synthetic fixture: Set optional fields to null while retaining all required identifiers. 2. Execute the platform workflow to map exceptions to declared retry rules. 3. Capture the committed result, resource version, or run status. 4. Compare the result with the source fixture and the declared invariant. 5. Repeat or recover the operation when applicable; verify access, audit evidence, and side effects.","The platform must correctly map exceptions to declared retry rules; the nullable optional field condition follows the configured contract; valid state is preserved, invalid or unauthorized work is rejected or quarantined without silent loss, retries do not duplicate side effects, lineage and audit evidence remain available, and no production records or credentials are used.",Playwright + platform UI/API,"prefect,market-platform,synthetic-data,integrations,nullable-optional-field"
Prefect,Integrations and Task Runners,PFT-INTEGRAT-00049,Integrations and Task Runners: upgrade integration without breaking imports (nullable optional field),Prefect: upgrade integration without breaking imports with nullable optional field,Functional,Medium,Non-production tenant or isolated local fixture; synthetic records only; Set optional fields to null while retaining all required identifiers.,"1. Create a disposable, versioned synthetic fixture: Set optional fields to null while retaining all required identifiers. 2. Execute the platform workflow to upgrade integration without breaking imports. 3. Capture the committed result, resource version, or run status. 4. Compare the result with the source fixture and the declared invariant. 5. Repeat or recover the operation when applicable; verify access, audit evidence, and side effects.","The platform must correctly upgrade integration without breaking imports; the nullable optional field condition follows the configured contract; valid state is preserved, invalid or unauthorized work is rejected or quarantined without silent loss, retries do not duplicate side effects, lineage and audit evidence remain available, and no production records or credentials are used.",Playwright + platform UI/API,"prefect,market-platform,synthetic-data,integrations,nullable-optional-field"
Prefect,Integrations and Task Runners,PFT-INTEGRAT-00050,Integrations and Task Runners: record integration version in run metadata (nullable optional field),Prefect: record integration version in run metadata with nullable optional field,Functional,High,Non-production tenant or isolated local fixture; synthetic records only; Set optional fields to null while retaining all required identifiers.,"1. Create a disposable, versioned synthetic fixture: Set optional fields to null while retaining all required identifiers. 2. Execute the platform workflow to record integration version in run metadata. 3. Capture the committed result, resource version, or run status. 4. Compare the result with the source fixture and the declared invariant. 5. Repeat or recover the operation when applicable; verify access, audit evidence, and side effects.","The platform must correctly record integration version in run metadata; the nullable optional field condition follows the configured contract; valid state is preserved, invalid or unauthorized work is rejected or quarantined without silent loss, retries do not duplicate side effects, lineage and audit evidence remain available, and no production records or credentials are used.",Playwright + platform UI/API,"prefect,market-platform,synthetic-data,integrations,nullable-optional-field"
Prefect,Integrations and Task Runners,PFT-INTEGRAT-00051,Integrations and Task Runners: run async tasks with a compatible task runner (boundary values),Prefect: run async tasks with a compatible task runner with boundary values,Functional,High,"Non-production tenant or isolated local fixture; synthetic records only; Exercise documented minimum, maximum, and just-outside limits.","1. Create a disposable, versioned synthetic fixture: Exercise documented minimum, maximum, and just-outside limits. 2. Execute the platform workflow to run async tasks with a compatible task runner. 3. Capture the committed result, resource version, or run status. 4. Compare the result with the source fixture and the declared invariant. 5. Repeat or recover the operation when applicable; verify access, audit evidence, and side effects.","The platform must correctly run async tasks with a compatible task runner; the boundary values condition follows the configured contract; valid state is preserved, invalid or unauthorized work is rejected or quarantined without silent loss, retries do not duplicate side effects, lineage and audit evidence remain available, and no production records or credentials are used.",Playwright + platform UI/API,"prefect,market-platform,synthetic-data,integrations,boundary-values"
Prefect,Integrations and Task Runners,PFT-INTEGRAT-00052,Integrations and Task Runners: run threaded work within bounded concurrency (boundary values),Prefect: run threaded work within bounded concurrency with boundary values,Functional,High,"Non-production tenant or isolated local fixture; synthetic records only; Exercise documented minimum, maximum, and just-outside limits.","1. Create a disposable, versioned synthetic fixture: Exercise documented minimum, maximum, and just-outside limits. 2. Execute the platform workflow to run threaded work within bounded concurrency. 3. Capture the committed result, resource version, or run status. 4. Compare the result with the source fixture and the declared invariant. 5. Repeat or recover the operation when applicable; verify access, audit evidence, and side effects.","The platform must correctly run threaded work within bounded concurrency; the boundary values condition follows the configured contract; valid state is preserved, invalid or unauthorized work is rejected or quarantined without silent loss, retries do not duplicate side effects, lineage and audit evidence remain available, and no production records or credentials are used.",Playwright + platform UI/API,"prefect,market-platform,synthetic-data,integrations,boundary-values"
Prefect,Integrations and Task Runners,PFT-INTEGRAT-00053,Integrations and Task Runners: load an approved pinned integration package (boundary values),Prefect: load an approved pinned integration package with boundary values,Functional,Medium,"Non-production tenant or isolated local fixture; synthetic records only; Exercise documented minimum, maximum, and just-outside limits.","1. Create a disposable, versioned synthetic fixture: Exercise documented minimum, maximum, and just-outside limits. 2. Execute the platform workflow to load an approved pinned integration package. 3. Capture the committed result, resource version, or run status. 4. Compare the result with the source fixture and the declared invariant. 5. Repeat or recover the operation when applicable; verify access, audit evidence, and side effects.","The platform must correctly load an approved pinned integration package; the boundary values condition follows the configured contract; valid state is preserved, invalid or unauthorized work is rejected or quarantined without silent loss, retries do not duplicate side effects, lineage and audit evidence remain available, and no production records or credentials are used.",Playwright + platform UI/API,"prefect,market-platform,synthetic-data,integrations,boundary-values"
Prefect,Integrations and Task Runners,PFT-INTEGRAT-00054,Integrations and Task Runners: reject incompatible runner settings before start (boundary values),Prefect: reject incompatible runner settings before start with boundary values,Functional,High,"Non-production tenant or isolated local fixture; synthetic records only; Exercise documented minimum, maximum, and just-outside limits.","1. Create a disposable, versioned synthetic fixture: Exercise documented minimum, maximum, and just-outside limits. 2. Execute the platform workflow to reject incompatible runner settings before start. 3. Capture the committed result, resource version, or run status. 4. Compare the result with the source fixture and the declared invariant. 5. Repeat or recover the operation when applicable; verify access, audit evidence, and side effects.","The platform must correctly reject incompatible runner settings before start; the boundary values condition follows the configured contract; valid state is preserved, invalid or unauthorized work is rejected or quarantined without silent loss, retries do not duplicate side effects, lineage and audit evidence remain available, and no production records or credentials are used.",Playwright + platform UI/API,"prefect,market-platform,synthetic-data,integrations,boundary-values"
Prefect,Integrations and Task Runners,PFT-INTEGRAT-00055,Integrations and Task Runners: invoke a mocked external test integration (boundary values),Prefect: invoke a mocked external test integration with boundary values,Functional,High,"Non-production tenant or isolated local fixture; synthetic records only; Exercise documented minimum, maximum, and just-outside limits.","1. Create a disposable, versioned synthetic fixture: Exercise documented minimum, maximum, and just-outside limits. 2. Execute the platform workflow to invoke a mocked external test integration. 3. Capture the committed result, resource version, or run status. 4. Compare the result with the source fixture and the declared invariant. 5. Repeat or recover the operation when applicable; verify access, audit evidence, and side effects.","The platform must correctly invoke a mocked external test integration; the boundary values condition follows the configured contract; valid state is preserved, invalid or unauthorized work is rejected or quarantined without silent loss, retries do not duplicate side effects, lineage and audit evidence remain available, and no production records or credentials are used.",Playwright + platform UI/API,"prefect,market-platform,synthetic-data,integrations,boundary-values"
Prefect,Integrations and Task Runners,PFT-INTEGRAT-00056,Integrations and Task Runners: retry calls with an idempotency key (boundary values),Prefect: retry calls with an idempotency key with boundary values,Functional,High,"Non-production tenant or isolated local fixture; synthetic records only; Exercise documented minimum, maximum, and just-outside limits.","1. Create a disposable, versioned synthetic fixture: Exercise documented minimum, maximum, and just-outside limits. 2. Execute the platform workflow to retry calls with an idempotency key. 3. Capture the committed result, resource version, or run status. 4. Compare the result with the source fixture and the declared invariant. 5. Repeat or recover the operation when applicable; verify access, audit evidence, and side effects.","The platform must correctly retry calls with an idempotency key; the boundary values condition follows the configured contract; valid state is preserved, invalid or unauthorized work is rejected or quarantined without silent loss, retries do not duplicate side effects, lineage and audit evidence remain available, and no production records or credentials are used.",Playwright + platform UI/API,"prefect,market-platform,synthetic-data,integrations,boundary-values"
Prefect,Integrations and Task Runners,PFT-INTEGRAT-00057,Integrations and Task Runners: preserve structured return data between tasks (boundary values),Prefect: preserve structured return data between tasks with boundary values,Functional,Medium,"Non-production tenant or isolated local fixture; synthetic records only; Exercise documented minimum, maximum, and just-outside limits.","1. Create a disposable, versioned synthetic fixture: Exercise documented minimum, maximum, and just-outside limits. 2. Execute the platform workflow to preserve structured return data between tasks. 3. Capture the committed result, resource version, or run status. 4. Compare the result with the source fixture and the declared invariant. 5. Repeat or recover the operation when applicable; verify access, audit evidence, and side effects.","The platform must correctly preserve structured return data between tasks; the boundary values condition follows the configured contract; valid state is preserved, invalid or unauthorized work is rejected or quarantined without silent loss, retries do not duplicate side effects, lineage and audit evidence remain available, and no production records or credentials are used.",Playwright + platform UI/API,"prefect,market-platform,synthetic-data,integrations,boundary-values"
Prefect,Integrations and Task Runners,PFT-INTEGRAT-00058,Integrations and Task Runners: map exceptions to declared retry rules (boundary values),Prefect: map exceptions to declared retry rules with boundary values,Functional,High,"Non-production tenant or isolated local fixture; synthetic records only; Exercise documented minimum, maximum, and just-outside limits.","1. Create a disposable, versioned synthetic fixture: Exercise documented minimum, maximum, and just-outside limits. 2. Execute the platform workflow to map exceptions to declared retry rules. 3. Capture the committed result, resource version, or run status. 4. Compare the result with the source fixture and the declared invariant. 5. Repeat or recover the operation when applicable; verify access, audit evidence, and side effects.","The platform must correctly map exceptions to declared retry rules; the boundary values condition follows the configured contract; valid state is preserved, invalid or unauthorized work is rejected or quarantined without silent loss, retries do not duplicate side effects, lineage and audit evidence remain available, and no production records or credentials are used.",Playwright + platform UI/API,"prefect,market-platform,synthetic-data,integrations,boundary-values"
Prefect,Integrations and Task Runners,PFT-INTEGRAT-00059,Integrations and Task Runners: upgrade integration without breaking imports (boundary values),Prefect: upgrade integration without breaking imports with boundary values,Functional,High,"Non-production tenant or isolated local fixture; synthetic records only; Exercise documented minimum, maximum, and just-outside limits.","1. Create a disposable, versioned synthetic fixture: Exercise documented minimum, maximum, and just-outside limits. 2. Execute the platform workflow to upgrade integration without breaking imports. 3. Capture the committed result, resource version, or run status. 4. Compare the result with the source fixture and the declared invariant. 5. Repeat or recover the operation when applicable; verify access, audit evidence, and side effects.","The platform must correctly upgrade integration without breaking imports; the boundary values condition follows the configured contract; valid state is preserved, invalid or unauthorized work is rejected or quarantined without silent loss, retries do not duplicate side effects, lineage and audit evidence remain available, and no production records or credentials are used.",Playwright + platform UI/API,"prefect,market-platform,synthetic-data,integrations,boundary-values"
Prefect,Integrations and Task Runners,PFT-INTEGRAT-00060,Integrations and Task Runners: record integration version in run metadata (boundary values),Prefect: record integration version in run metadata with boundary values,Functional,High,"Non-production tenant or isolated local fixture; synthetic records only; Exercise documented minimum, maximum, and just-outside limits.","1. Create a disposable, versioned synthetic fixture: Exercise documented minimum, maximum, and just-outside limits. 2. Execute the platform workflow to record integration version in run metadata. 3. Capture the committed result, resource version, or run status. 4. Compare the result with the source fixture and the declared invariant. 5. Repeat or recover the operation when applicable; verify access, audit evidence, and side effects.","The platform must correctly record integration version in run metadata; the boundary values condition follows the configured contract; valid state is preserved, invalid or unauthorized work is rejected or quarantined without silent loss, retries do not duplicate side effects, lineage and audit evidence remain available, and no production records or credentials are used.",Playwright + platform UI/API,"prefect,market-platform,synthetic-data,integrations,boundary-values"
Prefect,Integrations and Task Runners,PFT-INTEGRAT-00061,Integrations and Task Runners: run async tasks with a compatible task runner (late arriving data),Prefect: run async tasks with a compatible task runner with late arriving data,Functional,Medium,Non-production tenant or isolated local fixture; synthetic records only; Deliver an older event after a newer watermark or processing window has advanced.,"1. Create a disposable, versioned synthetic fixture: Deliver an older event after a newer watermark or processing window has advanced. 2. Execute the platform workflow to run async tasks with a compatible task runner. 3. Capture the committed result, resource version, or run status. 4. Compare the result with the source fixture and the declared invariant. 5. Repeat or recover the operation when applicable; verify access, audit evidence, and side effects.","The platform must correctly run async tasks with a compatible task runner; the late arriving data condition follows the configured contract; valid state is preserved, invalid or unauthorized work is rejected or quarantined without silent loss, retries do not duplicate side effects, lineage and audit evidence remain available, and no production records or credentials are used.",Playwright + platform UI/API,"prefect,market-platform,synthetic-data,integrations,late-arriving-data"
Prefect,Integrations and Task Runners,PFT-INTEGRAT-00062,Integrations and Task Runners: run threaded work within bounded concurrency (late arriving data),Prefect: run threaded work within bounded concurrency with late arriving data,Functional,High,Non-production tenant or isolated local fixture; synthetic records only; Deliver an older event after a newer watermark or processing window has advanced.,"1. Create a disposable, versioned synthetic fixture: Deliver an older event after a newer watermark or processing window has advanced. 2. Execute the platform workflow to run threaded work within bounded concurrency. 3. Capture the committed result, resource version, or run status. 4. Compare the result with the source fixture and the declared invariant. 5. Repeat or recover the operation when applicable; verify access, audit evidence, and side effects.","The platform must correctly run threaded work within bounded concurrency; the late arriving data condition follows the configured contract; valid state is preserved, invalid or unauthorized work is rejected or quarantined without silent loss, retries do not duplicate side effects, lineage and audit evidence remain available, and no production records or credentials are used.",Playwright + platform UI/API,"prefect,market-platform,synthetic-data,integrations,late-arriving-data"
Prefect,Integrations and Task Runners,PFT-INTEGRAT-00063,Integrations and Task Runners: load an approved pinned integration package (late arriving data),Prefect: load an approved pinned integration package with late arriving data,Functional,High,Non-production tenant or isolated local fixture; synthetic records only; Deliver an older event after a newer watermark or processing window has advanced.,"1. Create a disposable, versioned synthetic fixture: Deliver an older event after a newer watermark or processing window has advanced. 2. Execute the platform workflow to load an approved pinned integration package. 3. Capture the committed result, resource version, or run status. 4. Compare the result with the source fixture and the declared invariant. 5. Repeat or recover the operation when applicable; verify access, audit evidence, and side effects.","The platform must correctly load an approved pinned integration package; the late arriving data condition follows the configured contract; valid state is preserved, invalid or unauthorized work is rejected or quarantined without silent loss, retries do not duplicate side effects, lineage and audit evidence remain available, and no production records or credentials are used.",Playwright + platform UI/API,"prefect,market-platform,synthetic-data,integrations,late-arriving-data"
Prefect,Integrations and Task Runners,PFT-INTEGRAT-00064,Integrations and Task Runners: reject incompatible runner settings before start (late arriving data),Prefect: reject incompatible runner settings before start with late arriving data,Functional,High,Non-production tenant or isolated local fixture; synthetic records only; Deliver an older event after a newer watermark or processing window has advanced.,"1. Create a disposable, versioned synthetic fixture: Deliver an older event after a newer watermark or processing window has advanced. 2. Execute the platform workflow to reject incompatible runner settings before start. 3. Capture the committed result, resource version, or run status. 4. Compare the result with the source fixture and the declared invariant. 5. Repeat or recover the operation when applicable; verify access, audit evidence, and side effects.","The platform must correctly reject incompatible runner settings before start; the late arriving data condition follows the configured contract; valid state is preserved, invalid or unauthorized work is rejected or quarantined without silent loss, retries do not duplicate side effects, lineage and audit evidence remain available, and no production records or credentials are used.",Playwright + platform UI/API,"prefect,market-platform,synthetic-data,integrations,late-arriving-data"
Prefect,Integrations and Task Runners,PFT-INTEGRAT-00065,Integrations and Task Runners: invoke a mocked external test integration (late arriving data),Prefect: invoke a mocked external test integration with late arriving data,Functional,Medium,Non-production tenant or isolated local fixture; synthetic records only; Deliver an older event after a newer watermark or processing window has advanced.,"1. Create a disposable, versioned synthetic fixture: Deliver an older event after a newer watermark or processing window has advanced. 2. Execute the platform workflow to invoke a mocked external test integration. 3. Capture the committed result, resource version, or run status. 4. Compare the result with the source fixture and the declared invariant. 5. Repeat or recover the operation when applicable; verify access, audit evidence, and side effects.","The platform must correctly invoke a mocked external test integration; the late arriving data condition follows the configured contract; valid state is preserved, invalid or unauthorized work is rejected or quarantined without silent loss, retries do not duplicate side effects, lineage and audit evidence remain available, and no production records or credentials are used.",Playwright + platform UI/API,"prefect,market-platform,synthetic-data,integrations,late-arriving-data"
Prefect,Integrations and Task Runners,PFT-INTEGRAT-00066,Integrations and Task Runners: retry calls with an idempotency key (late arriving data),Prefect: retry calls with an idempotency key with late arriving data,Functional,High,Non-production tenant or isolated local fixture; synthetic records only; Deliver an older event after a newer watermark or processing window has advanced.,"1. Create a disposable, versioned synthetic fixture: Deliver an older event after a newer watermark or processing window has advanced. 2. Execute the platform workflow to retry calls with an idempotency key. 3. Capture the committed result, resource version, or run status. 4. Compare the result with the source fixture and the declared invariant. 5. Repeat or recover the operation when applicable; verify access, audit evidence, and side effects.","The platform must correctly retry calls with an idempotency key; the late arriving data condition follows the configured contract; valid state is preserved, invalid or unauthorized work is rejected or quarantined without silent loss, retries do not duplicate side effects, lineage and audit evidence remain available, and no production records or credentials are used.",Playwright + platform UI/API,"prefect,market-platform,synthetic-data,integrations,late-arriving-data"
Prefect,Integrations and Task Runners,PFT-INTEGRAT-00067,Integrations and Task Runners: preserve structured return data between tasks (late arriving data),Prefect: preserve structured return data between tasks with late arriving data,Functional,High,Non-production tenant or isolated local fixture; synthetic records only; Deliver an older event after a newer watermark or processing window has advanced.,"1. Create a disposable, versioned synthetic fixture: Deliver an older event after a newer watermark or processing window has advanced. 2. Execute the platform workflow to preserve structured return data between tasks. 3. Capture the committed result, resource version, or run status. 4. Compare the result with the source fixture and the declared invariant. 5. Repeat or recover the operation when applicable; verify access, audit evidence, and side effects.","The platform must correctly preserve structured return data between tasks; the late arriving data condition follows the configured contract; valid state is preserved, invalid or unauthorized work is rejected or quarantined without silent loss, retries do not duplicate side effects, lineage and audit evidence remain available, and no production records or credentials are used.",Playwright + platform UI/API,"prefect,market-platform,synthetic-data,integrations,late-arriving-data"
Prefect,Integrations and Task Runners,PFT-INTEGRAT-00068,Integrations and Task Runners: map exceptions to declared retry rules (late arriving data),Prefect: map exceptions to declared retry rules with late arriving data,Functional,High,Non-production tenant or isolated local fixture; synthetic records only; Deliver an older event after a newer watermark or processing window has advanced.,"1. Create a disposable, versioned synthetic fixture: Deliver an older event after a newer watermark or processing window has advanced. 2. Execute the platform workflow to map exceptions to declared retry rules. 3. Capture the committed result, resource version, or run status. 4. Compare the result with the source fixture and the declared invariant. 5. Repeat or recover the operation when applicable; verify access, audit evidence, and side effects.","The platform must correctly map exceptions to declared retry rules; the late arriving data condition follows the configured contract; valid state is preserved, invalid or unauthorized work is rejected or quarantined without silent loss, retries do not duplicate side effects, lineage and audit evidence remain available, and no production records or credentials are used.",Playwright + platform UI/API,"prefect,market-platform,synthetic-data,integrations,late-arriving-data"
Prefect,Integrations and Task Runners,PFT-INTEGRAT-00069,Integrations and Task Runners: upgrade integration without breaking imports (late arriving data),Prefect: upgrade integration without breaking imports with late arriving data,Functional,Medium,Non-production tenant or isolated local fixture; synthetic records only; Deliver an older event after a newer watermark or processing window has advanced.,"1. Create a disposable, versioned synthetic fixture: Deliver an older event after a newer watermark or processing window has advanced. 2. Execute the platform workflow to upgrade integration without breaking imports. 3. Capture the committed result, resource version, or run status. 4. Compare the result with the source fixture and the declared invariant. 5. Repeat or recover the operation when applicable; verify access, audit evidence, and side effects.","The platform must correctly upgrade integration without breaking imports; the late arriving data condition follows the configured contract; valid state is preserved, invalid or unauthorized work is rejected or quarantined without silent loss, retries do not duplicate side effects, lineage and audit evidence remain available, and no production records or credentials are used.",Playwright + platform UI/API,"prefect,market-platform,synthetic-data,integrations,late-arriving-data"
Prefect,Integrations and Task Runners,PFT-INTEGRAT-00070,Integrations and Task Runners: record integration version in run metadata (late arriving data),Prefect: record integration version in run metadata with late arriving data,Functional,High,Non-production tenant or isolated local fixture; synthetic records only; Deliver an older event after a newer watermark or processing window has advanced.,"1. Create a disposable, versioned synthetic fixture: Deliver an older event after a newer watermark or processing window has advanced. 2. Execute the platform workflow to record integration version in run metadata. 3. Capture the committed result, resource version, or run status. 4. Compare the result with the source fixture and the declared invariant. 5. Repeat or recover the operation when applicable; verify access, audit evidence, and side effects.","The platform must correctly record integration version in run metadata; the late arriving data condition follows the configured contract; valid state is preserved, invalid or unauthorized work is rejected or quarantined without silent loss, retries do not duplicate side effects, lineage and audit evidence remain available, and no production records or credentials are used.",Playwright + platform UI/API,"prefect,market-platform,synthetic-data,integrations,late-arriving-data"
Prefect,Integrations and Task Runners,PFT-INTEGRAT-00071,Integrations and Task Runners: run async tasks with a compatible task runner (out-of-order events),Prefect: run async tasks with a compatible task runner with out-of-order events,Functional,High,Non-production tenant or isolated local fixture; synthetic records only; Shuffle event or commit order while preserving source event-time values.,"1. Create a disposable, versioned synthetic fixture: Shuffle event or commit order while preserving source event-time values. 2. Execute the platform workflow to run async tasks with a compatible task runner. 3. Capture the committed result, resource version, or run status. 4. Compare the result with the source fixture and the declared invariant. 5. Repeat or recover the operation when applicable; verify access, audit evidence, and side effects.","The platform must correctly run async tasks with a compatible task runner; the out-of-order events condition follows the configured contract; valid state is preserved, invalid or unauthorized work is rejected or quarantined without silent loss, retries do not duplicate side effects, lineage and audit evidence remain available, and no production records or credentials are used.",Playwright + platform UI/API,"prefect,market-platform,synthetic-data,integrations,out-of-order-events"
Prefect,Integrations and Task Runners,PFT-INTEGRAT-00072,Integrations and Task Runners: run threaded work within bounded concurrency (out-of-order events),Prefect: run threaded work within bounded concurrency with out-of-order events,Functional,High,Non-production tenant or isolated local fixture; synthetic records only; Shuffle event or commit order while preserving source event-time values.,"1. Create a disposable, versioned synthetic fixture: Shuffle event or commit order while preserving source event-time values. 2. Execute the platform workflow to run threaded work within bounded concurrency. 3. Capture the committed result, resource version, or run status. 4. Compare the result with the source fixture and the declared invariant. 5. Repeat or recover the operation when applicable; verify access, audit evidence, and side effects.","The platform must correctly run threaded work within bounded concurrency; the out-of-order events condition follows the configured contract; valid state is preserved, invalid or unauthorized work is rejected or quarantined without silent loss, retries do not duplicate side effects, lineage and audit evidence remain available, and no production records or credentials are used.",Playwright + platform UI/API,"prefect,market-platform,synthetic-data,integrations,out-of-order-events"
Prefect,Integrations and Task Runners,PFT-INTEGRAT-00073,Integrations and Task Runners: load an approved pinned integration package (out-of-order events),Prefect: load an approved pinned integration package with out-of-order events,Functional,Medium,Non-production tenant or isolated local fixture; synthetic records only; Shuffle event or commit order while preserving source event-time values.,"1. Create a disposable, versioned synthetic fixture: Shuffle event or commit order while preserving source event-time values. 2. Execute the platform workflow to load an approved pinned integration package. 3. Capture the committed result, resource version, or run status. 4. Compare the result with the source fixture and the declared invariant. 5. Repeat or recover the operation when applicable; verify access, audit evidence, and side effects.","The platform must correctly load an approved pinned integration package; the out-of-order events condition follows the configured contract; valid state is preserved, invalid or unauthorized work is rejected or quarantined without silent loss, retries do not duplicate side effects, lineage and audit evidence remain available, and no production records or credentials are used.",Playwright + platform UI/API,"prefect,market-platform,synthetic-data,integrations,out-of-order-events"
Prefect,Integrations and Task Runners,PFT-INTEGRAT-00074,Integrations and Task Runners: reject incompatible runner settings before start (out-of-order events),Prefect: reject incompatible runner settings before start with out-of-order events,Functional,High,Non-production tenant or isolated local fixture; synthetic records only; Shuffle event or commit order while preserving source event-time values.,"1. Create a disposable, versioned synthetic fixture: Shuffle event or commit order while preserving source event-time values. 2. Execute the platform workflow to reject incompatible runner settings before start. 3. Capture the committed result, resource version, or run status. 4. Compare the result with the source fixture and the declared invariant. 5. Repeat or recover the operation when applicable; verify access, audit evidence, and side effects.","The platform must correctly reject incompatible runner settings before start; the out-of-order events condition follows the configured contract; valid state is preserved, invalid or unauthorized work is rejected or quarantined without silent loss, retries do not duplicate side effects, lineage and audit evidence remain available, and no production records or credentials are used.",Playwright + platform UI/API,"prefect,market-platform,synthetic-data,integrations,out-of-order-events"
Prefect,Integrations and Task Runners,PFT-INTEGRAT-00075,Integrations and Task Runners: invoke a mocked external test integration (out-of-order events),Prefect: invoke a mocked external test integration with out-of-order events,Functional,High,Non-production tenant or isolated local fixture; synthetic records only; Shuffle event or commit order while preserving source event-time values.,"1. Create a disposable, versioned synthetic fixture: Shuffle event or commit order while preserving source event-time values. 2. Execute the platform workflow to invoke a mocked external test integration. 3. Capture the committed result, resource version, or run status. 4. Compare the result with the source fixture and the declared invariant. 5. Repeat or recover the operation when applicable; verify access, audit evidence, and side effects.","The platform must correctly invoke a mocked external test integration; the out-of-order events condition follows the configured contract; valid state is preserved, invalid or unauthorized work is rejected or quarantined without silent loss, retries do not duplicate side effects, lineage and audit evidence remain available, and no production records or credentials are used.",Playwright + platform UI/API,"prefect,market-platform,synthetic-data,integrations,out-of-order-events"
Prefect,Integrations and Task Runners,PFT-INTEGRAT-00076,Integrations and Task Runners: retry calls with an idempotency key (out-of-order events),Prefect: retry calls with an idempotency key with out-of-order events,Functional,High,Non-production tenant or isolated local fixture; synthetic records only; Shuffle event or commit order while preserving source event-time values.,"1. Create a disposable, versioned synthetic fixture: Shuffle event or commit order while preserving source event-time values. 2. Execute the platform workflow to retry calls with an idempotency key. 3. Capture the committed result, resource version, or run status. 4. Compare the result with the source fixture and the declared invariant. 5. Repeat or recover the operation when applicable; verify access, audit evidence, and side effects.","The platform must correctly retry calls with an idempotency key; the out-of-order events condition follows the configured contract; valid state is preserved, invalid or unauthorized work is rejected or quarantined without silent loss, retries do not duplicate side effects, lineage and audit evidence remain available, and no production records or credentials are used.",Playwright + platform UI/API,"prefect,market-platform,synthetic-data,integrations,out-of-order-events"
Prefect,Integrations and Task Runners,PFT-INTEGRAT-00077,Integrations and Task Runners: preserve structured return data between tasks (out-of-order events),Prefect: preserve structured return data between tasks with out-of-order events,Functional,Medium,Non-production tenant or isolated local fixture; synthetic records only; Shuffle event or commit order while preserving source event-time values.,"1. Create a disposable, versioned synthetic fixture: Shuffle event or commit order while preserving source event-time values. 2. Execute the platform workflow to preserve structured return data between tasks. 3. Capture the committed result, resource version, or run status. 4. Compare the result with the source fixture and the declared invariant. 5. Repeat or recover the operation when applicable; verify access, audit evidence, and side effects.","The platform must correctly preserve structured return data between tasks; the out-of-order events condition follows the configured contract; valid state is preserved, invalid or unauthorized work is rejected or quarantined without silent loss, retries do not duplicate side effects, lineage and audit evidence remain available, and no production records or credentials are used.",Playwright + platform UI/API,"prefect,market-platform,synthetic-data,integrations,out-of-order-events"
Prefect,Integrations and Task Runners,PFT-INTEGRAT-00078,Integrations and Task Runners: map exceptions to declared retry rules (out-of-order events),Prefect: map exceptions to declared retry rules with out-of-order events,Functional,High,Non-production tenant or isolated local fixture; synthetic records only; Shuffle event or commit order while preserving source event-time values.,"1. Create a disposable, versioned synthetic fixture: Shuffle event or commit order while preserving source event-time values. 2. Execute the platform workflow to map exceptions to declared retry rules. 3. Capture the committed result, resource version, or run status. 4. Compare the result with the source fixture and the declared invariant. 5. Repeat or recover the operation when applicable; verify access, audit evidence, and side effects.","The platform must correctly map exceptions to declared retry rules; the out-of-order events condition follows the configured contract; valid state is preserved, invalid or unauthorized work is rejected or quarantined without silent loss, retries do not duplicate side effects, lineage and audit evidence remain available, and no production records or credentials are used.",Playwright + platform UI/API,"prefect,market-platform,synthetic-data,integrations,out-of-order-events"
Prefect,Integrations and Task Runners,PFT-INTEGRAT-00079,Integrations and Task Runners: upgrade integration without breaking imports (out-of-order events),Prefect: upgrade integration without breaking imports with out-of-order events,Functional,High,Non-production tenant or isolated local fixture; synthetic records only; Shuffle event or commit order while preserving source event-time values.,"1. Create a disposable, versioned synthetic fixture: Shuffle event or commit order while preserving source event-time values. 2. Execute the platform workflow to upgrade integration without breaking imports. 3. Capture the committed result, resource version, or run status. 4. Compare the result with the source fixture and the declared invariant. 5. Repeat or recover the operation when applicable; verify access, audit evidence, and side effects.","The platform must correctly upgrade integration without breaking imports; the out-of-order events condition follows the configured contract; valid state is preserved, invalid or unauthorized work is rejected or quarantined without silent loss, retries do not duplicate side effects, lineage and audit evidence remain available, and no production records or credentials are used.",Playwright + platform UI/API,"prefect,market-platform,synthetic-data,integrations,out-of-order-events"
Prefect,Integrations and Task Runners,PFT-INTEGRAT-00080,Integrations and Task Runners: record integration version in run metadata (out-of-order events),Prefect: record integration version in run metadata with out-of-order events,Functional,High,Non-production tenant or isolated local fixture; synthetic records only; Shuffle event or commit order while preserving source event-time values.,"1. Create a disposable, versioned synthetic fixture: Shuffle event or commit order while preserving source event-time values. 2. Execute the platform workflow to record integration version in run metadata. 3. Capture the committed result, resource version, or run status. 4. Compare the result with the source fixture and the declared invariant. 5. Repeat or recover the operation when applicable; verify access, audit evidence, and side effects.","The platform must correctly record integration version in run metadata; the out-of-order events condition follows the configured contract; valid state is preserved, invalid or unauthorized work is rejected or quarantined without silent loss, retries do not duplicate side effects, lineage and audit evidence remain available, and no production records or credentials are used.",Playwright + platform UI/API,"prefect,market-platform,synthetic-data,integrations,out-of-order-events"
Prefect,Integrations and Task Runners,PFT-INTEGRAT-00081,Integrations and Task Runners: run async tasks with a compatible task runner (compatible schema change),Prefect: run async tasks with a compatible task runner with compatible schema change,Functional,Medium,Non-production tenant or isolated local fixture; synthetic records only; Add a nullable field while existing readers and stored versions remain active.,"1. Create a disposable, versioned synthetic fixture: Add a nullable field while existing readers and stored versions remain active. 2. Execute the platform workflow to run async tasks with a compatible task runner. 3. Capture the committed result, resource version, or run status. 4. Compare the result with the source fixture and the declared invariant. 5. Repeat or recover the operation when applicable; verify access, audit evidence, and side effects.","The platform must correctly run async tasks with a compatible task runner; the compatible schema change condition follows the configured contract; valid state is preserved, invalid or unauthorized work is rejected or quarantined without silent loss, retries do not duplicate side effects, lineage and audit evidence remain available, and no production records or credentials are used.",Playwright + platform UI/API,"prefect,market-platform,synthetic-data,integrations,compatible-schema-change"
Prefect,Integrations and Task Runners,PFT-INTEGRAT-00082,Integrations and Task Runners: run threaded work within bounded concurrency (compatible schema change),Prefect: run threaded work within bounded concurrency with compatible schema change,Functional,High,Non-production tenant or isolated local fixture; synthetic records only; Add a nullable field while existing readers and stored versions remain active.,"1. Create a disposable, versioned synthetic fixture: Add a nullable field while existing readers and stored versions remain active. 2. Execute the platform workflow to run threaded work within bounded concurrency. 3. Capture the committed result, resource version, or run status. 4. Compare the result with the source fixture and the declared invariant. 5. Repeat or recover the operation when applicable; verify access, audit evidence, and side effects.","The platform must correctly run threaded work within bounded concurrency; the compatible schema change condition follows the configured contract; valid state is preserved, invalid or unauthorized work is rejected or quarantined without silent loss, retries do not duplicate side effects, lineage and audit evidence remain available, and no production records or credentials are used.",Playwright + platform UI/API,"prefect,market-platform,synthetic-data,integrations,compatible-schema-change"
Prefect,Integrations and Task Runners,PFT-INTEGRAT-00083,Integrations and Task Runners: load an approved pinned integration package (compatible schema change),Prefect: load an approved pinned integration package with compatible schema change,Functional,High,Non-production tenant or isolated local fixture; synthetic records only; Add a nullable field while existing readers and stored versions remain active.,"1. Create a disposable, versioned synthetic fixture: Add a nullable field while existing readers and stored versions remain active. 2. Execute the platform workflow to load an approved pinned integration package. 3. Capture the committed result, resource version, or run status. 4. Compare the result with the source fixture and the declared invariant. 5. Repeat or recover the operation when applicable; verify access, audit evidence, and side effects.","The platform must correctly load an approved pinned integration package; the compatible schema change condition follows the configured contract; valid state is preserved, invalid or unauthorized work is rejected or quarantined without silent loss, retries do not duplicate side effects, lineage and audit evidence remain available, and no production records or credentials are used.",Playwright + platform UI/API,"prefect,market-platform,synthetic-data,integrations,compatible-schema-change"
Prefect,Integrations and Task Runners,PFT-INTEGRAT-00084,Integrations and Task Runners: reject incompatible runner settings before start (compatible schema change),Prefect: reject incompatible runner settings before start with compatible schema change,Functional,High,Non-production tenant or isolated local fixture; synthetic records only; Add a nullable field while existing readers and stored versions remain active.,"1. Create a disposable, versioned synthetic fixture: Add a nullable field while existing readers and stored versions remain active. 2. Execute the platform workflow to reject incompatible runner settings before start. 3. Capture the committed result, resource version, or run status. 4. Compare the result with the source fixture and the declared invariant. 5. Repeat or recover the operation when applicable; verify access, audit evidence, and side effects.","The platform must correctly reject incompatible runner settings before start; the compatible schema change condition follows the configured contract; valid state is preserved, invalid or unauthorized work is rejected or quarantined without silent loss, retries do not duplicate side effects, lineage and audit evidence remain available, and no production records or credentials are used.",Playwright + platform UI/API,"prefect,market-platform,synthetic-data,integrations,compatible-schema-change"
Prefect,Integrations and Task Runners,PFT-INTEGRAT-00085,Integrations and Task Runners: invoke a mocked external test integration (compatible schema change),Prefect: invoke a mocked external test integration with compatible schema change,Functional,Medium,Non-production tenant or isolated local fixture; synthetic records only; Add a nullable field while existing readers and stored versions remain active.,"1. Create a disposable, versioned synthetic fixture: Add a nullable field while existing readers and stored versions remain active. 2. Execute the platform workflow to invoke a mocked external test integration. 3. Capture the committed result, resource version, or run status. 4. Compare the result with the source fixture and the declared invariant. 5. Repeat or recover the operation when applicable; verify access, audit evidence, and side effects.","The platform must correctly invoke a mocked external test integration; the compatible schema change condition follows the configured contract; valid state is preserved, invalid or unauthorized work is rejected or quarantined without silent loss, retries do not duplicate side effects, lineage and audit evidence remain available, and no production records or credentials are used.",Playwright + platform UI/API,"prefect,market-platform,synthetic-data,integrations,compatible-schema-change"
Prefect,Integrations and Task Runners,PFT-INTEGRAT-00086,Integrations and Task Runners: retry calls with an idempotency key (compatible schema change),Prefect: retry calls with an idempotency key with compatible schema change,Functional,High,Non-production tenant or isolated local fixture; synthetic records only; Add a nullable field while existing readers and stored versions remain active.,"1. Create a disposable, versioned synthetic fixture: Add a nullable field while existing readers and stored versions remain active. 2. Execute the platform workflow to retry calls with an idempotency key. 3. Capture the committed result, resource version, or run status. 4. Compare the result with the source fixture and the declared invariant. 5. Repeat or recover the operation when applicable; verify access, audit evidence, and side effects.","The platform must correctly retry calls with an idempotency key; the compatible schema change condition follows the configured contract; valid state is preserved, invalid or unauthorized work is rejected or quarantined without silent loss, retries do not duplicate side effects, lineage and audit evidence remain available, and no production records or credentials are used.",Playwright + platform UI/API,"prefect,market-platform,synthetic-data,integrations,compatible-schema-change"
Prefect,Integrations and Task Runners,PFT-INTEGRAT-00087,Integrations and Task Runners: preserve structured return data between tasks (compatible schema change),Prefect: preserve structured return data between tasks with compatible schema change,Functional,High,Non-production tenant or isolated local fixture; synthetic records only; Add a nullable field while existing readers and stored versions remain active.,"1. Create a disposable, versioned synthetic fixture: Add a nullable field while existing readers and stored versions remain active. 2. Execute the platform workflow to preserve structured return data between tasks. 3. Capture the committed result, resource version, or run status. 4. Compare the result with the source fixture and the declared invariant. 5. Repeat or recover the operation when applicable; verify access, audit evidence, and side effects.","The platform must correctly preserve structured return data between tasks; the compatible schema change condition follows the configured contract; valid state is preserved, invalid or unauthorized work is rejected or quarantined without silent loss, retries do not duplicate side effects, lineage and audit evidence remain available, and no production records or credentials are used.",Playwright + platform UI/API,"prefect,market-platform,synthetic-data,integrations,compatible-schema-change"
Prefect,Integrations and Task Runners,PFT-INTEGRAT-00088,Integrations and Task Runners: map exceptions to declared retry rules (compatible schema change),Prefect: map exceptions to declared retry rules with compatible schema change,Functional,High,Non-production tenant or isolated local fixture; synthetic records only; Add a nullable field while existing readers and stored versions remain active.,"1. Create a disposable, versioned synthetic fixture: Add a nullable field while existing readers and stored versions remain active. 2. Execute the platform workflow to map exceptions to declared retry rules. 3. Capture the committed result, resource version, or run status. 4. Compare the result with the source fixture and the declared invariant. 5. Repeat or recover the operation when applicable; verify access, audit evidence, and side effects.","The platform must correctly map exceptions to declared retry rules; the compatible schema change condition follows the configured contract; valid state is preserved, invalid or unauthorized work is rejected or quarantined without silent loss, retries do not duplicate side effects, lineage and audit evidence remain available, and no production records or credentials are used.",Playwright + platform UI/API,"prefect,market-platform,synthetic-data,integrations,compatible-schema-change"
Prefect,Integrations and Task Runners,PFT-INTEGRAT-00089,Integrations and Task Runners: upgrade integration without breaking imports (compatible schema change),Prefect: upgrade integration without breaking imports with compatible schema change,Functional,Medium,Non-production tenant or isolated local fixture; synthetic records only; Add a nullable field while existing readers and stored versions remain active.,"1. Create a disposable, versioned synthetic fixture: Add a nullable field while existing readers and stored versions remain active. 2. Execute the platform workflow to upgrade integration without breaking imports. 3. Capture the committed result, resource version, or run status. 4. Compare the result with the source fixture and the declared invariant. 5. Repeat or recover the operation when applicable; verify access, audit evidence, and side effects.","The platform must correctly upgrade integration without breaking imports; the compatible schema change condition follows the configured contract; valid state is preserved, invalid or unauthorized work is rejected or quarantined without silent loss, retries do not duplicate side effects, lineage and audit evidence remain available, and no production records or credentials are used.",Playwright + platform UI/API,"prefect,market-platform,synthetic-data,integrations,compatible-schema-change"
Prefect,Integrations and Task Runners,PFT-INTEGRAT-00090,Integrations and Task Runners: record integration version in run metadata (compatible schema change),Prefect: record integration version in run metadata with compatible schema change,Functional,High,Non-production tenant or isolated local fixture; synthetic records only; Add a nullable field while existing readers and stored versions remain active.,"1. Create a disposable, versioned synthetic fixture: Add a nullable field while existing readers and stored versions remain active. 2. Execute the platform workflow to record integration version in run metadata. 3. Capture the committed result, resource version, or run status. 4. Compare the result with the source fixture and the declared invariant. 5. Repeat or recover the operation when applicable; verify access, audit evidence, and side effects.","The platform must correctly record integration version in run metadata; the compatible schema change condition follows the configured contract; valid state is preserved, invalid or unauthorized work is rejected or quarantined without silent loss, retries do not duplicate side effects, lineage and audit evidence remain available, and no production records or credentials are used.",Playwright + platform UI/API,"prefect,market-platform,synthetic-data,integrations,compatible-schema-change"
Prefect,Integrations and Task Runners,PFT-INTEGRAT-00091,Integrations and Task Runners: run async tasks with a compatible task runner (field rename),Prefect: run async tasks with a compatible task runner with field rename,Functional,High,Non-production tenant or isolated local fixture; synthetic records only; Rename a field using the supported migration path and inspect historical reads.,"1. Create a disposable, versioned synthetic fixture: Rename a field using the supported migration path and inspect historical reads. 2. Execute the platform workflow to run async tasks with a compatible task runner. 3. Capture the committed result, resource version, or run status. 4. Compare the result with the source fixture and the declared invariant. 5. Repeat or recover the operation when applicable; verify access, audit evidence, and side effects.","The platform must correctly run async tasks with a compatible task runner; the field rename condition follows the configured contract; valid state is preserved, invalid or unauthorized work is rejected or quarantined without silent loss, retries do not duplicate side effects, lineage and audit evidence remain available, and no production records or credentials are used.",Playwright + platform UI/API,"prefect,market-platform,synthetic-data,integrations,field-rename"
Prefect,Integrations and Task Runners,PFT-INTEGRAT-00092,Integrations and Task Runners: run threaded work within bounded concurrency (field rename),Prefect: run threaded work within bounded concurrency with field rename,Functional,High,Non-production tenant or isolated local fixture; synthetic records only; Rename a field using the supported migration path and inspect historical reads.,"1. Create a disposable, versioned synthetic fixture: Rename a field using the supported migration path and inspect historical reads. 2. Execute the platform workflow to run threaded work within bounded concurrency. 3. Capture the committed result, resource version, or run status. 4. Compare the result with the source fixture and the declared invariant. 5. Repeat or recover the operation when applicable; verify access, audit evidence, and side effects.","The platform must correctly run threaded work within bounded concurrency; the field rename condition follows the configured contract; valid state is preserved, invalid or unauthorized work is rejected or quarantined without silent loss, retries do not duplicate side effects, lineage and audit evidence remain available, and no production records or credentials are used.",Playwright + platform UI/API,"prefect,market-platform,synthetic-data,integrations,field-rename"
Prefect,Integrations and Task Runners,PFT-INTEGRAT-00093,Integrations and Task Runners: load an approved pinned integration package (field rename),Prefect: load an approved pinned integration package with field rename,Functional,Medium,Non-production tenant or isolated local fixture; synthetic records only; Rename a field using the supported migration path and inspect historical reads.,"1. Create a disposable, versioned synthetic fixture: Rename a field using the supported migration path and inspect historical reads. 2. Execute the platform workflow to load an approved pinned integration package. 3. Capture the committed result, resource version, or run status. 4. Compare the result with the source fixture and the declared invariant. 5. Repeat or recover the operation when applicable; verify access, audit evidence, and side effects.","The platform must correctly load an approved pinned integration package; the field rename condition follows the configured contract; valid state is preserved, invalid or unauthorized work is rejected or quarantined without silent loss, retries do not duplicate side effects, lineage and audit evidence remain available, and no production records or credentials are used.",Playwright + platform UI/API,"prefect,market-platform,synthetic-data,integrations,field-rename"
Prefect,Integrations and Task Runners,PFT-INTEGRAT-00094,Integrations and Task Runners: reject incompatible runner settings before start (field rename),Prefect: reject incompatible runner settings before start with field rename,Functional,High,Non-production tenant or isolated local fixture; synthetic records only; Rename a field using the supported migration path and inspect historical reads.,"1. Create a disposable, versioned synthetic fixture: Rename a field using the supported migration path and inspect historical reads. 2. Execute the platform workflow to reject incompatible runner settings before start. 3. Capture the committed result, resource version, or run status. 4. Compare the result with the source fixture and the declared invariant. 5. Repeat or recover the operation when applicable; verify access, audit evidence, and side effects.","The platform must correctly reject incompatible runner settings before start; the field rename condition follows the configured contract; valid state is preserved, invalid or unauthorized work is rejected or quarantined without silent loss, retries do not duplicate side effects, lineage and audit evidence remain available, and no production records or credentials are used.",Playwright + platform UI/API,"prefect,market-platform,synthetic-data,integrations,field-rename"
Prefect,Integrations and Task Runners,PFT-INTEGRAT-00095,Integrations and Task Runners: invoke a mocked external test integration (field rename),Prefect: invoke a mocked external test integration with field rename,Functional,High,Non-production tenant or isolated local fixture; synthetic records only; Rename a field using the supported migration path and inspect historical reads.,"1. Create a disposable, versioned synthetic fixture: Rename a field using the supported migration path and inspect historical reads. 2. Execute the platform workflow to invoke a mocked external test integration. 3. Capture the committed result, resource version, or run status. 4. Compare the result with the source fixture and the declared invariant. 5. Repeat or recover the operation when applicable; verify access, audit evidence, and side effects.","The platform must correctly invoke a mocked external test integration; the field rename condition follows the configured contract; valid state is preserved, invalid or unauthorized work is rejected or quarantined without silent loss, retries do not duplicate side effects, lineage and audit evidence remain available, and no production records or credentials are used.",Playwright + platform UI/API,"prefect,market-platform,synthetic-data,integrations,field-rename"
Prefect,Integrations and Task Runners,PFT-INTEGRAT-00096,Integrations and Task Runners: retry calls with an idempotency key (field rename),Prefect: retry calls with an idempotency key with field rename,Functional,High,Non-production tenant or isolated local fixture; synthetic records only; Rename a field using the supported migration path and inspect historical reads.,"1. Create a disposable, versioned synthetic fixture: Rename a field using the supported migration path and inspect historical reads. 2. Execute the platform workflow to retry calls with an idempotency key. 3. Capture the committed result, resource version, or run status. 4. Compare the result with the source fixture and the declared invariant. 5. Repeat or recover the operation when applicable; verify access, audit evidence, and side effects.","The platform must correctly retry calls with an idempotency key; the field rename condition follows the configured contract; valid state is preserved, invalid or unauthorized work is rejected or quarantined without silent loss, retries do not duplicate side effects, lineage and audit evidence remain available, and no production records or credentials are used.",Playwright + platform UI/API,"prefect,market-platform,synthetic-data,integrations,field-rename"
Prefect,Integrations and Task Runners,PFT-INTEGRAT-00097,Integrations and Task Runners: preserve structured return data between tasks (field rename),Prefect: preserve structured return data between tasks with field rename,Functional,Medium,Non-production tenant or isolated local fixture; synthetic records only; Rename a field using the supported migration path and inspect historical reads.,"1. Create a disposable, versioned synthetic fixture: Rename a field using the supported migration path and inspect historical reads. 2. Execute the platform workflow to preserve structured return data between tasks. 3. Capture the committed result, resource version, or run status. 4. Compare the result with the source fixture and the declared invariant. 5. Repeat or recover the operation when applicable; verify access, audit evidence, and side effects.","The platform must correctly preserve structured return data between tasks; the field rename condition follows the configured contract; valid state is preserved, invalid or unauthorized work is rejected or quarantined without silent loss, retries do not duplicate side effects, lineage and audit evidence remain available, and no production records or credentials are used.",Playwright + platform UI/API,"prefect,market-platform,synthetic-data,integrations,field-rename"
Prefect,Integrations and Task Runners,PFT-INTEGRAT-00098,Integrations and Task Runners: map exceptions to declared retry rules (field rename),Prefect: map exceptions to declared retry rules with field rename,Functional,High,Non-production tenant or isolated local fixture; synthetic records only; Rename a field using the supported migration path and inspect historical reads.,"1. Create a disposable, versioned synthetic fixture: Rename a field using the supported migration path and inspect historical reads. 2. Execute the platform workflow to map exceptions to declared retry rules. 3. Capture the committed result, resource version, or run status. 4. Compare the result with the source fixture and the declared invariant. 5. Repeat or recover the operation when applicable; verify access, audit evidence, and side effects.","The platform must correctly map exceptions to declared retry rules; the field rename condition follows the configured contract; valid state is preserved, invalid or unauthorized work is rejected or quarantined without silent loss, retries do not duplicate side effects, lineage and audit evidence remain available, and no production records or credentials are used.",Playwright + platform UI/API,"prefect,market-platform,synthetic-data,integrations,field-rename"
Prefect,Integrations and Task Runners,PFT-INTEGRAT-00099,Integrations and Task Runners: upgrade integration without breaking imports (field rename),Prefect: upgrade integration without breaking imports with field rename,Functional,High,Non-production tenant or isolated local fixture; synthetic records only; Rename a field using the supported migration path and inspect historical reads.,"1. Create a disposable, versioned synthetic fixture: Rename a field using the supported migration path and inspect historical reads. 2. Execute the platform workflow to upgrade integration without breaking imports. 3. Capture the committed result, resource version, or run status. 4. Compare the result with the source fixture and the declared invariant. 5. Repeat or recover the operation when applicable; verify access, audit evidence, and side effects.","The platform must correctly upgrade integration without breaking imports; the field rename condition follows the configured contract; valid state is preserved, invalid or unauthorized work is rejected or quarantined without silent loss, retries do not duplicate side effects, lineage and audit evidence remain available, and no production records or credentials are used.",Playwright + platform UI/API,"prefect,market-platform,synthetic-data,integrations,field-rename"
Prefect,Integrations and Task Runners,PFT-INTEGRAT-00100,Integrations and Task Runners: record integration version in run metadata (field rename),Prefect: record integration version in run metadata with field rename,Functional,High,Non-production tenant or isolated local fixture; synthetic records only; Rename a field using the supported migration path and inspect historical reads.,"1. Create a disposable, versioned synthetic fixture: Rename a field using the supported migration path and inspect historical reads. 2. Execute the platform workflow to record integration version in run metadata. 3. Capture the committed result, resource version, or run status. 4. Compare the result with the source fixture and the declared invariant. 5. Repeat or recover the operation when applicable; verify access, audit evidence, and side effects.","The platform must correctly record integration version in run metadata; the field rename condition follows the configured contract; valid state is preserved, invalid or unauthorized work is rejected or quarantined without silent loss, retries do not duplicate side effects, lineage and audit evidence remain available, and no production records or credentials are used.",Playwright + platform UI/API,"prefect,market-platform,synthetic-data,integrations,field-rename"
Prefect,Integrations and Task Runners,PFT-INTEGRAT-00101,Integrations and Task Runners: run async tasks with a compatible task runner (worker restart),Prefect: run async tasks with a compatible task runner with worker restart,Resilience,Medium,Non-production tenant or isolated local fixture; synthetic records only; Restart a worker after processing input but before final checkpoint or commit.,"1. Create a disposable, versioned synthetic fixture: Restart a worker after processing input but before final checkpoint or commit. 2. Execute the platform workflow to run async tasks with a compatible task runner. 3. Capture the committed result, resource version, or run status. 4. Compare the result with the source fixture and the declared invariant. 5. Repeat or recover the operation when applicable; verify access, audit evidence, and side effects.","The platform must correctly run async tasks with a compatible task runner; the worker restart condition follows the configured contract; valid state is preserved, invalid or unauthorized work is rejected or quarantined without silent loss, retries do not duplicate side effects, lineage and audit evidence remain available, and no production records or credentials are used.",Playwright + platform UI/API,"prefect,market-platform,synthetic-data,integrations,worker-restart"
Prefect,Integrations and Task Runners,PFT-INTEGRAT-00102,Integrations and Task Runners: run threaded work within bounded concurrency (worker restart),Prefect: run threaded work within bounded concurrency with worker restart,Resilience,High,Non-production tenant or isolated local fixture; synthetic records only; Restart a worker after processing input but before final checkpoint or commit.,"1. Create a disposable, versioned synthetic fixture: Restart a worker after processing input but before final checkpoint or commit. 2. Execute the platform workflow to run threaded work within bounded concurrency. 3. Capture the committed result, resource version, or run status. 4. Compare the result with the source fixture and the declared invariant. 5. Repeat or recover the operation when applicable; verify access, audit evidence, and side effects.","The platform must correctly run threaded work within bounded concurrency; the worker restart condition follows the configured contract; valid state is preserved, invalid or unauthorized work is rejected or quarantined without silent loss, retries do not duplicate side effects, lineage and audit evidence remain available, and no production records or credentials are used.",Playwright + platform UI/API,"prefect,market-platform,synthetic-data,integrations,worker-restart"
Prefect,Integrations and Task Runners,PFT-INTEGRAT-00103,Integrations and Task Runners: load an approved pinned integration package (worker restart),Prefect: load an approved pinned integration package with worker restart,Resilience,High,Non-production tenant or isolated local fixture; synthetic records only; Restart a worker after processing input but before final checkpoint or commit.,"1. Create a disposable, versioned synthetic fixture: Restart a worker after processing input but before final checkpoint or commit. 2. Execute the platform workflow to load an approved pinned integration package. 3. Capture the committed result, resource version, or run status. 4. Compare the result with the source fixture and the declared invariant. 5. Repeat or recover the operation when applicable; verify access, audit evidence, and side effects.","The platform must correctly load an approved pinned integration package; the worker restart condition follows the configured contract; valid state is preserved, invalid or unauthorized work is rejected or quarantined without silent loss, retries do not duplicate side effects, lineage and audit evidence remain available, and no production records or credentials are used.",Playwright + platform UI/API,"prefect,market-platform,synthetic-data,integrations,worker-restart"
Prefect,Integrations and Task Runners,PFT-INTEGRAT-00104,Integrations and Task Runners: reject incompatible runner settings before start (worker restart),Prefect: reject incompatible runner settings before start with worker restart,Resilience,High,Non-production tenant or isolated local fixture; synthetic records only; Restart a worker after processing input but before final checkpoint or commit.,"1. Create a disposable, versioned synthetic fixture: Restart a worker after processing input but before final checkpoint or commit. 2. Execute the platform workflow to reject incompatible runner settings before start. 3. Capture the committed result, resource version, or run status. 4. Compare the result with the source fixture and the declared invariant. 5. Repeat or recover the operation when applicable; verify access, audit evidence, and side effects.","The platform must correctly reject incompatible runner settings before start; the worker restart condition follows the configured contract; valid state is preserved, invalid or unauthorized work is rejected or quarantined without silent loss, retries do not duplicate side effects, lineage and audit evidence remain available, and no production records or credentials are used.",Playwright + platform UI/API,"prefect,market-platform,synthetic-data,integrations,worker-restart"
Prefect,Integrations and Task Runners,PFT-INTEGRAT-00105,Integrations and Task Runners: invoke a mocked external test integration (worker restart),Prefect: invoke a mocked external test integration with worker restart,Resilience,Medium,Non-production tenant or isolated local fixture; synthetic records only; Restart a worker after processing input but before final checkpoint or commit.,"1. Create a disposable, versioned synthetic fixture: Restart a worker after processing input but before final checkpoint or commit. 2. Execute the platform workflow to invoke a mocked external test integration. 3. Capture the committed result, resource version, or run status. 4. Compare the result with the source fixture and the declared invariant. 5. Repeat or recover the operation when applicable; verify access, audit evidence, and side effects.","The platform must correctly invoke a mocked external test integration; the worker restart condition follows the configured contract; valid state is preserved, invalid or unauthorized work is rejected or quarantined without silent loss, retries do not duplicate side effects, lineage and audit evidence remain available, and no production records or credentials are used.",Playwright + platform UI/API,"prefect,market-platform,synthetic-data,integrations,worker-restart"
Prefect,Integrations and Task Runners,PFT-INTEGRAT-00106,Integrations and Task Runners: retry calls with an idempotency key (worker restart),Prefect: retry calls with an idempotency key with worker restart,Resilience,High,Non-production tenant or isolated local fixture; synthetic records only; Restart a worker after processing input but before final checkpoint or commit.,"1. Create a disposable, versioned synthetic fixture: Restart a worker after processing input but before final checkpoint or commit. 2. Execute the platform workflow to retry calls with an idempotency key. 3. Capture the committed result, resource version, or run status. 4. Compare the result with the source fixture and the declared invariant. 5. Repeat or recover the operation when applicable; verify access, audit evidence, and side effects.","The platform must correctly retry calls with an idempotency key; the worker restart condition follows the configured contract; valid state is preserved, invalid or unauthorized work is rejected or quarantined without silent loss, retries do not duplicate side effects, lineage and audit evidence remain available, and no production records or credentials are used.",Playwright + platform UI/API,"prefect,market-platform,synthetic-data,integrations,worker-restart"
Prefect,Integrations and Task Runners,PFT-INTEGRAT-00107,Integrations and Task Runners: preserve structured return data between tasks (worker restart),Prefect: preserve structured return data between tasks with worker restart,Resilience,High,Non-production tenant or isolated local fixture; synthetic records only; Restart a worker after processing input but before final checkpoint or commit.,"1. Create a disposable, versioned synthetic fixture: Restart a worker after processing input but before final checkpoint or commit. 2. Execute the platform workflow to preserve structured return data between tasks. 3. Capture the committed result, resource version, or run status. 4. Compare the result with the source fixture and the declared invariant. 5. Repeat or recover the operation when applicable; verify access, audit evidence, and side effects.","The platform must correctly preserve structured return data between tasks; the worker restart condition follows the configured contract; valid state is preserved, invalid or unauthorized work is rejected or quarantined without silent loss, retries do not duplicate side effects, lineage and audit evidence remain available, and no production records or credentials are used.",Playwright + platform UI/API,"prefect,market-platform,synthetic-data,integrations,worker-restart"
Prefect,Integrations and Task Runners,PFT-INTEGRAT-00108,Integrations and Task Runners: map exceptions to declared retry rules (worker restart),Prefect: map exceptions to declared retry rules with worker restart,Resilience,High,Non-production tenant or isolated local fixture; synthetic records only; Restart a worker after processing input but before final checkpoint or commit.,"1. Create a disposable, versioned synthetic fixture: Restart a worker after processing input but before final checkpoint or commit. 2. Execute the platform workflow to map exceptions to declared retry rules. 3. Capture the committed result, resource version, or run status. 4. Compare the result with the source fixture and the declared invariant. 5. Repeat or recover the operation when applicable; verify access, audit evidence, and side effects.","The platform must correctly map exceptions to declared retry rules; the worker restart condition follows the configured contract; valid state is preserved, invalid or unauthorized work is rejected or quarantined without silent loss, retries do not duplicate side effects, lineage and audit evidence remain available, and no production records or credentials are used.",Playwright + platform UI/API,"prefect,market-platform,synthetic-data,integrations,worker-restart"
Prefect,Integrations and Task Runners,PFT-INTEGRAT-00109,Integrations and Task Runners: upgrade integration without breaking imports (worker restart),Prefect: upgrade integration without breaking imports with worker restart,Resilience,Medium,Non-production tenant or isolated local fixture; synthetic records only; Restart a worker after processing input but before final checkpoint or commit.,"1. Create a disposable, versioned synthetic fixture: Restart a worker after processing input but before final checkpoint or commit. 2. Execute the platform workflow to upgrade integration without breaking imports. 3. Capture the committed result, resource version, or run status. 4. Compare the result with the source fixture and the declared invariant. 5. Repeat or recover the operation when applicable; verify access, audit evidence, and side effects.","The platform must correctly upgrade integration without breaking imports; the worker restart condition follows the configured contract; valid state is preserved, invalid or unauthorized work is rejected or quarantined without silent loss, retries do not duplicate side effects, lineage and audit evidence remain available, and no production records or credentials are used.",Playwright + platform UI/API,"prefect,market-platform,synthetic-data,integrations,worker-restart"
Prefect,Integrations and Task Runners,PFT-INTEGRAT-00110,Integrations and Task Runners: record integration version in run metadata (worker restart),Prefect: record integration version in run metadata with worker restart,Resilience,High,Non-production tenant or isolated local fixture; synthetic records only; Restart a worker after processing input but before final checkpoint or commit.,"1. Create a disposable, versioned synthetic fixture: Restart a worker after processing input but before final checkpoint or commit. 2. Execute the platform workflow to record integration version in run metadata. 3. Capture the committed result, resource version, or run status. 4. Compare the result with the source fixture and the declared invariant. 5. Repeat or recover the operation when applicable; verify access, audit evidence, and side effects.","The platform must correctly record integration version in run metadata; the worker restart condition follows the configured contract; valid state is preserved, invalid or unauthorized work is rejected or quarantined without silent loss, retries do not duplicate side effects, lineage and audit evidence remain available, and no production records or credentials are used.",Playwright + platform UI/API,"prefect,market-platform,synthetic-data,integrations,worker-restart"
Prefect,Integrations and Task Runners,PFT-INTEGRAT-00111,Integrations and Task Runners: run async tasks with a compatible task runner (least privilege),Prefect: run async tasks with a compatible task runner with least privilege,Security,Critical,Non-production tenant or isolated local fixture; synthetic records only; Compare the authorized role with a role missing the required grant.,"1. Create a disposable, versioned synthetic fixture: Compare the authorized role with a role missing the required grant. 2. Execute the platform workflow to run async tasks with a compatible task runner. 3. Capture the committed result, resource version, or run status. 4. Compare the result with the source fixture and the declared invariant. 5. Repeat or recover the operation when applicable; verify access, audit evidence, and side effects.","The platform must correctly run async tasks with a compatible task runner; the least privilege condition follows the configured contract; valid state is preserved, invalid or unauthorized work is rejected or quarantined without silent loss, retries do not duplicate side effects, lineage and audit evidence remain available, and no production records or credentials are used.",Playwright + platform UI/API,"prefect,market-platform,synthetic-data,integrations,least-privilege"
Prefect,Integrations and Task Runners,PFT-INTEGRAT-00112,Integrations and Task Runners: run threaded work within bounded concurrency (least privilege),Prefect: run threaded work within bounded concurrency with least privilege,Security,Critical,Non-production tenant or isolated local fixture; synthetic records only; Compare the authorized role with a role missing the required grant.,"1. Create a disposable, versioned synthetic fixture: Compare the authorized role with a role missing the required grant. 2. Execute the platform workflow to run threaded work within bounded concurrency. 3. Capture the committed result, resource version, or run status. 4. Compare the result with the source fixture and the declared invariant. 5. Repeat or recover the operation when applicable; verify access, audit evidence, and side effects.","The platform must correctly run threaded work within bounded concurrency; the least privilege condition follows the configured contract; valid state is preserved, invalid or unauthorized work is rejected or quarantined without silent loss, retries do not duplicate side effects, lineage and audit evidence remain available, and no production records or credentials are used.",Playwright + platform UI/API,"prefect,market-platform,synthetic-data,integrations,least-privilege"
Prefect,Integrations and Task Runners,PFT-INTEGRAT-00113,Integrations and Task Runners: load an approved pinned integration package (least privilege),Prefect: load an approved pinned integration package with least privilege,Security,Critical,Non-production tenant or isolated local fixture; synthetic records only; Compare the authorized role with a role missing the required grant.,"1. Create a disposable, versioned synthetic fixture: Compare the authorized role with a role missing the required grant. 2. Execute the platform workflow to load an approved pinned integration package. 3. Capture the committed result, resource version, or run status. 4. Compare the result with the source fixture and the declared invariant. 5. Repeat or recover the operation when applicable; verify access, audit evidence, and side effects.","The platform must correctly load an approved pinned integration package; the least privilege condition follows the configured contract; valid state is preserved, invalid or unauthorized work is rejected or quarantined without silent loss, retries do not duplicate side effects, lineage and audit evidence remain available, and no production records or credentials are used.",Playwright + platform UI/API,"prefect,market-platform,synthetic-data,integrations,least-privilege"
Prefect,Integrations and Task Runners,PFT-INTEGRAT-00114,Integrations and Task Runners: reject incompatible runner settings before start (least privilege),Prefect: reject incompatible runner settings before start with least privilege,Security,Critical,Non-production tenant or isolated local fixture; synthetic records only; Compare the authorized role with a role missing the required grant.,"1. Create a disposable, versioned synthetic fixture: Compare the authorized role with a role missing the required grant. 2. Execute the platform workflow to reject incompatible runner settings before start. 3. Capture the committed result, resource version, or run status. 4. Compare the result with the source fixture and the declared invariant. 5. Repeat or recover the operation when applicable; verify access, audit evidence, and side effects.","The platform must correctly reject incompatible runner settings before start; the least privilege condition follows the configured contract; valid state is preserved, invalid or unauthorized work is rejected or quarantined without silent loss, retries do not duplicate side effects, lineage and audit evidence remain available, and no production records or credentials are used.",Playwright + platform UI/API,"prefect,market-platform,synthetic-data,integrations,least-privilege"
Prefect,Integrations and Task Runners,PFT-INTEGRAT-00115,Integrations and Task Runners: invoke a mocked external test integration (least privilege),Prefect: invoke a mocked external test integration with least privilege,Security,Critical,Non-production tenant or isolated local fixture; synthetic records only; Compare the authorized role with a role missing the required grant.,"1. Create a disposable, versioned synthetic fixture: Compare the authorized role with a role missing the required grant. 2. Execute the platform workflow to invoke a mocked external test integration. 3. Capture the committed result, resource version, or run status. 4. Compare the result with the source fixture and the declared invariant. 5. Repeat or recover the operation when applicable; verify access, audit evidence, and side effects.","The platform must correctly invoke a mocked external test integration; the least privilege condition follows the configured contract; valid state is preserved, invalid or unauthorized work is rejected or quarantined without silent loss, retries do not duplicate side effects, lineage and audit evidence remain available, and no production records or credentials are used.",Playwright + platform UI/API,"prefect,market-platform,synthetic-data,integrations,least-privilege"
Prefect,Integrations and Task Runners,PFT-INTEGRAT-00116,Integrations and Task Runners: retry calls with an idempotency key (least privilege),Prefect: retry calls with an idempotency key with least privilege,Security,Critical,Non-production tenant or isolated local fixture; synthetic records only; Compare the authorized role with a role missing the required grant.,"1. Create a disposable, versioned synthetic fixture: Compare the authorized role with a role missing the required grant. 2. Execute the platform workflow to retry calls with an idempotency key. 3. Capture the committed result, resource version, or run status. 4. Compare the result with the source fixture and the declared invariant. 5. Repeat or recover the operation when applicable; verify access, audit evidence, and side effects.","The platform must correctly retry calls with an idempotency key; the least privilege condition follows the configured contract; valid state is preserved, invalid or unauthorized work is rejected or quarantined without silent loss, retries do not duplicate side effects, lineage and audit evidence remain available, and no production records or credentials are used.",Playwright + platform UI/API,"prefect,market-platform,synthetic-data,integrations,least-privilege"
Prefect,Integrations and Task Runners,PFT-INTEGRAT-00117,Integrations and Task Runners: preserve structured return data between tasks (least privilege),Prefect: preserve structured return data between tasks with least privilege,Security,Critical,Non-production tenant or isolated local fixture; synthetic records only; Compare the authorized role with a role missing the required grant.,"1. Create a disposable, versioned synthetic fixture: Compare the authorized role with a role missing the required grant. 2. Execute the platform workflow to preserve structured return data between tasks. 3. Capture the committed result, resource version, or run status. 4. Compare the result with the source fixture and the declared invariant. 5. Repeat or recover the operation when applicable; verify access, audit evidence, and side effects.","The platform must correctly preserve structured return data between tasks; the least privilege condition follows the configured contract; valid state is preserved, invalid or unauthorized work is rejected or quarantined without silent loss, retries do not duplicate side effects, lineage and audit evidence remain available, and no production records or credentials are used.",Playwright + platform UI/API,"prefect,market-platform,synthetic-data,integrations,least-privilege"
Prefect,Integrations and Task Runners,PFT-INTEGRAT-00118,Integrations and Task Runners: map exceptions to declared retry rules (least privilege),Prefect: map exceptions to declared retry rules with least privilege,Security,Critical,Non-production tenant or isolated local fixture; synthetic records only; Compare the authorized role with a role missing the required grant.,"1. Create a disposable, versioned synthetic fixture: Compare the authorized role with a role missing the required grant. 2. Execute the platform workflow to map exceptions to declared retry rules. 3. Capture the committed result, resource version, or run status. 4. Compare the result with the source fixture and the declared invariant. 5. Repeat or recover the operation when applicable; verify access, audit evidence, and side effects.","The platform must correctly map exceptions to declared retry rules; the least privilege condition follows the configured contract; valid state is preserved, invalid or unauthorized work is rejected or quarantined without silent loss, retries do not duplicate side effects, lineage and audit evidence remain available, and no production records or credentials are used.",Playwright + platform UI/API,"prefect,market-platform,synthetic-data,integrations,least-privilege"
Prefect,Integrations and Task Runners,PFT-INTEGRAT-00119,Integrations and Task Runners: upgrade integration without breaking imports (least privilege),Prefect: upgrade integration without breaking imports with least privilege,Security,Critical,Non-production tenant or isolated local fixture; synthetic records only; Compare the authorized role with a role missing the required grant.,"1. Create a disposable, versioned synthetic fixture: Compare the authorized role with a role missing the required grant. 2. Execute the platform workflow to upgrade integration without breaking imports. 3. Capture the committed result, resource version, or run status. 4. Compare the result with the source fixture and the declared invariant. 5. Repeat or recover the operation when applicable; verify access, audit evidence, and side effects.","The platform must correctly upgrade integration without breaking imports; the least privilege condition follows the configured contract; valid state is preserved, invalid or unauthorized work is rejected or quarantined without silent loss, retries do not duplicate side effects, lineage and audit evidence remain available, and no production records or credentials are used.",Playwright + platform UI/API,"prefect,market-platform,synthetic-data,integrations,least-privilege"
Prefect,Integrations and Task Runners,PFT-INTEGRAT-00120,Integrations and Task Runners: record integration version in run metadata (least privilege),Prefect: record integration version in run metadata with least privilege,Security,Critical,Non-production tenant or isolated local fixture; synthetic records only; Compare the authorized role with a role missing the required grant.,"1. Create a disposable, versioned synthetic fixture: Compare the authorized role with a role missing the required grant. 2. Execute the platform workflow to record integration version in run metadata. 3. Capture the committed result, resource version, or run status. 4. Compare the result with the source fixture and the declared invariant. 5. Repeat or recover the operation when applicable; verify access, audit evidence, and side effects.","The platform must correctly record integration version in run metadata; the least privilege condition follows the configured contract; valid state is preserved, invalid or unauthorized work is rejected or quarantined without silent loss, retries do not duplicate side effects, lineage and audit evidence remain available, and no production records or credentials are used.",Playwright + platform UI/API,"prefect,market-platform,synthetic-data,integrations,least-privilege"
Prefect,Integrations and Task Runners,PFT-INTEGRAT-00121,Integrations and Task Runners: run async tasks with a compatible task runner (concurrent writers),Prefect: run async tasks with a compatible task runner with concurrent writers,Functional,Medium,Non-production tenant or isolated local fixture; synthetic records only; Run two valid writers against overlapping logical data at the same time.,"1. Create a disposable, versioned synthetic fixture: Run two valid writers against overlapping logical data at the same time. 2. Execute the platform workflow to run async tasks with a compatible task runner. 3. Capture the committed result, resource version, or run status. 4. Compare the result with the source fixture and the declared invariant. 5. Repeat or recover the operation when applicable; verify access, audit evidence, and side effects.","The platform must correctly run async tasks with a compatible task runner; the concurrent writers condition follows the configured contract; valid state is preserved, invalid or unauthorized work is rejected or quarantined without silent loss, retries do not duplicate side effects, lineage and audit evidence remain available, and no production records or credentials are used.",Playwright + platform UI/API,"prefect,market-platform,synthetic-data,integrations,concurrent-writers"
Prefect,Integrations and Task Runners,PFT-INTEGRAT-00122,Integrations and Task Runners: run threaded work within bounded concurrency (concurrent writers),Prefect: run threaded work within bounded concurrency with concurrent writers,Functional,High,Non-production tenant or isolated local fixture; synthetic records only; Run two valid writers against overlapping logical data at the same time.,"1. Create a disposable, versioned synthetic fixture: Run two valid writers against overlapping logical data at the same time. 2. Execute the platform workflow to run threaded work within bounded concurrency. 3. Capture the committed result, resource version, or run status. 4. Compare the result with the source fixture and the declared invariant. 5. Repeat or recover the operation when applicable; verify access, audit evidence, and side effects.","The platform must correctly run threaded work within bounded concurrency; the concurrent writers condition follows the configured contract; valid state is preserved, invalid or unauthorized work is rejected or quarantined without silent loss, retries do not duplicate side effects, lineage and audit evidence remain available, and no production records or credentials are used.",Playwright + platform UI/API,"prefect,market-platform,synthetic-data,integrations,concurrent-writers"
Prefect,Integrations and Task Runners,PFT-INTEGRAT-00123,Integrations and Task Runners: load an approved pinned integration package (concurrent writers),Prefect: load an approved pinned integration package with concurrent writers,Functional,High,Non-production tenant or isolated local fixture; synthetic records only; Run two valid writers against overlapping logical data at the same time.,"1. Create a disposable, versioned synthetic fixture: Run two valid writers against overlapping logical data at the same time. 2. Execute the platform workflow to load an approved pinned integration package. 3. Capture the committed result, resource version, or run status. 4. Compare the result with the source fixture and the declared invariant. 5. Repeat or recover the operation when applicable; verify access, audit evidence, and side effects.","The platform must correctly load an approved pinned integration package; the concurrent writers condition follows the configured contract; valid state is preserved, invalid or unauthorized work is rejected or quarantined without silent loss, retries do not duplicate side effects, lineage and audit evidence remain available, and no production records or credentials are used.",Playwright + platform UI/API,"prefect,market-platform,synthetic-data,integrations,concurrent-writers"
Prefect,Integrations and Task Runners,PFT-INTEGRAT-00124,Integrations and Task Runners: reject incompatible runner settings before start (concurrent writers),Prefect: reject incompatible runner settings before start with concurrent writers,Functional,High,Non-production tenant or isolated local fixture; synthetic records only; Run two valid writers against overlapping logical data at the same time.,"1. Create a disposable, versioned synthetic fixture: Run two valid writers against overlapping logical data at the same time. 2. Execute the platform workflow to reject incompatible runner settings before start. 3. Capture the committed result, resource version, or run status. 4. Compare the result with the source fixture and the declared invariant. 5. Repeat or recover the operation when applicable; verify access, audit evidence, and side effects.","The platform must correctly reject incompatible runner settings before start; the concurrent writers condition follows the configured contract; valid state is preserved, invalid or unauthorized work is rejected or quarantined without silent loss, retries do not duplicate side effects, lineage and audit evidence remain available, and no production records or credentials are used.",Playwright + platform UI/API,"prefect,market-platform,synthetic-data,integrations,concurrent-writers"
Prefect,Integrations and Task Runners,PFT-INTEGRAT-00125,Integrations and Task Runners: invoke a mocked external test integration (concurrent writers),Prefect: invoke a mocked external test integration with concurrent writers,Functional,Medium,Non-production tenant or isolated local fixture; synthetic records only; Run two valid writers against overlapping logical data at the same time.,"1. Create a disposable, versioned synthetic fixture: Run two valid writers against overlapping logical data at the same time. 2. Execute the platform workflow to invoke a mocked external test integration. 3. Capture the committed result, resource version, or run status. 4. Compare the result with the source fixture and the declared invariant. 5. Repeat or recover the operation when applicable; verify access, audit evidence, and side effects.","The platform must correctly invoke a mocked external test integration; the concurrent writers condition follows the configured contract; valid state is preserved, invalid or unauthorized work is rejected or quarantined without silent loss, retries do not duplicate side effects, lineage and audit evidence remain available, and no production records or credentials are used.",Playwright + platform UI/API,"prefect,market-platform,synthetic-data,integrations,concurrent-writers"
Prefect,Integrations and Task Runners,PFT-INTEGRAT-00126,Integrations and Task Runners: retry calls with an idempotency key (concurrent writers),Prefect: retry calls with an idempotency key with concurrent writers,Functional,High,Non-production tenant or isolated local fixture; synthetic records only; Run two valid writers against overlapping logical data at the same time.,"1. Create a disposable, versioned synthetic fixture: Run two valid writers against overlapping logical data at the same time. 2. Execute the platform workflow to retry calls with an idempotency key. 3. Capture the committed result, resource version, or run status. 4. Compare the result with the source fixture and the declared invariant. 5. Repeat or recover the operation when applicable; verify access, audit evidence, and side effects.","The platform must correctly retry calls with an idempotency key; the concurrent writers condition follows the configured contract; valid state is preserved, invalid or unauthorized work is rejected or quarantined without silent loss, retries do not duplicate side effects, lineage and audit evidence remain available, and no production records or credentials are used.",Playwright + platform UI/API,"prefect,market-platform,synthetic-data,integrations,concurrent-writers"
Prefect,Integrations and Task Runners,PFT-INTEGRAT-00127,Integrations and Task Runners: preserve structured return data between tasks (concurrent writers),Prefect: preserve structured return data between tasks with concurrent writers,Functional,High,Non-production tenant or isolated local fixture; synthetic records only; Run two valid writers against overlapping logical data at the same time.,"1. Create a disposable, versioned synthetic fixture: Run two valid writers against overlapping logical data at the same time. 2. Execute the platform workflow to preserve structured return data between tasks. 3. Capture the committed result, resource version, or run status. 4. Compare the result with the source fixture and the declared invariant. 5. Repeat or recover the operation when applicable; verify access, audit evidence, and side effects.","The platform must correctly preserve structured return data between tasks; the concurrent writers condition follows the configured contract; valid state is preserved, invalid or unauthorized work is rejected or quarantined without silent loss, retries do not duplicate side effects, lineage and audit evidence remain available, and no production records or credentials are used.",Playwright + platform UI/API,"prefect,market-platform,synthetic-data,integrations,concurrent-writers"
Prefect,Integrations and Task Runners,PFT-INTEGRAT-00128,Integrations and Task Runners: map exceptions to declared retry rules (concurrent writers),Prefect: map exceptions to declared retry rules with concurrent writers,Functional,High,Non-production tenant or isolated local fixture; synthetic records only; Run two valid writers against overlapping logical data at the same time.,"1. Create a disposable, versioned synthetic fixture: Run two valid writers against overlapping logical data at the same time. 2. Execute the platform workflow to map exceptions to declared retry rules. 3. Capture the committed result, resource version, or run status. 4. Compare the result with the source fixture and the declared invariant. 5. Repeat or recover the operation when applicable; verify access, audit evidence, and side effects.","The platform must correctly map exceptions to declared retry rules; the concurrent writers condition follows the configured contract; valid state is preserved, invalid or unauthorized work is rejected or quarantined without silent loss, retries do not duplicate side effects, lineage and audit evidence remain available, and no production records or credentials are used.",Playwright + platform UI/API,"prefect,market-platform,synthetic-data,integrations,concurrent-writers"
Prefect,Integrations and Task Runners,PFT-INTEGRAT-00129,Integrations and Task Runners: upgrade integration without breaking imports (concurrent writers),Prefect: upgrade integration without breaking imports with concurrent writers,Functional,Medium,Non-production tenant or isolated local fixture; synthetic records only; Run two valid writers against overlapping logical data at the same time.,"1. Create a disposable, versioned synthetic fixture: Run two valid writers against overlapping logical data at the same time. 2. Execute the platform workflow to upgrade integration without breaking imports. 3. Capture the committed result, resource version, or run status. 4. Compare the result with the source fixture and the declared invariant. 5. Repeat or recover the operation when applicable; verify access, audit evidence, and side effects.","The platform must correctly upgrade integration without breaking imports; the concurrent writers condition follows the configured contract; valid state is preserved, invalid or unauthorized work is rejected or quarantined without silent loss, retries do not duplicate side effects, lineage and audit evidence remain available, and no production records or credentials are used.",Playwright + platform UI/API,"prefect,market-platform,synthetic-data,integrations,concurrent-writers"
Prefect,Integrations and Task Runners,PFT-INTEGRAT-00130,Integrations and Task Runners: record integration version in run metadata (concurrent writers),Prefect: record integration version in run metadata with concurrent writers,Functional,High,Non-production tenant or isolated local fixture; synthetic records only; Run two valid writers against overlapping logical data at the same time.,"1. Create a disposable, versioned synthetic fixture: Run two valid writers against overlapping logical data at the same time. 2. Execute the platform workflow to record integration version in run metadata. 3. Capture the committed result, resource version, or run status. 4. Compare the result with the source fixture and the declared invariant. 5. Repeat or recover the operation when applicable; verify access, audit evidence, and side effects.","The platform must correctly record integration version in run metadata; the concurrent writers condition follows the configured contract; valid state is preserved, invalid or unauthorized work is rejected or quarantined without silent loss, retries do not duplicate side effects, lineage and audit evidence remain available, and no production records or credentials are used.",Playwright + platform UI/API,"prefect,market-platform,synthetic-data,integrations,concurrent-writers"
Prefect,Integrations and Task Runners,PFT-INTEGRAT-00131,Integrations and Task Runners: run async tasks with a compatible task runner (transient retry),Prefect: run async tasks with a compatible task runner with transient retry,Resilience,High,"Non-production tenant or isolated local fixture; synthetic records only; Inject one transient service failure, restore the dependency, and retry.","1. Create a disposable, versioned synthetic fixture: Inject one transient service failure, restore the dependency, and retry. 2. Execute the platform workflow to run async tasks with a compatible task runner. 3. Capture the committed result, resource version, or run status. 4. Compare the result with the source fixture and the declared invariant. 5. Repeat or recover the operation when applicable; verify access, audit evidence, and side effects.","The platform must correctly run async tasks with a compatible task runner; the transient retry condition follows the configured contract; valid state is preserved, invalid or unauthorized work is rejected or quarantined without silent loss, retries do not duplicate side effects, lineage and audit evidence remain available, and no production records or credentials are used.",Playwright + platform UI/API,"prefect,market-platform,synthetic-data,integrations,transient-retry"
Prefect,Integrations and Task Runners,PFT-INTEGRAT-00132,Integrations and Task Runners: run threaded work within bounded concurrency (transient retry),Prefect: run threaded work within bounded concurrency with transient retry,Resilience,High,"Non-production tenant or isolated local fixture; synthetic records only; Inject one transient service failure, restore the dependency, and retry.","1. Create a disposable, versioned synthetic fixture: Inject one transient service failure, restore the dependency, and retry. 2. Execute the platform workflow to run threaded work within bounded concurrency. 3. Capture the committed result, resource version, or run status. 4. Compare the result with the source fixture and the declared invariant. 5. Repeat or recover the operation when applicable; verify access, audit evidence, and side effects.","The platform must correctly run threaded work within bounded concurrency; the transient retry condition follows the configured contract; valid state is preserved, invalid or unauthorized work is rejected or quarantined without silent loss, retries do not duplicate side effects, lineage and audit evidence remain available, and no production records or credentials are used.",Playwright + platform UI/API,"prefect,market-platform,synthetic-data,integrations,transient-retry"
Prefect,Integrations and Task Runners,PFT-INTEGRAT-00133,Integrations and Task Runners: load an approved pinned integration package (transient retry),Prefect: load an approved pinned integration package with transient retry,Resilience,Medium,"Non-production tenant or isolated local fixture; synthetic records only; Inject one transient service failure, restore the dependency, and retry.","1. Create a disposable, versioned synthetic fixture: Inject one transient service failure, restore the dependency, and retry. 2. Execute the platform workflow to load an approved pinned integration package. 3. Capture the committed result, resource version, or run status. 4. Compare the result with the source fixture and the declared invariant. 5. Repeat or recover the operation when applicable; verify access, audit evidence, and side effects.","The platform must correctly load an approved pinned integration package; the transient retry condition follows the configured contract; valid state is preserved, invalid or unauthorized work is rejected or quarantined without silent loss, retries do not duplicate side effects, lineage and audit evidence remain available, and no production records or credentials are used.",Playwright + platform UI/API,"prefect,market-platform,synthetic-data,integrations,transient-retry"
Prefect,Integrations and Task Runners,PFT-INTEGRAT-00134,Integrations and Task Runners: reject incompatible runner settings before start (transient retry),Prefect: reject incompatible runner settings before start with transient retry,Resilience,High,"Non-production tenant or isolated local fixture; synthetic records only; Inject one transient service failure, restore the dependency, and retry.","1. Create a disposable, versioned synthetic fixture: Inject one transient service failure, restore the dependency, and retry. 2. Execute the platform workflow to reject incompatible runner settings before start. 3. Capture the committed result, resource version, or run status. 4. Compare the result with the source fixture and the declared invariant. 5. Repeat or recover the operation when applicable; verify access, audit evidence, and side effects.","The platform must correctly reject incompatible runner settings before start; the transient retry condition follows the configured contract; valid state is preserved, invalid or unauthorized work is rejected or quarantined without silent loss, retries do not duplicate side effects, lineage and audit evidence remain available, and no production records or credentials are used.",Playwright + platform UI/API,"prefect,market-platform,synthetic-data,integrations,transient-retry"
Prefect,Integrations and Task Runners,PFT-INTEGRAT-00135,Integrations and Task Runners: invoke a mocked external test integration (transient retry),Prefect: invoke a mocked external test integration with transient retry,Resilience,High,"Non-production tenant or isolated local fixture; synthetic records only; Inject one transient service failure, restore the dependency, and retry.","1. Create a disposable, versioned synthetic fixture: Inject one transient service failure, restore the dependency, and retry. 2. Execute the platform workflow to invoke a mocked external test integration. 3. Capture the committed result, resource version, or run status. 4. Compare the result with the source fixture and the declared invariant. 5. Repeat or recover the operation when applicable; verify access, audit evidence, and side effects.","The platform must correctly invoke a mocked external test integration; the transient retry condition follows the configured contract; valid state is preserved, invalid or unauthorized work is rejected or quarantined without silent loss, retries do not duplicate side effects, lineage and audit evidence remain available, and no production records or credentials are used.",Playwright + platform UI/API,"prefect,market-platform,synthetic-data,integrations,transient-retry"
Prefect,Integrations and Task Runners,PFT-INTEGRAT-00136,Integrations and Task Runners: retry calls with an idempotency key (transient retry),Prefect: retry calls with an idempotency key with transient retry,Resilience,High,"Non-production tenant or isolated local fixture; synthetic records only; Inject one transient service failure, restore the dependency, and retry.","1. Create a disposable, versioned synthetic fixture: Inject one transient service failure, restore the dependency, and retry. 2. Execute the platform workflow to retry calls with an idempotency key. 3. Capture the committed result, resource version, or run status. 4. Compare the result with the source fixture and the declared invariant. 5. Repeat or recover the operation when applicable; verify access, audit evidence, and side effects.","The platform must correctly retry calls with an idempotency key; the transient retry condition follows the configured contract; valid state is preserved, invalid or unauthorized work is rejected or quarantined without silent loss, retries do not duplicate side effects, lineage and audit evidence remain available, and no production records or credentials are used.",Playwright + platform UI/API,"prefect,market-platform,synthetic-data,integrations,transient-retry"
Prefect,Integrations and Task Runners,PFT-INTEGRAT-00137,Integrations and Task Runners: preserve structured return data between tasks (transient retry),Prefect: preserve structured return data between tasks with transient retry,Resilience,Medium,"Non-production tenant or isolated local fixture; synthetic records only; Inject one transient service failure, restore the dependency, and retry.","1. Create a disposable, versioned synthetic fixture: Inject one transient service failure, restore the dependency, and retry. 2. Execute the platform workflow to preserve structured return data between tasks. 3. Capture the committed result, resource version, or run status. 4. Compare the result with the source fixture and the declared invariant. 5. Repeat or recover the operation when applicable; verify access, audit evidence, and side effects.","The platform must correctly preserve structured return data between tasks; the transient retry condition follows the configured contract; valid state is preserved, invalid or unauthorized work is rejected or quarantined without silent loss, retries do not duplicate side effects, lineage and audit evidence remain available, and no production records or credentials are used.",Playwright + platform UI/API,"prefect,market-platform,synthetic-data,integrations,transient-retry"
Prefect,Integrations and Task Runners,PFT-INTEGRAT-00138,Integrations and Task Runners: map exceptions to declared retry rules (transient retry),Prefect: map exceptions to declared retry rules with transient retry,Resilience,High,"Non-production tenant or isolated local fixture; synthetic records only; Inject one transient service failure, restore the dependency, and retry.","1. Create a disposable, versioned synthetic fixture: Inject one transient service failure, restore the dependency, and retry. 2. Execute the platform workflow to map exceptions to declared retry rules. 3. Capture the committed result, resource version, or run status. 4. Compare the result with the source fixture and the declared invariant. 5. Repeat or recover the operation when applicable; verify access, audit evidence, and side effects.","The platform must correctly map exceptions to declared retry rules; the transient retry condition follows the configured contract; valid state is preserved, invalid or unauthorized work is rejected or quarantined without silent loss, retries do not duplicate side effects, lineage and audit evidence remain available, and no production records or credentials are used.",Playwright + platform UI/API,"prefect,market-platform,synthetic-data,integrations,transient-retry"
Prefect,Integrations and Task Runners,PFT-INTEGRAT-00139,Integrations and Task Runners: upgrade integration without breaking imports (transient retry),Prefect: upgrade integration without breaking imports with transient retry,Resilience,High,"Non-production tenant or isolated local fixture; synthetic records only; Inject one transient service failure, restore the dependency, and retry.","1. Create a disposable, versioned synthetic fixture: Inject one transient service failure, restore the dependency, and retry. 2. Execute the platform workflow to upgrade integration without breaking imports. 3. Capture the committed result, resource version, or run status. 4. Compare the result with the source fixture and the declared invariant. 5. Repeat or recover the operation when applicable; verify access, audit evidence, and side effects.","The platform must correctly upgrade integration without breaking imports; the transient retry condition follows the configured contract; valid state is preserved, invalid or unauthorized work is rejected or quarantined without silent loss, retries do not duplicate side effects, lineage and audit evidence remain available, and no production records or credentials are used.",Playwright + platform UI/API,"prefect,market-platform,synthetic-data,integrations,transient-retry"
Prefect,Integrations and Task Runners,PFT-INTEGRAT-00140,Integrations and Task Runners: record integration version in run metadata (transient retry),Prefect: record integration version in run metadata with transient retry,Resilience,High,"Non-production tenant or isolated local fixture; synthetic records only; Inject one transient service failure, restore the dependency, and retry.","1. Create a disposable, versioned synthetic fixture: Inject one transient service failure, restore the dependency, and retry. 2. Execute the platform workflow to record integration version in run metadata. 3. Capture the committed result, resource version, or run status. 4. Compare the result with the source fixture and the declared invariant. 5. Repeat or recover the operation when applicable; verify access, audit evidence, and side effects.","The platform must correctly record integration version in run metadata; the transient retry condition follows the configured contract; valid state is preserved, invalid or unauthorized work is rejected or quarantined without silent loss, retries do not duplicate side effects, lineage and audit evidence remain available, and no production records or credentials are used.",Playwright + platform UI/API,"prefect,market-platform,synthetic-data,integrations,transient-retry"
Prefect,Integrations and Task Runners,PFT-INTEGRAT-00141,Integrations and Task Runners: run async tasks with a compatible task runner (commit conflict),Prefect: run async tasks with a compatible task runner with commit conflict,Functional,Medium,Non-production tenant or isolated local fixture; synthetic records only; Advance the resource version between read and write to create an optimistic conflict.,"1. Create a disposable, versioned synthetic fixture: Advance the resource version between read and write to create an optimistic conflict. 2. Execute the platform workflow to run async tasks with a compatible task runner. 3. Capture the committed result, resource version, or run status. 4. Compare the result with the source fixture and the declared invariant. 5. Repeat or recover the operation when applicable; verify access, audit evidence, and side effects.","The platform must correctly run async tasks with a compatible task runner; the commit conflict condition follows the configured contract; valid state is preserved, invalid or unauthorized work is rejected or quarantined without silent loss, retries do not duplicate side effects, lineage and audit evidence remain available, and no production records or credentials are used.",Playwright + platform UI/API,"prefect,market-platform,synthetic-data,integrations,commit-conflict"
Prefect,Integrations and Task Runners,PFT-INTEGRAT-00142,Integrations and Task Runners: run threaded work within bounded concurrency (commit conflict),Prefect: run threaded work within bounded concurrency with commit conflict,Functional,High,Non-production tenant or isolated local fixture; synthetic records only; Advance the resource version between read and write to create an optimistic conflict.,"1. Create a disposable, versioned synthetic fixture: Advance the resource version between read and write to create an optimistic conflict. 2. Execute the platform workflow to run threaded work within bounded concurrency. 3. Capture the committed result, resource version, or run status. 4. Compare the result with the source fixture and the declared invariant. 5. Repeat or recover the operation when applicable; verify access, audit evidence, and side effects.","The platform must correctly run threaded work within bounded concurrency; the commit conflict condition follows the configured contract; valid state is preserved, invalid or unauthorized work is rejected or quarantined without silent loss, retries do not duplicate side effects, lineage and audit evidence remain available, and no production records or credentials are used.",Playwright + platform UI/API,"prefect,market-platform,synthetic-data,integrations,commit-conflict"
Prefect,Integrations and Task Runners,PFT-INTEGRAT-00143,Integrations and Task Runners: load an approved pinned integration package (commit conflict),Prefect: load an approved pinned integration package with commit conflict,Functional,High,Non-production tenant or isolated local fixture; synthetic records only; Advance the resource version between read and write to create an optimistic conflict.,"1. Create a disposable, versioned synthetic fixture: Advance the resource version between read and write to create an optimistic conflict. 2. Execute the platform workflow to load an approved pinned integration package. 3. Capture the committed result, resource version, or run status. 4. Compare the result with the source fixture and the declared invariant. 5. Repeat or recover the operation when applicable; verify access, audit evidence, and side effects.","The platform must correctly load an approved pinned integration package; the commit conflict condition follows the configured contract; valid state is preserved, invalid or unauthorized work is rejected or quarantined without silent loss, retries do not duplicate side effects, lineage and audit evidence remain available, and no production records or credentials are used.",Playwright + platform UI/API,"prefect,market-platform,synthetic-data,integrations,commit-conflict"
Prefect,Integrations and Task Runners,PFT-INTEGRAT-00144,Integrations and Task Runners: reject incompatible runner settings before start (commit conflict),Prefect: reject incompatible runner settings before start with commit conflict,Functional,High,Non-production tenant or isolated local fixture; synthetic records only; Advance the resource version between read and write to create an optimistic conflict.,"1. Create a disposable, versioned synthetic fixture: Advance the resource version between read and write to create an optimistic conflict. 2. Execute the platform workflow to reject incompatible runner settings before start. 3. Capture the committed result, resource version, or run status. 4. Compare the result with the source fixture and the declared invariant. 5. Repeat or recover the operation when applicable; verify access, audit evidence, and side effects.","The platform must correctly reject incompatible runner settings before start; the commit conflict condition follows the configured contract; valid state is preserved, invalid or unauthorized work is rejected or quarantined without silent loss, retries do not duplicate side effects, lineage and audit evidence remain available, and no production records or credentials are used.",Playwright + platform UI/API,"prefect,market-platform,synthetic-data,integrations,commit-conflict"
Prefect,Integrations and Task Runners,PFT-INTEGRAT-00145,Integrations and Task Runners: invoke a mocked external test integration (commit conflict),Prefect: invoke a mocked external test integration with commit conflict,Functional,Medium,Non-production tenant or isolated local fixture; synthetic records only; Advance the resource version between read and write to create an optimistic conflict.,"1. Create a disposable, versioned synthetic fixture: Advance the resource version between read and write to create an optimistic conflict. 2. Execute the platform workflow to invoke a mocked external test integration. 3. Capture the committed result, resource version, or run status. 4. Compare the result with the source fixture and the declared invariant. 5. Repeat or recover the operation when applicable; verify access, audit evidence, and side effects.","The platform must correctly invoke a mocked external test integration; the commit conflict condition follows the configured contract; valid state is preserved, invalid or unauthorized work is rejected or quarantined without silent loss, retries do not duplicate side effects, lineage and audit evidence remain available, and no production records or credentials are used.",Playwright + platform UI/API,"prefect,market-platform,synthetic-data,integrations,commit-conflict"
Prefect,Integrations and Task Runners,PFT-INTEGRAT-00146,Integrations and Task Runners: retry calls with an idempotency key (commit conflict),Prefect: retry calls with an idempotency key with commit conflict,Functional,High,Non-production tenant or isolated local fixture; synthetic records only; Advance the resource version between read and write to create an optimistic conflict.,"1. Create a disposable, versioned synthetic fixture: Advance the resource version between read and write to create an optimistic conflict. 2. Execute the platform workflow to retry calls with an idempotency key. 3. Capture the committed result, resource version, or run status. 4. Compare the result with the source fixture and the declared invariant. 5. Repeat or recover the operation when applicable; verify access, audit evidence, and side effects.","The platform must correctly retry calls with an idempotency key; the commit conflict condition follows the configured contract; valid state is preserved, invalid or unauthorized work is rejected or quarantined without silent loss, retries do not duplicate side effects, lineage and audit evidence remain available, and no production records or credentials are used.",Playwright + platform UI/API,"prefect,market-platform,synthetic-data,integrations,commit-conflict"
Prefect,Integrations and Task Runners,PFT-INTEGRAT-00147,Integrations and Task Runners: preserve structured return data between tasks (commit conflict),Prefect: preserve structured return data between tasks with commit conflict,Functional,High,Non-production tenant or isolated local fixture; synthetic records only; Advance the resource version between read and write to create an optimistic conflict.,"1. Create a disposable, versioned synthetic fixture: Advance the resource version between read and write to create an optimistic conflict. 2. Execute the platform workflow to preserve structured return data between tasks. 3. Capture the committed result, resource version, or run status. 4. Compare the result with the source fixture and the declared invariant. 5. Repeat or recover the operation when applicable; verify access, audit evidence, and side effects.","The platform must correctly preserve structured return data between tasks; the commit conflict condition follows the configured contract; valid state is preserved, invalid or unauthorized work is rejected or quarantined without silent loss, retries do not duplicate side effects, lineage and audit evidence remain available, and no production records or credentials are used.",Playwright + platform UI/API,"prefect,market-platform,synthetic-data,integrations,commit-conflict"
Prefect,Integrations and Task Runners,PFT-INTEGRAT-00148,Integrations and Task Runners: map exceptions to declared retry rules (commit conflict),Prefect: map exceptions to declared retry rules with commit conflict,Functional,High,Non-production tenant or isolated local fixture; synthetic records only; Advance the resource version between read and write to create an optimistic conflict.,"1. Create a disposable, versioned synthetic fixture: Advance the resource version between read and write to create an optimistic conflict. 2. Execute the platform workflow to map exceptions to declared retry rules. 3. Capture the committed result, resource version, or run status. 4. Compare the result with the source fixture and the declared invariant. 5. Repeat or recover the operation when applicable; verify access, audit evidence, and side effects.","The platform must correctly map exceptions to declared retry rules; the commit conflict condition follows the configured contract; valid state is preserved, invalid or unauthorized work is rejected or quarantined without silent loss, retries do not duplicate side effects, lineage and audit evidence remain available, and no production records or credentials are used.",Playwright + platform UI/API,"prefect,market-platform,synthetic-data,integrations,commit-conflict"
Prefect,Integrations and Task Runners,PFT-INTEGRAT-00149,Integrations and Task Runners: upgrade integration without breaking imports (commit conflict),Prefect: upgrade integration without breaking imports with commit conflict,Functional,Medium,Non-production tenant or isolated local fixture; synthetic records only; Advance the resource version between read and write to create an optimistic conflict.,"1. Create a disposable, versioned synthetic fixture: Advance the resource version between read and write to create an optimistic conflict. 2. Execute the platform workflow to upgrade integration without breaking imports. 3. Capture the committed result, resource version, or run status. 4. Compare the result with the source fixture and the declared invariant. 5. Repeat or recover the operation when applicable; verify access, audit evidence, and side effects.","The platform must correctly upgrade integration without breaking imports; the commit conflict condition follows the configured contract; valid state is preserved, invalid or unauthorized work is rejected or quarantined without silent loss, retries do not duplicate side effects, lineage and audit evidence remain available, and no production records or credentials are used.",Playwright + platform UI/API,"prefect,market-platform,synthetic-data,integrations,commit-conflict"
Prefect,Integrations and Task Runners,PFT-INTEGRAT-00150,Integrations and Task Runners: record integration version in run metadata (commit conflict),Prefect: record integration version in run metadata with commit conflict,Functional,High,Non-production tenant or isolated local fixture; synthetic records only; Advance the resource version between read and write to create an optimistic conflict.,"1. Create a disposable, versioned synthetic fixture: Advance the resource version between read and write to create an optimistic conflict. 2. Execute the platform workflow to record integration version in run metadata. 3. Capture the committed result, resource version, or run status. 4. Compare the result with the source fixture and the declared invariant. 5. Repeat or recover the operation when applicable; verify access, audit evidence, and side effects.","The platform must correctly record integration version in run metadata; the commit conflict condition follows the configured contract; valid state is preserved, invalid or unauthorized work is rejected or quarantined without silent loss, retries do not duplicate side effects, lineage and audit evidence remain available, and no production records or credentials are used.",Playwright + platform UI/API,"prefect,market-platform,synthetic-data,integrations,commit-conflict"
Prefect,Integrations and Task Runners,PFT-INTEGRAT-00151,Integrations and Task Runners: run async tasks with a compatible task runner (rollback and replay),Prefect: run async tasks with a compatible task runner with rollback and replay,Functional,High,Non-production tenant or isolated local fixture; synthetic records only; Restore a prior version in a disposable fixture and replay the same operation.,"1. Create a disposable, versioned synthetic fixture: Restore a prior version in a disposable fixture and replay the same operation. 2. Execute the platform workflow to run async tasks with a compatible task runner. 3. Capture the committed result, resource version, or run status. 4. Compare the result with the source fixture and the declared invariant. 5. Repeat or recover the operation when applicable; verify access, audit evidence, and side effects.","The platform must correctly run async tasks with a compatible task runner; the rollback and replay condition follows the configured contract; valid state is preserved, invalid or unauthorized work is rejected or quarantined without silent loss, retries do not duplicate side effects, lineage and audit evidence remain available, and no production records or credentials are used.",Playwright + platform UI/API,"prefect,market-platform,synthetic-data,integrations,rollback-and-replay"
Prefect,Integrations and Task Runners,PFT-INTEGRAT-00152,Integrations and Task Runners: run threaded work within bounded concurrency (rollback and replay),Prefect: run threaded work within bounded concurrency with rollback and replay,Functional,High,Non-production tenant or isolated local fixture; synthetic records only; Restore a prior version in a disposable fixture and replay the same operation.,"1. Create a disposable, versioned synthetic fixture: Restore a prior version in a disposable fixture and replay the same operation. 2. Execute the platform workflow to run threaded work within bounded concurrency. 3. Capture the committed result, resource version, or run status. 4. Compare the result with the source fixture and the declared invariant. 5. Repeat or recover the operation when applicable; verify access, audit evidence, and side effects.","The platform must correctly run threaded work within bounded concurrency; the rollback and replay condition follows the configured contract; valid state is preserved, invalid or unauthorized work is rejected or quarantined without silent loss, retries do not duplicate side effects, lineage and audit evidence remain available, and no production records or credentials are used.",Playwright + platform UI/API,"prefect,market-platform,synthetic-data,integrations,rollback-and-replay"
Prefect,Integrations and Task Runners,PFT-INTEGRAT-00153,Integrations and Task Runners: load an approved pinned integration package (rollback and replay),Prefect: load an approved pinned integration package with rollback and replay,Functional,Medium,Non-production tenant or isolated local fixture; synthetic records only; Restore a prior version in a disposable fixture and replay the same operation.,"1. Create a disposable, versioned synthetic fixture: Restore a prior version in a disposable fixture and replay the same operation. 2. Execute the platform workflow to load an approved pinned integration package. 3. Capture the committed result, resource version, or run status. 4. Compare the result with the source fixture and the declared invariant. 5. Repeat or recover the operation when applicable; verify access, audit evidence, and side effects.","The platform must correctly load an approved pinned integration package; the rollback and replay condition follows the configured contract; valid state is preserved, invalid or unauthorized work is rejected or quarantined without silent loss, retries do not duplicate side effects, lineage and audit evidence remain available, and no production records or credentials are used.",Playwright + platform UI/API,"prefect,market-platform,synthetic-data,integrations,rollback-and-replay"
Prefect,Integrations and Task Runners,PFT-INTEGRAT-00154,Integrations and Task Runners: reject incompatible runner settings before start (rollback and replay),Prefect: reject incompatible runner settings before start with rollback and replay,Functional,High,Non-production tenant or isolated local fixture; synthetic records only; Restore a prior version in a disposable fixture and replay the same operation.,"1. Create a disposable, versioned synthetic fixture: Restore a prior version in a disposable fixture and replay the same operation. 2. Execute the platform workflow to reject incompatible runner settings before start. 3. Capture the committed result, resource version, or run status. 4. Compare the result with the source fixture and the declared invariant. 5. Repeat or recover the operation when applicable; verify access, audit evidence, and side effects.","The platform must correctly reject incompatible runner settings before start; the rollback and replay condition follows the configured contract; valid state is preserved, invalid or unauthorized work is rejected or quarantined without silent loss, retries do not duplicate side effects, lineage and audit evidence remain available, and no production records or credentials are used.",Playwright + platform UI/API,"prefect,market-platform,synthetic-data,integrations,rollback-and-replay"
Prefect,Integrations and Task Runners,PFT-INTEGRAT-00155,Integrations and Task Runners: invoke a mocked external test integration (rollback and replay),Prefect: invoke a mocked external test integration with rollback and replay,Functional,High,Non-production tenant or isolated local fixture; synthetic records only; Restore a prior version in a disposable fixture and replay the same operation.,"1. Create a disposable, versioned synthetic fixture: Restore a prior version in a disposable fixture and replay the same operation. 2. Execute the platform workflow to invoke a mocked external test integration. 3. Capture the committed result, resource version, or run status. 4. Compare the result with the source fixture and the declared invariant. 5. Repeat or recover the operation when applicable; verify access, audit evidence, and side effects.","The platform must correctly invoke a mocked external test integration; the rollback and replay condition follows the configured contract; valid state is preserved, invalid or unauthorized work is rejected or quarantined without silent loss, retries do not duplicate side effects, lineage and audit evidence remain available, and no production records or credentials are used.",Playwright + platform UI/API,"prefect,market-platform,synthetic-data,integrations,rollback-and-replay"
Prefect,Integrations and Task Runners,PFT-INTEGRAT-00156,Integrations and Task Runners: retry calls with an idempotency key (rollback and replay),Prefect: retry calls with an idempotency key with rollback and replay,Functional,High,Non-production tenant or isolated local fixture; synthetic records only; Restore a prior version in a disposable fixture and replay the same operation.,"1. Create a disposable, versioned synthetic fixture: Restore a prior version in a disposable fixture and replay the same operation. 2. Execute the platform workflow to retry calls with an idempotency key. 3. Capture the committed result, resource version, or run status. 4. Compare the result with the source fixture and the declared invariant. 5. Repeat or recover the operation when applicable; verify access, audit evidence, and side effects.","The platform must correctly retry calls with an idempotency key; the rollback and replay condition follows the configured contract; valid state is preserved, invalid or unauthorized work is rejected or quarantined without silent loss, retries do not duplicate side effects, lineage and audit evidence remain available, and no production records or credentials are used.",Playwright + platform UI/API,"prefect,market-platform,synthetic-data,integrations,rollback-and-replay"
Prefect,Integrations and Task Runners,PFT-INTEGRAT-00157,Integrations and Task Runners: preserve structured return data between tasks (rollback and replay),Prefect: preserve structured return data between tasks with rollback and replay,Functional,Medium,Non-production tenant or isolated local fixture; synthetic records only; Restore a prior version in a disposable fixture and replay the same operation.,"1. Create a disposable, versioned synthetic fixture: Restore a prior version in a disposable fixture and replay the same operation. 2. Execute the platform workflow to preserve structured return data between tasks. 3. Capture the committed result, resource version, or run status. 4. Compare the result with the source fixture and the declared invariant. 5. Repeat or recover the operation when applicable; verify access, audit evidence, and side effects.","The platform must correctly preserve structured return data between tasks; the rollback and replay condition follows the configured contract; valid state is preserved, invalid or unauthorized work is rejected or quarantined without silent loss, retries do not duplicate side effects, lineage and audit evidence remain available, and no production records or credentials are used.",Playwright + platform UI/API,"prefect,market-platform,synthetic-data,integrations,rollback-and-replay"
Prefect,Integrations and Task Runners,PFT-INTEGRAT-00158,Integrations and Task Runners: map exceptions to declared retry rules (rollback and replay),Prefect: map exceptions to declared retry rules with rollback and replay,Functional,High,Non-production tenant or isolated local fixture; synthetic records only; Restore a prior version in a disposable fixture and replay the same operation.,"1. Create a disposable, versioned synthetic fixture: Restore a prior version in a disposable fixture and replay the same operation. 2. Execute the platform workflow to map exceptions to declared retry rules. 3. Capture the committed result, resource version, or run status. 4. Compare the result with the source fixture and the declared invariant. 5. Repeat or recover the operation when applicable; verify access, audit evidence, and side effects.","The platform must correctly map exceptions to declared retry rules; the rollback and replay condition follows the configured contract; valid state is preserved, invalid or unauthorized work is rejected or quarantined without silent loss, retries do not duplicate side effects, lineage and audit evidence remain available, and no production records or credentials are used.",Playwright + platform UI/API,"prefect,market-platform,synthetic-data,integrations,rollback-and-replay"
Prefect,Integrations and Task Runners,PFT-INTEGRAT-00159,Integrations and Task Runners: upgrade integration without breaking imports (rollback and replay),Prefect: upgrade integration without breaking imports with rollback and replay,Functional,High,Non-production tenant or isolated local fixture; synthetic records only; Restore a prior version in a disposable fixture and replay the same operation.,"1. Create a disposable, versioned synthetic fixture: Restore a prior version in a disposable fixture and replay the same operation. 2. Execute the platform workflow to upgrade integration without breaking imports. 3. Capture the committed result, resource version, or run status. 4. Compare the result with the source fixture and the declared invariant. 5. Repeat or recover the operation when applicable; verify access, audit evidence, and side effects.","The platform must correctly upgrade integration without breaking imports; the rollback and replay condition follows the configured contract; valid state is preserved, invalid or unauthorized work is rejected or quarantined without silent loss, retries do not duplicate side effects, lineage and audit evidence remain available, and no production records or credentials are used.",Playwright + platform UI/API,"prefect,market-platform,synthetic-data,integrations,rollback-and-replay"
Prefect,Integrations and Task Runners,PFT-INTEGRAT-00160,Integrations and Task Runners: record integration version in run metadata (rollback and replay),Prefect: record integration version in run metadata with rollback and replay,Functional,High,Non-production tenant or isolated local fixture; synthetic records only; Restore a prior version in a disposable fixture and replay the same operation.,"1. Create a disposable, versioned synthetic fixture: Restore a prior version in a disposable fixture and replay the same operation. 2. Execute the platform workflow to record integration version in run metadata. 3. Capture the committed result, resource version, or run status. 4. Compare the result with the source fixture and the declared invariant. 5. Repeat or recover the operation when applicable; verify access, audit evidence, and side effects.","The platform must correctly record integration version in run metadata; the rollback and replay condition follows the configured contract; valid state is preserved, invalid or unauthorized work is rejected or quarantined without silent loss, retries do not duplicate side effects, lineage and audit evidence remain available, and no production records or credentials are used.",Playwright + platform UI/API,"prefect,market-platform,synthetic-data,integrations,rollback-and-replay"
Prefect,Integrations and Task Runners,PFT-INTEGRAT-00161,Integrations and Task Runners: run async tasks with a compatible task runner (Unicode identifiers),Prefect: run async tasks with a compatible task runner with Unicode identifiers,Functional,Medium,"Non-production tenant or isolated local fixture; synthetic records only; Use Unicode in safe project, model, table, index, and synthetic account labels.","1. Create a disposable, versioned synthetic fixture: Use Unicode in safe project, model, table, index, and synthetic account labels. 2. Execute the platform workflow to run async tasks with a compatible task runner. 3. Capture the committed result, resource version, or run status. 4. Compare the result with the source fixture and the declared invariant. 5. Repeat or recover the operation when applicable; verify access, audit evidence, and side effects.","The platform must correctly run async tasks with a compatible task runner; the Unicode identifiers condition follows the configured contract; valid state is preserved, invalid or unauthorized work is rejected or quarantined without silent loss, retries do not duplicate side effects, lineage and audit evidence remain available, and no production records or credentials are used.",Playwright + platform UI/API,"prefect,market-platform,synthetic-data,integrations,Unicode-identifiers"
Prefect,Integrations and Task Runners,PFT-INTEGRAT-00162,Integrations and Task Runners: run threaded work within bounded concurrency (Unicode identifiers),Prefect: run threaded work within bounded concurrency with Unicode identifiers,Functional,High,"Non-production tenant or isolated local fixture; synthetic records only; Use Unicode in safe project, model, table, index, and synthetic account labels.","1. Create a disposable, versioned synthetic fixture: Use Unicode in safe project, model, table, index, and synthetic account labels. 2. Execute the platform workflow to run threaded work within bounded concurrency. 3. Capture the committed result, resource version, or run status. 4. Compare the result with the source fixture and the declared invariant. 5. Repeat or recover the operation when applicable; verify access, audit evidence, and side effects.","The platform must correctly run threaded work within bounded concurrency; the Unicode identifiers condition follows the configured contract; valid state is preserved, invalid or unauthorized work is rejected or quarantined without silent loss, retries do not duplicate side effects, lineage and audit evidence remain available, and no production records or credentials are used.",Playwright + platform UI/API,"prefect,market-platform,synthetic-data,integrations,Unicode-identifiers"
Prefect,Integrations and Task Runners,PFT-INTEGRAT-00163,Integrations and Task Runners: load an approved pinned integration package (Unicode identifiers),Prefect: load an approved pinned integration package with Unicode identifiers,Functional,High,"Non-production tenant or isolated local fixture; synthetic records only; Use Unicode in safe project, model, table, index, and synthetic account labels.","1. Create a disposable, versioned synthetic fixture: Use Unicode in safe project, model, table, index, and synthetic account labels. 2. Execute the platform workflow to load an approved pinned integration package. 3. Capture the committed result, resource version, or run status. 4. Compare the result with the source fixture and the declared invariant. 5. Repeat or recover the operation when applicable; verify access, audit evidence, and side effects.","The platform must correctly load an approved pinned integration package; the Unicode identifiers condition follows the configured contract; valid state is preserved, invalid or unauthorized work is rejected or quarantined without silent loss, retries do not duplicate side effects, lineage and audit evidence remain available, and no production records or credentials are used.",Playwright + platform UI/API,"prefect,market-platform,synthetic-data,integrations,Unicode-identifiers"
Prefect,Integrations and Task Runners,PFT-INTEGRAT-00164,Integrations and Task Runners: reject incompatible runner settings before start (Unicode identifiers),Prefect: reject incompatible runner settings before start with Unicode identifiers,Functional,High,"Non-production tenant or isolated local fixture; synthetic records only; Use Unicode in safe project, model, table, index, and synthetic account labels.","1. Create a disposable, versioned synthetic fixture: Use Unicode in safe project, model, table, index, and synthetic account labels. 2. Execute the platform workflow to reject incompatible runner settings before start. 3. Capture the committed result, resource version, or run status. 4. Compare the result with the source fixture and the declared invariant. 5. Repeat or recover the operation when applicable; verify access, audit evidence, and side effects.","The platform must correctly reject incompatible runner settings before start; the Unicode identifiers condition follows the configured contract; valid state is preserved, invalid or unauthorized work is rejected or quarantined without silent loss, retries do not duplicate side effects, lineage and audit evidence remain available, and no production records or credentials are used.",Playwright + platform UI/API,"prefect,market-platform,synthetic-data,integrations,Unicode-identifiers"
Prefect,Integrations and Task Runners,PFT-INTEGRAT-00165,Integrations and Task Runners: invoke a mocked external test integration (Unicode identifiers),Prefect: invoke a mocked external test integration with Unicode identifiers,Functional,Medium,"Non-production tenant or isolated local fixture; synthetic records only; Use Unicode in safe project, model, table, index, and synthetic account labels.","1. Create a disposable, versioned synthetic fixture: Use Unicode in safe project, model, table, index, and synthetic account labels. 2. Execute the platform workflow to invoke a mocked external test integration. 3. Capture the committed result, resource version, or run status. 4. Compare the result with the source fixture and the declared invariant. 5. Repeat or recover the operation when applicable; verify access, audit evidence, and side effects.","The platform must correctly invoke a mocked external test integration; the Unicode identifiers condition follows the configured contract; valid state is preserved, invalid or unauthorized work is rejected or quarantined without silent loss, retries do not duplicate side effects, lineage and audit evidence remain available, and no production records or credentials are used.",Playwright + platform UI/API,"prefect,market-platform,synthetic-data,integrations,Unicode-identifiers"
Prefect,Integrations and Task Runners,PFT-INTEGRAT-00166,Integrations and Task Runners: retry calls with an idempotency key (Unicode identifiers),Prefect: retry calls with an idempotency key with Unicode identifiers,Functional,High,"Non-production tenant or isolated local fixture; synthetic records only; Use Unicode in safe project, model, table, index, and synthetic account labels.","1. Create a disposable, versioned synthetic fixture: Use Unicode in safe project, model, table, index, and synthetic account labels. 2. Execute the platform workflow to retry calls with an idempotency key. 3. Capture the committed result, resource version, or run status. 4. Compare the result with the source fixture and the declared invariant. 5. Repeat or recover the operation when applicable; verify access, audit evidence, and side effects.","The platform must correctly retry calls with an idempotency key; the Unicode identifiers condition follows the configured contract; valid state is preserved, invalid or unauthorized work is rejected or quarantined without silent loss, retries do not duplicate side effects, lineage and audit evidence remain available, and no production records or credentials are used.",Playwright + platform UI/API,"prefect,market-platform,synthetic-data,integrations,Unicode-identifiers"
Prefect,Integrations and Task Runners,PFT-INTEGRAT-00167,Integrations and Task Runners: preserve structured return data between tasks (Unicode identifiers),Prefect: preserve structured return data between tasks with Unicode identifiers,Functional,High,"Non-production tenant or isolated local fixture; synthetic records only; Use Unicode in safe project, model, table, index, and synthetic account labels.","1. Create a disposable, versioned synthetic fixture: Use Unicode in safe project, model, table, index, and synthetic account labels. 2. Execute the platform workflow to preserve structured return data between tasks. 3. Capture the committed result, resource version, or run status. 4. Compare the result with the source fixture and the declared invariant. 5. Repeat or recover the operation when applicable; verify access, audit evidence, and side effects.","The platform must correctly preserve structured return data between tasks; the Unicode identifiers condition follows the configured contract; valid state is preserved, invalid or unauthorized work is rejected or quarantined without silent loss, retries do not duplicate side effects, lineage and audit evidence remain available, and no production records or credentials are used.",Playwright + platform UI/API,"prefect,market-platform,synthetic-data,integrations,Unicode-identifiers"
Prefect,Integrations and Task Runners,PFT-INTEGRAT-00168,Integrations and Task Runners: map exceptions to declared retry rules (Unicode identifiers),Prefect: map exceptions to declared retry rules with Unicode identifiers,Functional,High,"Non-production tenant or isolated local fixture; synthetic records only; Use Unicode in safe project, model, table, index, and synthetic account labels.","1. Create a disposable, versioned synthetic fixture: Use Unicode in safe project, model, table, index, and synthetic account labels. 2. Execute the platform workflow to map exceptions to declared retry rules. 3. Capture the committed result, resource version, or run status. 4. Compare the result with the source fixture and the declared invariant. 5. Repeat or recover the operation when applicable; verify access, audit evidence, and side effects.","The platform must correctly map exceptions to declared retry rules; the Unicode identifiers condition follows the configured contract; valid state is preserved, invalid or unauthorized work is rejected or quarantined without silent loss, retries do not duplicate side effects, lineage and audit evidence remain available, and no production records or credentials are used.",Playwright + platform UI/API,"prefect,market-platform,synthetic-data,integrations,Unicode-identifiers"
Prefect,Integrations and Task Runners,PFT-INTEGRAT-00169,Integrations and Task Runners: upgrade integration without breaking imports (Unicode identifiers),Prefect: upgrade integration without breaking imports with Unicode identifiers,Functional,Medium,"Non-production tenant or isolated local fixture; synthetic records only; Use Unicode in safe project, model, table, index, and synthetic account labels.","1. Create a disposable, versioned synthetic fixture: Use Unicode in safe project, model, table, index, and synthetic account labels. 2. Execute the platform workflow to upgrade integration without breaking imports. 3. Capture the committed result, resource version, or run status. 4. Compare the result with the source fixture and the declared invariant. 5. Repeat or recover the operation when applicable; verify access, audit evidence, and side effects.","The platform must correctly upgrade integration without breaking imports; the Unicode identifiers condition follows the configured contract; valid state is preserved, invalid or unauthorized work is rejected or quarantined without silent loss, retries do not duplicate side effects, lineage and audit evidence remain available, and no production records or credentials are used.",Playwright + platform UI/API,"prefect,market-platform,synthetic-data,integrations,Unicode-identifiers"
Prefect,Integrations and Task Runners,PFT-INTEGRAT-00170,Integrations and Task Runners: record integration version in run metadata (Unicode identifiers),Prefect: record integration version in run metadata with Unicode identifiers,Functional,High,"Non-production tenant or isolated local fixture; synthetic records only; Use Unicode in safe project, model, table, index, and synthetic account labels.","1. Create a disposable, versioned synthetic fixture: Use Unicode in safe project, model, table, index, and synthetic account labels. 2. Execute the platform workflow to record integration version in run metadata. 3. Capture the committed result, resource version, or run status. 4. Compare the result with the source fixture and the declared invariant. 5. Repeat or recover the operation when applicable; verify access, audit evidence, and side effects.","The platform must correctly record integration version in run metadata; the Unicode identifiers condition follows the configured contract; valid state is preserved, invalid or unauthorized work is rejected or quarantined without silent loss, retries do not duplicate side effects, lineage and audit evidence remain available, and no production records or credentials are used.",Playwright + platform UI/API,"prefect,market-platform,synthetic-data,integrations,Unicode-identifiers"
Prefect,Integrations and Task Runners,PFT-INTEGRAT-00171,Integrations and Task Runners: run async tasks with a compatible task runner (time-zone boundary),Prefect: run async tasks with a compatible task runner with time-zone boundary,Functional,High,Non-production tenant or isolated local fixture; synthetic records only; Place timestamps around local midnight and a daylight-saving transition.,"1. Create a disposable, versioned synthetic fixture: Place timestamps around local midnight and a daylight-saving transition. 2. Execute the platform workflow to run async tasks with a compatible task runner. 3. Capture the committed result, resource version, or run status. 4. Compare the result with the source fixture and the declared invariant. 5. Repeat or recover the operation when applicable; verify access, audit evidence, and side effects.","The platform must correctly run async tasks with a compatible task runner; the time-zone boundary condition follows the configured contract; valid state is preserved, invalid or unauthorized work is rejected or quarantined without silent loss, retries do not duplicate side effects, lineage and audit evidence remain available, and no production records or credentials are used.",Playwright + platform UI/API,"prefect,market-platform,synthetic-data,integrations,time-zone-boundary"
Prefect,Integrations and Task Runners,PFT-INTEGRAT-00172,Integrations and Task Runners: run threaded work within bounded concurrency (time-zone boundary),Prefect: run threaded work within bounded concurrency with time-zone boundary,Functional,High,Non-production tenant or isolated local fixture; synthetic records only; Place timestamps around local midnight and a daylight-saving transition.,"1. Create a disposable, versioned synthetic fixture: Place timestamps around local midnight and a daylight-saving transition. 2. Execute the platform workflow to run threaded work within bounded concurrency. 3. Capture the committed result, resource version, or run status. 4. Compare the result with the source fixture and the declared invariant. 5. Repeat or recover the operation when applicable; verify access, audit evidence, and side effects.","The platform must correctly run threaded work within bounded concurrency; the time-zone boundary condition follows the configured contract; valid state is preserved, invalid or unauthorized work is rejected or quarantined without silent loss, retries do not duplicate side effects, lineage and audit evidence remain available, and no production records or credentials are used.",Playwright + platform UI/API,"prefect,market-platform,synthetic-data,integrations,time-zone-boundary"
Prefect,Integrations and Task Runners,PFT-INTEGRAT-00173,Integrations and Task Runners: load an approved pinned integration package (time-zone boundary),Prefect: load an approved pinned integration package with time-zone boundary,Functional,Medium,Non-production tenant or isolated local fixture; synthetic records only; Place timestamps around local midnight and a daylight-saving transition.,"1. Create a disposable, versioned synthetic fixture: Place timestamps around local midnight and a daylight-saving transition. 2. Execute the platform workflow to load an approved pinned integration package. 3. Capture the committed result, resource version, or run status. 4. Compare the result with the source fixture and the declared invariant. 5. Repeat or recover the operation when applicable; verify access, audit evidence, and side effects.","The platform must correctly load an approved pinned integration package; the time-zone boundary condition follows the configured contract; valid state is preserved, invalid or unauthorized work is rejected or quarantined without silent loss, retries do not duplicate side effects, lineage and audit evidence remain available, and no production records or credentials are used.",Playwright + platform UI/API,"prefect,market-platform,synthetic-data,integrations,time-zone-boundary"
Prefect,Integrations and Task Runners,PFT-INTEGRAT-00174,Integrations and Task Runners: reject incompatible runner settings before start (time-zone boundary),Prefect: reject incompatible runner settings before start with time-zone boundary,Functional,High,Non-production tenant or isolated local fixture; synthetic records only; Place timestamps around local midnight and a daylight-saving transition.,"1. Create a disposable, versioned synthetic fixture: Place timestamps around local midnight and a daylight-saving transition. 2. Execute the platform workflow to reject incompatible runner settings before start. 3. Capture the committed result, resource version, or run status. 4. Compare the result with the source fixture and the declared invariant. 5. Repeat or recover the operation when applicable; verify access, audit evidence, and side effects.","The platform must correctly reject incompatible runner settings before start; the time-zone boundary condition follows the configured contract; valid state is preserved, invalid or unauthorized work is rejected or quarantined without silent loss, retries do not duplicate side effects, lineage and audit evidence remain available, and no production records or credentials are used.",Playwright + platform UI/API,"prefect,market-platform,synthetic-data,integrations,time-zone-boundary"
Prefect,Integrations and Task Runners,PFT-INTEGRAT-00175,Integrations and Task Runners: invoke a mocked external test integration (time-zone boundary),Prefect: invoke a mocked external test integration with time-zone boundary,Functional,High,Non-production tenant or isolated local fixture; synthetic records only; Place timestamps around local midnight and a daylight-saving transition.,"1. Create a disposable, versioned synthetic fixture: Place timestamps around local midnight and a daylight-saving transition. 2. Execute the platform workflow to invoke a mocked external test integration. 3. Capture the committed result, resource version, or run status. 4. Compare the result with the source fixture and the declared invariant. 5. Repeat or recover the operation when applicable; verify access, audit evidence, and side effects.","The platform must correctly invoke a mocked external test integration; the time-zone boundary condition follows the configured contract; valid state is preserved, invalid or unauthorized work is rejected or quarantined without silent loss, retries do not duplicate side effects, lineage and audit evidence remain available, and no production records or credentials are used.",Playwright + platform UI/API,"prefect,market-platform,synthetic-data,integrations,time-zone-boundary"
Prefect,Integrations and Task Runners,PFT-INTEGRAT-00176,Integrations and Task Runners: retry calls with an idempotency key (time-zone boundary),Prefect: retry calls with an idempotency key with time-zone boundary,Functional,High,Non-production tenant or isolated local fixture; synthetic records only; Place timestamps around local midnight and a daylight-saving transition.,"1. Create a disposable, versioned synthetic fixture: Place timestamps around local midnight and a daylight-saving transition. 2. Execute the platform workflow to retry calls with an idempotency key. 3. Capture the committed result, resource version, or run status. 4. Compare the result with the source fixture and the declared invariant. 5. Repeat or recover the operation when applicable; verify access, audit evidence, and side effects.","The platform must correctly retry calls with an idempotency key; the time-zone boundary condition follows the configured contract; valid state is preserved, invalid or unauthorized work is rejected or quarantined without silent loss, retries do not duplicate side effects, lineage and audit evidence remain available, and no production records or credentials are used.",Playwright + platform UI/API,"prefect,market-platform,synthetic-data,integrations,time-zone-boundary"
Prefect,Integrations and Task Runners,PFT-INTEGRAT-00177,Integrations and Task Runners: preserve structured return data between tasks (time-zone boundary),Prefect: preserve structured return data between tasks with time-zone boundary,Functional,Medium,Non-production tenant or isolated local fixture; synthetic records only; Place timestamps around local midnight and a daylight-saving transition.,"1. Create a disposable, versioned synthetic fixture: Place timestamps around local midnight and a daylight-saving transition. 2. Execute the platform workflow to preserve structured return data between tasks. 3. Capture the committed result, resource version, or run status. 4. Compare the result with the source fixture and the declared invariant. 5. Repeat or recover the operation when applicable; verify access, audit evidence, and side effects.","The platform must correctly preserve structured return data between tasks; the time-zone boundary condition follows the configured contract; valid state is preserved, invalid or unauthorized work is rejected or quarantined without silent loss, retries do not duplicate side effects, lineage and audit evidence remain available, and no production records or credentials are used.",Playwright + platform UI/API,"prefect,market-platform,synthetic-data,integrations,time-zone-boundary"
Prefect,Integrations and Task Runners,PFT-INTEGRAT-00178,Integrations and Task Runners: map exceptions to declared retry rules (time-zone boundary),Prefect: map exceptions to declared retry rules with time-zone boundary,Functional,High,Non-production tenant or isolated local fixture; synthetic records only; Place timestamps around local midnight and a daylight-saving transition.,"1. Create a disposable, versioned synthetic fixture: Place timestamps around local midnight and a daylight-saving transition. 2. Execute the platform workflow to map exceptions to declared retry rules. 3. Capture the committed result, resource version, or run status. 4. Compare the result with the source fixture and the declared invariant. 5. Repeat or recover the operation when applicable; verify access, audit evidence, and side effects.","The platform must correctly map exceptions to declared retry rules; the time-zone boundary condition follows the configured contract; valid state is preserved, invalid or unauthorized work is rejected or quarantined without silent loss, retries do not duplicate side effects, lineage and audit evidence remain available, and no production records or credentials are used.",Playwright + platform UI/API,"prefect,market-platform,synthetic-data,integrations,time-zone-boundary"
Prefect,Integrations and Task Runners,PFT-INTEGRAT-00179,Integrations and Task Runners: upgrade integration without breaking imports (time-zone boundary),Prefect: upgrade integration without breaking imports with time-zone boundary,Functional,High,Non-production tenant or isolated local fixture; synthetic records only; Place timestamps around local midnight and a daylight-saving transition.,"1. Create a disposable, versioned synthetic fixture: Place timestamps around local midnight and a daylight-saving transition. 2. Execute the platform workflow to upgrade integration without breaking imports. 3. Capture the committed result, resource version, or run status. 4. Compare the result with the source fixture and the declared invariant. 5. Repeat or recover the operation when applicable; verify access, audit evidence, and side effects.","The platform must correctly upgrade integration without breaking imports; the time-zone boundary condition follows the configured contract; valid state is preserved, invalid or unauthorized work is rejected or quarantined without silent loss, retries do not duplicate side effects, lineage and audit evidence remain available, and no production records or credentials are used.",Playwright + platform UI/API,"prefect,market-platform,synthetic-data,integrations,time-zone-boundary"
Prefect,Integrations and Task Runners,PFT-INTEGRAT-00180,Integrations and Task Runners: record integration version in run metadata (time-zone boundary),Prefect: record integration version in run metadata with time-zone boundary,Functional,High,Non-production tenant or isolated local fixture; synthetic records only; Place timestamps around local midnight and a daylight-saving transition.,"1. Create a disposable, versioned synthetic fixture: Place timestamps around local midnight and a daylight-saving transition. 2. Execute the platform workflow to record integration version in run metadata. 3. Capture the committed result, resource version, or run status. 4. Compare the result with the source fixture and the declared invariant. 5. Repeat or recover the operation when applicable; verify access, audit evidence, and side effects.","The platform must correctly record integration version in run metadata; the time-zone boundary condition follows the configured contract; valid state is preserved, invalid or unauthorized work is rejected or quarantined without silent loss, retries do not duplicate side effects, lineage and audit evidence remain available, and no production records or credentials are used.",Playwright + platform UI/API,"prefect,market-platform,synthetic-data,integrations,time-zone-boundary"
Prefect,Integrations and Task Runners,PFT-INTEGRAT-00181,Integrations and Task Runners: run async tasks with a compatible task runner (skewed high volume),Prefect: run async tasks with a compatible task runner with skewed high volume,Functional,Medium,Non-production tenant or isolated local fixture; synthetic records only; Use a large synthetic fixture with one intentionally skewed key or partition.,"1. Create a disposable, versioned synthetic fixture: Use a large synthetic fixture with one intentionally skewed key or partition. 2. Execute the platform workflow to run async tasks with a compatible task runner. 3. Capture the committed result, resource version, or run status. 4. Compare the result with the source fixture and the declared invariant. 5. Repeat or recover the operation when applicable; verify access, audit evidence, and side effects.","The platform must correctly run async tasks with a compatible task runner; the skewed high volume condition follows the configured contract; valid state is preserved, invalid or unauthorized work is rejected or quarantined without silent loss, retries do not duplicate side effects, lineage and audit evidence remain available, and no production records or credentials are used.",Playwright + platform UI/API,"prefect,market-platform,synthetic-data,integrations,skewed-high-volume"
Prefect,Integrations and Task Runners,PFT-INTEGRAT-00182,Integrations and Task Runners: run threaded work within bounded concurrency (skewed high volume),Prefect: run threaded work within bounded concurrency with skewed high volume,Functional,High,Non-production tenant or isolated local fixture; synthetic records only; Use a large synthetic fixture with one intentionally skewed key or partition.,"1. Create a disposable, versioned synthetic fixture: Use a large synthetic fixture with one intentionally skewed key or partition. 2. Execute the platform workflow to run threaded work within bounded concurrency. 3. Capture the committed result, resource version, or run status. 4. Compare the result with the source fixture and the declared invariant. 5. Repeat or recover the operation when applicable; verify access, audit evidence, and side effects.","The platform must correctly run threaded work within bounded concurrency; the skewed high volume condition follows the configured contract; valid state is preserved, invalid or unauthorized work is rejected or quarantined without silent loss, retries do not duplicate side effects, lineage and audit evidence remain available, and no production records or credentials are used.",Playwright + platform UI/API,"prefect,market-platform,synthetic-data,integrations,skewed-high-volume"
Prefect,Integrations and Task Runners,PFT-INTEGRAT-00183,Integrations and Task Runners: load an approved pinned integration package (skewed high volume),Prefect: load an approved pinned integration package with skewed high volume,Functional,High,Non-production tenant or isolated local fixture; synthetic records only; Use a large synthetic fixture with one intentionally skewed key or partition.,"1. Create a disposable, versioned synthetic fixture: Use a large synthetic fixture with one intentionally skewed key or partition. 2. Execute the platform workflow to load an approved pinned integration package. 3. Capture the committed result, resource version, or run status. 4. Compare the result with the source fixture and the declared invariant. 5. Repeat or recover the operation when applicable; verify access, audit evidence, and side effects.","The platform must correctly load an approved pinned integration package; the skewed high volume condition follows the configured contract; valid state is preserved, invalid or unauthorized work is rejected or quarantined without silent loss, retries do not duplicate side effects, lineage and audit evidence remain available, and no production records or credentials are used.",Playwright + platform UI/API,"prefect,market-platform,synthetic-data,integrations,skewed-high-volume"
Prefect,Integrations and Task Runners,PFT-INTEGRAT-00184,Integrations and Task Runners: reject incompatible runner settings before start (skewed high volume),Prefect: reject incompatible runner settings before start with skewed high volume,Functional,High,Non-production tenant or isolated local fixture; synthetic records only; Use a large synthetic fixture with one intentionally skewed key or partition.,"1. Create a disposable, versioned synthetic fixture: Use a large synthetic fixture with one intentionally skewed key or partition. 2. Execute the platform workflow to reject incompatible runner settings before start. 3. Capture the committed result, resource version, or run status. 4. Compare the result with the source fixture and the declared invariant. 5. Repeat or recover the operation when applicable; verify access, audit evidence, and side effects.","The platform must correctly reject incompatible runner settings before start; the skewed high volume condition follows the configured contract; valid state is preserved, invalid or unauthorized work is rejected or quarantined without silent loss, retries do not duplicate side effects, lineage and audit evidence remain available, and no production records or credentials are used.",Playwright + platform UI/API,"prefect,market-platform,synthetic-data,integrations,skewed-high-volume"
Prefect,Integrations and Task Runners,PFT-INTEGRAT-00185,Integrations and Task Runners: invoke a mocked external test integration (skewed high volume),Prefect: invoke a mocked external test integration with skewed high volume,Functional,Medium,Non-production tenant or isolated local fixture; synthetic records only; Use a large synthetic fixture with one intentionally skewed key or partition.,"1. Create a disposable, versioned synthetic fixture: Use a large synthetic fixture with one intentionally skewed key or partition. 2. Execute the platform workflow to invoke a mocked external test integration. 3. Capture the committed result, resource version, or run status. 4. Compare the result with the source fixture and the declared invariant. 5. Repeat or recover the operation when applicable; verify access, audit evidence, and side effects.","The platform must correctly invoke a mocked external test integration; the skewed high volume condition follows the configured contract; valid state is preserved, invalid or unauthorized work is rejected or quarantined without silent loss, retries do not duplicate side effects, lineage and audit evidence remain available, and no production records or credentials are used.",Playwright + platform UI/API,"prefect,market-platform,synthetic-data,integrations,skewed-high-volume"
Prefect,Integrations and Task Runners,PFT-INTEGRAT-00186,Integrations and Task Runners: retry calls with an idempotency key (skewed high volume),Prefect: retry calls with an idempotency key with skewed high volume,Functional,High,Non-production tenant or isolated local fixture; synthetic records only; Use a large synthetic fixture with one intentionally skewed key or partition.,"1. Create a disposable, versioned synthetic fixture: Use a large synthetic fixture with one intentionally skewed key or partition. 2. Execute the platform workflow to retry calls with an idempotency key. 3. Capture the committed result, resource version, or run status. 4. Compare the result with the source fixture and the declared invariant. 5. Repeat or recover the operation when applicable; verify access, audit evidence, and side effects.","The platform must correctly retry calls with an idempotency key; the skewed high volume condition follows the configured contract; valid state is preserved, invalid or unauthorized work is rejected or quarantined without silent loss, retries do not duplicate side effects, lineage and audit evidence remain available, and no production records or credentials are used.",Playwright + platform UI/API,"prefect,market-platform,synthetic-data,integrations,skewed-high-volume"
Prefect,Integrations and Task Runners,PFT-INTEGRAT-00187,Integrations and Task Runners: preserve structured return data between tasks (skewed high volume),Prefect: preserve structured return data between tasks with skewed high volume,Functional,High,Non-production tenant or isolated local fixture; synthetic records only; Use a large synthetic fixture with one intentionally skewed key or partition.,"1. Create a disposable, versioned synthetic fixture: Use a large synthetic fixture with one intentionally skewed key or partition. 2. Execute the platform workflow to preserve structured return data between tasks. 3. Capture the committed result, resource version, or run status. 4. Compare the result with the source fixture and the declared invariant. 5. Repeat or recover the operation when applicable; verify access, audit evidence, and side effects.","The platform must correctly preserve structured return data between tasks; the skewed high volume condition follows the configured contract; valid state is preserved, invalid or unauthorized work is rejected or quarantined without silent loss, retries do not duplicate side effects, lineage and audit evidence remain available, and no production records or credentials are used.",Playwright + platform UI/API,"prefect,market-platform,synthetic-data,integrations,skewed-high-volume"
Prefect,Integrations and Task Runners,PFT-INTEGRAT-00188,Integrations and Task Runners: map exceptions to declared retry rules (skewed high volume),Prefect: map exceptions to declared retry rules with skewed high volume,Functional,High,Non-production tenant or isolated local fixture; synthetic records only; Use a large synthetic fixture with one intentionally skewed key or partition.,"1. Create a disposable, versioned synthetic fixture: Use a large synthetic fixture with one intentionally skewed key or partition. 2. Execute the platform workflow to map exceptions to declared retry rules. 3. Capture the committed result, resource version, or run status. 4. Compare the result with the source fixture and the declared invariant. 5. Repeat or recover the operation when applicable; verify access, audit evidence, and side effects.","The platform must correctly map exceptions to declared retry rules; the skewed high volume condition follows the configured contract; valid state is preserved, invalid or unauthorized work is rejected or quarantined without silent loss, retries do not duplicate side effects, lineage and audit evidence remain available, and no production records or credentials are used.",Playwright + platform UI/API,"prefect,market-platform,synthetic-data,integrations,skewed-high-volume"
Prefect,Integrations and Task Runners,PFT-INTEGRAT-00189,Integrations and Task Runners: upgrade integration without breaking imports (skewed high volume),Prefect: upgrade integration without breaking imports with skewed high volume,Functional,Medium,Non-production tenant or isolated local fixture; synthetic records only; Use a large synthetic fixture with one intentionally skewed key or partition.,"1. Create a disposable, versioned synthetic fixture: Use a large synthetic fixture with one intentionally skewed key or partition. 2. Execute the platform workflow to upgrade integration without breaking imports. 3. Capture the committed result, resource version, or run status. 4. Compare the result with the source fixture and the declared invariant. 5. Repeat or recover the operation when applicable; verify access, audit evidence, and side effects.","The platform must correctly upgrade integration without breaking imports; the skewed high volume condition follows the configured contract; valid state is preserved, invalid or unauthorized work is rejected or quarantined without silent loss, retries do not duplicate side effects, lineage and audit evidence remain available, and no production records or credentials are used.",Playwright + platform UI/API,"prefect,market-platform,synthetic-data,integrations,skewed-high-volume"
Prefect,Integrations and Task Runners,PFT-INTEGRAT-00190,Integrations and Task Runners: record integration version in run metadata (skewed high volume),Prefect: record integration version in run metadata with skewed high volume,Functional,High,Non-production tenant or isolated local fixture; synthetic records only; Use a large synthetic fixture with one intentionally skewed key or partition.,"1. Create a disposable, versioned synthetic fixture: Use a large synthetic fixture with one intentionally skewed key or partition. 2. Execute the platform workflow to record integration version in run metadata. 3. Capture the committed result, resource version, or run status. 4. Compare the result with the source fixture and the declared invariant. 5. Repeat or recover the operation when applicable; verify access, audit evidence, and side effects.","The platform must correctly record integration version in run metadata; the skewed high volume condition follows the configured contract; valid state is preserved, invalid or unauthorized work is rejected or quarantined without silent loss, retries do not duplicate side effects, lineage and audit evidence remain available, and no production records or credentials are used.",Playwright + platform UI/API,"prefect,market-platform,synthetic-data,integrations,skewed-high-volume"
Prefect,Integrations and Task Runners,PFT-INTEGRAT-00191,Integrations and Task Runners: run async tasks with a compatible task runner (corrupt input),Prefect: run async tasks with a compatible task runner with corrupt input,Functional,High,Non-production tenant or isolated local fixture; synthetic records only; Include one malformed record and verify quarantine or clear failure without silent loss.,"1. Create a disposable, versioned synthetic fixture: Include one malformed record and verify quarantine or clear failure without silent loss. 2. Execute the platform workflow to run async tasks with a compatible task runner. 3. Capture the committed result, resource version, or run status. 4. Compare the result with the source fixture and the declared invariant. 5. Repeat or recover the operation when applicable; verify access, audit evidence, and side effects.","The platform must correctly run async tasks with a compatible task runner; the corrupt input condition follows the configured contract; valid state is preserved, invalid or unauthorized work is rejected or quarantined without silent loss, retries do not duplicate side effects, lineage and audit evidence remain available, and no production records or credentials are used.",Playwright + platform UI/API,"prefect,market-platform,synthetic-data,integrations,corrupt-input"
Prefect,Integrations and Task Runners,PFT-INTEGRAT-00192,Integrations and Task Runners: run threaded work within bounded concurrency (corrupt input),Prefect: run threaded work within bounded concurrency with corrupt input,Functional,High,Non-production tenant or isolated local fixture; synthetic records only; Include one malformed record and verify quarantine or clear failure without silent loss.,"1. Create a disposable, versioned synthetic fixture: Include one malformed record and verify quarantine or clear failure without silent loss. 2. Execute the platform workflow to run threaded work within bounded concurrency. 3. Capture the committed result, resource version, or run status. 4. Compare the result with the source fixture and the declared invariant. 5. Repeat or recover the operation when applicable; verify access, audit evidence, and side effects.","The platform must correctly run threaded work within bounded concurrency; the corrupt input condition follows the configured contract; valid state is preserved, invalid or unauthorized work is rejected or quarantined without silent loss, retries do not duplicate side effects, lineage and audit evidence remain available, and no production records or credentials are used.",Playwright + platform UI/API,"prefect,market-platform,synthetic-data,integrations,corrupt-input"
Prefect,Integrations and Task Runners,PFT-INTEGRAT-00193,Integrations and Task Runners: load an approved pinned integration package (corrupt input),Prefect: load an approved pinned integration package with corrupt input,Functional,Medium,Non-production tenant or isolated local fixture; synthetic records only; Include one malformed record and verify quarantine or clear failure without silent loss.,"1. Create a disposable, versioned synthetic fixture: Include one malformed record and verify quarantine or clear failure without silent loss. 2. Execute the platform workflow to load an approved pinned integration package. 3. Capture the committed result, resource version, or run status. 4. Compare the result with the source fixture and the declared invariant. 5. Repeat or recover the operation when applicable; verify access, audit evidence, and side effects.","The platform must correctly load an approved pinned integration package; the corrupt input condition follows the configured contract; valid state is preserved, invalid or unauthorized work is rejected or quarantined without silent loss, retries do not duplicate side effects, lineage and audit evidence remain available, and no production records or credentials are used.",Playwright + platform UI/API,"prefect,market-platform,synthetic-data,integrations,corrupt-input"
Prefect,Integrations and Task Runners,PFT-INTEGRAT-00194,Integrations and Task Runners: reject incompatible runner settings before start (corrupt input),Prefect: reject incompatible runner settings before start with corrupt input,Functional,High,Non-production tenant or isolated local fixture; synthetic records only; Include one malformed record and verify quarantine or clear failure without silent loss.,"1. Create a disposable, versioned synthetic fixture: Include one malformed record and verify quarantine or clear failure without silent loss. 2. Execute the platform workflow to reject incompatible runner settings before start. 3. Capture the committed result, resource version, or run status. 4. Compare the result with the source fixture and the declared invariant. 5. Repeat or recover the operation when applicable; verify access, audit evidence, and side effects.","The platform must correctly reject incompatible runner settings before start; the corrupt input condition follows the configured contract; valid state is preserved, invalid or unauthorized work is rejected or quarantined without silent loss, retries do not duplicate side effects, lineage and audit evidence remain available, and no production records or credentials are used.",Playwright + platform UI/API,"prefect,market-platform,synthetic-data,integrations,corrupt-input"
Prefect,Integrations and Task Runners,PFT-INTEGRAT-00195,Integrations and Task Runners: invoke a mocked external test integration (corrupt input),Prefect: invoke a mocked external test integration with corrupt input,Functional,High,Non-production tenant or isolated local fixture; synthetic records only; Include one malformed record and verify quarantine or clear failure without silent loss.,"1. Create a disposable, versioned synthetic fixture: Include one malformed record and verify quarantine or clear failure without silent loss. 2. Execute the platform workflow to invoke a mocked external test integration. 3. Capture the committed result, resource version, or run status. 4. Compare the result with the source fixture and the declared invariant. 5. Repeat or recover the operation when applicable; verify access, audit evidence, and side effects.","The platform must correctly invoke a mocked external test integration; the corrupt input condition follows the configured contract; valid state is preserved, invalid or unauthorized work is rejected or quarantined without silent loss, retries do not duplicate side effects, lineage and audit evidence remain available, and no production records or credentials are used.",Playwright + platform UI/API,"prefect,market-platform,synthetic-data,integrations,corrupt-input"
Prefect,Integrations and Task Runners,PFT-INTEGRAT-00196,Integrations and Task Runners: retry calls with an idempotency key (corrupt input),Prefect: retry calls with an idempotency key with corrupt input,Functional,High,Non-production tenant or isolated local fixture; synthetic records only; Include one malformed record and verify quarantine or clear failure without silent loss.,"1. Create a disposable, versioned synthetic fixture: Include one malformed record and verify quarantine or clear failure without silent loss. 2. Execute the platform workflow to retry calls with an idempotency key. 3. Capture the committed result, resource version, or run status. 4. Compare the result with the source fixture and the declared invariant. 5. Repeat or recover the operation when applicable; verify access, audit evidence, and side effects.","The platform must correctly retry calls with an idempotency key; the corrupt input condition follows the configured contract; valid state is preserved, invalid or unauthorized work is rejected or quarantined without silent loss, retries do not duplicate side effects, lineage and audit evidence remain available, and no production records or credentials are used.",Playwright + platform UI/API,"prefect,market-platform,synthetic-data,integrations,corrupt-input"
Prefect,Integrations and Task Runners,PFT-INTEGRAT-00197,Integrations and Task Runners: preserve structured return data between tasks (corrupt input),Prefect: preserve structured return data between tasks with corrupt input,Functional,Medium,Non-production tenant or isolated local fixture; synthetic records only; Include one malformed record and verify quarantine or clear failure without silent loss.,"1. Create a disposable, versioned synthetic fixture: Include one malformed record and verify quarantine or clear failure without silent loss. 2. Execute the platform workflow to preserve structured return data between tasks. 3. Capture the committed result, resource version, or run status. 4. Compare the result with the source fixture and the declared invariant. 5. Repeat or recover the operation when applicable; verify access, audit evidence, and side effects.","The platform must correctly preserve structured return data between tasks; the corrupt input condition follows the configured contract; valid state is preserved, invalid or unauthorized work is rejected or quarantined without silent loss, retries do not duplicate side effects, lineage and audit evidence remain available, and no production records or credentials are used.",Playwright + platform UI/API,"prefect,market-platform,synthetic-data,integrations,corrupt-input"
Prefect,Integrations and Task Runners,PFT-INTEGRAT-00198,Integrations and Task Runners: map exceptions to declared retry rules (corrupt input),Prefect: map exceptions to declared retry rules with corrupt input,Functional,High,Non-production tenant or isolated local fixture; synthetic records only; Include one malformed record and verify quarantine or clear failure without silent loss.,"1. Create a disposable, versioned synthetic fixture: Include one malformed record and verify quarantine or clear failure without silent loss. 2. Execute the platform workflow to map exceptions to declared retry rules. 3. Capture the committed result, resource version, or run status. 4. Compare the result with the source fixture and the declared invariant. 5. Repeat or recover the operation when applicable; verify access, audit evidence, and side effects.","The platform must correctly map exceptions to declared retry rules; the corrupt input condition follows the configured contract; valid state is preserved, invalid or unauthorized work is rejected or quarantined without silent loss, retries do not duplicate side effects, lineage and audit evidence remain available, and no production records or credentials are used.",Playwright + platform UI/API,"prefect,market-platform,synthetic-data,integrations,corrupt-input"
Prefect,Integrations and Task Runners,PFT-INTEGRAT-00199,Integrations and Task Runners: upgrade integration without breaking imports (corrupt input),Prefect: upgrade integration without breaking imports with corrupt input,Functional,High,Non-production tenant or isolated local fixture; synthetic records only; Include one malformed record and verify quarantine or clear failure without silent loss.,"1. Create a disposable, versioned synthetic fixture: Include one malformed record and verify quarantine or clear failure without silent loss. 2. Execute the platform workflow to upgrade integration without breaking imports. 3. Capture the committed result, resource version, or run status. 4. Compare the result with the source fixture and the declared invariant. 5. Repeat or recover the operation when applicable; verify access, audit evidence, and side effects.","The platform must correctly upgrade integration without breaking imports; the corrupt input condition follows the configured contract; valid state is preserved, invalid or unauthorized work is rejected or quarantined without silent loss, retries do not duplicate side effects, lineage and audit evidence remain available, and no production records or credentials are used.",Playwright + platform UI/API,"prefect,market-platform,synthetic-data,integrations,corrupt-input"
Prefect,Integrations and Task Runners,PFT-INTEGRAT-00200,Integrations and Task Runners: record integration version in run metadata (corrupt input),Prefect: record integration version in run metadata with corrupt input,Functional,High,Non-production tenant or isolated local fixture; synthetic records only; Include one malformed record and verify quarantine or clear failure without silent loss.,"1. Create a disposable, versioned synthetic fixture: Include one malformed record and verify quarantine or clear failure without silent loss. 2. Execute the platform workflow to record integration version in run metadata. 3. Capture the committed result, resource version, or run status. 4. Compare the result with the source fixture and the declared invariant. 5. Repeat or recover the operation when applicable; verify access, audit evidence, and side effects.","The platform must correctly record integration version in run metadata; the corrupt input condition follows the configured contract; valid state is preserved, invalid or unauthorized work is rejected or quarantined without silent loss, retries do not duplicate side effects, lineage and audit evidence remain available, and no production records or credentials are used.",Playwright + platform UI/API,"prefect,market-platform,synthetic-data,integrations,corrupt-input"
