product,module,test_case_id,test_scenario,test_case_name,test_type,priority,preconditions,test_steps,expected_result,automation_framework,tags
Media & Entertainment,Subscriptions and Monetization Mocks,MEDX-SUBSCRIP-00001,Subscriptions and Monetization Mocks: create a synthetic subscription plan with versioned terms (clean baseline),Media & Entertainment: create a synthetic subscription plan with versioned terms with clean baseline,Functional,Medium,"Non-production tenant or isolated local fixture; synthetic records only; Use a disposable workspace, tenant, project, and versioned synthetic fixture. Safety boundary: Use synthetic media and non-copyrighted test assets only, with mock licensing, channels, and payment providers. Do not publish real content, process real subscriber data, or treat synthetic engagement metrics as actual audience outcomes.","1. Create a disposable, versioned synthetic fixture: Use a disposable workspace, tenant, project, and versioned synthetic fixture. 2. Execute the platform workflow to create a synthetic subscription plan with versioned terms. 3. Capture the committed result, resource version, or run status. 4. Compare the result with the source fixture and the declared invariant. 5. Repeat or recover the operation when applicable; verify access, audit evidence, and side effects.","The platform must correctly create a synthetic subscription plan with versioned terms; the clean baseline condition follows the configured contract; valid state is preserved, invalid or unauthorized work is rejected or quarantined without silent loss, retries do not duplicate side effects, lineage and audit evidence remain available, and no production records or credentials are used. Safety boundary: Use synthetic media and non-copyrighted test assets only, with mock licensing, channels, and payment providers. Do not publish real content, process real subscriber data, or treat synthetic engagement metrics as actual audience outcomes.",Playwright + platform UI/API,"media-entertainment,market-platform,synthetic-data,subscriptions_monetization,clean-baseline"
Media & Entertainment,Subscriptions and Monetization Mocks,MEDX-SUBSCRIP-00002,Subscriptions and Monetization Mocks: activate a test subscription through a mock provider (clean baseline),Media & Entertainment: activate a test subscription through a mock provider with clean baseline,Functional,High,"Non-production tenant or isolated local fixture; synthetic records only; Use a disposable workspace, tenant, project, and versioned synthetic fixture. Safety boundary: Use synthetic media and non-copyrighted test assets only, with mock licensing, channels, and payment providers. Do not publish real content, process real subscriber data, or treat synthetic engagement metrics as actual audience outcomes.","1. Create a disposable, versioned synthetic fixture: Use a disposable workspace, tenant, project, and versioned synthetic fixture. 2. Execute the platform workflow to activate a test subscription through a mock provider. 3. Capture the committed result, resource version, or run status. 4. Compare the result with the source fixture and the declared invariant. 5. Repeat or recover the operation when applicable; verify access, audit evidence, and side effects.","The platform must correctly activate a test subscription through a mock provider; the clean baseline condition follows the configured contract; valid state is preserved, invalid or unauthorized work is rejected or quarantined without silent loss, retries do not duplicate side effects, lineage and audit evidence remain available, and no production records or credentials are used. Safety boundary: Use synthetic media and non-copyrighted test assets only, with mock licensing, channels, and payment providers. Do not publish real content, process real subscriber data, or treat synthetic engagement metrics as actual audience outcomes.",Playwright + platform UI/API,"media-entertainment,market-platform,synthetic-data,subscriptions_monetization,clean-baseline"
Media & Entertainment,Subscriptions and Monetization Mocks,MEDX-SUBSCRIP-00003,Subscriptions and Monetization Mocks: apply a promotion only within its configured date window (clean baseline),Media & Entertainment: apply a promotion only within its configured date window with clean baseline,Functional,High,"Non-production tenant or isolated local fixture; synthetic records only; Use a disposable workspace, tenant, project, and versioned synthetic fixture. Safety boundary: Use synthetic media and non-copyrighted test assets only, with mock licensing, channels, and payment providers. Do not publish real content, process real subscriber data, or treat synthetic engagement metrics as actual audience outcomes.","1. Create a disposable, versioned synthetic fixture: Use a disposable workspace, tenant, project, and versioned synthetic fixture. 2. Execute the platform workflow to apply a promotion only within its configured date window. 3. Capture the committed result, resource version, or run status. 4. Compare the result with the source fixture and the declared invariant. 5. Repeat or recover the operation when applicable; verify access, audit evidence, and side effects.","The platform must correctly apply a promotion only within its configured date window; the clean baseline condition follows the configured contract; valid state is preserved, invalid or unauthorized work is rejected or quarantined without silent loss, retries do not duplicate side effects, lineage and audit evidence remain available, and no production records or credentials are used. Safety boundary: Use synthetic media and non-copyrighted test assets only, with mock licensing, channels, and payment providers. Do not publish real content, process real subscriber data, or treat synthetic engagement metrics as actual audience outcomes.",Playwright + platform UI/API,"media-entertainment,market-platform,synthetic-data,subscriptions_monetization,clean-baseline"
Media & Entertainment,Subscriptions and Monetization Mocks,MEDX-SUBSCRIP-00004,Subscriptions and Monetization Mocks: prevent duplicate entitlement grant after payment retry (clean baseline),Media & Entertainment: prevent duplicate entitlement grant after payment retry with clean baseline,Functional,High,"Non-production tenant or isolated local fixture; synthetic records only; Use a disposable workspace, tenant, project, and versioned synthetic fixture. Safety boundary: Use synthetic media and non-copyrighted test assets only, with mock licensing, channels, and payment providers. Do not publish real content, process real subscriber data, or treat synthetic engagement metrics as actual audience outcomes.","1. Create a disposable, versioned synthetic fixture: Use a disposable workspace, tenant, project, and versioned synthetic fixture. 2. Execute the platform workflow to prevent duplicate entitlement grant after payment retry. 3. Capture the committed result, resource version, or run status. 4. Compare the result with the source fixture and the declared invariant. 5. Repeat or recover the operation when applicable; verify access, audit evidence, and side effects.","The platform must correctly prevent duplicate entitlement grant after payment retry; the clean baseline condition follows the configured contract; valid state is preserved, invalid or unauthorized work is rejected or quarantined without silent loss, retries do not duplicate side effects, lineage and audit evidence remain available, and no production records or credentials are used. Safety boundary: Use synthetic media and non-copyrighted test assets only, with mock licensing, channels, and payment providers. Do not publish real content, process real subscriber data, or treat synthetic engagement metrics as actual audience outcomes.",Playwright + platform UI/API,"media-entertainment,market-platform,synthetic-data,subscriptions_monetization,clean-baseline"
Media & Entertainment,Subscriptions and Monetization Mocks,MEDX-SUBSCRIP-00005,Subscriptions and Monetization Mocks: cancel a test subscription and apply mock access rules (clean baseline),Media & Entertainment: cancel a test subscription and apply mock access rules with clean baseline,Functional,Medium,"Non-production tenant or isolated local fixture; synthetic records only; Use a disposable workspace, tenant, project, and versioned synthetic fixture. Safety boundary: Use synthetic media and non-copyrighted test assets only, with mock licensing, channels, and payment providers. Do not publish real content, process real subscriber data, or treat synthetic engagement metrics as actual audience outcomes.","1. Create a disposable, versioned synthetic fixture: Use a disposable workspace, tenant, project, and versioned synthetic fixture. 2. Execute the platform workflow to cancel a test subscription and apply mock access rules. 3. Capture the committed result, resource version, or run status. 4. Compare the result with the source fixture and the declared invariant. 5. Repeat or recover the operation when applicable; verify access, audit evidence, and side effects.","The platform must correctly cancel a test subscription and apply mock access rules; the clean baseline condition follows the configured contract; valid state is preserved, invalid or unauthorized work is rejected or quarantined without silent loss, retries do not duplicate side effects, lineage and audit evidence remain available, and no production records or credentials are used. Safety boundary: Use synthetic media and non-copyrighted test assets only, with mock licensing, channels, and payment providers. Do not publish real content, process real subscriber data, or treat synthetic engagement metrics as actual audience outcomes.",Playwright + platform UI/API,"media-entertainment,market-platform,synthetic-data,subscriptions_monetization,clean-baseline"
Media & Entertainment,Subscriptions and Monetization Mocks,MEDX-SUBSCRIP-00006,Subscriptions and Monetization Mocks: reconcile simulated revenue events with the test ledger (clean baseline),Media & Entertainment: reconcile simulated revenue events with the test ledger with clean baseline,Functional,High,"Non-production tenant or isolated local fixture; synthetic records only; Use a disposable workspace, tenant, project, and versioned synthetic fixture. Safety boundary: Use synthetic media and non-copyrighted test assets only, with mock licensing, channels, and payment providers. Do not publish real content, process real subscriber data, or treat synthetic engagement metrics as actual audience outcomes.","1. Create a disposable, versioned synthetic fixture: Use a disposable workspace, tenant, project, and versioned synthetic fixture. 2. Execute the platform workflow to reconcile simulated revenue events with the test ledger. 3. Capture the committed result, resource version, or run status. 4. Compare the result with the source fixture and the declared invariant. 5. Repeat or recover the operation when applicable; verify access, audit evidence, and side effects.","The platform must correctly reconcile simulated revenue events with the test ledger; the clean baseline condition follows the configured contract; valid state is preserved, invalid or unauthorized work is rejected or quarantined without silent loss, retries do not duplicate side effects, lineage and audit evidence remain available, and no production records or credentials are used. Safety boundary: Use synthetic media and non-copyrighted test assets only, with mock licensing, channels, and payment providers. Do not publish real content, process real subscriber data, or treat synthetic engagement metrics as actual audience outcomes.",Playwright + platform UI/API,"media-entertainment,market-platform,synthetic-data,subscriptions_monetization,clean-baseline"
Media & Entertainment,Subscriptions and Monetization Mocks,MEDX-SUBSCRIP-00007,Subscriptions and Monetization Mocks: handle a provider timeout without asserting settlement (clean baseline),Media & Entertainment: handle a provider timeout without asserting settlement with clean baseline,Functional,High,"Non-production tenant or isolated local fixture; synthetic records only; Use a disposable workspace, tenant, project, and versioned synthetic fixture. Safety boundary: Use synthetic media and non-copyrighted test assets only, with mock licensing, channels, and payment providers. Do not publish real content, process real subscriber data, or treat synthetic engagement metrics as actual audience outcomes.","1. Create a disposable, versioned synthetic fixture: Use a disposable workspace, tenant, project, and versioned synthetic fixture. 2. Execute the platform workflow to handle a provider timeout without asserting settlement. 3. Capture the committed result, resource version, or run status. 4. Compare the result with the source fixture and the declared invariant. 5. Repeat or recover the operation when applicable; verify access, audit evidence, and side effects.","The platform must correctly handle a provider timeout without asserting settlement; the clean baseline condition follows the configured contract; valid state is preserved, invalid or unauthorized work is rejected or quarantined without silent loss, retries do not duplicate side effects, lineage and audit evidence remain available, and no production records or credentials are used. Safety boundary: Use synthetic media and non-copyrighted test assets only, with mock licensing, channels, and payment providers. Do not publish real content, process real subscriber data, or treat synthetic engagement metrics as actual audience outcomes.",Playwright + platform UI/API,"media-entertainment,market-platform,synthetic-data,subscriptions_monetization,clean-baseline"
Media & Entertainment,Subscriptions and Monetization Mocks,MEDX-SUBSCRIP-00008,Subscriptions and Monetization Mocks: restrict subscriber details by assigned role (clean baseline),Media & Entertainment: restrict subscriber details by assigned role with clean baseline,Functional,High,"Non-production tenant or isolated local fixture; synthetic records only; Use a disposable workspace, tenant, project, and versioned synthetic fixture. Safety boundary: Use synthetic media and non-copyrighted test assets only, with mock licensing, channels, and payment providers. Do not publish real content, process real subscriber data, or treat synthetic engagement metrics as actual audience outcomes.","1. Create a disposable, versioned synthetic fixture: Use a disposable workspace, tenant, project, and versioned synthetic fixture. 2. Execute the platform workflow to restrict subscriber details by assigned role. 3. Capture the committed result, resource version, or run status. 4. Compare the result with the source fixture and the declared invariant. 5. Repeat or recover the operation when applicable; verify access, audit evidence, and side effects.","The platform must correctly restrict subscriber details by assigned role; the clean baseline condition follows the configured contract; valid state is preserved, invalid or unauthorized work is rejected or quarantined without silent loss, retries do not duplicate side effects, lineage and audit evidence remain available, and no production records or credentials are used. Safety boundary: Use synthetic media and non-copyrighted test assets only, with mock licensing, channels, and payment providers. Do not publish real content, process real subscriber data, or treat synthetic engagement metrics as actual audience outcomes.",Playwright + platform UI/API,"media-entertainment,market-platform,synthetic-data,subscriptions_monetization,clean-baseline"
Media & Entertainment,Subscriptions and Monetization Mocks,MEDX-SUBSCRIP-00009,Subscriptions and Monetization Mocks: verify entitlement expiration at a timezone boundary (clean baseline),Media & Entertainment: verify entitlement expiration at a timezone boundary with clean baseline,Functional,Medium,"Non-production tenant or isolated local fixture; synthetic records only; Use a disposable workspace, tenant, project, and versioned synthetic fixture. Safety boundary: Use synthetic media and non-copyrighted test assets only, with mock licensing, channels, and payment providers. Do not publish real content, process real subscriber data, or treat synthetic engagement metrics as actual audience outcomes.","1. Create a disposable, versioned synthetic fixture: Use a disposable workspace, tenant, project, and versioned synthetic fixture. 2. Execute the platform workflow to verify entitlement expiration at a timezone boundary. 3. Capture the committed result, resource version, or run status. 4. Compare the result with the source fixture and the declared invariant. 5. Repeat or recover the operation when applicable; verify access, audit evidence, and side effects.","The platform must correctly verify entitlement expiration at a timezone boundary; the clean baseline condition follows the configured contract; valid state is preserved, invalid or unauthorized work is rejected or quarantined without silent loss, retries do not duplicate side effects, lineage and audit evidence remain available, and no production records or credentials are used. Safety boundary: Use synthetic media and non-copyrighted test assets only, with mock licensing, channels, and payment providers. Do not publish real content, process real subscriber data, or treat synthetic engagement metrics as actual audience outcomes.",Playwright + platform UI/API,"media-entertainment,market-platform,synthetic-data,subscriptions_monetization,clean-baseline"
Media & Entertainment,Subscriptions and Monetization Mocks,MEDX-SUBSCRIP-00010,Subscriptions and Monetization Mocks: audit plan and entitlement changes (clean baseline),Media & Entertainment: audit plan and entitlement changes with clean baseline,Functional,High,"Non-production tenant or isolated local fixture; synthetic records only; Use a disposable workspace, tenant, project, and versioned synthetic fixture. Safety boundary: Use synthetic media and non-copyrighted test assets only, with mock licensing, channels, and payment providers. Do not publish real content, process real subscriber data, or treat synthetic engagement metrics as actual audience outcomes.","1. Create a disposable, versioned synthetic fixture: Use a disposable workspace, tenant, project, and versioned synthetic fixture. 2. Execute the platform workflow to audit plan and entitlement changes. 3. Capture the committed result, resource version, or run status. 4. Compare the result with the source fixture and the declared invariant. 5. Repeat or recover the operation when applicable; verify access, audit evidence, and side effects.","The platform must correctly audit plan and entitlement changes; the clean baseline condition follows the configured contract; valid state is preserved, invalid or unauthorized work is rejected or quarantined without silent loss, retries do not duplicate side effects, lineage and audit evidence remain available, and no production records or credentials are used. Safety boundary: Use synthetic media and non-copyrighted test assets only, with mock licensing, channels, and payment providers. Do not publish real content, process real subscriber data, or treat synthetic engagement metrics as actual audience outcomes.",Playwright + platform UI/API,"media-entertainment,market-platform,synthetic-data,subscriptions_monetization,clean-baseline"
Media & Entertainment,Subscriptions and Monetization Mocks,MEDX-SUBSCRIP-00011,Subscriptions and Monetization Mocks: create a synthetic subscription plan with versioned terms (empty input),Media & Entertainment: create a synthetic subscription plan with versioned terms with empty input,Functional,High,"Non-production tenant or isolated local fixture; synthetic records only; Use an empty source or namespace and verify defined empty-result behavior. Safety boundary: Use synthetic media and non-copyrighted test assets only, with mock licensing, channels, and payment providers. Do not publish real content, process real subscriber data, or treat synthetic engagement metrics as actual audience outcomes.","1. Create a disposable, versioned synthetic fixture: Use an empty source or namespace and verify defined empty-result behavior. 2. Execute the platform workflow to create a synthetic subscription plan with versioned terms. 3. Capture the committed result, resource version, or run status. 4. Compare the result with the source fixture and the declared invariant. 5. Repeat or recover the operation when applicable; verify access, audit evidence, and side effects.","The platform must correctly create a synthetic subscription plan with versioned terms; the empty input condition follows the configured contract; valid state is preserved, invalid or unauthorized work is rejected or quarantined without silent loss, retries do not duplicate side effects, lineage and audit evidence remain available, and no production records or credentials are used. Safety boundary: Use synthetic media and non-copyrighted test assets only, with mock licensing, channels, and payment providers. Do not publish real content, process real subscriber data, or treat synthetic engagement metrics as actual audience outcomes.",Playwright + platform UI/API,"media-entertainment,market-platform,synthetic-data,subscriptions_monetization,empty-input"
Media & Entertainment,Subscriptions and Monetization Mocks,MEDX-SUBSCRIP-00012,Subscriptions and Monetization Mocks: activate a test subscription through a mock provider (empty input),Media & Entertainment: activate a test subscription through a mock provider with empty input,Functional,High,"Non-production tenant or isolated local fixture; synthetic records only; Use an empty source or namespace and verify defined empty-result behavior. Safety boundary: Use synthetic media and non-copyrighted test assets only, with mock licensing, channels, and payment providers. Do not publish real content, process real subscriber data, or treat synthetic engagement metrics as actual audience outcomes.","1. Create a disposable, versioned synthetic fixture: Use an empty source or namespace and verify defined empty-result behavior. 2. Execute the platform workflow to activate a test subscription through a mock provider. 3. Capture the committed result, resource version, or run status. 4. Compare the result with the source fixture and the declared invariant. 5. Repeat or recover the operation when applicable; verify access, audit evidence, and side effects.","The platform must correctly activate a test subscription through a mock provider; the empty input condition follows the configured contract; valid state is preserved, invalid or unauthorized work is rejected or quarantined without silent loss, retries do not duplicate side effects, lineage and audit evidence remain available, and no production records or credentials are used. Safety boundary: Use synthetic media and non-copyrighted test assets only, with mock licensing, channels, and payment providers. Do not publish real content, process real subscriber data, or treat synthetic engagement metrics as actual audience outcomes.",Playwright + platform UI/API,"media-entertainment,market-platform,synthetic-data,subscriptions_monetization,empty-input"
Media & Entertainment,Subscriptions and Monetization Mocks,MEDX-SUBSCRIP-00013,Subscriptions and Monetization Mocks: apply a promotion only within its configured date window (empty input),Media & Entertainment: apply a promotion only within its configured date window with empty input,Functional,Medium,"Non-production tenant or isolated local fixture; synthetic records only; Use an empty source or namespace and verify defined empty-result behavior. Safety boundary: Use synthetic media and non-copyrighted test assets only, with mock licensing, channels, and payment providers. Do not publish real content, process real subscriber data, or treat synthetic engagement metrics as actual audience outcomes.","1. Create a disposable, versioned synthetic fixture: Use an empty source or namespace and verify defined empty-result behavior. 2. Execute the platform workflow to apply a promotion only within its configured date window. 3. Capture the committed result, resource version, or run status. 4. Compare the result with the source fixture and the declared invariant. 5. Repeat or recover the operation when applicable; verify access, audit evidence, and side effects.","The platform must correctly apply a promotion only within its configured date window; the empty input condition follows the configured contract; valid state is preserved, invalid or unauthorized work is rejected or quarantined without silent loss, retries do not duplicate side effects, lineage and audit evidence remain available, and no production records or credentials are used. Safety boundary: Use synthetic media and non-copyrighted test assets only, with mock licensing, channels, and payment providers. Do not publish real content, process real subscriber data, or treat synthetic engagement metrics as actual audience outcomes.",Playwright + platform UI/API,"media-entertainment,market-platform,synthetic-data,subscriptions_monetization,empty-input"
Media & Entertainment,Subscriptions and Monetization Mocks,MEDX-SUBSCRIP-00014,Subscriptions and Monetization Mocks: prevent duplicate entitlement grant after payment retry (empty input),Media & Entertainment: prevent duplicate entitlement grant after payment retry with empty input,Functional,High,"Non-production tenant or isolated local fixture; synthetic records only; Use an empty source or namespace and verify defined empty-result behavior. Safety boundary: Use synthetic media and non-copyrighted test assets only, with mock licensing, channels, and payment providers. Do not publish real content, process real subscriber data, or treat synthetic engagement metrics as actual audience outcomes.","1. Create a disposable, versioned synthetic fixture: Use an empty source or namespace and verify defined empty-result behavior. 2. Execute the platform workflow to prevent duplicate entitlement grant after payment retry. 3. Capture the committed result, resource version, or run status. 4. Compare the result with the source fixture and the declared invariant. 5. Repeat or recover the operation when applicable; verify access, audit evidence, and side effects.","The platform must correctly prevent duplicate entitlement grant after payment retry; the empty input condition follows the configured contract; valid state is preserved, invalid or unauthorized work is rejected or quarantined without silent loss, retries do not duplicate side effects, lineage and audit evidence remain available, and no production records or credentials are used. Safety boundary: Use synthetic media and non-copyrighted test assets only, with mock licensing, channels, and payment providers. Do not publish real content, process real subscriber data, or treat synthetic engagement metrics as actual audience outcomes.",Playwright + platform UI/API,"media-entertainment,market-platform,synthetic-data,subscriptions_monetization,empty-input"
Media & Entertainment,Subscriptions and Monetization Mocks,MEDX-SUBSCRIP-00015,Subscriptions and Monetization Mocks: cancel a test subscription and apply mock access rules (empty input),Media & Entertainment: cancel a test subscription and apply mock access rules with empty input,Functional,High,"Non-production tenant or isolated local fixture; synthetic records only; Use an empty source or namespace and verify defined empty-result behavior. Safety boundary: Use synthetic media and non-copyrighted test assets only, with mock licensing, channels, and payment providers. Do not publish real content, process real subscriber data, or treat synthetic engagement metrics as actual audience outcomes.","1. Create a disposable, versioned synthetic fixture: Use an empty source or namespace and verify defined empty-result behavior. 2. Execute the platform workflow to cancel a test subscription and apply mock access rules. 3. Capture the committed result, resource version, or run status. 4. Compare the result with the source fixture and the declared invariant. 5. Repeat or recover the operation when applicable; verify access, audit evidence, and side effects.","The platform must correctly cancel a test subscription and apply mock access rules; the empty input condition follows the configured contract; valid state is preserved, invalid or unauthorized work is rejected or quarantined without silent loss, retries do not duplicate side effects, lineage and audit evidence remain available, and no production records or credentials are used. Safety boundary: Use synthetic media and non-copyrighted test assets only, with mock licensing, channels, and payment providers. Do not publish real content, process real subscriber data, or treat synthetic engagement metrics as actual audience outcomes.",Playwright + platform UI/API,"media-entertainment,market-platform,synthetic-data,subscriptions_monetization,empty-input"
Media & Entertainment,Subscriptions and Monetization Mocks,MEDX-SUBSCRIP-00016,Subscriptions and Monetization Mocks: reconcile simulated revenue events with the test ledger (empty input),Media & Entertainment: reconcile simulated revenue events with the test ledger with empty input,Functional,High,"Non-production tenant or isolated local fixture; synthetic records only; Use an empty source or namespace and verify defined empty-result behavior. Safety boundary: Use synthetic media and non-copyrighted test assets only, with mock licensing, channels, and payment providers. Do not publish real content, process real subscriber data, or treat synthetic engagement metrics as actual audience outcomes.","1. Create a disposable, versioned synthetic fixture: Use an empty source or namespace and verify defined empty-result behavior. 2. Execute the platform workflow to reconcile simulated revenue events with the test ledger. 3. Capture the committed result, resource version, or run status. 4. Compare the result with the source fixture and the declared invariant. 5. Repeat or recover the operation when applicable; verify access, audit evidence, and side effects.","The platform must correctly reconcile simulated revenue events with the test ledger; the empty input condition follows the configured contract; valid state is preserved, invalid or unauthorized work is rejected or quarantined without silent loss, retries do not duplicate side effects, lineage and audit evidence remain available, and no production records or credentials are used. Safety boundary: Use synthetic media and non-copyrighted test assets only, with mock licensing, channels, and payment providers. Do not publish real content, process real subscriber data, or treat synthetic engagement metrics as actual audience outcomes.",Playwright + platform UI/API,"media-entertainment,market-platform,synthetic-data,subscriptions_monetization,empty-input"
Media & Entertainment,Subscriptions and Monetization Mocks,MEDX-SUBSCRIP-00017,Subscriptions and Monetization Mocks: handle a provider timeout without asserting settlement (empty input),Media & Entertainment: handle a provider timeout without asserting settlement with empty input,Functional,Medium,"Non-production tenant or isolated local fixture; synthetic records only; Use an empty source or namespace and verify defined empty-result behavior. Safety boundary: Use synthetic media and non-copyrighted test assets only, with mock licensing, channels, and payment providers. Do not publish real content, process real subscriber data, or treat synthetic engagement metrics as actual audience outcomes.","1. Create a disposable, versioned synthetic fixture: Use an empty source or namespace and verify defined empty-result behavior. 2. Execute the platform workflow to handle a provider timeout without asserting settlement. 3. Capture the committed result, resource version, or run status. 4. Compare the result with the source fixture and the declared invariant. 5. Repeat or recover the operation when applicable; verify access, audit evidence, and side effects.","The platform must correctly handle a provider timeout without asserting settlement; the empty input condition follows the configured contract; valid state is preserved, invalid or unauthorized work is rejected or quarantined without silent loss, retries do not duplicate side effects, lineage and audit evidence remain available, and no production records or credentials are used. Safety boundary: Use synthetic media and non-copyrighted test assets only, with mock licensing, channels, and payment providers. Do not publish real content, process real subscriber data, or treat synthetic engagement metrics as actual audience outcomes.",Playwright + platform UI/API,"media-entertainment,market-platform,synthetic-data,subscriptions_monetization,empty-input"
Media & Entertainment,Subscriptions and Monetization Mocks,MEDX-SUBSCRIP-00018,Subscriptions and Monetization Mocks: restrict subscriber details by assigned role (empty input),Media & Entertainment: restrict subscriber details by assigned role with empty input,Functional,High,"Non-production tenant or isolated local fixture; synthetic records only; Use an empty source or namespace and verify defined empty-result behavior. Safety boundary: Use synthetic media and non-copyrighted test assets only, with mock licensing, channels, and payment providers. Do not publish real content, process real subscriber data, or treat synthetic engagement metrics as actual audience outcomes.","1. Create a disposable, versioned synthetic fixture: Use an empty source or namespace and verify defined empty-result behavior. 2. Execute the platform workflow to restrict subscriber details by assigned role. 3. Capture the committed result, resource version, or run status. 4. Compare the result with the source fixture and the declared invariant. 5. Repeat or recover the operation when applicable; verify access, audit evidence, and side effects.","The platform must correctly restrict subscriber details by assigned role; the empty input condition follows the configured contract; valid state is preserved, invalid or unauthorized work is rejected or quarantined without silent loss, retries do not duplicate side effects, lineage and audit evidence remain available, and no production records or credentials are used. Safety boundary: Use synthetic media and non-copyrighted test assets only, with mock licensing, channels, and payment providers. Do not publish real content, process real subscriber data, or treat synthetic engagement metrics as actual audience outcomes.",Playwright + platform UI/API,"media-entertainment,market-platform,synthetic-data,subscriptions_monetization,empty-input"
Media & Entertainment,Subscriptions and Monetization Mocks,MEDX-SUBSCRIP-00019,Subscriptions and Monetization Mocks: verify entitlement expiration at a timezone boundary (empty input),Media & Entertainment: verify entitlement expiration at a timezone boundary with empty input,Functional,High,"Non-production tenant or isolated local fixture; synthetic records only; Use an empty source or namespace and verify defined empty-result behavior. Safety boundary: Use synthetic media and non-copyrighted test assets only, with mock licensing, channels, and payment providers. Do not publish real content, process real subscriber data, or treat synthetic engagement metrics as actual audience outcomes.","1. Create a disposable, versioned synthetic fixture: Use an empty source or namespace and verify defined empty-result behavior. 2. Execute the platform workflow to verify entitlement expiration at a timezone boundary. 3. Capture the committed result, resource version, or run status. 4. Compare the result with the source fixture and the declared invariant. 5. Repeat or recover the operation when applicable; verify access, audit evidence, and side effects.","The platform must correctly verify entitlement expiration at a timezone boundary; the empty input condition follows the configured contract; valid state is preserved, invalid or unauthorized work is rejected or quarantined without silent loss, retries do not duplicate side effects, lineage and audit evidence remain available, and no production records or credentials are used. Safety boundary: Use synthetic media and non-copyrighted test assets only, with mock licensing, channels, and payment providers. Do not publish real content, process real subscriber data, or treat synthetic engagement metrics as actual audience outcomes.",Playwright + platform UI/API,"media-entertainment,market-platform,synthetic-data,subscriptions_monetization,empty-input"
Media & Entertainment,Subscriptions and Monetization Mocks,MEDX-SUBSCRIP-00020,Subscriptions and Monetization Mocks: audit plan and entitlement changes (empty input),Media & Entertainment: audit plan and entitlement changes with empty input,Functional,High,"Non-production tenant or isolated local fixture; synthetic records only; Use an empty source or namespace and verify defined empty-result behavior. Safety boundary: Use synthetic media and non-copyrighted test assets only, with mock licensing, channels, and payment providers. Do not publish real content, process real subscriber data, or treat synthetic engagement metrics as actual audience outcomes.","1. Create a disposable, versioned synthetic fixture: Use an empty source or namespace and verify defined empty-result behavior. 2. Execute the platform workflow to audit plan and entitlement changes. 3. Capture the committed result, resource version, or run status. 4. Compare the result with the source fixture and the declared invariant. 5. Repeat or recover the operation when applicable; verify access, audit evidence, and side effects.","The platform must correctly audit plan and entitlement changes; the empty input condition follows the configured contract; valid state is preserved, invalid or unauthorized work is rejected or quarantined without silent loss, retries do not duplicate side effects, lineage and audit evidence remain available, and no production records or credentials are used. Safety boundary: Use synthetic media and non-copyrighted test assets only, with mock licensing, channels, and payment providers. Do not publish real content, process real subscriber data, or treat synthetic engagement metrics as actual audience outcomes.",Playwright + platform UI/API,"media-entertainment,market-platform,synthetic-data,subscriptions_monetization,empty-input"
Media & Entertainment,Subscriptions and Monetization Mocks,MEDX-SUBSCRIP-00021,Subscriptions and Monetization Mocks: create a synthetic subscription plan with versioned terms (single record),Media & Entertainment: create a synthetic subscription plan with versioned terms with single record,Functional,Medium,"Non-production tenant or isolated local fixture; synthetic records only; Use one valid synthetic record and verify the smallest non-empty result. Safety boundary: Use synthetic media and non-copyrighted test assets only, with mock licensing, channels, and payment providers. Do not publish real content, process real subscriber data, or treat synthetic engagement metrics as actual audience outcomes.","1. Create a disposable, versioned synthetic fixture: Use one valid synthetic record and verify the smallest non-empty result. 2. Execute the platform workflow to create a synthetic subscription plan with versioned terms. 3. Capture the committed result, resource version, or run status. 4. Compare the result with the source fixture and the declared invariant. 5. Repeat or recover the operation when applicable; verify access, audit evidence, and side effects.","The platform must correctly create a synthetic subscription plan with versioned terms; the single record condition follows the configured contract; valid state is preserved, invalid or unauthorized work is rejected or quarantined without silent loss, retries do not duplicate side effects, lineage and audit evidence remain available, and no production records or credentials are used. Safety boundary: Use synthetic media and non-copyrighted test assets only, with mock licensing, channels, and payment providers. Do not publish real content, process real subscriber data, or treat synthetic engagement metrics as actual audience outcomes.",Playwright + platform UI/API,"media-entertainment,market-platform,synthetic-data,subscriptions_monetization,single-record"
Media & Entertainment,Subscriptions and Monetization Mocks,MEDX-SUBSCRIP-00022,Subscriptions and Monetization Mocks: activate a test subscription through a mock provider (single record),Media & Entertainment: activate a test subscription through a mock provider with single record,Functional,High,"Non-production tenant or isolated local fixture; synthetic records only; Use one valid synthetic record and verify the smallest non-empty result. Safety boundary: Use synthetic media and non-copyrighted test assets only, with mock licensing, channels, and payment providers. Do not publish real content, process real subscriber data, or treat synthetic engagement metrics as actual audience outcomes.","1. Create a disposable, versioned synthetic fixture: Use one valid synthetic record and verify the smallest non-empty result. 2. Execute the platform workflow to activate a test subscription through a mock provider. 3. Capture the committed result, resource version, or run status. 4. Compare the result with the source fixture and the declared invariant. 5. Repeat or recover the operation when applicable; verify access, audit evidence, and side effects.","The platform must correctly activate a test subscription through a mock provider; the single record condition follows the configured contract; valid state is preserved, invalid or unauthorized work is rejected or quarantined without silent loss, retries do not duplicate side effects, lineage and audit evidence remain available, and no production records or credentials are used. Safety boundary: Use synthetic media and non-copyrighted test assets only, with mock licensing, channels, and payment providers. Do not publish real content, process real subscriber data, or treat synthetic engagement metrics as actual audience outcomes.",Playwright + platform UI/API,"media-entertainment,market-platform,synthetic-data,subscriptions_monetization,single-record"
Media & Entertainment,Subscriptions and Monetization Mocks,MEDX-SUBSCRIP-00023,Subscriptions and Monetization Mocks: apply a promotion only within its configured date window (single record),Media & Entertainment: apply a promotion only within its configured date window with single record,Functional,High,"Non-production tenant or isolated local fixture; synthetic records only; Use one valid synthetic record and verify the smallest non-empty result. Safety boundary: Use synthetic media and non-copyrighted test assets only, with mock licensing, channels, and payment providers. Do not publish real content, process real subscriber data, or treat synthetic engagement metrics as actual audience outcomes.","1. Create a disposable, versioned synthetic fixture: Use one valid synthetic record and verify the smallest non-empty result. 2. Execute the platform workflow to apply a promotion only within its configured date window. 3. Capture the committed result, resource version, or run status. 4. Compare the result with the source fixture and the declared invariant. 5. Repeat or recover the operation when applicable; verify access, audit evidence, and side effects.","The platform must correctly apply a promotion only within its configured date window; the single record condition follows the configured contract; valid state is preserved, invalid or unauthorized work is rejected or quarantined without silent loss, retries do not duplicate side effects, lineage and audit evidence remain available, and no production records or credentials are used. Safety boundary: Use synthetic media and non-copyrighted test assets only, with mock licensing, channels, and payment providers. Do not publish real content, process real subscriber data, or treat synthetic engagement metrics as actual audience outcomes.",Playwright + platform UI/API,"media-entertainment,market-platform,synthetic-data,subscriptions_monetization,single-record"
Media & Entertainment,Subscriptions and Monetization Mocks,MEDX-SUBSCRIP-00024,Subscriptions and Monetization Mocks: prevent duplicate entitlement grant after payment retry (single record),Media & Entertainment: prevent duplicate entitlement grant after payment retry with single record,Functional,High,"Non-production tenant or isolated local fixture; synthetic records only; Use one valid synthetic record and verify the smallest non-empty result. Safety boundary: Use synthetic media and non-copyrighted test assets only, with mock licensing, channels, and payment providers. Do not publish real content, process real subscriber data, or treat synthetic engagement metrics as actual audience outcomes.","1. Create a disposable, versioned synthetic fixture: Use one valid synthetic record and verify the smallest non-empty result. 2. Execute the platform workflow to prevent duplicate entitlement grant after payment retry. 3. Capture the committed result, resource version, or run status. 4. Compare the result with the source fixture and the declared invariant. 5. Repeat or recover the operation when applicable; verify access, audit evidence, and side effects.","The platform must correctly prevent duplicate entitlement grant after payment retry; the single record condition follows the configured contract; valid state is preserved, invalid or unauthorized work is rejected or quarantined without silent loss, retries do not duplicate side effects, lineage and audit evidence remain available, and no production records or credentials are used. Safety boundary: Use synthetic media and non-copyrighted test assets only, with mock licensing, channels, and payment providers. Do not publish real content, process real subscriber data, or treat synthetic engagement metrics as actual audience outcomes.",Playwright + platform UI/API,"media-entertainment,market-platform,synthetic-data,subscriptions_monetization,single-record"
Media & Entertainment,Subscriptions and Monetization Mocks,MEDX-SUBSCRIP-00025,Subscriptions and Monetization Mocks: cancel a test subscription and apply mock access rules (single record),Media & Entertainment: cancel a test subscription and apply mock access rules with single record,Functional,Medium,"Non-production tenant or isolated local fixture; synthetic records only; Use one valid synthetic record and verify the smallest non-empty result. Safety boundary: Use synthetic media and non-copyrighted test assets only, with mock licensing, channels, and payment providers. Do not publish real content, process real subscriber data, or treat synthetic engagement metrics as actual audience outcomes.","1. Create a disposable, versioned synthetic fixture: Use one valid synthetic record and verify the smallest non-empty result. 2. Execute the platform workflow to cancel a test subscription and apply mock access rules. 3. Capture the committed result, resource version, or run status. 4. Compare the result with the source fixture and the declared invariant. 5. Repeat or recover the operation when applicable; verify access, audit evidence, and side effects.","The platform must correctly cancel a test subscription and apply mock access rules; the single record condition follows the configured contract; valid state is preserved, invalid or unauthorized work is rejected or quarantined without silent loss, retries do not duplicate side effects, lineage and audit evidence remain available, and no production records or credentials are used. Safety boundary: Use synthetic media and non-copyrighted test assets only, with mock licensing, channels, and payment providers. Do not publish real content, process real subscriber data, or treat synthetic engagement metrics as actual audience outcomes.",Playwright + platform UI/API,"media-entertainment,market-platform,synthetic-data,subscriptions_monetization,single-record"
Media & Entertainment,Subscriptions and Monetization Mocks,MEDX-SUBSCRIP-00026,Subscriptions and Monetization Mocks: reconcile simulated revenue events with the test ledger (single record),Media & Entertainment: reconcile simulated revenue events with the test ledger with single record,Functional,High,"Non-production tenant or isolated local fixture; synthetic records only; Use one valid synthetic record and verify the smallest non-empty result. Safety boundary: Use synthetic media and non-copyrighted test assets only, with mock licensing, channels, and payment providers. Do not publish real content, process real subscriber data, or treat synthetic engagement metrics as actual audience outcomes.","1. Create a disposable, versioned synthetic fixture: Use one valid synthetic record and verify the smallest non-empty result. 2. Execute the platform workflow to reconcile simulated revenue events with the test ledger. 3. Capture the committed result, resource version, or run status. 4. Compare the result with the source fixture and the declared invariant. 5. Repeat or recover the operation when applicable; verify access, audit evidence, and side effects.","The platform must correctly reconcile simulated revenue events with the test ledger; the single record condition follows the configured contract; valid state is preserved, invalid or unauthorized work is rejected or quarantined without silent loss, retries do not duplicate side effects, lineage and audit evidence remain available, and no production records or credentials are used. Safety boundary: Use synthetic media and non-copyrighted test assets only, with mock licensing, channels, and payment providers. Do not publish real content, process real subscriber data, or treat synthetic engagement metrics as actual audience outcomes.",Playwright + platform UI/API,"media-entertainment,market-platform,synthetic-data,subscriptions_monetization,single-record"
Media & Entertainment,Subscriptions and Monetization Mocks,MEDX-SUBSCRIP-00027,Subscriptions and Monetization Mocks: handle a provider timeout without asserting settlement (single record),Media & Entertainment: handle a provider timeout without asserting settlement with single record,Functional,High,"Non-production tenant or isolated local fixture; synthetic records only; Use one valid synthetic record and verify the smallest non-empty result. Safety boundary: Use synthetic media and non-copyrighted test assets only, with mock licensing, channels, and payment providers. Do not publish real content, process real subscriber data, or treat synthetic engagement metrics as actual audience outcomes.","1. Create a disposable, versioned synthetic fixture: Use one valid synthetic record and verify the smallest non-empty result. 2. Execute the platform workflow to handle a provider timeout without asserting settlement. 3. Capture the committed result, resource version, or run status. 4. Compare the result with the source fixture and the declared invariant. 5. Repeat or recover the operation when applicable; verify access, audit evidence, and side effects.","The platform must correctly handle a provider timeout without asserting settlement; the single record condition follows the configured contract; valid state is preserved, invalid or unauthorized work is rejected or quarantined without silent loss, retries do not duplicate side effects, lineage and audit evidence remain available, and no production records or credentials are used. Safety boundary: Use synthetic media and non-copyrighted test assets only, with mock licensing, channels, and payment providers. Do not publish real content, process real subscriber data, or treat synthetic engagement metrics as actual audience outcomes.",Playwright + platform UI/API,"media-entertainment,market-platform,synthetic-data,subscriptions_monetization,single-record"
Media & Entertainment,Subscriptions and Monetization Mocks,MEDX-SUBSCRIP-00028,Subscriptions and Monetization Mocks: restrict subscriber details by assigned role (single record),Media & Entertainment: restrict subscriber details by assigned role with single record,Functional,High,"Non-production tenant or isolated local fixture; synthetic records only; Use one valid synthetic record and verify the smallest non-empty result. Safety boundary: Use synthetic media and non-copyrighted test assets only, with mock licensing, channels, and payment providers. Do not publish real content, process real subscriber data, or treat synthetic engagement metrics as actual audience outcomes.","1. Create a disposable, versioned synthetic fixture: Use one valid synthetic record and verify the smallest non-empty result. 2. Execute the platform workflow to restrict subscriber details by assigned role. 3. Capture the committed result, resource version, or run status. 4. Compare the result with the source fixture and the declared invariant. 5. Repeat or recover the operation when applicable; verify access, audit evidence, and side effects.","The platform must correctly restrict subscriber details by assigned role; the single record condition follows the configured contract; valid state is preserved, invalid or unauthorized work is rejected or quarantined without silent loss, retries do not duplicate side effects, lineage and audit evidence remain available, and no production records or credentials are used. Safety boundary: Use synthetic media and non-copyrighted test assets only, with mock licensing, channels, and payment providers. Do not publish real content, process real subscriber data, or treat synthetic engagement metrics as actual audience outcomes.",Playwright + platform UI/API,"media-entertainment,market-platform,synthetic-data,subscriptions_monetization,single-record"
Media & Entertainment,Subscriptions and Monetization Mocks,MEDX-SUBSCRIP-00029,Subscriptions and Monetization Mocks: verify entitlement expiration at a timezone boundary (single record),Media & Entertainment: verify entitlement expiration at a timezone boundary with single record,Functional,Medium,"Non-production tenant or isolated local fixture; synthetic records only; Use one valid synthetic record and verify the smallest non-empty result. Safety boundary: Use synthetic media and non-copyrighted test assets only, with mock licensing, channels, and payment providers. Do not publish real content, process real subscriber data, or treat synthetic engagement metrics as actual audience outcomes.","1. Create a disposable, versioned synthetic fixture: Use one valid synthetic record and verify the smallest non-empty result. 2. Execute the platform workflow to verify entitlement expiration at a timezone boundary. 3. Capture the committed result, resource version, or run status. 4. Compare the result with the source fixture and the declared invariant. 5. Repeat or recover the operation when applicable; verify access, audit evidence, and side effects.","The platform must correctly verify entitlement expiration at a timezone boundary; the single record condition follows the configured contract; valid state is preserved, invalid or unauthorized work is rejected or quarantined without silent loss, retries do not duplicate side effects, lineage and audit evidence remain available, and no production records or credentials are used. Safety boundary: Use synthetic media and non-copyrighted test assets only, with mock licensing, channels, and payment providers. Do not publish real content, process real subscriber data, or treat synthetic engagement metrics as actual audience outcomes.",Playwright + platform UI/API,"media-entertainment,market-platform,synthetic-data,subscriptions_monetization,single-record"
Media & Entertainment,Subscriptions and Monetization Mocks,MEDX-SUBSCRIP-00030,Subscriptions and Monetization Mocks: audit plan and entitlement changes (single record),Media & Entertainment: audit plan and entitlement changes with single record,Functional,High,"Non-production tenant or isolated local fixture; synthetic records only; Use one valid synthetic record and verify the smallest non-empty result. Safety boundary: Use synthetic media and non-copyrighted test assets only, with mock licensing, channels, and payment providers. Do not publish real content, process real subscriber data, or treat synthetic engagement metrics as actual audience outcomes.","1. Create a disposable, versioned synthetic fixture: Use one valid synthetic record and verify the smallest non-empty result. 2. Execute the platform workflow to audit plan and entitlement changes. 3. Capture the committed result, resource version, or run status. 4. Compare the result with the source fixture and the declared invariant. 5. Repeat or recover the operation when applicable; verify access, audit evidence, and side effects.","The platform must correctly audit plan and entitlement changes; the single record condition follows the configured contract; valid state is preserved, invalid or unauthorized work is rejected or quarantined without silent loss, retries do not duplicate side effects, lineage and audit evidence remain available, and no production records or credentials are used. Safety boundary: Use synthetic media and non-copyrighted test assets only, with mock licensing, channels, and payment providers. Do not publish real content, process real subscriber data, or treat synthetic engagement metrics as actual audience outcomes.",Playwright + platform UI/API,"media-entertainment,market-platform,synthetic-data,subscriptions_monetization,single-record"
Media & Entertainment,Subscriptions and Monetization Mocks,MEDX-SUBSCRIP-00031,Subscriptions and Monetization Mocks: create a synthetic subscription plan with versioned terms (duplicate key),Media & Entertainment: create a synthetic subscription plan with versioned terms with duplicate key,Functional,High,"Non-production tenant or isolated local fixture; synthetic records only; Submit a duplicate business key and verify the declared deduplication or rejection rule. Safety boundary: Use synthetic media and non-copyrighted test assets only, with mock licensing, channels, and payment providers. Do not publish real content, process real subscriber data, or treat synthetic engagement metrics as actual audience outcomes.","1. Create a disposable, versioned synthetic fixture: Submit a duplicate business key and verify the declared deduplication or rejection rule. 2. Execute the platform workflow to create a synthetic subscription plan with versioned terms. 3. Capture the committed result, resource version, or run status. 4. Compare the result with the source fixture and the declared invariant. 5. Repeat or recover the operation when applicable; verify access, audit evidence, and side effects.","The platform must correctly create a synthetic subscription plan with versioned terms; the duplicate key condition follows the configured contract; valid state is preserved, invalid or unauthorized work is rejected or quarantined without silent loss, retries do not duplicate side effects, lineage and audit evidence remain available, and no production records or credentials are used. Safety boundary: Use synthetic media and non-copyrighted test assets only, with mock licensing, channels, and payment providers. Do not publish real content, process real subscriber data, or treat synthetic engagement metrics as actual audience outcomes.",Playwright + platform UI/API,"media-entertainment,market-platform,synthetic-data,subscriptions_monetization,duplicate-key"
Media & Entertainment,Subscriptions and Monetization Mocks,MEDX-SUBSCRIP-00032,Subscriptions and Monetization Mocks: activate a test subscription through a mock provider (duplicate key),Media & Entertainment: activate a test subscription through a mock provider with duplicate key,Functional,High,"Non-production tenant or isolated local fixture; synthetic records only; Submit a duplicate business key and verify the declared deduplication or rejection rule. Safety boundary: Use synthetic media and non-copyrighted test assets only, with mock licensing, channels, and payment providers. Do not publish real content, process real subscriber data, or treat synthetic engagement metrics as actual audience outcomes.","1. Create a disposable, versioned synthetic fixture: Submit a duplicate business key and verify the declared deduplication or rejection rule. 2. Execute the platform workflow to activate a test subscription through a mock provider. 3. Capture the committed result, resource version, or run status. 4. Compare the result with the source fixture and the declared invariant. 5. Repeat or recover the operation when applicable; verify access, audit evidence, and side effects.","The platform must correctly activate a test subscription through a mock provider; the duplicate key condition follows the configured contract; valid state is preserved, invalid or unauthorized work is rejected or quarantined without silent loss, retries do not duplicate side effects, lineage and audit evidence remain available, and no production records or credentials are used. Safety boundary: Use synthetic media and non-copyrighted test assets only, with mock licensing, channels, and payment providers. Do not publish real content, process real subscriber data, or treat synthetic engagement metrics as actual audience outcomes.",Playwright + platform UI/API,"media-entertainment,market-platform,synthetic-data,subscriptions_monetization,duplicate-key"
Media & Entertainment,Subscriptions and Monetization Mocks,MEDX-SUBSCRIP-00033,Subscriptions and Monetization Mocks: apply a promotion only within its configured date window (duplicate key),Media & Entertainment: apply a promotion only within its configured date window with duplicate key,Functional,Medium,"Non-production tenant or isolated local fixture; synthetic records only; Submit a duplicate business key and verify the declared deduplication or rejection rule. Safety boundary: Use synthetic media and non-copyrighted test assets only, with mock licensing, channels, and payment providers. Do not publish real content, process real subscriber data, or treat synthetic engagement metrics as actual audience outcomes.","1. Create a disposable, versioned synthetic fixture: Submit a duplicate business key and verify the declared deduplication or rejection rule. 2. Execute the platform workflow to apply a promotion only within its configured date window. 3. Capture the committed result, resource version, or run status. 4. Compare the result with the source fixture and the declared invariant. 5. Repeat or recover the operation when applicable; verify access, audit evidence, and side effects.","The platform must correctly apply a promotion only within its configured date window; the duplicate key condition follows the configured contract; valid state is preserved, invalid or unauthorized work is rejected or quarantined without silent loss, retries do not duplicate side effects, lineage and audit evidence remain available, and no production records or credentials are used. Safety boundary: Use synthetic media and non-copyrighted test assets only, with mock licensing, channels, and payment providers. Do not publish real content, process real subscriber data, or treat synthetic engagement metrics as actual audience outcomes.",Playwright + platform UI/API,"media-entertainment,market-platform,synthetic-data,subscriptions_monetization,duplicate-key"
Media & Entertainment,Subscriptions and Monetization Mocks,MEDX-SUBSCRIP-00034,Subscriptions and Monetization Mocks: prevent duplicate entitlement grant after payment retry (duplicate key),Media & Entertainment: prevent duplicate entitlement grant after payment retry with duplicate key,Functional,High,"Non-production tenant or isolated local fixture; synthetic records only; Submit a duplicate business key and verify the declared deduplication or rejection rule. Safety boundary: Use synthetic media and non-copyrighted test assets only, with mock licensing, channels, and payment providers. Do not publish real content, process real subscriber data, or treat synthetic engagement metrics as actual audience outcomes.","1. Create a disposable, versioned synthetic fixture: Submit a duplicate business key and verify the declared deduplication or rejection rule. 2. Execute the platform workflow to prevent duplicate entitlement grant after payment retry. 3. Capture the committed result, resource version, or run status. 4. Compare the result with the source fixture and the declared invariant. 5. Repeat or recover the operation when applicable; verify access, audit evidence, and side effects.","The platform must correctly prevent duplicate entitlement grant after payment retry; the duplicate key condition follows the configured contract; valid state is preserved, invalid or unauthorized work is rejected or quarantined without silent loss, retries do not duplicate side effects, lineage and audit evidence remain available, and no production records or credentials are used. Safety boundary: Use synthetic media and non-copyrighted test assets only, with mock licensing, channels, and payment providers. Do not publish real content, process real subscriber data, or treat synthetic engagement metrics as actual audience outcomes.",Playwright + platform UI/API,"media-entertainment,market-platform,synthetic-data,subscriptions_monetization,duplicate-key"
Media & Entertainment,Subscriptions and Monetization Mocks,MEDX-SUBSCRIP-00035,Subscriptions and Monetization Mocks: cancel a test subscription and apply mock access rules (duplicate key),Media & Entertainment: cancel a test subscription and apply mock access rules with duplicate key,Functional,High,"Non-production tenant or isolated local fixture; synthetic records only; Submit a duplicate business key and verify the declared deduplication or rejection rule. Safety boundary: Use synthetic media and non-copyrighted test assets only, with mock licensing, channels, and payment providers. Do not publish real content, process real subscriber data, or treat synthetic engagement metrics as actual audience outcomes.","1. Create a disposable, versioned synthetic fixture: Submit a duplicate business key and verify the declared deduplication or rejection rule. 2. Execute the platform workflow to cancel a test subscription and apply mock access rules. 3. Capture the committed result, resource version, or run status. 4. Compare the result with the source fixture and the declared invariant. 5. Repeat or recover the operation when applicable; verify access, audit evidence, and side effects.","The platform must correctly cancel a test subscription and apply mock access rules; the duplicate key condition follows the configured contract; valid state is preserved, invalid or unauthorized work is rejected or quarantined without silent loss, retries do not duplicate side effects, lineage and audit evidence remain available, and no production records or credentials are used. Safety boundary: Use synthetic media and non-copyrighted test assets only, with mock licensing, channels, and payment providers. Do not publish real content, process real subscriber data, or treat synthetic engagement metrics as actual audience outcomes.",Playwright + platform UI/API,"media-entertainment,market-platform,synthetic-data,subscriptions_monetization,duplicate-key"
Media & Entertainment,Subscriptions and Monetization Mocks,MEDX-SUBSCRIP-00036,Subscriptions and Monetization Mocks: reconcile simulated revenue events with the test ledger (duplicate key),Media & Entertainment: reconcile simulated revenue events with the test ledger with duplicate key,Functional,High,"Non-production tenant or isolated local fixture; synthetic records only; Submit a duplicate business key and verify the declared deduplication or rejection rule. Safety boundary: Use synthetic media and non-copyrighted test assets only, with mock licensing, channels, and payment providers. Do not publish real content, process real subscriber data, or treat synthetic engagement metrics as actual audience outcomes.","1. Create a disposable, versioned synthetic fixture: Submit a duplicate business key and verify the declared deduplication or rejection rule. 2. Execute the platform workflow to reconcile simulated revenue events with the test ledger. 3. Capture the committed result, resource version, or run status. 4. Compare the result with the source fixture and the declared invariant. 5. Repeat or recover the operation when applicable; verify access, audit evidence, and side effects.","The platform must correctly reconcile simulated revenue events with the test ledger; the duplicate key condition follows the configured contract; valid state is preserved, invalid or unauthorized work is rejected or quarantined without silent loss, retries do not duplicate side effects, lineage and audit evidence remain available, and no production records or credentials are used. Safety boundary: Use synthetic media and non-copyrighted test assets only, with mock licensing, channels, and payment providers. Do not publish real content, process real subscriber data, or treat synthetic engagement metrics as actual audience outcomes.",Playwright + platform UI/API,"media-entertainment,market-platform,synthetic-data,subscriptions_monetization,duplicate-key"
Media & Entertainment,Subscriptions and Monetization Mocks,MEDX-SUBSCRIP-00037,Subscriptions and Monetization Mocks: handle a provider timeout without asserting settlement (duplicate key),Media & Entertainment: handle a provider timeout without asserting settlement with duplicate key,Functional,Medium,"Non-production tenant or isolated local fixture; synthetic records only; Submit a duplicate business key and verify the declared deduplication or rejection rule. Safety boundary: Use synthetic media and non-copyrighted test assets only, with mock licensing, channels, and payment providers. Do not publish real content, process real subscriber data, or treat synthetic engagement metrics as actual audience outcomes.","1. Create a disposable, versioned synthetic fixture: Submit a duplicate business key and verify the declared deduplication or rejection rule. 2. Execute the platform workflow to handle a provider timeout without asserting settlement. 3. Capture the committed result, resource version, or run status. 4. Compare the result with the source fixture and the declared invariant. 5. Repeat or recover the operation when applicable; verify access, audit evidence, and side effects.","The platform must correctly handle a provider timeout without asserting settlement; the duplicate key condition follows the configured contract; valid state is preserved, invalid or unauthorized work is rejected or quarantined without silent loss, retries do not duplicate side effects, lineage and audit evidence remain available, and no production records or credentials are used. Safety boundary: Use synthetic media and non-copyrighted test assets only, with mock licensing, channels, and payment providers. Do not publish real content, process real subscriber data, or treat synthetic engagement metrics as actual audience outcomes.",Playwright + platform UI/API,"media-entertainment,market-platform,synthetic-data,subscriptions_monetization,duplicate-key"
Media & Entertainment,Subscriptions and Monetization Mocks,MEDX-SUBSCRIP-00038,Subscriptions and Monetization Mocks: restrict subscriber details by assigned role (duplicate key),Media & Entertainment: restrict subscriber details by assigned role with duplicate key,Functional,High,"Non-production tenant or isolated local fixture; synthetic records only; Submit a duplicate business key and verify the declared deduplication or rejection rule. Safety boundary: Use synthetic media and non-copyrighted test assets only, with mock licensing, channels, and payment providers. Do not publish real content, process real subscriber data, or treat synthetic engagement metrics as actual audience outcomes.","1. Create a disposable, versioned synthetic fixture: Submit a duplicate business key and verify the declared deduplication or rejection rule. 2. Execute the platform workflow to restrict subscriber details by assigned role. 3. Capture the committed result, resource version, or run status. 4. Compare the result with the source fixture and the declared invariant. 5. Repeat or recover the operation when applicable; verify access, audit evidence, and side effects.","The platform must correctly restrict subscriber details by assigned role; the duplicate key condition follows the configured contract; valid state is preserved, invalid or unauthorized work is rejected or quarantined without silent loss, retries do not duplicate side effects, lineage and audit evidence remain available, and no production records or credentials are used. Safety boundary: Use synthetic media and non-copyrighted test assets only, with mock licensing, channels, and payment providers. Do not publish real content, process real subscriber data, or treat synthetic engagement metrics as actual audience outcomes.",Playwright + platform UI/API,"media-entertainment,market-platform,synthetic-data,subscriptions_monetization,duplicate-key"
Media & Entertainment,Subscriptions and Monetization Mocks,MEDX-SUBSCRIP-00039,Subscriptions and Monetization Mocks: verify entitlement expiration at a timezone boundary (duplicate key),Media & Entertainment: verify entitlement expiration at a timezone boundary with duplicate key,Functional,High,"Non-production tenant or isolated local fixture; synthetic records only; Submit a duplicate business key and verify the declared deduplication or rejection rule. Safety boundary: Use synthetic media and non-copyrighted test assets only, with mock licensing, channels, and payment providers. Do not publish real content, process real subscriber data, or treat synthetic engagement metrics as actual audience outcomes.","1. Create a disposable, versioned synthetic fixture: Submit a duplicate business key and verify the declared deduplication or rejection rule. 2. Execute the platform workflow to verify entitlement expiration at a timezone boundary. 3. Capture the committed result, resource version, or run status. 4. Compare the result with the source fixture and the declared invariant. 5. Repeat or recover the operation when applicable; verify access, audit evidence, and side effects.","The platform must correctly verify entitlement expiration at a timezone boundary; the duplicate key condition follows the configured contract; valid state is preserved, invalid or unauthorized work is rejected or quarantined without silent loss, retries do not duplicate side effects, lineage and audit evidence remain available, and no production records or credentials are used. Safety boundary: Use synthetic media and non-copyrighted test assets only, with mock licensing, channels, and payment providers. Do not publish real content, process real subscriber data, or treat synthetic engagement metrics as actual audience outcomes.",Playwright + platform UI/API,"media-entertainment,market-platform,synthetic-data,subscriptions_monetization,duplicate-key"
Media & Entertainment,Subscriptions and Monetization Mocks,MEDX-SUBSCRIP-00040,Subscriptions and Monetization Mocks: audit plan and entitlement changes (duplicate key),Media & Entertainment: audit plan and entitlement changes with duplicate key,Functional,High,"Non-production tenant or isolated local fixture; synthetic records only; Submit a duplicate business key and verify the declared deduplication or rejection rule. Safety boundary: Use synthetic media and non-copyrighted test assets only, with mock licensing, channels, and payment providers. Do not publish real content, process real subscriber data, or treat synthetic engagement metrics as actual audience outcomes.","1. Create a disposable, versioned synthetic fixture: Submit a duplicate business key and verify the declared deduplication or rejection rule. 2. Execute the platform workflow to audit plan and entitlement changes. 3. Capture the committed result, resource version, or run status. 4. Compare the result with the source fixture and the declared invariant. 5. Repeat or recover the operation when applicable; verify access, audit evidence, and side effects.","The platform must correctly audit plan and entitlement changes; the duplicate key condition follows the configured contract; valid state is preserved, invalid or unauthorized work is rejected or quarantined without silent loss, retries do not duplicate side effects, lineage and audit evidence remain available, and no production records or credentials are used. Safety boundary: Use synthetic media and non-copyrighted test assets only, with mock licensing, channels, and payment providers. Do not publish real content, process real subscriber data, or treat synthetic engagement metrics as actual audience outcomes.",Playwright + platform UI/API,"media-entertainment,market-platform,synthetic-data,subscriptions_monetization,duplicate-key"
Media & Entertainment,Subscriptions and Monetization Mocks,MEDX-SUBSCRIP-00041,Subscriptions and Monetization Mocks: create a synthetic subscription plan with versioned terms (nullable optional field),Media & Entertainment: create a synthetic subscription plan with versioned terms with nullable optional field,Functional,Medium,"Non-production tenant or isolated local fixture; synthetic records only; Set optional fields to null while retaining all required identifiers. Safety boundary: Use synthetic media and non-copyrighted test assets only, with mock licensing, channels, and payment providers. Do not publish real content, process real subscriber data, or treat synthetic engagement metrics as actual audience outcomes.","1. Create a disposable, versioned synthetic fixture: Set optional fields to null while retaining all required identifiers. 2. Execute the platform workflow to create a synthetic subscription plan with versioned terms. 3. Capture the committed result, resource version, or run status. 4. Compare the result with the source fixture and the declared invariant. 5. Repeat or recover the operation when applicable; verify access, audit evidence, and side effects.","The platform must correctly create a synthetic subscription plan with versioned terms; the nullable optional field condition follows the configured contract; valid state is preserved, invalid or unauthorized work is rejected or quarantined without silent loss, retries do not duplicate side effects, lineage and audit evidence remain available, and no production records or credentials are used. Safety boundary: Use synthetic media and non-copyrighted test assets only, with mock licensing, channels, and payment providers. Do not publish real content, process real subscriber data, or treat synthetic engagement metrics as actual audience outcomes.",Playwright + platform UI/API,"media-entertainment,market-platform,synthetic-data,subscriptions_monetization,nullable-optional-field"
Media & Entertainment,Subscriptions and Monetization Mocks,MEDX-SUBSCRIP-00042,Subscriptions and Monetization Mocks: activate a test subscription through a mock provider (nullable optional field),Media & Entertainment: activate a test subscription through a mock provider with nullable optional field,Functional,High,"Non-production tenant or isolated local fixture; synthetic records only; Set optional fields to null while retaining all required identifiers. Safety boundary: Use synthetic media and non-copyrighted test assets only, with mock licensing, channels, and payment providers. Do not publish real content, process real subscriber data, or treat synthetic engagement metrics as actual audience outcomes.","1. Create a disposable, versioned synthetic fixture: Set optional fields to null while retaining all required identifiers. 2. Execute the platform workflow to activate a test subscription through a mock provider. 3. Capture the committed result, resource version, or run status. 4. Compare the result with the source fixture and the declared invariant. 5. Repeat or recover the operation when applicable; verify access, audit evidence, and side effects.","The platform must correctly activate a test subscription through a mock provider; the nullable optional field condition follows the configured contract; valid state is preserved, invalid or unauthorized work is rejected or quarantined without silent loss, retries do not duplicate side effects, lineage and audit evidence remain available, and no production records or credentials are used. Safety boundary: Use synthetic media and non-copyrighted test assets only, with mock licensing, channels, and payment providers. Do not publish real content, process real subscriber data, or treat synthetic engagement metrics as actual audience outcomes.",Playwright + platform UI/API,"media-entertainment,market-platform,synthetic-data,subscriptions_monetization,nullable-optional-field"
Media & Entertainment,Subscriptions and Monetization Mocks,MEDX-SUBSCRIP-00043,Subscriptions and Monetization Mocks: apply a promotion only within its configured date window (nullable optional field),Media & Entertainment: apply a promotion only within its configured date window with nullable optional field,Functional,High,"Non-production tenant or isolated local fixture; synthetic records only; Set optional fields to null while retaining all required identifiers. Safety boundary: Use synthetic media and non-copyrighted test assets only, with mock licensing, channels, and payment providers. Do not publish real content, process real subscriber data, or treat synthetic engagement metrics as actual audience outcomes.","1. Create a disposable, versioned synthetic fixture: Set optional fields to null while retaining all required identifiers. 2. Execute the platform workflow to apply a promotion only within its configured date window. 3. Capture the committed result, resource version, or run status. 4. Compare the result with the source fixture and the declared invariant. 5. Repeat or recover the operation when applicable; verify access, audit evidence, and side effects.","The platform must correctly apply a promotion only within its configured date window; the nullable optional field condition follows the configured contract; valid state is preserved, invalid or unauthorized work is rejected or quarantined without silent loss, retries do not duplicate side effects, lineage and audit evidence remain available, and no production records or credentials are used. Safety boundary: Use synthetic media and non-copyrighted test assets only, with mock licensing, channels, and payment providers. Do not publish real content, process real subscriber data, or treat synthetic engagement metrics as actual audience outcomes.",Playwright + platform UI/API,"media-entertainment,market-platform,synthetic-data,subscriptions_monetization,nullable-optional-field"
Media & Entertainment,Subscriptions and Monetization Mocks,MEDX-SUBSCRIP-00044,Subscriptions and Monetization Mocks: prevent duplicate entitlement grant after payment retry (nullable optional field),Media & Entertainment: prevent duplicate entitlement grant after payment retry with nullable optional field,Functional,High,"Non-production tenant or isolated local fixture; synthetic records only; Set optional fields to null while retaining all required identifiers. Safety boundary: Use synthetic media and non-copyrighted test assets only, with mock licensing, channels, and payment providers. Do not publish real content, process real subscriber data, or treat synthetic engagement metrics as actual audience outcomes.","1. Create a disposable, versioned synthetic fixture: Set optional fields to null while retaining all required identifiers. 2. Execute the platform workflow to prevent duplicate entitlement grant after payment retry. 3. Capture the committed result, resource version, or run status. 4. Compare the result with the source fixture and the declared invariant. 5. Repeat or recover the operation when applicable; verify access, audit evidence, and side effects.","The platform must correctly prevent duplicate entitlement grant after payment retry; the nullable optional field condition follows the configured contract; valid state is preserved, invalid or unauthorized work is rejected or quarantined without silent loss, retries do not duplicate side effects, lineage and audit evidence remain available, and no production records or credentials are used. Safety boundary: Use synthetic media and non-copyrighted test assets only, with mock licensing, channels, and payment providers. Do not publish real content, process real subscriber data, or treat synthetic engagement metrics as actual audience outcomes.",Playwright + platform UI/API,"media-entertainment,market-platform,synthetic-data,subscriptions_monetization,nullable-optional-field"
Media & Entertainment,Subscriptions and Monetization Mocks,MEDX-SUBSCRIP-00045,Subscriptions and Monetization Mocks: cancel a test subscription and apply mock access rules (nullable optional field),Media & Entertainment: cancel a test subscription and apply mock access rules with nullable optional field,Functional,Medium,"Non-production tenant or isolated local fixture; synthetic records only; Set optional fields to null while retaining all required identifiers. Safety boundary: Use synthetic media and non-copyrighted test assets only, with mock licensing, channels, and payment providers. Do not publish real content, process real subscriber data, or treat synthetic engagement metrics as actual audience outcomes.","1. Create a disposable, versioned synthetic fixture: Set optional fields to null while retaining all required identifiers. 2. Execute the platform workflow to cancel a test subscription and apply mock access rules. 3. Capture the committed result, resource version, or run status. 4. Compare the result with the source fixture and the declared invariant. 5. Repeat or recover the operation when applicable; verify access, audit evidence, and side effects.","The platform must correctly cancel a test subscription and apply mock access rules; the nullable optional field condition follows the configured contract; valid state is preserved, invalid or unauthorized work is rejected or quarantined without silent loss, retries do not duplicate side effects, lineage and audit evidence remain available, and no production records or credentials are used. Safety boundary: Use synthetic media and non-copyrighted test assets only, with mock licensing, channels, and payment providers. Do not publish real content, process real subscriber data, or treat synthetic engagement metrics as actual audience outcomes.",Playwright + platform UI/API,"media-entertainment,market-platform,synthetic-data,subscriptions_monetization,nullable-optional-field"
Media & Entertainment,Subscriptions and Monetization Mocks,MEDX-SUBSCRIP-00046,Subscriptions and Monetization Mocks: reconcile simulated revenue events with the test ledger (nullable optional field),Media & Entertainment: reconcile simulated revenue events with the test ledger with nullable optional field,Functional,High,"Non-production tenant or isolated local fixture; synthetic records only; Set optional fields to null while retaining all required identifiers. Safety boundary: Use synthetic media and non-copyrighted test assets only, with mock licensing, channels, and payment providers. Do not publish real content, process real subscriber data, or treat synthetic engagement metrics as actual audience outcomes.","1. Create a disposable, versioned synthetic fixture: Set optional fields to null while retaining all required identifiers. 2. Execute the platform workflow to reconcile simulated revenue events with the test ledger. 3. Capture the committed result, resource version, or run status. 4. Compare the result with the source fixture and the declared invariant. 5. Repeat or recover the operation when applicable; verify access, audit evidence, and side effects.","The platform must correctly reconcile simulated revenue events with the test ledger; the nullable optional field condition follows the configured contract; valid state is preserved, invalid or unauthorized work is rejected or quarantined without silent loss, retries do not duplicate side effects, lineage and audit evidence remain available, and no production records or credentials are used. Safety boundary: Use synthetic media and non-copyrighted test assets only, with mock licensing, channels, and payment providers. Do not publish real content, process real subscriber data, or treat synthetic engagement metrics as actual audience outcomes.",Playwright + platform UI/API,"media-entertainment,market-platform,synthetic-data,subscriptions_monetization,nullable-optional-field"
Media & Entertainment,Subscriptions and Monetization Mocks,MEDX-SUBSCRIP-00047,Subscriptions and Monetization Mocks: handle a provider timeout without asserting settlement (nullable optional field),Media & Entertainment: handle a provider timeout without asserting settlement with nullable optional field,Functional,High,"Non-production tenant or isolated local fixture; synthetic records only; Set optional fields to null while retaining all required identifiers. Safety boundary: Use synthetic media and non-copyrighted test assets only, with mock licensing, channels, and payment providers. Do not publish real content, process real subscriber data, or treat synthetic engagement metrics as actual audience outcomes.","1. Create a disposable, versioned synthetic fixture: Set optional fields to null while retaining all required identifiers. 2. Execute the platform workflow to handle a provider timeout without asserting settlement. 3. Capture the committed result, resource version, or run status. 4. Compare the result with the source fixture and the declared invariant. 5. Repeat or recover the operation when applicable; verify access, audit evidence, and side effects.","The platform must correctly handle a provider timeout without asserting settlement; the nullable optional field condition follows the configured contract; valid state is preserved, invalid or unauthorized work is rejected or quarantined without silent loss, retries do not duplicate side effects, lineage and audit evidence remain available, and no production records or credentials are used. Safety boundary: Use synthetic media and non-copyrighted test assets only, with mock licensing, channels, and payment providers. Do not publish real content, process real subscriber data, or treat synthetic engagement metrics as actual audience outcomes.",Playwright + platform UI/API,"media-entertainment,market-platform,synthetic-data,subscriptions_monetization,nullable-optional-field"
Media & Entertainment,Subscriptions and Monetization Mocks,MEDX-SUBSCRIP-00048,Subscriptions and Monetization Mocks: restrict subscriber details by assigned role (nullable optional field),Media & Entertainment: restrict subscriber details by assigned role with nullable optional field,Functional,High,"Non-production tenant or isolated local fixture; synthetic records only; Set optional fields to null while retaining all required identifiers. Safety boundary: Use synthetic media and non-copyrighted test assets only, with mock licensing, channels, and payment providers. Do not publish real content, process real subscriber data, or treat synthetic engagement metrics as actual audience outcomes.","1. Create a disposable, versioned synthetic fixture: Set optional fields to null while retaining all required identifiers. 2. Execute the platform workflow to restrict subscriber details by assigned role. 3. Capture the committed result, resource version, or run status. 4. Compare the result with the source fixture and the declared invariant. 5. Repeat or recover the operation when applicable; verify access, audit evidence, and side effects.","The platform must correctly restrict subscriber details by assigned role; the nullable optional field condition follows the configured contract; valid state is preserved, invalid or unauthorized work is rejected or quarantined without silent loss, retries do not duplicate side effects, lineage and audit evidence remain available, and no production records or credentials are used. Safety boundary: Use synthetic media and non-copyrighted test assets only, with mock licensing, channels, and payment providers. Do not publish real content, process real subscriber data, or treat synthetic engagement metrics as actual audience outcomes.",Playwright + platform UI/API,"media-entertainment,market-platform,synthetic-data,subscriptions_monetization,nullable-optional-field"
Media & Entertainment,Subscriptions and Monetization Mocks,MEDX-SUBSCRIP-00049,Subscriptions and Monetization Mocks: verify entitlement expiration at a timezone boundary (nullable optional field),Media & Entertainment: verify entitlement expiration at a timezone boundary with nullable optional field,Functional,Medium,"Non-production tenant or isolated local fixture; synthetic records only; Set optional fields to null while retaining all required identifiers. Safety boundary: Use synthetic media and non-copyrighted test assets only, with mock licensing, channels, and payment providers. Do not publish real content, process real subscriber data, or treat synthetic engagement metrics as actual audience outcomes.","1. Create a disposable, versioned synthetic fixture: Set optional fields to null while retaining all required identifiers. 2. Execute the platform workflow to verify entitlement expiration at a timezone boundary. 3. Capture the committed result, resource version, or run status. 4. Compare the result with the source fixture and the declared invariant. 5. Repeat or recover the operation when applicable; verify access, audit evidence, and side effects.","The platform must correctly verify entitlement expiration at a timezone boundary; the nullable optional field condition follows the configured contract; valid state is preserved, invalid or unauthorized work is rejected or quarantined without silent loss, retries do not duplicate side effects, lineage and audit evidence remain available, and no production records or credentials are used. Safety boundary: Use synthetic media and non-copyrighted test assets only, with mock licensing, channels, and payment providers. Do not publish real content, process real subscriber data, or treat synthetic engagement metrics as actual audience outcomes.",Playwright + platform UI/API,"media-entertainment,market-platform,synthetic-data,subscriptions_monetization,nullable-optional-field"
Media & Entertainment,Subscriptions and Monetization Mocks,MEDX-SUBSCRIP-00050,Subscriptions and Monetization Mocks: audit plan and entitlement changes (nullable optional field),Media & Entertainment: audit plan and entitlement changes with nullable optional field,Functional,High,"Non-production tenant or isolated local fixture; synthetic records only; Set optional fields to null while retaining all required identifiers. Safety boundary: Use synthetic media and non-copyrighted test assets only, with mock licensing, channels, and payment providers. Do not publish real content, process real subscriber data, or treat synthetic engagement metrics as actual audience outcomes.","1. Create a disposable, versioned synthetic fixture: Set optional fields to null while retaining all required identifiers. 2. Execute the platform workflow to audit plan and entitlement changes. 3. Capture the committed result, resource version, or run status. 4. Compare the result with the source fixture and the declared invariant. 5. Repeat or recover the operation when applicable; verify access, audit evidence, and side effects.","The platform must correctly audit plan and entitlement changes; the nullable optional field condition follows the configured contract; valid state is preserved, invalid or unauthorized work is rejected or quarantined without silent loss, retries do not duplicate side effects, lineage and audit evidence remain available, and no production records or credentials are used. Safety boundary: Use synthetic media and non-copyrighted test assets only, with mock licensing, channels, and payment providers. Do not publish real content, process real subscriber data, or treat synthetic engagement metrics as actual audience outcomes.",Playwright + platform UI/API,"media-entertainment,market-platform,synthetic-data,subscriptions_monetization,nullable-optional-field"
Media & Entertainment,Subscriptions and Monetization Mocks,MEDX-SUBSCRIP-00051,Subscriptions and Monetization Mocks: create a synthetic subscription plan with versioned terms (boundary values),Media & Entertainment: create a synthetic subscription plan with versioned terms with boundary values,Functional,High,"Non-production tenant or isolated local fixture; synthetic records only; Exercise documented minimum, maximum, and just-outside limits. Safety boundary: Use synthetic media and non-copyrighted test assets only, with mock licensing, channels, and payment providers. Do not publish real content, process real subscriber data, or treat synthetic engagement metrics as actual audience outcomes.","1. Create a disposable, versioned synthetic fixture: Exercise documented minimum, maximum, and just-outside limits. 2. Execute the platform workflow to create a synthetic subscription plan with versioned terms. 3. Capture the committed result, resource version, or run status. 4. Compare the result with the source fixture and the declared invariant. 5. Repeat or recover the operation when applicable; verify access, audit evidence, and side effects.","The platform must correctly create a synthetic subscription plan with versioned terms; the boundary values condition follows the configured contract; valid state is preserved, invalid or unauthorized work is rejected or quarantined without silent loss, retries do not duplicate side effects, lineage and audit evidence remain available, and no production records or credentials are used. Safety boundary: Use synthetic media and non-copyrighted test assets only, with mock licensing, channels, and payment providers. Do not publish real content, process real subscriber data, or treat synthetic engagement metrics as actual audience outcomes.",Playwright + platform UI/API,"media-entertainment,market-platform,synthetic-data,subscriptions_monetization,boundary-values"
Media & Entertainment,Subscriptions and Monetization Mocks,MEDX-SUBSCRIP-00052,Subscriptions and Monetization Mocks: activate a test subscription through a mock provider (boundary values),Media & Entertainment: activate a test subscription through a mock provider with boundary values,Functional,High,"Non-production tenant or isolated local fixture; synthetic records only; Exercise documented minimum, maximum, and just-outside limits. Safety boundary: Use synthetic media and non-copyrighted test assets only, with mock licensing, channels, and payment providers. Do not publish real content, process real subscriber data, or treat synthetic engagement metrics as actual audience outcomes.","1. Create a disposable, versioned synthetic fixture: Exercise documented minimum, maximum, and just-outside limits. 2. Execute the platform workflow to activate a test subscription through a mock provider. 3. Capture the committed result, resource version, or run status. 4. Compare the result with the source fixture and the declared invariant. 5. Repeat or recover the operation when applicable; verify access, audit evidence, and side effects.","The platform must correctly activate a test subscription through a mock provider; the boundary values condition follows the configured contract; valid state is preserved, invalid or unauthorized work is rejected or quarantined without silent loss, retries do not duplicate side effects, lineage and audit evidence remain available, and no production records or credentials are used. Safety boundary: Use synthetic media and non-copyrighted test assets only, with mock licensing, channels, and payment providers. Do not publish real content, process real subscriber data, or treat synthetic engagement metrics as actual audience outcomes.",Playwright + platform UI/API,"media-entertainment,market-platform,synthetic-data,subscriptions_monetization,boundary-values"
Media & Entertainment,Subscriptions and Monetization Mocks,MEDX-SUBSCRIP-00053,Subscriptions and Monetization Mocks: apply a promotion only within its configured date window (boundary values),Media & Entertainment: apply a promotion only within its configured date window with boundary values,Functional,Medium,"Non-production tenant or isolated local fixture; synthetic records only; Exercise documented minimum, maximum, and just-outside limits. Safety boundary: Use synthetic media and non-copyrighted test assets only, with mock licensing, channels, and payment providers. Do not publish real content, process real subscriber data, or treat synthetic engagement metrics as actual audience outcomes.","1. Create a disposable, versioned synthetic fixture: Exercise documented minimum, maximum, and just-outside limits. 2. Execute the platform workflow to apply a promotion only within its configured date window. 3. Capture the committed result, resource version, or run status. 4. Compare the result with the source fixture and the declared invariant. 5. Repeat or recover the operation when applicable; verify access, audit evidence, and side effects.","The platform must correctly apply a promotion only within its configured date window; the boundary values condition follows the configured contract; valid state is preserved, invalid or unauthorized work is rejected or quarantined without silent loss, retries do not duplicate side effects, lineage and audit evidence remain available, and no production records or credentials are used. Safety boundary: Use synthetic media and non-copyrighted test assets only, with mock licensing, channels, and payment providers. Do not publish real content, process real subscriber data, or treat synthetic engagement metrics as actual audience outcomes.",Playwright + platform UI/API,"media-entertainment,market-platform,synthetic-data,subscriptions_monetization,boundary-values"
Media & Entertainment,Subscriptions and Monetization Mocks,MEDX-SUBSCRIP-00054,Subscriptions and Monetization Mocks: prevent duplicate entitlement grant after payment retry (boundary values),Media & Entertainment: prevent duplicate entitlement grant after payment retry with boundary values,Functional,High,"Non-production tenant or isolated local fixture; synthetic records only; Exercise documented minimum, maximum, and just-outside limits. Safety boundary: Use synthetic media and non-copyrighted test assets only, with mock licensing, channels, and payment providers. Do not publish real content, process real subscriber data, or treat synthetic engagement metrics as actual audience outcomes.","1. Create a disposable, versioned synthetic fixture: Exercise documented minimum, maximum, and just-outside limits. 2. Execute the platform workflow to prevent duplicate entitlement grant after payment retry. 3. Capture the committed result, resource version, or run status. 4. Compare the result with the source fixture and the declared invariant. 5. Repeat or recover the operation when applicable; verify access, audit evidence, and side effects.","The platform must correctly prevent duplicate entitlement grant after payment retry; the boundary values condition follows the configured contract; valid state is preserved, invalid or unauthorized work is rejected or quarantined without silent loss, retries do not duplicate side effects, lineage and audit evidence remain available, and no production records or credentials are used. Safety boundary: Use synthetic media and non-copyrighted test assets only, with mock licensing, channels, and payment providers. Do not publish real content, process real subscriber data, or treat synthetic engagement metrics as actual audience outcomes.",Playwright + platform UI/API,"media-entertainment,market-platform,synthetic-data,subscriptions_monetization,boundary-values"
Media & Entertainment,Subscriptions and Monetization Mocks,MEDX-SUBSCRIP-00055,Subscriptions and Monetization Mocks: cancel a test subscription and apply mock access rules (boundary values),Media & Entertainment: cancel a test subscription and apply mock access rules with boundary values,Functional,High,"Non-production tenant or isolated local fixture; synthetic records only; Exercise documented minimum, maximum, and just-outside limits. Safety boundary: Use synthetic media and non-copyrighted test assets only, with mock licensing, channels, and payment providers. Do not publish real content, process real subscriber data, or treat synthetic engagement metrics as actual audience outcomes.","1. Create a disposable, versioned synthetic fixture: Exercise documented minimum, maximum, and just-outside limits. 2. Execute the platform workflow to cancel a test subscription and apply mock access rules. 3. Capture the committed result, resource version, or run status. 4. Compare the result with the source fixture and the declared invariant. 5. Repeat or recover the operation when applicable; verify access, audit evidence, and side effects.","The platform must correctly cancel a test subscription and apply mock access rules; the boundary values condition follows the configured contract; valid state is preserved, invalid or unauthorized work is rejected or quarantined without silent loss, retries do not duplicate side effects, lineage and audit evidence remain available, and no production records or credentials are used. Safety boundary: Use synthetic media and non-copyrighted test assets only, with mock licensing, channels, and payment providers. Do not publish real content, process real subscriber data, or treat synthetic engagement metrics as actual audience outcomes.",Playwright + platform UI/API,"media-entertainment,market-platform,synthetic-data,subscriptions_monetization,boundary-values"
Media & Entertainment,Subscriptions and Monetization Mocks,MEDX-SUBSCRIP-00056,Subscriptions and Monetization Mocks: reconcile simulated revenue events with the test ledger (boundary values),Media & Entertainment: reconcile simulated revenue events with the test ledger with boundary values,Functional,High,"Non-production tenant or isolated local fixture; synthetic records only; Exercise documented minimum, maximum, and just-outside limits. Safety boundary: Use synthetic media and non-copyrighted test assets only, with mock licensing, channels, and payment providers. Do not publish real content, process real subscriber data, or treat synthetic engagement metrics as actual audience outcomes.","1. Create a disposable, versioned synthetic fixture: Exercise documented minimum, maximum, and just-outside limits. 2. Execute the platform workflow to reconcile simulated revenue events with the test ledger. 3. Capture the committed result, resource version, or run status. 4. Compare the result with the source fixture and the declared invariant. 5. Repeat or recover the operation when applicable; verify access, audit evidence, and side effects.","The platform must correctly reconcile simulated revenue events with the test ledger; the boundary values condition follows the configured contract; valid state is preserved, invalid or unauthorized work is rejected or quarantined without silent loss, retries do not duplicate side effects, lineage and audit evidence remain available, and no production records or credentials are used. Safety boundary: Use synthetic media and non-copyrighted test assets only, with mock licensing, channels, and payment providers. Do not publish real content, process real subscriber data, or treat synthetic engagement metrics as actual audience outcomes.",Playwright + platform UI/API,"media-entertainment,market-platform,synthetic-data,subscriptions_monetization,boundary-values"
Media & Entertainment,Subscriptions and Monetization Mocks,MEDX-SUBSCRIP-00057,Subscriptions and Monetization Mocks: handle a provider timeout without asserting settlement (boundary values),Media & Entertainment: handle a provider timeout without asserting settlement with boundary values,Functional,Medium,"Non-production tenant or isolated local fixture; synthetic records only; Exercise documented minimum, maximum, and just-outside limits. Safety boundary: Use synthetic media and non-copyrighted test assets only, with mock licensing, channels, and payment providers. Do not publish real content, process real subscriber data, or treat synthetic engagement metrics as actual audience outcomes.","1. Create a disposable, versioned synthetic fixture: Exercise documented minimum, maximum, and just-outside limits. 2. Execute the platform workflow to handle a provider timeout without asserting settlement. 3. Capture the committed result, resource version, or run status. 4. Compare the result with the source fixture and the declared invariant. 5. Repeat or recover the operation when applicable; verify access, audit evidence, and side effects.","The platform must correctly handle a provider timeout without asserting settlement; the boundary values condition follows the configured contract; valid state is preserved, invalid or unauthorized work is rejected or quarantined without silent loss, retries do not duplicate side effects, lineage and audit evidence remain available, and no production records or credentials are used. Safety boundary: Use synthetic media and non-copyrighted test assets only, with mock licensing, channels, and payment providers. Do not publish real content, process real subscriber data, or treat synthetic engagement metrics as actual audience outcomes.",Playwright + platform UI/API,"media-entertainment,market-platform,synthetic-data,subscriptions_monetization,boundary-values"
Media & Entertainment,Subscriptions and Monetization Mocks,MEDX-SUBSCRIP-00058,Subscriptions and Monetization Mocks: restrict subscriber details by assigned role (boundary values),Media & Entertainment: restrict subscriber details by assigned role with boundary values,Functional,High,"Non-production tenant or isolated local fixture; synthetic records only; Exercise documented minimum, maximum, and just-outside limits. Safety boundary: Use synthetic media and non-copyrighted test assets only, with mock licensing, channels, and payment providers. Do not publish real content, process real subscriber data, or treat synthetic engagement metrics as actual audience outcomes.","1. Create a disposable, versioned synthetic fixture: Exercise documented minimum, maximum, and just-outside limits. 2. Execute the platform workflow to restrict subscriber details by assigned role. 3. Capture the committed result, resource version, or run status. 4. Compare the result with the source fixture and the declared invariant. 5. Repeat or recover the operation when applicable; verify access, audit evidence, and side effects.","The platform must correctly restrict subscriber details by assigned role; the boundary values condition follows the configured contract; valid state is preserved, invalid or unauthorized work is rejected or quarantined without silent loss, retries do not duplicate side effects, lineage and audit evidence remain available, and no production records or credentials are used. Safety boundary: Use synthetic media and non-copyrighted test assets only, with mock licensing, channels, and payment providers. Do not publish real content, process real subscriber data, or treat synthetic engagement metrics as actual audience outcomes.",Playwright + platform UI/API,"media-entertainment,market-platform,synthetic-data,subscriptions_monetization,boundary-values"
Media & Entertainment,Subscriptions and Monetization Mocks,MEDX-SUBSCRIP-00059,Subscriptions and Monetization Mocks: verify entitlement expiration at a timezone boundary (boundary values),Media & Entertainment: verify entitlement expiration at a timezone boundary with boundary values,Functional,High,"Non-production tenant or isolated local fixture; synthetic records only; Exercise documented minimum, maximum, and just-outside limits. Safety boundary: Use synthetic media and non-copyrighted test assets only, with mock licensing, channels, and payment providers. Do not publish real content, process real subscriber data, or treat synthetic engagement metrics as actual audience outcomes.","1. Create a disposable, versioned synthetic fixture: Exercise documented minimum, maximum, and just-outside limits. 2. Execute the platform workflow to verify entitlement expiration at a timezone boundary. 3. Capture the committed result, resource version, or run status. 4. Compare the result with the source fixture and the declared invariant. 5. Repeat or recover the operation when applicable; verify access, audit evidence, and side effects.","The platform must correctly verify entitlement expiration at a timezone boundary; the boundary values condition follows the configured contract; valid state is preserved, invalid or unauthorized work is rejected or quarantined without silent loss, retries do not duplicate side effects, lineage and audit evidence remain available, and no production records or credentials are used. Safety boundary: Use synthetic media and non-copyrighted test assets only, with mock licensing, channels, and payment providers. Do not publish real content, process real subscriber data, or treat synthetic engagement metrics as actual audience outcomes.",Playwright + platform UI/API,"media-entertainment,market-platform,synthetic-data,subscriptions_monetization,boundary-values"
Media & Entertainment,Subscriptions and Monetization Mocks,MEDX-SUBSCRIP-00060,Subscriptions and Monetization Mocks: audit plan and entitlement changes (boundary values),Media & Entertainment: audit plan and entitlement changes with boundary values,Functional,High,"Non-production tenant or isolated local fixture; synthetic records only; Exercise documented minimum, maximum, and just-outside limits. Safety boundary: Use synthetic media and non-copyrighted test assets only, with mock licensing, channels, and payment providers. Do not publish real content, process real subscriber data, or treat synthetic engagement metrics as actual audience outcomes.","1. Create a disposable, versioned synthetic fixture: Exercise documented minimum, maximum, and just-outside limits. 2. Execute the platform workflow to audit plan and entitlement changes. 3. Capture the committed result, resource version, or run status. 4. Compare the result with the source fixture and the declared invariant. 5. Repeat or recover the operation when applicable; verify access, audit evidence, and side effects.","The platform must correctly audit plan and entitlement changes; the boundary values condition follows the configured contract; valid state is preserved, invalid or unauthorized work is rejected or quarantined without silent loss, retries do not duplicate side effects, lineage and audit evidence remain available, and no production records or credentials are used. Safety boundary: Use synthetic media and non-copyrighted test assets only, with mock licensing, channels, and payment providers. Do not publish real content, process real subscriber data, or treat synthetic engagement metrics as actual audience outcomes.",Playwright + platform UI/API,"media-entertainment,market-platform,synthetic-data,subscriptions_monetization,boundary-values"
Media & Entertainment,Subscriptions and Monetization Mocks,MEDX-SUBSCRIP-00061,Subscriptions and Monetization Mocks: create a synthetic subscription plan with versioned terms (late arriving data),Media & Entertainment: create a synthetic subscription plan with versioned terms with late arriving data,Functional,Medium,"Non-production tenant or isolated local fixture; synthetic records only; Deliver an older event after a newer watermark or processing window has advanced. Safety boundary: Use synthetic media and non-copyrighted test assets only, with mock licensing, channels, and payment providers. Do not publish real content, process real subscriber data, or treat synthetic engagement metrics as actual audience outcomes.","1. Create a disposable, versioned synthetic fixture: Deliver an older event after a newer watermark or processing window has advanced. 2. Execute the platform workflow to create a synthetic subscription plan with versioned terms. 3. Capture the committed result, resource version, or run status. 4. Compare the result with the source fixture and the declared invariant. 5. Repeat or recover the operation when applicable; verify access, audit evidence, and side effects.","The platform must correctly create a synthetic subscription plan with versioned terms; the late arriving data condition follows the configured contract; valid state is preserved, invalid or unauthorized work is rejected or quarantined without silent loss, retries do not duplicate side effects, lineage and audit evidence remain available, and no production records or credentials are used. Safety boundary: Use synthetic media and non-copyrighted test assets only, with mock licensing, channels, and payment providers. Do not publish real content, process real subscriber data, or treat synthetic engagement metrics as actual audience outcomes.",Playwright + platform UI/API,"media-entertainment,market-platform,synthetic-data,subscriptions_monetization,late-arriving-data"
Media & Entertainment,Subscriptions and Monetization Mocks,MEDX-SUBSCRIP-00062,Subscriptions and Monetization Mocks: activate a test subscription through a mock provider (late arriving data),Media & Entertainment: activate a test subscription through a mock provider with late arriving data,Functional,High,"Non-production tenant or isolated local fixture; synthetic records only; Deliver an older event after a newer watermark or processing window has advanced. Safety boundary: Use synthetic media and non-copyrighted test assets only, with mock licensing, channels, and payment providers. Do not publish real content, process real subscriber data, or treat synthetic engagement metrics as actual audience outcomes.","1. Create a disposable, versioned synthetic fixture: Deliver an older event after a newer watermark or processing window has advanced. 2. Execute the platform workflow to activate a test subscription through a mock provider. 3. Capture the committed result, resource version, or run status. 4. Compare the result with the source fixture and the declared invariant. 5. Repeat or recover the operation when applicable; verify access, audit evidence, and side effects.","The platform must correctly activate a test subscription through a mock provider; the late arriving data condition follows the configured contract; valid state is preserved, invalid or unauthorized work is rejected or quarantined without silent loss, retries do not duplicate side effects, lineage and audit evidence remain available, and no production records or credentials are used. Safety boundary: Use synthetic media and non-copyrighted test assets only, with mock licensing, channels, and payment providers. Do not publish real content, process real subscriber data, or treat synthetic engagement metrics as actual audience outcomes.",Playwright + platform UI/API,"media-entertainment,market-platform,synthetic-data,subscriptions_monetization,late-arriving-data"
Media & Entertainment,Subscriptions and Monetization Mocks,MEDX-SUBSCRIP-00063,Subscriptions and Monetization Mocks: apply a promotion only within its configured date window (late arriving data),Media & Entertainment: apply a promotion only within its configured date window with late arriving data,Functional,High,"Non-production tenant or isolated local fixture; synthetic records only; Deliver an older event after a newer watermark or processing window has advanced. Safety boundary: Use synthetic media and non-copyrighted test assets only, with mock licensing, channels, and payment providers. Do not publish real content, process real subscriber data, or treat synthetic engagement metrics as actual audience outcomes.","1. Create a disposable, versioned synthetic fixture: Deliver an older event after a newer watermark or processing window has advanced. 2. Execute the platform workflow to apply a promotion only within its configured date window. 3. Capture the committed result, resource version, or run status. 4. Compare the result with the source fixture and the declared invariant. 5. Repeat or recover the operation when applicable; verify access, audit evidence, and side effects.","The platform must correctly apply a promotion only within its configured date window; the late arriving data condition follows the configured contract; valid state is preserved, invalid or unauthorized work is rejected or quarantined without silent loss, retries do not duplicate side effects, lineage and audit evidence remain available, and no production records or credentials are used. Safety boundary: Use synthetic media and non-copyrighted test assets only, with mock licensing, channels, and payment providers. Do not publish real content, process real subscriber data, or treat synthetic engagement metrics as actual audience outcomes.",Playwright + platform UI/API,"media-entertainment,market-platform,synthetic-data,subscriptions_monetization,late-arriving-data"
Media & Entertainment,Subscriptions and Monetization Mocks,MEDX-SUBSCRIP-00064,Subscriptions and Monetization Mocks: prevent duplicate entitlement grant after payment retry (late arriving data),Media & Entertainment: prevent duplicate entitlement grant after payment retry with late arriving data,Functional,High,"Non-production tenant or isolated local fixture; synthetic records only; Deliver an older event after a newer watermark or processing window has advanced. Safety boundary: Use synthetic media and non-copyrighted test assets only, with mock licensing, channels, and payment providers. Do not publish real content, process real subscriber data, or treat synthetic engagement metrics as actual audience outcomes.","1. Create a disposable, versioned synthetic fixture: Deliver an older event after a newer watermark or processing window has advanced. 2. Execute the platform workflow to prevent duplicate entitlement grant after payment retry. 3. Capture the committed result, resource version, or run status. 4. Compare the result with the source fixture and the declared invariant. 5. Repeat or recover the operation when applicable; verify access, audit evidence, and side effects.","The platform must correctly prevent duplicate entitlement grant after payment retry; the late arriving data condition follows the configured contract; valid state is preserved, invalid or unauthorized work is rejected or quarantined without silent loss, retries do not duplicate side effects, lineage and audit evidence remain available, and no production records or credentials are used. Safety boundary: Use synthetic media and non-copyrighted test assets only, with mock licensing, channels, and payment providers. Do not publish real content, process real subscriber data, or treat synthetic engagement metrics as actual audience outcomes.",Playwright + platform UI/API,"media-entertainment,market-platform,synthetic-data,subscriptions_monetization,late-arriving-data"
Media & Entertainment,Subscriptions and Monetization Mocks,MEDX-SUBSCRIP-00065,Subscriptions and Monetization Mocks: cancel a test subscription and apply mock access rules (late arriving data),Media & Entertainment: cancel a test subscription and apply mock access rules with late arriving data,Functional,Medium,"Non-production tenant or isolated local fixture; synthetic records only; Deliver an older event after a newer watermark or processing window has advanced. Safety boundary: Use synthetic media and non-copyrighted test assets only, with mock licensing, channels, and payment providers. Do not publish real content, process real subscriber data, or treat synthetic engagement metrics as actual audience outcomes.","1. Create a disposable, versioned synthetic fixture: Deliver an older event after a newer watermark or processing window has advanced. 2. Execute the platform workflow to cancel a test subscription and apply mock access rules. 3. Capture the committed result, resource version, or run status. 4. Compare the result with the source fixture and the declared invariant. 5. Repeat or recover the operation when applicable; verify access, audit evidence, and side effects.","The platform must correctly cancel a test subscription and apply mock access rules; the late arriving data condition follows the configured contract; valid state is preserved, invalid or unauthorized work is rejected or quarantined without silent loss, retries do not duplicate side effects, lineage and audit evidence remain available, and no production records or credentials are used. Safety boundary: Use synthetic media and non-copyrighted test assets only, with mock licensing, channels, and payment providers. Do not publish real content, process real subscriber data, or treat synthetic engagement metrics as actual audience outcomes.",Playwright + platform UI/API,"media-entertainment,market-platform,synthetic-data,subscriptions_monetization,late-arriving-data"
Media & Entertainment,Subscriptions and Monetization Mocks,MEDX-SUBSCRIP-00066,Subscriptions and Monetization Mocks: reconcile simulated revenue events with the test ledger (late arriving data),Media & Entertainment: reconcile simulated revenue events with the test ledger with late arriving data,Functional,High,"Non-production tenant or isolated local fixture; synthetic records only; Deliver an older event after a newer watermark or processing window has advanced. Safety boundary: Use synthetic media and non-copyrighted test assets only, with mock licensing, channels, and payment providers. Do not publish real content, process real subscriber data, or treat synthetic engagement metrics as actual audience outcomes.","1. Create a disposable, versioned synthetic fixture: Deliver an older event after a newer watermark or processing window has advanced. 2. Execute the platform workflow to reconcile simulated revenue events with the test ledger. 3. Capture the committed result, resource version, or run status. 4. Compare the result with the source fixture and the declared invariant. 5. Repeat or recover the operation when applicable; verify access, audit evidence, and side effects.","The platform must correctly reconcile simulated revenue events with the test ledger; the late arriving data condition follows the configured contract; valid state is preserved, invalid or unauthorized work is rejected or quarantined without silent loss, retries do not duplicate side effects, lineage and audit evidence remain available, and no production records or credentials are used. Safety boundary: Use synthetic media and non-copyrighted test assets only, with mock licensing, channels, and payment providers. Do not publish real content, process real subscriber data, or treat synthetic engagement metrics as actual audience outcomes.",Playwright + platform UI/API,"media-entertainment,market-platform,synthetic-data,subscriptions_monetization,late-arriving-data"
Media & Entertainment,Subscriptions and Monetization Mocks,MEDX-SUBSCRIP-00067,Subscriptions and Monetization Mocks: handle a provider timeout without asserting settlement (late arriving data),Media & Entertainment: handle a provider timeout without asserting settlement with late arriving data,Functional,High,"Non-production tenant or isolated local fixture; synthetic records only; Deliver an older event after a newer watermark or processing window has advanced. Safety boundary: Use synthetic media and non-copyrighted test assets only, with mock licensing, channels, and payment providers. Do not publish real content, process real subscriber data, or treat synthetic engagement metrics as actual audience outcomes.","1. Create a disposable, versioned synthetic fixture: Deliver an older event after a newer watermark or processing window has advanced. 2. Execute the platform workflow to handle a provider timeout without asserting settlement. 3. Capture the committed result, resource version, or run status. 4. Compare the result with the source fixture and the declared invariant. 5. Repeat or recover the operation when applicable; verify access, audit evidence, and side effects.","The platform must correctly handle a provider timeout without asserting settlement; the late arriving data condition follows the configured contract; valid state is preserved, invalid or unauthorized work is rejected or quarantined without silent loss, retries do not duplicate side effects, lineage and audit evidence remain available, and no production records or credentials are used. Safety boundary: Use synthetic media and non-copyrighted test assets only, with mock licensing, channels, and payment providers. Do not publish real content, process real subscriber data, or treat synthetic engagement metrics as actual audience outcomes.",Playwright + platform UI/API,"media-entertainment,market-platform,synthetic-data,subscriptions_monetization,late-arriving-data"
Media & Entertainment,Subscriptions and Monetization Mocks,MEDX-SUBSCRIP-00068,Subscriptions and Monetization Mocks: restrict subscriber details by assigned role (late arriving data),Media & Entertainment: restrict subscriber details by assigned role with late arriving data,Functional,High,"Non-production tenant or isolated local fixture; synthetic records only; Deliver an older event after a newer watermark or processing window has advanced. Safety boundary: Use synthetic media and non-copyrighted test assets only, with mock licensing, channels, and payment providers. Do not publish real content, process real subscriber data, or treat synthetic engagement metrics as actual audience outcomes.","1. Create a disposable, versioned synthetic fixture: Deliver an older event after a newer watermark or processing window has advanced. 2. Execute the platform workflow to restrict subscriber details by assigned role. 3. Capture the committed result, resource version, or run status. 4. Compare the result with the source fixture and the declared invariant. 5. Repeat or recover the operation when applicable; verify access, audit evidence, and side effects.","The platform must correctly restrict subscriber details by assigned role; the late arriving data condition follows the configured contract; valid state is preserved, invalid or unauthorized work is rejected or quarantined without silent loss, retries do not duplicate side effects, lineage and audit evidence remain available, and no production records or credentials are used. Safety boundary: Use synthetic media and non-copyrighted test assets only, with mock licensing, channels, and payment providers. Do not publish real content, process real subscriber data, or treat synthetic engagement metrics as actual audience outcomes.",Playwright + platform UI/API,"media-entertainment,market-platform,synthetic-data,subscriptions_monetization,late-arriving-data"
Media & Entertainment,Subscriptions and Monetization Mocks,MEDX-SUBSCRIP-00069,Subscriptions and Monetization Mocks: verify entitlement expiration at a timezone boundary (late arriving data),Media & Entertainment: verify entitlement expiration at a timezone boundary with late arriving data,Functional,Medium,"Non-production tenant or isolated local fixture; synthetic records only; Deliver an older event after a newer watermark or processing window has advanced. Safety boundary: Use synthetic media and non-copyrighted test assets only, with mock licensing, channels, and payment providers. Do not publish real content, process real subscriber data, or treat synthetic engagement metrics as actual audience outcomes.","1. Create a disposable, versioned synthetic fixture: Deliver an older event after a newer watermark or processing window has advanced. 2. Execute the platform workflow to verify entitlement expiration at a timezone boundary. 3. Capture the committed result, resource version, or run status. 4. Compare the result with the source fixture and the declared invariant. 5. Repeat or recover the operation when applicable; verify access, audit evidence, and side effects.","The platform must correctly verify entitlement expiration at a timezone boundary; the late arriving data condition follows the configured contract; valid state is preserved, invalid or unauthorized work is rejected or quarantined without silent loss, retries do not duplicate side effects, lineage and audit evidence remain available, and no production records or credentials are used. Safety boundary: Use synthetic media and non-copyrighted test assets only, with mock licensing, channels, and payment providers. Do not publish real content, process real subscriber data, or treat synthetic engagement metrics as actual audience outcomes.",Playwright + platform UI/API,"media-entertainment,market-platform,synthetic-data,subscriptions_monetization,late-arriving-data"
Media & Entertainment,Subscriptions and Monetization Mocks,MEDX-SUBSCRIP-00070,Subscriptions and Monetization Mocks: audit plan and entitlement changes (late arriving data),Media & Entertainment: audit plan and entitlement changes with late arriving data,Functional,High,"Non-production tenant or isolated local fixture; synthetic records only; Deliver an older event after a newer watermark or processing window has advanced. Safety boundary: Use synthetic media and non-copyrighted test assets only, with mock licensing, channels, and payment providers. Do not publish real content, process real subscriber data, or treat synthetic engagement metrics as actual audience outcomes.","1. Create a disposable, versioned synthetic fixture: Deliver an older event after a newer watermark or processing window has advanced. 2. Execute the platform workflow to audit plan and entitlement changes. 3. Capture the committed result, resource version, or run status. 4. Compare the result with the source fixture and the declared invariant. 5. Repeat or recover the operation when applicable; verify access, audit evidence, and side effects.","The platform must correctly audit plan and entitlement changes; the late arriving data condition follows the configured contract; valid state is preserved, invalid or unauthorized work is rejected or quarantined without silent loss, retries do not duplicate side effects, lineage and audit evidence remain available, and no production records or credentials are used. Safety boundary: Use synthetic media and non-copyrighted test assets only, with mock licensing, channels, and payment providers. Do not publish real content, process real subscriber data, or treat synthetic engagement metrics as actual audience outcomes.",Playwright + platform UI/API,"media-entertainment,market-platform,synthetic-data,subscriptions_monetization,late-arriving-data"
Media & Entertainment,Subscriptions and Monetization Mocks,MEDX-SUBSCRIP-00071,Subscriptions and Monetization Mocks: create a synthetic subscription plan with versioned terms (out-of-order events),Media & Entertainment: create a synthetic subscription plan with versioned terms with out-of-order events,Functional,High,"Non-production tenant or isolated local fixture; synthetic records only; Shuffle event or commit order while preserving source event-time values. Safety boundary: Use synthetic media and non-copyrighted test assets only, with mock licensing, channels, and payment providers. Do not publish real content, process real subscriber data, or treat synthetic engagement metrics as actual audience outcomes.","1. Create a disposable, versioned synthetic fixture: Shuffle event or commit order while preserving source event-time values. 2. Execute the platform workflow to create a synthetic subscription plan with versioned terms. 3. Capture the committed result, resource version, or run status. 4. Compare the result with the source fixture and the declared invariant. 5. Repeat or recover the operation when applicable; verify access, audit evidence, and side effects.","The platform must correctly create a synthetic subscription plan with versioned terms; the out-of-order events condition follows the configured contract; valid state is preserved, invalid or unauthorized work is rejected or quarantined without silent loss, retries do not duplicate side effects, lineage and audit evidence remain available, and no production records or credentials are used. Safety boundary: Use synthetic media and non-copyrighted test assets only, with mock licensing, channels, and payment providers. Do not publish real content, process real subscriber data, or treat synthetic engagement metrics as actual audience outcomes.",Playwright + platform UI/API,"media-entertainment,market-platform,synthetic-data,subscriptions_monetization,out-of-order-events"
Media & Entertainment,Subscriptions and Monetization Mocks,MEDX-SUBSCRIP-00072,Subscriptions and Monetization Mocks: activate a test subscription through a mock provider (out-of-order events),Media & Entertainment: activate a test subscription through a mock provider with out-of-order events,Functional,High,"Non-production tenant or isolated local fixture; synthetic records only; Shuffle event or commit order while preserving source event-time values. Safety boundary: Use synthetic media and non-copyrighted test assets only, with mock licensing, channels, and payment providers. Do not publish real content, process real subscriber data, or treat synthetic engagement metrics as actual audience outcomes.","1. Create a disposable, versioned synthetic fixture: Shuffle event or commit order while preserving source event-time values. 2. Execute the platform workflow to activate a test subscription through a mock provider. 3. Capture the committed result, resource version, or run status. 4. Compare the result with the source fixture and the declared invariant. 5. Repeat or recover the operation when applicable; verify access, audit evidence, and side effects.","The platform must correctly activate a test subscription through a mock provider; the out-of-order events condition follows the configured contract; valid state is preserved, invalid or unauthorized work is rejected or quarantined without silent loss, retries do not duplicate side effects, lineage and audit evidence remain available, and no production records or credentials are used. Safety boundary: Use synthetic media and non-copyrighted test assets only, with mock licensing, channels, and payment providers. Do not publish real content, process real subscriber data, or treat synthetic engagement metrics as actual audience outcomes.",Playwright + platform UI/API,"media-entertainment,market-platform,synthetic-data,subscriptions_monetization,out-of-order-events"
Media & Entertainment,Subscriptions and Monetization Mocks,MEDX-SUBSCRIP-00073,Subscriptions and Monetization Mocks: apply a promotion only within its configured date window (out-of-order events),Media & Entertainment: apply a promotion only within its configured date window with out-of-order events,Functional,Medium,"Non-production tenant or isolated local fixture; synthetic records only; Shuffle event or commit order while preserving source event-time values. Safety boundary: Use synthetic media and non-copyrighted test assets only, with mock licensing, channels, and payment providers. Do not publish real content, process real subscriber data, or treat synthetic engagement metrics as actual audience outcomes.","1. Create a disposable, versioned synthetic fixture: Shuffle event or commit order while preserving source event-time values. 2. Execute the platform workflow to apply a promotion only within its configured date window. 3. Capture the committed result, resource version, or run status. 4. Compare the result with the source fixture and the declared invariant. 5. Repeat or recover the operation when applicable; verify access, audit evidence, and side effects.","The platform must correctly apply a promotion only within its configured date window; the out-of-order events condition follows the configured contract; valid state is preserved, invalid or unauthorized work is rejected or quarantined without silent loss, retries do not duplicate side effects, lineage and audit evidence remain available, and no production records or credentials are used. Safety boundary: Use synthetic media and non-copyrighted test assets only, with mock licensing, channels, and payment providers. Do not publish real content, process real subscriber data, or treat synthetic engagement metrics as actual audience outcomes.",Playwright + platform UI/API,"media-entertainment,market-platform,synthetic-data,subscriptions_monetization,out-of-order-events"
Media & Entertainment,Subscriptions and Monetization Mocks,MEDX-SUBSCRIP-00074,Subscriptions and Monetization Mocks: prevent duplicate entitlement grant after payment retry (out-of-order events),Media & Entertainment: prevent duplicate entitlement grant after payment retry with out-of-order events,Functional,High,"Non-production tenant or isolated local fixture; synthetic records only; Shuffle event or commit order while preserving source event-time values. Safety boundary: Use synthetic media and non-copyrighted test assets only, with mock licensing, channels, and payment providers. Do not publish real content, process real subscriber data, or treat synthetic engagement metrics as actual audience outcomes.","1. Create a disposable, versioned synthetic fixture: Shuffle event or commit order while preserving source event-time values. 2. Execute the platform workflow to prevent duplicate entitlement grant after payment retry. 3. Capture the committed result, resource version, or run status. 4. Compare the result with the source fixture and the declared invariant. 5. Repeat or recover the operation when applicable; verify access, audit evidence, and side effects.","The platform must correctly prevent duplicate entitlement grant after payment retry; the out-of-order events condition follows the configured contract; valid state is preserved, invalid or unauthorized work is rejected or quarantined without silent loss, retries do not duplicate side effects, lineage and audit evidence remain available, and no production records or credentials are used. Safety boundary: Use synthetic media and non-copyrighted test assets only, with mock licensing, channels, and payment providers. Do not publish real content, process real subscriber data, or treat synthetic engagement metrics as actual audience outcomes.",Playwright + platform UI/API,"media-entertainment,market-platform,synthetic-data,subscriptions_monetization,out-of-order-events"
Media & Entertainment,Subscriptions and Monetization Mocks,MEDX-SUBSCRIP-00075,Subscriptions and Monetization Mocks: cancel a test subscription and apply mock access rules (out-of-order events),Media & Entertainment: cancel a test subscription and apply mock access rules with out-of-order events,Functional,High,"Non-production tenant or isolated local fixture; synthetic records only; Shuffle event or commit order while preserving source event-time values. Safety boundary: Use synthetic media and non-copyrighted test assets only, with mock licensing, channels, and payment providers. Do not publish real content, process real subscriber data, or treat synthetic engagement metrics as actual audience outcomes.","1. Create a disposable, versioned synthetic fixture: Shuffle event or commit order while preserving source event-time values. 2. Execute the platform workflow to cancel a test subscription and apply mock access rules. 3. Capture the committed result, resource version, or run status. 4. Compare the result with the source fixture and the declared invariant. 5. Repeat or recover the operation when applicable; verify access, audit evidence, and side effects.","The platform must correctly cancel a test subscription and apply mock access rules; the out-of-order events condition follows the configured contract; valid state is preserved, invalid or unauthorized work is rejected or quarantined without silent loss, retries do not duplicate side effects, lineage and audit evidence remain available, and no production records or credentials are used. Safety boundary: Use synthetic media and non-copyrighted test assets only, with mock licensing, channels, and payment providers. Do not publish real content, process real subscriber data, or treat synthetic engagement metrics as actual audience outcomes.",Playwright + platform UI/API,"media-entertainment,market-platform,synthetic-data,subscriptions_monetization,out-of-order-events"
Media & Entertainment,Subscriptions and Monetization Mocks,MEDX-SUBSCRIP-00076,Subscriptions and Monetization Mocks: reconcile simulated revenue events with the test ledger (out-of-order events),Media & Entertainment: reconcile simulated revenue events with the test ledger with out-of-order events,Functional,High,"Non-production tenant or isolated local fixture; synthetic records only; Shuffle event or commit order while preserving source event-time values. Safety boundary: Use synthetic media and non-copyrighted test assets only, with mock licensing, channels, and payment providers. Do not publish real content, process real subscriber data, or treat synthetic engagement metrics as actual audience outcomes.","1. Create a disposable, versioned synthetic fixture: Shuffle event or commit order while preserving source event-time values. 2. Execute the platform workflow to reconcile simulated revenue events with the test ledger. 3. Capture the committed result, resource version, or run status. 4. Compare the result with the source fixture and the declared invariant. 5. Repeat or recover the operation when applicable; verify access, audit evidence, and side effects.","The platform must correctly reconcile simulated revenue events with the test ledger; the out-of-order events condition follows the configured contract; valid state is preserved, invalid or unauthorized work is rejected or quarantined without silent loss, retries do not duplicate side effects, lineage and audit evidence remain available, and no production records or credentials are used. Safety boundary: Use synthetic media and non-copyrighted test assets only, with mock licensing, channels, and payment providers. Do not publish real content, process real subscriber data, or treat synthetic engagement metrics as actual audience outcomes.",Playwright + platform UI/API,"media-entertainment,market-platform,synthetic-data,subscriptions_monetization,out-of-order-events"
Media & Entertainment,Subscriptions and Monetization Mocks,MEDX-SUBSCRIP-00077,Subscriptions and Monetization Mocks: handle a provider timeout without asserting settlement (out-of-order events),Media & Entertainment: handle a provider timeout without asserting settlement with out-of-order events,Functional,Medium,"Non-production tenant or isolated local fixture; synthetic records only; Shuffle event or commit order while preserving source event-time values. Safety boundary: Use synthetic media and non-copyrighted test assets only, with mock licensing, channels, and payment providers. Do not publish real content, process real subscriber data, or treat synthetic engagement metrics as actual audience outcomes.","1. Create a disposable, versioned synthetic fixture: Shuffle event or commit order while preserving source event-time values. 2. Execute the platform workflow to handle a provider timeout without asserting settlement. 3. Capture the committed result, resource version, or run status. 4. Compare the result with the source fixture and the declared invariant. 5. Repeat or recover the operation when applicable; verify access, audit evidence, and side effects.","The platform must correctly handle a provider timeout without asserting settlement; the out-of-order events condition follows the configured contract; valid state is preserved, invalid or unauthorized work is rejected or quarantined without silent loss, retries do not duplicate side effects, lineage and audit evidence remain available, and no production records or credentials are used. Safety boundary: Use synthetic media and non-copyrighted test assets only, with mock licensing, channels, and payment providers. Do not publish real content, process real subscriber data, or treat synthetic engagement metrics as actual audience outcomes.",Playwright + platform UI/API,"media-entertainment,market-platform,synthetic-data,subscriptions_monetization,out-of-order-events"
Media & Entertainment,Subscriptions and Monetization Mocks,MEDX-SUBSCRIP-00078,Subscriptions and Monetization Mocks: restrict subscriber details by assigned role (out-of-order events),Media & Entertainment: restrict subscriber details by assigned role with out-of-order events,Functional,High,"Non-production tenant or isolated local fixture; synthetic records only; Shuffle event or commit order while preserving source event-time values. Safety boundary: Use synthetic media and non-copyrighted test assets only, with mock licensing, channels, and payment providers. Do not publish real content, process real subscriber data, or treat synthetic engagement metrics as actual audience outcomes.","1. Create a disposable, versioned synthetic fixture: Shuffle event or commit order while preserving source event-time values. 2. Execute the platform workflow to restrict subscriber details by assigned role. 3. Capture the committed result, resource version, or run status. 4. Compare the result with the source fixture and the declared invariant. 5. Repeat or recover the operation when applicable; verify access, audit evidence, and side effects.","The platform must correctly restrict subscriber details by assigned role; the out-of-order events condition follows the configured contract; valid state is preserved, invalid or unauthorized work is rejected or quarantined without silent loss, retries do not duplicate side effects, lineage and audit evidence remain available, and no production records or credentials are used. Safety boundary: Use synthetic media and non-copyrighted test assets only, with mock licensing, channels, and payment providers. Do not publish real content, process real subscriber data, or treat synthetic engagement metrics as actual audience outcomes.",Playwright + platform UI/API,"media-entertainment,market-platform,synthetic-data,subscriptions_monetization,out-of-order-events"
Media & Entertainment,Subscriptions and Monetization Mocks,MEDX-SUBSCRIP-00079,Subscriptions and Monetization Mocks: verify entitlement expiration at a timezone boundary (out-of-order events),Media & Entertainment: verify entitlement expiration at a timezone boundary with out-of-order events,Functional,High,"Non-production tenant or isolated local fixture; synthetic records only; Shuffle event or commit order while preserving source event-time values. Safety boundary: Use synthetic media and non-copyrighted test assets only, with mock licensing, channels, and payment providers. Do not publish real content, process real subscriber data, or treat synthetic engagement metrics as actual audience outcomes.","1. Create a disposable, versioned synthetic fixture: Shuffle event or commit order while preserving source event-time values. 2. Execute the platform workflow to verify entitlement expiration at a timezone boundary. 3. Capture the committed result, resource version, or run status. 4. Compare the result with the source fixture and the declared invariant. 5. Repeat or recover the operation when applicable; verify access, audit evidence, and side effects.","The platform must correctly verify entitlement expiration at a timezone boundary; the out-of-order events condition follows the configured contract; valid state is preserved, invalid or unauthorized work is rejected or quarantined without silent loss, retries do not duplicate side effects, lineage and audit evidence remain available, and no production records or credentials are used. Safety boundary: Use synthetic media and non-copyrighted test assets only, with mock licensing, channels, and payment providers. Do not publish real content, process real subscriber data, or treat synthetic engagement metrics as actual audience outcomes.",Playwright + platform UI/API,"media-entertainment,market-platform,synthetic-data,subscriptions_monetization,out-of-order-events"
Media & Entertainment,Subscriptions and Monetization Mocks,MEDX-SUBSCRIP-00080,Subscriptions and Monetization Mocks: audit plan and entitlement changes (out-of-order events),Media & Entertainment: audit plan and entitlement changes with out-of-order events,Functional,High,"Non-production tenant or isolated local fixture; synthetic records only; Shuffle event or commit order while preserving source event-time values. Safety boundary: Use synthetic media and non-copyrighted test assets only, with mock licensing, channels, and payment providers. Do not publish real content, process real subscriber data, or treat synthetic engagement metrics as actual audience outcomes.","1. Create a disposable, versioned synthetic fixture: Shuffle event or commit order while preserving source event-time values. 2. Execute the platform workflow to audit plan and entitlement changes. 3. Capture the committed result, resource version, or run status. 4. Compare the result with the source fixture and the declared invariant. 5. Repeat or recover the operation when applicable; verify access, audit evidence, and side effects.","The platform must correctly audit plan and entitlement changes; the out-of-order events condition follows the configured contract; valid state is preserved, invalid or unauthorized work is rejected or quarantined without silent loss, retries do not duplicate side effects, lineage and audit evidence remain available, and no production records or credentials are used. Safety boundary: Use synthetic media and non-copyrighted test assets only, with mock licensing, channels, and payment providers. Do not publish real content, process real subscriber data, or treat synthetic engagement metrics as actual audience outcomes.",Playwright + platform UI/API,"media-entertainment,market-platform,synthetic-data,subscriptions_monetization,out-of-order-events"
Media & Entertainment,Subscriptions and Monetization Mocks,MEDX-SUBSCRIP-00081,Subscriptions and Monetization Mocks: create a synthetic subscription plan with versioned terms (compatible schema change),Media & Entertainment: create a synthetic subscription plan with versioned terms with compatible schema change,Functional,Medium,"Non-production tenant or isolated local fixture; synthetic records only; Add a nullable field while existing readers and stored versions remain active. Safety boundary: Use synthetic media and non-copyrighted test assets only, with mock licensing, channels, and payment providers. Do not publish real content, process real subscriber data, or treat synthetic engagement metrics as actual audience outcomes.","1. Create a disposable, versioned synthetic fixture: Add a nullable field while existing readers and stored versions remain active. 2. Execute the platform workflow to create a synthetic subscription plan with versioned terms. 3. Capture the committed result, resource version, or run status. 4. Compare the result with the source fixture and the declared invariant. 5. Repeat or recover the operation when applicable; verify access, audit evidence, and side effects.","The platform must correctly create a synthetic subscription plan with versioned terms; the compatible schema change condition follows the configured contract; valid state is preserved, invalid or unauthorized work is rejected or quarantined without silent loss, retries do not duplicate side effects, lineage and audit evidence remain available, and no production records or credentials are used. Safety boundary: Use synthetic media and non-copyrighted test assets only, with mock licensing, channels, and payment providers. Do not publish real content, process real subscriber data, or treat synthetic engagement metrics as actual audience outcomes.",Playwright + platform UI/API,"media-entertainment,market-platform,synthetic-data,subscriptions_monetization,compatible-schema-change"
Media & Entertainment,Subscriptions and Monetization Mocks,MEDX-SUBSCRIP-00082,Subscriptions and Monetization Mocks: activate a test subscription through a mock provider (compatible schema change),Media & Entertainment: activate a test subscription through a mock provider with compatible schema change,Functional,High,"Non-production tenant or isolated local fixture; synthetic records only; Add a nullable field while existing readers and stored versions remain active. Safety boundary: Use synthetic media and non-copyrighted test assets only, with mock licensing, channels, and payment providers. Do not publish real content, process real subscriber data, or treat synthetic engagement metrics as actual audience outcomes.","1. Create a disposable, versioned synthetic fixture: Add a nullable field while existing readers and stored versions remain active. 2. Execute the platform workflow to activate a test subscription through a mock provider. 3. Capture the committed result, resource version, or run status. 4. Compare the result with the source fixture and the declared invariant. 5. Repeat or recover the operation when applicable; verify access, audit evidence, and side effects.","The platform must correctly activate a test subscription through a mock provider; the compatible schema change condition follows the configured contract; valid state is preserved, invalid or unauthorized work is rejected or quarantined without silent loss, retries do not duplicate side effects, lineage and audit evidence remain available, and no production records or credentials are used. Safety boundary: Use synthetic media and non-copyrighted test assets only, with mock licensing, channels, and payment providers. Do not publish real content, process real subscriber data, or treat synthetic engagement metrics as actual audience outcomes.",Playwright + platform UI/API,"media-entertainment,market-platform,synthetic-data,subscriptions_monetization,compatible-schema-change"
Media & Entertainment,Subscriptions and Monetization Mocks,MEDX-SUBSCRIP-00083,Subscriptions and Monetization Mocks: apply a promotion only within its configured date window (compatible schema change),Media & Entertainment: apply a promotion only within its configured date window with compatible schema change,Functional,High,"Non-production tenant or isolated local fixture; synthetic records only; Add a nullable field while existing readers and stored versions remain active. Safety boundary: Use synthetic media and non-copyrighted test assets only, with mock licensing, channels, and payment providers. Do not publish real content, process real subscriber data, or treat synthetic engagement metrics as actual audience outcomes.","1. Create a disposable, versioned synthetic fixture: Add a nullable field while existing readers and stored versions remain active. 2. Execute the platform workflow to apply a promotion only within its configured date window. 3. Capture the committed result, resource version, or run status. 4. Compare the result with the source fixture and the declared invariant. 5. Repeat or recover the operation when applicable; verify access, audit evidence, and side effects.","The platform must correctly apply a promotion only within its configured date window; the compatible schema change condition follows the configured contract; valid state is preserved, invalid or unauthorized work is rejected or quarantined without silent loss, retries do not duplicate side effects, lineage and audit evidence remain available, and no production records or credentials are used. Safety boundary: Use synthetic media and non-copyrighted test assets only, with mock licensing, channels, and payment providers. Do not publish real content, process real subscriber data, or treat synthetic engagement metrics as actual audience outcomes.",Playwright + platform UI/API,"media-entertainment,market-platform,synthetic-data,subscriptions_monetization,compatible-schema-change"
Media & Entertainment,Subscriptions and Monetization Mocks,MEDX-SUBSCRIP-00084,Subscriptions and Monetization Mocks: prevent duplicate entitlement grant after payment retry (compatible schema change),Media & Entertainment: prevent duplicate entitlement grant after payment retry with compatible schema change,Functional,High,"Non-production tenant or isolated local fixture; synthetic records only; Add a nullable field while existing readers and stored versions remain active. Safety boundary: Use synthetic media and non-copyrighted test assets only, with mock licensing, channels, and payment providers. Do not publish real content, process real subscriber data, or treat synthetic engagement metrics as actual audience outcomes.","1. Create a disposable, versioned synthetic fixture: Add a nullable field while existing readers and stored versions remain active. 2. Execute the platform workflow to prevent duplicate entitlement grant after payment retry. 3. Capture the committed result, resource version, or run status. 4. Compare the result with the source fixture and the declared invariant. 5. Repeat or recover the operation when applicable; verify access, audit evidence, and side effects.","The platform must correctly prevent duplicate entitlement grant after payment retry; the compatible schema change condition follows the configured contract; valid state is preserved, invalid or unauthorized work is rejected or quarantined without silent loss, retries do not duplicate side effects, lineage and audit evidence remain available, and no production records or credentials are used. Safety boundary: Use synthetic media and non-copyrighted test assets only, with mock licensing, channels, and payment providers. Do not publish real content, process real subscriber data, or treat synthetic engagement metrics as actual audience outcomes.",Playwright + platform UI/API,"media-entertainment,market-platform,synthetic-data,subscriptions_monetization,compatible-schema-change"
Media & Entertainment,Subscriptions and Monetization Mocks,MEDX-SUBSCRIP-00085,Subscriptions and Monetization Mocks: cancel a test subscription and apply mock access rules (compatible schema change),Media & Entertainment: cancel a test subscription and apply mock access rules with compatible schema change,Functional,Medium,"Non-production tenant or isolated local fixture; synthetic records only; Add a nullable field while existing readers and stored versions remain active. Safety boundary: Use synthetic media and non-copyrighted test assets only, with mock licensing, channels, and payment providers. Do not publish real content, process real subscriber data, or treat synthetic engagement metrics as actual audience outcomes.","1. Create a disposable, versioned synthetic fixture: Add a nullable field while existing readers and stored versions remain active. 2. Execute the platform workflow to cancel a test subscription and apply mock access rules. 3. Capture the committed result, resource version, or run status. 4. Compare the result with the source fixture and the declared invariant. 5. Repeat or recover the operation when applicable; verify access, audit evidence, and side effects.","The platform must correctly cancel a test subscription and apply mock access rules; the compatible schema change condition follows the configured contract; valid state is preserved, invalid or unauthorized work is rejected or quarantined without silent loss, retries do not duplicate side effects, lineage and audit evidence remain available, and no production records or credentials are used. Safety boundary: Use synthetic media and non-copyrighted test assets only, with mock licensing, channels, and payment providers. Do not publish real content, process real subscriber data, or treat synthetic engagement metrics as actual audience outcomes.",Playwright + platform UI/API,"media-entertainment,market-platform,synthetic-data,subscriptions_monetization,compatible-schema-change"
Media & Entertainment,Subscriptions and Monetization Mocks,MEDX-SUBSCRIP-00086,Subscriptions and Monetization Mocks: reconcile simulated revenue events with the test ledger (compatible schema change),Media & Entertainment: reconcile simulated revenue events with the test ledger with compatible schema change,Functional,High,"Non-production tenant or isolated local fixture; synthetic records only; Add a nullable field while existing readers and stored versions remain active. Safety boundary: Use synthetic media and non-copyrighted test assets only, with mock licensing, channels, and payment providers. Do not publish real content, process real subscriber data, or treat synthetic engagement metrics as actual audience outcomes.","1. Create a disposable, versioned synthetic fixture: Add a nullable field while existing readers and stored versions remain active. 2. Execute the platform workflow to reconcile simulated revenue events with the test ledger. 3. Capture the committed result, resource version, or run status. 4. Compare the result with the source fixture and the declared invariant. 5. Repeat or recover the operation when applicable; verify access, audit evidence, and side effects.","The platform must correctly reconcile simulated revenue events with the test ledger; the compatible schema change condition follows the configured contract; valid state is preserved, invalid or unauthorized work is rejected or quarantined without silent loss, retries do not duplicate side effects, lineage and audit evidence remain available, and no production records or credentials are used. Safety boundary: Use synthetic media and non-copyrighted test assets only, with mock licensing, channels, and payment providers. Do not publish real content, process real subscriber data, or treat synthetic engagement metrics as actual audience outcomes.",Playwright + platform UI/API,"media-entertainment,market-platform,synthetic-data,subscriptions_monetization,compatible-schema-change"
Media & Entertainment,Subscriptions and Monetization Mocks,MEDX-SUBSCRIP-00087,Subscriptions and Monetization Mocks: handle a provider timeout without asserting settlement (compatible schema change),Media & Entertainment: handle a provider timeout without asserting settlement with compatible schema change,Functional,High,"Non-production tenant or isolated local fixture; synthetic records only; Add a nullable field while existing readers and stored versions remain active. Safety boundary: Use synthetic media and non-copyrighted test assets only, with mock licensing, channels, and payment providers. Do not publish real content, process real subscriber data, or treat synthetic engagement metrics as actual audience outcomes.","1. Create a disposable, versioned synthetic fixture: Add a nullable field while existing readers and stored versions remain active. 2. Execute the platform workflow to handle a provider timeout without asserting settlement. 3. Capture the committed result, resource version, or run status. 4. Compare the result with the source fixture and the declared invariant. 5. Repeat or recover the operation when applicable; verify access, audit evidence, and side effects.","The platform must correctly handle a provider timeout without asserting settlement; the compatible schema change condition follows the configured contract; valid state is preserved, invalid or unauthorized work is rejected or quarantined without silent loss, retries do not duplicate side effects, lineage and audit evidence remain available, and no production records or credentials are used. Safety boundary: Use synthetic media and non-copyrighted test assets only, with mock licensing, channels, and payment providers. Do not publish real content, process real subscriber data, or treat synthetic engagement metrics as actual audience outcomes.",Playwright + platform UI/API,"media-entertainment,market-platform,synthetic-data,subscriptions_monetization,compatible-schema-change"
Media & Entertainment,Subscriptions and Monetization Mocks,MEDX-SUBSCRIP-00088,Subscriptions and Monetization Mocks: restrict subscriber details by assigned role (compatible schema change),Media & Entertainment: restrict subscriber details by assigned role with compatible schema change,Functional,High,"Non-production tenant or isolated local fixture; synthetic records only; Add a nullable field while existing readers and stored versions remain active. Safety boundary: Use synthetic media and non-copyrighted test assets only, with mock licensing, channels, and payment providers. Do not publish real content, process real subscriber data, or treat synthetic engagement metrics as actual audience outcomes.","1. Create a disposable, versioned synthetic fixture: Add a nullable field while existing readers and stored versions remain active. 2. Execute the platform workflow to restrict subscriber details by assigned role. 3. Capture the committed result, resource version, or run status. 4. Compare the result with the source fixture and the declared invariant. 5. Repeat or recover the operation when applicable; verify access, audit evidence, and side effects.","The platform must correctly restrict subscriber details by assigned role; the compatible schema change condition follows the configured contract; valid state is preserved, invalid or unauthorized work is rejected or quarantined without silent loss, retries do not duplicate side effects, lineage and audit evidence remain available, and no production records or credentials are used. Safety boundary: Use synthetic media and non-copyrighted test assets only, with mock licensing, channels, and payment providers. Do not publish real content, process real subscriber data, or treat synthetic engagement metrics as actual audience outcomes.",Playwright + platform UI/API,"media-entertainment,market-platform,synthetic-data,subscriptions_monetization,compatible-schema-change"
Media & Entertainment,Subscriptions and Monetization Mocks,MEDX-SUBSCRIP-00089,Subscriptions and Monetization Mocks: verify entitlement expiration at a timezone boundary (compatible schema change),Media & Entertainment: verify entitlement expiration at a timezone boundary with compatible schema change,Functional,Medium,"Non-production tenant or isolated local fixture; synthetic records only; Add a nullable field while existing readers and stored versions remain active. Safety boundary: Use synthetic media and non-copyrighted test assets only, with mock licensing, channels, and payment providers. Do not publish real content, process real subscriber data, or treat synthetic engagement metrics as actual audience outcomes.","1. Create a disposable, versioned synthetic fixture: Add a nullable field while existing readers and stored versions remain active. 2. Execute the platform workflow to verify entitlement expiration at a timezone boundary. 3. Capture the committed result, resource version, or run status. 4. Compare the result with the source fixture and the declared invariant. 5. Repeat or recover the operation when applicable; verify access, audit evidence, and side effects.","The platform must correctly verify entitlement expiration at a timezone boundary; the compatible schema change condition follows the configured contract; valid state is preserved, invalid or unauthorized work is rejected or quarantined without silent loss, retries do not duplicate side effects, lineage and audit evidence remain available, and no production records or credentials are used. Safety boundary: Use synthetic media and non-copyrighted test assets only, with mock licensing, channels, and payment providers. Do not publish real content, process real subscriber data, or treat synthetic engagement metrics as actual audience outcomes.",Playwright + platform UI/API,"media-entertainment,market-platform,synthetic-data,subscriptions_monetization,compatible-schema-change"
Media & Entertainment,Subscriptions and Monetization Mocks,MEDX-SUBSCRIP-00090,Subscriptions and Monetization Mocks: audit plan and entitlement changes (compatible schema change),Media & Entertainment: audit plan and entitlement changes with compatible schema change,Functional,High,"Non-production tenant or isolated local fixture; synthetic records only; Add a nullable field while existing readers and stored versions remain active. Safety boundary: Use synthetic media and non-copyrighted test assets only, with mock licensing, channels, and payment providers. Do not publish real content, process real subscriber data, or treat synthetic engagement metrics as actual audience outcomes.","1. Create a disposable, versioned synthetic fixture: Add a nullable field while existing readers and stored versions remain active. 2. Execute the platform workflow to audit plan and entitlement changes. 3. Capture the committed result, resource version, or run status. 4. Compare the result with the source fixture and the declared invariant. 5. Repeat or recover the operation when applicable; verify access, audit evidence, and side effects.","The platform must correctly audit plan and entitlement changes; the compatible schema change condition follows the configured contract; valid state is preserved, invalid or unauthorized work is rejected or quarantined without silent loss, retries do not duplicate side effects, lineage and audit evidence remain available, and no production records or credentials are used. Safety boundary: Use synthetic media and non-copyrighted test assets only, with mock licensing, channels, and payment providers. Do not publish real content, process real subscriber data, or treat synthetic engagement metrics as actual audience outcomes.",Playwright + platform UI/API,"media-entertainment,market-platform,synthetic-data,subscriptions_monetization,compatible-schema-change"
Media & Entertainment,Subscriptions and Monetization Mocks,MEDX-SUBSCRIP-00091,Subscriptions and Monetization Mocks: create a synthetic subscription plan with versioned terms (field rename),Media & Entertainment: create a synthetic subscription plan with versioned terms with field rename,Functional,High,"Non-production tenant or isolated local fixture; synthetic records only; Rename a field using the supported migration path and inspect historical reads. Safety boundary: Use synthetic media and non-copyrighted test assets only, with mock licensing, channels, and payment providers. Do not publish real content, process real subscriber data, or treat synthetic engagement metrics as actual audience outcomes.","1. Create a disposable, versioned synthetic fixture: Rename a field using the supported migration path and inspect historical reads. 2. Execute the platform workflow to create a synthetic subscription plan with versioned terms. 3. Capture the committed result, resource version, or run status. 4. Compare the result with the source fixture and the declared invariant. 5. Repeat or recover the operation when applicable; verify access, audit evidence, and side effects.","The platform must correctly create a synthetic subscription plan with versioned terms; the field rename condition follows the configured contract; valid state is preserved, invalid or unauthorized work is rejected or quarantined without silent loss, retries do not duplicate side effects, lineage and audit evidence remain available, and no production records or credentials are used. Safety boundary: Use synthetic media and non-copyrighted test assets only, with mock licensing, channels, and payment providers. Do not publish real content, process real subscriber data, or treat synthetic engagement metrics as actual audience outcomes.",Playwright + platform UI/API,"media-entertainment,market-platform,synthetic-data,subscriptions_monetization,field-rename"
Media & Entertainment,Subscriptions and Monetization Mocks,MEDX-SUBSCRIP-00092,Subscriptions and Monetization Mocks: activate a test subscription through a mock provider (field rename),Media & Entertainment: activate a test subscription through a mock provider with field rename,Functional,High,"Non-production tenant or isolated local fixture; synthetic records only; Rename a field using the supported migration path and inspect historical reads. Safety boundary: Use synthetic media and non-copyrighted test assets only, with mock licensing, channels, and payment providers. Do not publish real content, process real subscriber data, or treat synthetic engagement metrics as actual audience outcomes.","1. Create a disposable, versioned synthetic fixture: Rename a field using the supported migration path and inspect historical reads. 2. Execute the platform workflow to activate a test subscription through a mock provider. 3. Capture the committed result, resource version, or run status. 4. Compare the result with the source fixture and the declared invariant. 5. Repeat or recover the operation when applicable; verify access, audit evidence, and side effects.","The platform must correctly activate a test subscription through a mock provider; the field rename condition follows the configured contract; valid state is preserved, invalid or unauthorized work is rejected or quarantined without silent loss, retries do not duplicate side effects, lineage and audit evidence remain available, and no production records or credentials are used. Safety boundary: Use synthetic media and non-copyrighted test assets only, with mock licensing, channels, and payment providers. Do not publish real content, process real subscriber data, or treat synthetic engagement metrics as actual audience outcomes.",Playwright + platform UI/API,"media-entertainment,market-platform,synthetic-data,subscriptions_monetization,field-rename"
Media & Entertainment,Subscriptions and Monetization Mocks,MEDX-SUBSCRIP-00093,Subscriptions and Monetization Mocks: apply a promotion only within its configured date window (field rename),Media & Entertainment: apply a promotion only within its configured date window with field rename,Functional,Medium,"Non-production tenant or isolated local fixture; synthetic records only; Rename a field using the supported migration path and inspect historical reads. Safety boundary: Use synthetic media and non-copyrighted test assets only, with mock licensing, channels, and payment providers. Do not publish real content, process real subscriber data, or treat synthetic engagement metrics as actual audience outcomes.","1. Create a disposable, versioned synthetic fixture: Rename a field using the supported migration path and inspect historical reads. 2. Execute the platform workflow to apply a promotion only within its configured date window. 3. Capture the committed result, resource version, or run status. 4. Compare the result with the source fixture and the declared invariant. 5. Repeat or recover the operation when applicable; verify access, audit evidence, and side effects.","The platform must correctly apply a promotion only within its configured date window; the field rename condition follows the configured contract; valid state is preserved, invalid or unauthorized work is rejected or quarantined without silent loss, retries do not duplicate side effects, lineage and audit evidence remain available, and no production records or credentials are used. Safety boundary: Use synthetic media and non-copyrighted test assets only, with mock licensing, channels, and payment providers. Do not publish real content, process real subscriber data, or treat synthetic engagement metrics as actual audience outcomes.",Playwright + platform UI/API,"media-entertainment,market-platform,synthetic-data,subscriptions_monetization,field-rename"
Media & Entertainment,Subscriptions and Monetization Mocks,MEDX-SUBSCRIP-00094,Subscriptions and Monetization Mocks: prevent duplicate entitlement grant after payment retry (field rename),Media & Entertainment: prevent duplicate entitlement grant after payment retry with field rename,Functional,High,"Non-production tenant or isolated local fixture; synthetic records only; Rename a field using the supported migration path and inspect historical reads. Safety boundary: Use synthetic media and non-copyrighted test assets only, with mock licensing, channels, and payment providers. Do not publish real content, process real subscriber data, or treat synthetic engagement metrics as actual audience outcomes.","1. Create a disposable, versioned synthetic fixture: Rename a field using the supported migration path and inspect historical reads. 2. Execute the platform workflow to prevent duplicate entitlement grant after payment retry. 3. Capture the committed result, resource version, or run status. 4. Compare the result with the source fixture and the declared invariant. 5. Repeat or recover the operation when applicable; verify access, audit evidence, and side effects.","The platform must correctly prevent duplicate entitlement grant after payment retry; the field rename condition follows the configured contract; valid state is preserved, invalid or unauthorized work is rejected or quarantined without silent loss, retries do not duplicate side effects, lineage and audit evidence remain available, and no production records or credentials are used. Safety boundary: Use synthetic media and non-copyrighted test assets only, with mock licensing, channels, and payment providers. Do not publish real content, process real subscriber data, or treat synthetic engagement metrics as actual audience outcomes.",Playwright + platform UI/API,"media-entertainment,market-platform,synthetic-data,subscriptions_monetization,field-rename"
Media & Entertainment,Subscriptions and Monetization Mocks,MEDX-SUBSCRIP-00095,Subscriptions and Monetization Mocks: cancel a test subscription and apply mock access rules (field rename),Media & Entertainment: cancel a test subscription and apply mock access rules with field rename,Functional,High,"Non-production tenant or isolated local fixture; synthetic records only; Rename a field using the supported migration path and inspect historical reads. Safety boundary: Use synthetic media and non-copyrighted test assets only, with mock licensing, channels, and payment providers. Do not publish real content, process real subscriber data, or treat synthetic engagement metrics as actual audience outcomes.","1. Create a disposable, versioned synthetic fixture: Rename a field using the supported migration path and inspect historical reads. 2. Execute the platform workflow to cancel a test subscription and apply mock access rules. 3. Capture the committed result, resource version, or run status. 4. Compare the result with the source fixture and the declared invariant. 5. Repeat or recover the operation when applicable; verify access, audit evidence, and side effects.","The platform must correctly cancel a test subscription and apply mock access rules; the field rename condition follows the configured contract; valid state is preserved, invalid or unauthorized work is rejected or quarantined without silent loss, retries do not duplicate side effects, lineage and audit evidence remain available, and no production records or credentials are used. Safety boundary: Use synthetic media and non-copyrighted test assets only, with mock licensing, channels, and payment providers. Do not publish real content, process real subscriber data, or treat synthetic engagement metrics as actual audience outcomes.",Playwright + platform UI/API,"media-entertainment,market-platform,synthetic-data,subscriptions_monetization,field-rename"
Media & Entertainment,Subscriptions and Monetization Mocks,MEDX-SUBSCRIP-00096,Subscriptions and Monetization Mocks: reconcile simulated revenue events with the test ledger (field rename),Media & Entertainment: reconcile simulated revenue events with the test ledger with field rename,Functional,High,"Non-production tenant or isolated local fixture; synthetic records only; Rename a field using the supported migration path and inspect historical reads. Safety boundary: Use synthetic media and non-copyrighted test assets only, with mock licensing, channels, and payment providers. Do not publish real content, process real subscriber data, or treat synthetic engagement metrics as actual audience outcomes.","1. Create a disposable, versioned synthetic fixture: Rename a field using the supported migration path and inspect historical reads. 2. Execute the platform workflow to reconcile simulated revenue events with the test ledger. 3. Capture the committed result, resource version, or run status. 4. Compare the result with the source fixture and the declared invariant. 5. Repeat or recover the operation when applicable; verify access, audit evidence, and side effects.","The platform must correctly reconcile simulated revenue events with the test ledger; the field rename condition follows the configured contract; valid state is preserved, invalid or unauthorized work is rejected or quarantined without silent loss, retries do not duplicate side effects, lineage and audit evidence remain available, and no production records or credentials are used. Safety boundary: Use synthetic media and non-copyrighted test assets only, with mock licensing, channels, and payment providers. Do not publish real content, process real subscriber data, or treat synthetic engagement metrics as actual audience outcomes.",Playwright + platform UI/API,"media-entertainment,market-platform,synthetic-data,subscriptions_monetization,field-rename"
Media & Entertainment,Subscriptions and Monetization Mocks,MEDX-SUBSCRIP-00097,Subscriptions and Monetization Mocks: handle a provider timeout without asserting settlement (field rename),Media & Entertainment: handle a provider timeout without asserting settlement with field rename,Functional,Medium,"Non-production tenant or isolated local fixture; synthetic records only; Rename a field using the supported migration path and inspect historical reads. Safety boundary: Use synthetic media and non-copyrighted test assets only, with mock licensing, channels, and payment providers. Do not publish real content, process real subscriber data, or treat synthetic engagement metrics as actual audience outcomes.","1. Create a disposable, versioned synthetic fixture: Rename a field using the supported migration path and inspect historical reads. 2. Execute the platform workflow to handle a provider timeout without asserting settlement. 3. Capture the committed result, resource version, or run status. 4. Compare the result with the source fixture and the declared invariant. 5. Repeat or recover the operation when applicable; verify access, audit evidence, and side effects.","The platform must correctly handle a provider timeout without asserting settlement; the field rename condition follows the configured contract; valid state is preserved, invalid or unauthorized work is rejected or quarantined without silent loss, retries do not duplicate side effects, lineage and audit evidence remain available, and no production records or credentials are used. Safety boundary: Use synthetic media and non-copyrighted test assets only, with mock licensing, channels, and payment providers. Do not publish real content, process real subscriber data, or treat synthetic engagement metrics as actual audience outcomes.",Playwright + platform UI/API,"media-entertainment,market-platform,synthetic-data,subscriptions_monetization,field-rename"
Media & Entertainment,Subscriptions and Monetization Mocks,MEDX-SUBSCRIP-00098,Subscriptions and Monetization Mocks: restrict subscriber details by assigned role (field rename),Media & Entertainment: restrict subscriber details by assigned role with field rename,Functional,High,"Non-production tenant or isolated local fixture; synthetic records only; Rename a field using the supported migration path and inspect historical reads. Safety boundary: Use synthetic media and non-copyrighted test assets only, with mock licensing, channels, and payment providers. Do not publish real content, process real subscriber data, or treat synthetic engagement metrics as actual audience outcomes.","1. Create a disposable, versioned synthetic fixture: Rename a field using the supported migration path and inspect historical reads. 2. Execute the platform workflow to restrict subscriber details by assigned role. 3. Capture the committed result, resource version, or run status. 4. Compare the result with the source fixture and the declared invariant. 5. Repeat or recover the operation when applicable; verify access, audit evidence, and side effects.","The platform must correctly restrict subscriber details by assigned role; the field rename condition follows the configured contract; valid state is preserved, invalid or unauthorized work is rejected or quarantined without silent loss, retries do not duplicate side effects, lineage and audit evidence remain available, and no production records or credentials are used. Safety boundary: Use synthetic media and non-copyrighted test assets only, with mock licensing, channels, and payment providers. Do not publish real content, process real subscriber data, or treat synthetic engagement metrics as actual audience outcomes.",Playwright + platform UI/API,"media-entertainment,market-platform,synthetic-data,subscriptions_monetization,field-rename"
Media & Entertainment,Subscriptions and Monetization Mocks,MEDX-SUBSCRIP-00099,Subscriptions and Monetization Mocks: verify entitlement expiration at a timezone boundary (field rename),Media & Entertainment: verify entitlement expiration at a timezone boundary with field rename,Functional,High,"Non-production tenant or isolated local fixture; synthetic records only; Rename a field using the supported migration path and inspect historical reads. Safety boundary: Use synthetic media and non-copyrighted test assets only, with mock licensing, channels, and payment providers. Do not publish real content, process real subscriber data, or treat synthetic engagement metrics as actual audience outcomes.","1. Create a disposable, versioned synthetic fixture: Rename a field using the supported migration path and inspect historical reads. 2. Execute the platform workflow to verify entitlement expiration at a timezone boundary. 3. Capture the committed result, resource version, or run status. 4. Compare the result with the source fixture and the declared invariant. 5. Repeat or recover the operation when applicable; verify access, audit evidence, and side effects.","The platform must correctly verify entitlement expiration at a timezone boundary; the field rename condition follows the configured contract; valid state is preserved, invalid or unauthorized work is rejected or quarantined without silent loss, retries do not duplicate side effects, lineage and audit evidence remain available, and no production records or credentials are used. Safety boundary: Use synthetic media and non-copyrighted test assets only, with mock licensing, channels, and payment providers. Do not publish real content, process real subscriber data, or treat synthetic engagement metrics as actual audience outcomes.",Playwright + platform UI/API,"media-entertainment,market-platform,synthetic-data,subscriptions_monetization,field-rename"
Media & Entertainment,Subscriptions and Monetization Mocks,MEDX-SUBSCRIP-00100,Subscriptions and Monetization Mocks: audit plan and entitlement changes (field rename),Media & Entertainment: audit plan and entitlement changes with field rename,Functional,High,"Non-production tenant or isolated local fixture; synthetic records only; Rename a field using the supported migration path and inspect historical reads. Safety boundary: Use synthetic media and non-copyrighted test assets only, with mock licensing, channels, and payment providers. Do not publish real content, process real subscriber data, or treat synthetic engagement metrics as actual audience outcomes.","1. Create a disposable, versioned synthetic fixture: Rename a field using the supported migration path and inspect historical reads. 2. Execute the platform workflow to audit plan and entitlement changes. 3. Capture the committed result, resource version, or run status. 4. Compare the result with the source fixture and the declared invariant. 5. Repeat or recover the operation when applicable; verify access, audit evidence, and side effects.","The platform must correctly audit plan and entitlement changes; the field rename condition follows the configured contract; valid state is preserved, invalid or unauthorized work is rejected or quarantined without silent loss, retries do not duplicate side effects, lineage and audit evidence remain available, and no production records or credentials are used. Safety boundary: Use synthetic media and non-copyrighted test assets only, with mock licensing, channels, and payment providers. Do not publish real content, process real subscriber data, or treat synthetic engagement metrics as actual audience outcomes.",Playwright + platform UI/API,"media-entertainment,market-platform,synthetic-data,subscriptions_monetization,field-rename"
Media & Entertainment,Subscriptions and Monetization Mocks,MEDX-SUBSCRIP-00101,Subscriptions and Monetization Mocks: create a synthetic subscription plan with versioned terms (worker restart),Media & Entertainment: create a synthetic subscription plan with versioned terms with worker restart,Resilience,Medium,"Non-production tenant or isolated local fixture; synthetic records only; Restart a worker after processing input but before final checkpoint or commit. Safety boundary: Use synthetic media and non-copyrighted test assets only, with mock licensing, channels, and payment providers. Do not publish real content, process real subscriber data, or treat synthetic engagement metrics as actual audience outcomes.","1. Create a disposable, versioned synthetic fixture: Restart a worker after processing input but before final checkpoint or commit. 2. Execute the platform workflow to create a synthetic subscription plan with versioned terms. 3. Capture the committed result, resource version, or run status. 4. Compare the result with the source fixture and the declared invariant. 5. Repeat or recover the operation when applicable; verify access, audit evidence, and side effects.","The platform must correctly create a synthetic subscription plan with versioned terms; the worker restart condition follows the configured contract; valid state is preserved, invalid or unauthorized work is rejected or quarantined without silent loss, retries do not duplicate side effects, lineage and audit evidence remain available, and no production records or credentials are used. Safety boundary: Use synthetic media and non-copyrighted test assets only, with mock licensing, channels, and payment providers. Do not publish real content, process real subscriber data, or treat synthetic engagement metrics as actual audience outcomes.",Playwright + platform UI/API,"media-entertainment,market-platform,synthetic-data,subscriptions_monetization,worker-restart"
Media & Entertainment,Subscriptions and Monetization Mocks,MEDX-SUBSCRIP-00102,Subscriptions and Monetization Mocks: activate a test subscription through a mock provider (worker restart),Media & Entertainment: activate a test subscription through a mock provider with worker restart,Resilience,High,"Non-production tenant or isolated local fixture; synthetic records only; Restart a worker after processing input but before final checkpoint or commit. Safety boundary: Use synthetic media and non-copyrighted test assets only, with mock licensing, channels, and payment providers. Do not publish real content, process real subscriber data, or treat synthetic engagement metrics as actual audience outcomes.","1. Create a disposable, versioned synthetic fixture: Restart a worker after processing input but before final checkpoint or commit. 2. Execute the platform workflow to activate a test subscription through a mock provider. 3. Capture the committed result, resource version, or run status. 4. Compare the result with the source fixture and the declared invariant. 5. Repeat or recover the operation when applicable; verify access, audit evidence, and side effects.","The platform must correctly activate a test subscription through a mock provider; the worker restart condition follows the configured contract; valid state is preserved, invalid or unauthorized work is rejected or quarantined without silent loss, retries do not duplicate side effects, lineage and audit evidence remain available, and no production records or credentials are used. Safety boundary: Use synthetic media and non-copyrighted test assets only, with mock licensing, channels, and payment providers. Do not publish real content, process real subscriber data, or treat synthetic engagement metrics as actual audience outcomes.",Playwright + platform UI/API,"media-entertainment,market-platform,synthetic-data,subscriptions_monetization,worker-restart"
Media & Entertainment,Subscriptions and Monetization Mocks,MEDX-SUBSCRIP-00103,Subscriptions and Monetization Mocks: apply a promotion only within its configured date window (worker restart),Media & Entertainment: apply a promotion only within its configured date window with worker restart,Resilience,High,"Non-production tenant or isolated local fixture; synthetic records only; Restart a worker after processing input but before final checkpoint or commit. Safety boundary: Use synthetic media and non-copyrighted test assets only, with mock licensing, channels, and payment providers. Do not publish real content, process real subscriber data, or treat synthetic engagement metrics as actual audience outcomes.","1. Create a disposable, versioned synthetic fixture: Restart a worker after processing input but before final checkpoint or commit. 2. Execute the platform workflow to apply a promotion only within its configured date window. 3. Capture the committed result, resource version, or run status. 4. Compare the result with the source fixture and the declared invariant. 5. Repeat or recover the operation when applicable; verify access, audit evidence, and side effects.","The platform must correctly apply a promotion only within its configured date window; the worker restart condition follows the configured contract; valid state is preserved, invalid or unauthorized work is rejected or quarantined without silent loss, retries do not duplicate side effects, lineage and audit evidence remain available, and no production records or credentials are used. Safety boundary: Use synthetic media and non-copyrighted test assets only, with mock licensing, channels, and payment providers. Do not publish real content, process real subscriber data, or treat synthetic engagement metrics as actual audience outcomes.",Playwright + platform UI/API,"media-entertainment,market-platform,synthetic-data,subscriptions_monetization,worker-restart"
Media & Entertainment,Subscriptions and Monetization Mocks,MEDX-SUBSCRIP-00104,Subscriptions and Monetization Mocks: prevent duplicate entitlement grant after payment retry (worker restart),Media & Entertainment: prevent duplicate entitlement grant after payment retry with worker restart,Resilience,High,"Non-production tenant or isolated local fixture; synthetic records only; Restart a worker after processing input but before final checkpoint or commit. Safety boundary: Use synthetic media and non-copyrighted test assets only, with mock licensing, channels, and payment providers. Do not publish real content, process real subscriber data, or treat synthetic engagement metrics as actual audience outcomes.","1. Create a disposable, versioned synthetic fixture: Restart a worker after processing input but before final checkpoint or commit. 2. Execute the platform workflow to prevent duplicate entitlement grant after payment retry. 3. Capture the committed result, resource version, or run status. 4. Compare the result with the source fixture and the declared invariant. 5. Repeat or recover the operation when applicable; verify access, audit evidence, and side effects.","The platform must correctly prevent duplicate entitlement grant after payment retry; the worker restart condition follows the configured contract; valid state is preserved, invalid or unauthorized work is rejected or quarantined without silent loss, retries do not duplicate side effects, lineage and audit evidence remain available, and no production records or credentials are used. Safety boundary: Use synthetic media and non-copyrighted test assets only, with mock licensing, channels, and payment providers. Do not publish real content, process real subscriber data, or treat synthetic engagement metrics as actual audience outcomes.",Playwright + platform UI/API,"media-entertainment,market-platform,synthetic-data,subscriptions_monetization,worker-restart"
Media & Entertainment,Subscriptions and Monetization Mocks,MEDX-SUBSCRIP-00105,Subscriptions and Monetization Mocks: cancel a test subscription and apply mock access rules (worker restart),Media & Entertainment: cancel a test subscription and apply mock access rules with worker restart,Resilience,Medium,"Non-production tenant or isolated local fixture; synthetic records only; Restart a worker after processing input but before final checkpoint or commit. Safety boundary: Use synthetic media and non-copyrighted test assets only, with mock licensing, channels, and payment providers. Do not publish real content, process real subscriber data, or treat synthetic engagement metrics as actual audience outcomes.","1. Create a disposable, versioned synthetic fixture: Restart a worker after processing input but before final checkpoint or commit. 2. Execute the platform workflow to cancel a test subscription and apply mock access rules. 3. Capture the committed result, resource version, or run status. 4. Compare the result with the source fixture and the declared invariant. 5. Repeat or recover the operation when applicable; verify access, audit evidence, and side effects.","The platform must correctly cancel a test subscription and apply mock access rules; the worker restart condition follows the configured contract; valid state is preserved, invalid or unauthorized work is rejected or quarantined without silent loss, retries do not duplicate side effects, lineage and audit evidence remain available, and no production records or credentials are used. Safety boundary: Use synthetic media and non-copyrighted test assets only, with mock licensing, channels, and payment providers. Do not publish real content, process real subscriber data, or treat synthetic engagement metrics as actual audience outcomes.",Playwright + platform UI/API,"media-entertainment,market-platform,synthetic-data,subscriptions_monetization,worker-restart"
Media & Entertainment,Subscriptions and Monetization Mocks,MEDX-SUBSCRIP-00106,Subscriptions and Monetization Mocks: reconcile simulated revenue events with the test ledger (worker restart),Media & Entertainment: reconcile simulated revenue events with the test ledger with worker restart,Resilience,High,"Non-production tenant or isolated local fixture; synthetic records only; Restart a worker after processing input but before final checkpoint or commit. Safety boundary: Use synthetic media and non-copyrighted test assets only, with mock licensing, channels, and payment providers. Do not publish real content, process real subscriber data, or treat synthetic engagement metrics as actual audience outcomes.","1. Create a disposable, versioned synthetic fixture: Restart a worker after processing input but before final checkpoint or commit. 2. Execute the platform workflow to reconcile simulated revenue events with the test ledger. 3. Capture the committed result, resource version, or run status. 4. Compare the result with the source fixture and the declared invariant. 5. Repeat or recover the operation when applicable; verify access, audit evidence, and side effects.","The platform must correctly reconcile simulated revenue events with the test ledger; the worker restart condition follows the configured contract; valid state is preserved, invalid or unauthorized work is rejected or quarantined without silent loss, retries do not duplicate side effects, lineage and audit evidence remain available, and no production records or credentials are used. Safety boundary: Use synthetic media and non-copyrighted test assets only, with mock licensing, channels, and payment providers. Do not publish real content, process real subscriber data, or treat synthetic engagement metrics as actual audience outcomes.",Playwright + platform UI/API,"media-entertainment,market-platform,synthetic-data,subscriptions_monetization,worker-restart"
Media & Entertainment,Subscriptions and Monetization Mocks,MEDX-SUBSCRIP-00107,Subscriptions and Monetization Mocks: handle a provider timeout without asserting settlement (worker restart),Media & Entertainment: handle a provider timeout without asserting settlement with worker restart,Resilience,High,"Non-production tenant or isolated local fixture; synthetic records only; Restart a worker after processing input but before final checkpoint or commit. Safety boundary: Use synthetic media and non-copyrighted test assets only, with mock licensing, channels, and payment providers. Do not publish real content, process real subscriber data, or treat synthetic engagement metrics as actual audience outcomes.","1. Create a disposable, versioned synthetic fixture: Restart a worker after processing input but before final checkpoint or commit. 2. Execute the platform workflow to handle a provider timeout without asserting settlement. 3. Capture the committed result, resource version, or run status. 4. Compare the result with the source fixture and the declared invariant. 5. Repeat or recover the operation when applicable; verify access, audit evidence, and side effects.","The platform must correctly handle a provider timeout without asserting settlement; the worker restart condition follows the configured contract; valid state is preserved, invalid or unauthorized work is rejected or quarantined without silent loss, retries do not duplicate side effects, lineage and audit evidence remain available, and no production records or credentials are used. Safety boundary: Use synthetic media and non-copyrighted test assets only, with mock licensing, channels, and payment providers. Do not publish real content, process real subscriber data, or treat synthetic engagement metrics as actual audience outcomes.",Playwright + platform UI/API,"media-entertainment,market-platform,synthetic-data,subscriptions_monetization,worker-restart"
Media & Entertainment,Subscriptions and Monetization Mocks,MEDX-SUBSCRIP-00108,Subscriptions and Monetization Mocks: restrict subscriber details by assigned role (worker restart),Media & Entertainment: restrict subscriber details by assigned role with worker restart,Resilience,High,"Non-production tenant or isolated local fixture; synthetic records only; Restart a worker after processing input but before final checkpoint or commit. Safety boundary: Use synthetic media and non-copyrighted test assets only, with mock licensing, channels, and payment providers. Do not publish real content, process real subscriber data, or treat synthetic engagement metrics as actual audience outcomes.","1. Create a disposable, versioned synthetic fixture: Restart a worker after processing input but before final checkpoint or commit. 2. Execute the platform workflow to restrict subscriber details by assigned role. 3. Capture the committed result, resource version, or run status. 4. Compare the result with the source fixture and the declared invariant. 5. Repeat or recover the operation when applicable; verify access, audit evidence, and side effects.","The platform must correctly restrict subscriber details by assigned role; the worker restart condition follows the configured contract; valid state is preserved, invalid or unauthorized work is rejected or quarantined without silent loss, retries do not duplicate side effects, lineage and audit evidence remain available, and no production records or credentials are used. Safety boundary: Use synthetic media and non-copyrighted test assets only, with mock licensing, channels, and payment providers. Do not publish real content, process real subscriber data, or treat synthetic engagement metrics as actual audience outcomes.",Playwright + platform UI/API,"media-entertainment,market-platform,synthetic-data,subscriptions_monetization,worker-restart"
Media & Entertainment,Subscriptions and Monetization Mocks,MEDX-SUBSCRIP-00109,Subscriptions and Monetization Mocks: verify entitlement expiration at a timezone boundary (worker restart),Media & Entertainment: verify entitlement expiration at a timezone boundary with worker restart,Resilience,Medium,"Non-production tenant or isolated local fixture; synthetic records only; Restart a worker after processing input but before final checkpoint or commit. Safety boundary: Use synthetic media and non-copyrighted test assets only, with mock licensing, channels, and payment providers. Do not publish real content, process real subscriber data, or treat synthetic engagement metrics as actual audience outcomes.","1. Create a disposable, versioned synthetic fixture: Restart a worker after processing input but before final checkpoint or commit. 2. Execute the platform workflow to verify entitlement expiration at a timezone boundary. 3. Capture the committed result, resource version, or run status. 4. Compare the result with the source fixture and the declared invariant. 5. Repeat or recover the operation when applicable; verify access, audit evidence, and side effects.","The platform must correctly verify entitlement expiration at a timezone boundary; the worker restart condition follows the configured contract; valid state is preserved, invalid or unauthorized work is rejected or quarantined without silent loss, retries do not duplicate side effects, lineage and audit evidence remain available, and no production records or credentials are used. Safety boundary: Use synthetic media and non-copyrighted test assets only, with mock licensing, channels, and payment providers. Do not publish real content, process real subscriber data, or treat synthetic engagement metrics as actual audience outcomes.",Playwright + platform UI/API,"media-entertainment,market-platform,synthetic-data,subscriptions_monetization,worker-restart"
Media & Entertainment,Subscriptions and Monetization Mocks,MEDX-SUBSCRIP-00110,Subscriptions and Monetization Mocks: audit plan and entitlement changes (worker restart),Media & Entertainment: audit plan and entitlement changes with worker restart,Resilience,High,"Non-production tenant or isolated local fixture; synthetic records only; Restart a worker after processing input but before final checkpoint or commit. Safety boundary: Use synthetic media and non-copyrighted test assets only, with mock licensing, channels, and payment providers. Do not publish real content, process real subscriber data, or treat synthetic engagement metrics as actual audience outcomes.","1. Create a disposable, versioned synthetic fixture: Restart a worker after processing input but before final checkpoint or commit. 2. Execute the platform workflow to audit plan and entitlement changes. 3. Capture the committed result, resource version, or run status. 4. Compare the result with the source fixture and the declared invariant. 5. Repeat or recover the operation when applicable; verify access, audit evidence, and side effects.","The platform must correctly audit plan and entitlement changes; the worker restart condition follows the configured contract; valid state is preserved, invalid or unauthorized work is rejected or quarantined without silent loss, retries do not duplicate side effects, lineage and audit evidence remain available, and no production records or credentials are used. Safety boundary: Use synthetic media and non-copyrighted test assets only, with mock licensing, channels, and payment providers. Do not publish real content, process real subscriber data, or treat synthetic engagement metrics as actual audience outcomes.",Playwright + platform UI/API,"media-entertainment,market-platform,synthetic-data,subscriptions_monetization,worker-restart"
Media & Entertainment,Subscriptions and Monetization Mocks,MEDX-SUBSCRIP-00111,Subscriptions and Monetization Mocks: create a synthetic subscription plan with versioned terms (least privilege),Media & Entertainment: create a synthetic subscription plan with versioned terms with least privilege,Security,Critical,"Non-production tenant or isolated local fixture; synthetic records only; Compare the authorized role with a role missing the required grant. Safety boundary: Use synthetic media and non-copyrighted test assets only, with mock licensing, channels, and payment providers. Do not publish real content, process real subscriber data, or treat synthetic engagement metrics as actual audience outcomes.","1. Create a disposable, versioned synthetic fixture: Compare the authorized role with a role missing the required grant. 2. Execute the platform workflow to create a synthetic subscription plan with versioned terms. 3. Capture the committed result, resource version, or run status. 4. Compare the result with the source fixture and the declared invariant. 5. Repeat or recover the operation when applicable; verify access, audit evidence, and side effects.","The platform must correctly create a synthetic subscription plan with versioned terms; the least privilege condition follows the configured contract; valid state is preserved, invalid or unauthorized work is rejected or quarantined without silent loss, retries do not duplicate side effects, lineage and audit evidence remain available, and no production records or credentials are used. Safety boundary: Use synthetic media and non-copyrighted test assets only, with mock licensing, channels, and payment providers. Do not publish real content, process real subscriber data, or treat synthetic engagement metrics as actual audience outcomes.",Playwright + platform UI/API,"media-entertainment,market-platform,synthetic-data,subscriptions_monetization,least-privilege"
Media & Entertainment,Subscriptions and Monetization Mocks,MEDX-SUBSCRIP-00112,Subscriptions and Monetization Mocks: activate a test subscription through a mock provider (least privilege),Media & Entertainment: activate a test subscription through a mock provider with least privilege,Security,Critical,"Non-production tenant or isolated local fixture; synthetic records only; Compare the authorized role with a role missing the required grant. Safety boundary: Use synthetic media and non-copyrighted test assets only, with mock licensing, channels, and payment providers. Do not publish real content, process real subscriber data, or treat synthetic engagement metrics as actual audience outcomes.","1. Create a disposable, versioned synthetic fixture: Compare the authorized role with a role missing the required grant. 2. Execute the platform workflow to activate a test subscription through a mock provider. 3. Capture the committed result, resource version, or run status. 4. Compare the result with the source fixture and the declared invariant. 5. Repeat or recover the operation when applicable; verify access, audit evidence, and side effects.","The platform must correctly activate a test subscription through a mock provider; the least privilege condition follows the configured contract; valid state is preserved, invalid or unauthorized work is rejected or quarantined without silent loss, retries do not duplicate side effects, lineage and audit evidence remain available, and no production records or credentials are used. Safety boundary: Use synthetic media and non-copyrighted test assets only, with mock licensing, channels, and payment providers. Do not publish real content, process real subscriber data, or treat synthetic engagement metrics as actual audience outcomes.",Playwright + platform UI/API,"media-entertainment,market-platform,synthetic-data,subscriptions_monetization,least-privilege"
Media & Entertainment,Subscriptions and Monetization Mocks,MEDX-SUBSCRIP-00113,Subscriptions and Monetization Mocks: apply a promotion only within its configured date window (least privilege),Media & Entertainment: apply a promotion only within its configured date window with least privilege,Security,Critical,"Non-production tenant or isolated local fixture; synthetic records only; Compare the authorized role with a role missing the required grant. Safety boundary: Use synthetic media and non-copyrighted test assets only, with mock licensing, channels, and payment providers. Do not publish real content, process real subscriber data, or treat synthetic engagement metrics as actual audience outcomes.","1. Create a disposable, versioned synthetic fixture: Compare the authorized role with a role missing the required grant. 2. Execute the platform workflow to apply a promotion only within its configured date window. 3. Capture the committed result, resource version, or run status. 4. Compare the result with the source fixture and the declared invariant. 5. Repeat or recover the operation when applicable; verify access, audit evidence, and side effects.","The platform must correctly apply a promotion only within its configured date window; the least privilege condition follows the configured contract; valid state is preserved, invalid or unauthorized work is rejected or quarantined without silent loss, retries do not duplicate side effects, lineage and audit evidence remain available, and no production records or credentials are used. Safety boundary: Use synthetic media and non-copyrighted test assets only, with mock licensing, channels, and payment providers. Do not publish real content, process real subscriber data, or treat synthetic engagement metrics as actual audience outcomes.",Playwright + platform UI/API,"media-entertainment,market-platform,synthetic-data,subscriptions_monetization,least-privilege"
Media & Entertainment,Subscriptions and Monetization Mocks,MEDX-SUBSCRIP-00114,Subscriptions and Monetization Mocks: prevent duplicate entitlement grant after payment retry (least privilege),Media & Entertainment: prevent duplicate entitlement grant after payment retry with least privilege,Security,Critical,"Non-production tenant or isolated local fixture; synthetic records only; Compare the authorized role with a role missing the required grant. Safety boundary: Use synthetic media and non-copyrighted test assets only, with mock licensing, channels, and payment providers. Do not publish real content, process real subscriber data, or treat synthetic engagement metrics as actual audience outcomes.","1. Create a disposable, versioned synthetic fixture: Compare the authorized role with a role missing the required grant. 2. Execute the platform workflow to prevent duplicate entitlement grant after payment retry. 3. Capture the committed result, resource version, or run status. 4. Compare the result with the source fixture and the declared invariant. 5. Repeat or recover the operation when applicable; verify access, audit evidence, and side effects.","The platform must correctly prevent duplicate entitlement grant after payment retry; the least privilege condition follows the configured contract; valid state is preserved, invalid or unauthorized work is rejected or quarantined without silent loss, retries do not duplicate side effects, lineage and audit evidence remain available, and no production records or credentials are used. Safety boundary: Use synthetic media and non-copyrighted test assets only, with mock licensing, channels, and payment providers. Do not publish real content, process real subscriber data, or treat synthetic engagement metrics as actual audience outcomes.",Playwright + platform UI/API,"media-entertainment,market-platform,synthetic-data,subscriptions_monetization,least-privilege"
Media & Entertainment,Subscriptions and Monetization Mocks,MEDX-SUBSCRIP-00115,Subscriptions and Monetization Mocks: cancel a test subscription and apply mock access rules (least privilege),Media & Entertainment: cancel a test subscription and apply mock access rules with least privilege,Security,Critical,"Non-production tenant or isolated local fixture; synthetic records only; Compare the authorized role with a role missing the required grant. Safety boundary: Use synthetic media and non-copyrighted test assets only, with mock licensing, channels, and payment providers. Do not publish real content, process real subscriber data, or treat synthetic engagement metrics as actual audience outcomes.","1. Create a disposable, versioned synthetic fixture: Compare the authorized role with a role missing the required grant. 2. Execute the platform workflow to cancel a test subscription and apply mock access rules. 3. Capture the committed result, resource version, or run status. 4. Compare the result with the source fixture and the declared invariant. 5. Repeat or recover the operation when applicable; verify access, audit evidence, and side effects.","The platform must correctly cancel a test subscription and apply mock access rules; the least privilege condition follows the configured contract; valid state is preserved, invalid or unauthorized work is rejected or quarantined without silent loss, retries do not duplicate side effects, lineage and audit evidence remain available, and no production records or credentials are used. Safety boundary: Use synthetic media and non-copyrighted test assets only, with mock licensing, channels, and payment providers. Do not publish real content, process real subscriber data, or treat synthetic engagement metrics as actual audience outcomes.",Playwright + platform UI/API,"media-entertainment,market-platform,synthetic-data,subscriptions_monetization,least-privilege"
Media & Entertainment,Subscriptions and Monetization Mocks,MEDX-SUBSCRIP-00116,Subscriptions and Monetization Mocks: reconcile simulated revenue events with the test ledger (least privilege),Media & Entertainment: reconcile simulated revenue events with the test ledger with least privilege,Security,Critical,"Non-production tenant or isolated local fixture; synthetic records only; Compare the authorized role with a role missing the required grant. Safety boundary: Use synthetic media and non-copyrighted test assets only, with mock licensing, channels, and payment providers. Do not publish real content, process real subscriber data, or treat synthetic engagement metrics as actual audience outcomes.","1. Create a disposable, versioned synthetic fixture: Compare the authorized role with a role missing the required grant. 2. Execute the platform workflow to reconcile simulated revenue events with the test ledger. 3. Capture the committed result, resource version, or run status. 4. Compare the result with the source fixture and the declared invariant. 5. Repeat or recover the operation when applicable; verify access, audit evidence, and side effects.","The platform must correctly reconcile simulated revenue events with the test ledger; the least privilege condition follows the configured contract; valid state is preserved, invalid or unauthorized work is rejected or quarantined without silent loss, retries do not duplicate side effects, lineage and audit evidence remain available, and no production records or credentials are used. Safety boundary: Use synthetic media and non-copyrighted test assets only, with mock licensing, channels, and payment providers. Do not publish real content, process real subscriber data, or treat synthetic engagement metrics as actual audience outcomes.",Playwright + platform UI/API,"media-entertainment,market-platform,synthetic-data,subscriptions_monetization,least-privilege"
Media & Entertainment,Subscriptions and Monetization Mocks,MEDX-SUBSCRIP-00117,Subscriptions and Monetization Mocks: handle a provider timeout without asserting settlement (least privilege),Media & Entertainment: handle a provider timeout without asserting settlement with least privilege,Security,Critical,"Non-production tenant or isolated local fixture; synthetic records only; Compare the authorized role with a role missing the required grant. Safety boundary: Use synthetic media and non-copyrighted test assets only, with mock licensing, channels, and payment providers. Do not publish real content, process real subscriber data, or treat synthetic engagement metrics as actual audience outcomes.","1. Create a disposable, versioned synthetic fixture: Compare the authorized role with a role missing the required grant. 2. Execute the platform workflow to handle a provider timeout without asserting settlement. 3. Capture the committed result, resource version, or run status. 4. Compare the result with the source fixture and the declared invariant. 5. Repeat or recover the operation when applicable; verify access, audit evidence, and side effects.","The platform must correctly handle a provider timeout without asserting settlement; the least privilege condition follows the configured contract; valid state is preserved, invalid or unauthorized work is rejected or quarantined without silent loss, retries do not duplicate side effects, lineage and audit evidence remain available, and no production records or credentials are used. Safety boundary: Use synthetic media and non-copyrighted test assets only, with mock licensing, channels, and payment providers. Do not publish real content, process real subscriber data, or treat synthetic engagement metrics as actual audience outcomes.",Playwright + platform UI/API,"media-entertainment,market-platform,synthetic-data,subscriptions_monetization,least-privilege"
Media & Entertainment,Subscriptions and Monetization Mocks,MEDX-SUBSCRIP-00118,Subscriptions and Monetization Mocks: restrict subscriber details by assigned role (least privilege),Media & Entertainment: restrict subscriber details by assigned role with least privilege,Security,Critical,"Non-production tenant or isolated local fixture; synthetic records only; Compare the authorized role with a role missing the required grant. Safety boundary: Use synthetic media and non-copyrighted test assets only, with mock licensing, channels, and payment providers. Do not publish real content, process real subscriber data, or treat synthetic engagement metrics as actual audience outcomes.","1. Create a disposable, versioned synthetic fixture: Compare the authorized role with a role missing the required grant. 2. Execute the platform workflow to restrict subscriber details by assigned role. 3. Capture the committed result, resource version, or run status. 4. Compare the result with the source fixture and the declared invariant. 5. Repeat or recover the operation when applicable; verify access, audit evidence, and side effects.","The platform must correctly restrict subscriber details by assigned role; the least privilege condition follows the configured contract; valid state is preserved, invalid or unauthorized work is rejected or quarantined without silent loss, retries do not duplicate side effects, lineage and audit evidence remain available, and no production records or credentials are used. Safety boundary: Use synthetic media and non-copyrighted test assets only, with mock licensing, channels, and payment providers. Do not publish real content, process real subscriber data, or treat synthetic engagement metrics as actual audience outcomes.",Playwright + platform UI/API,"media-entertainment,market-platform,synthetic-data,subscriptions_monetization,least-privilege"
Media & Entertainment,Subscriptions and Monetization Mocks,MEDX-SUBSCRIP-00119,Subscriptions and Monetization Mocks: verify entitlement expiration at a timezone boundary (least privilege),Media & Entertainment: verify entitlement expiration at a timezone boundary with least privilege,Security,Critical,"Non-production tenant or isolated local fixture; synthetic records only; Compare the authorized role with a role missing the required grant. Safety boundary: Use synthetic media and non-copyrighted test assets only, with mock licensing, channels, and payment providers. Do not publish real content, process real subscriber data, or treat synthetic engagement metrics as actual audience outcomes.","1. Create a disposable, versioned synthetic fixture: Compare the authorized role with a role missing the required grant. 2. Execute the platform workflow to verify entitlement expiration at a timezone boundary. 3. Capture the committed result, resource version, or run status. 4. Compare the result with the source fixture and the declared invariant. 5. Repeat or recover the operation when applicable; verify access, audit evidence, and side effects.","The platform must correctly verify entitlement expiration at a timezone boundary; the least privilege condition follows the configured contract; valid state is preserved, invalid or unauthorized work is rejected or quarantined without silent loss, retries do not duplicate side effects, lineage and audit evidence remain available, and no production records or credentials are used. Safety boundary: Use synthetic media and non-copyrighted test assets only, with mock licensing, channels, and payment providers. Do not publish real content, process real subscriber data, or treat synthetic engagement metrics as actual audience outcomes.",Playwright + platform UI/API,"media-entertainment,market-platform,synthetic-data,subscriptions_monetization,least-privilege"
Media & Entertainment,Subscriptions and Monetization Mocks,MEDX-SUBSCRIP-00120,Subscriptions and Monetization Mocks: audit plan and entitlement changes (least privilege),Media & Entertainment: audit plan and entitlement changes with least privilege,Security,Critical,"Non-production tenant or isolated local fixture; synthetic records only; Compare the authorized role with a role missing the required grant. Safety boundary: Use synthetic media and non-copyrighted test assets only, with mock licensing, channels, and payment providers. Do not publish real content, process real subscriber data, or treat synthetic engagement metrics as actual audience outcomes.","1. Create a disposable, versioned synthetic fixture: Compare the authorized role with a role missing the required grant. 2. Execute the platform workflow to audit plan and entitlement changes. 3. Capture the committed result, resource version, or run status. 4. Compare the result with the source fixture and the declared invariant. 5. Repeat or recover the operation when applicable; verify access, audit evidence, and side effects.","The platform must correctly audit plan and entitlement changes; the least privilege condition follows the configured contract; valid state is preserved, invalid or unauthorized work is rejected or quarantined without silent loss, retries do not duplicate side effects, lineage and audit evidence remain available, and no production records or credentials are used. Safety boundary: Use synthetic media and non-copyrighted test assets only, with mock licensing, channels, and payment providers. Do not publish real content, process real subscriber data, or treat synthetic engagement metrics as actual audience outcomes.",Playwright + platform UI/API,"media-entertainment,market-platform,synthetic-data,subscriptions_monetization,least-privilege"
Media & Entertainment,Subscriptions and Monetization Mocks,MEDX-SUBSCRIP-00121,Subscriptions and Monetization Mocks: create a synthetic subscription plan with versioned terms (concurrent writers),Media & Entertainment: create a synthetic subscription plan with versioned terms with concurrent writers,Functional,Medium,"Non-production tenant or isolated local fixture; synthetic records only; Run two valid writers against overlapping logical data at the same time. Safety boundary: Use synthetic media and non-copyrighted test assets only, with mock licensing, channels, and payment providers. Do not publish real content, process real subscriber data, or treat synthetic engagement metrics as actual audience outcomes.","1. Create a disposable, versioned synthetic fixture: Run two valid writers against overlapping logical data at the same time. 2. Execute the platform workflow to create a synthetic subscription plan with versioned terms. 3. Capture the committed result, resource version, or run status. 4. Compare the result with the source fixture and the declared invariant. 5. Repeat or recover the operation when applicable; verify access, audit evidence, and side effects.","The platform must correctly create a synthetic subscription plan with versioned terms; the concurrent writers condition follows the configured contract; valid state is preserved, invalid or unauthorized work is rejected or quarantined without silent loss, retries do not duplicate side effects, lineage and audit evidence remain available, and no production records or credentials are used. Safety boundary: Use synthetic media and non-copyrighted test assets only, with mock licensing, channels, and payment providers. Do not publish real content, process real subscriber data, or treat synthetic engagement metrics as actual audience outcomes.",Playwright + platform UI/API,"media-entertainment,market-platform,synthetic-data,subscriptions_monetization,concurrent-writers"
Media & Entertainment,Subscriptions and Monetization Mocks,MEDX-SUBSCRIP-00122,Subscriptions and Monetization Mocks: activate a test subscription through a mock provider (concurrent writers),Media & Entertainment: activate a test subscription through a mock provider with concurrent writers,Functional,High,"Non-production tenant or isolated local fixture; synthetic records only; Run two valid writers against overlapping logical data at the same time. Safety boundary: Use synthetic media and non-copyrighted test assets only, with mock licensing, channels, and payment providers. Do not publish real content, process real subscriber data, or treat synthetic engagement metrics as actual audience outcomes.","1. Create a disposable, versioned synthetic fixture: Run two valid writers against overlapping logical data at the same time. 2. Execute the platform workflow to activate a test subscription through a mock provider. 3. Capture the committed result, resource version, or run status. 4. Compare the result with the source fixture and the declared invariant. 5. Repeat or recover the operation when applicable; verify access, audit evidence, and side effects.","The platform must correctly activate a test subscription through a mock provider; the concurrent writers condition follows the configured contract; valid state is preserved, invalid or unauthorized work is rejected or quarantined without silent loss, retries do not duplicate side effects, lineage and audit evidence remain available, and no production records or credentials are used. Safety boundary: Use synthetic media and non-copyrighted test assets only, with mock licensing, channels, and payment providers. Do not publish real content, process real subscriber data, or treat synthetic engagement metrics as actual audience outcomes.",Playwright + platform UI/API,"media-entertainment,market-platform,synthetic-data,subscriptions_monetization,concurrent-writers"
Media & Entertainment,Subscriptions and Monetization Mocks,MEDX-SUBSCRIP-00123,Subscriptions and Monetization Mocks: apply a promotion only within its configured date window (concurrent writers),Media & Entertainment: apply a promotion only within its configured date window with concurrent writers,Functional,High,"Non-production tenant or isolated local fixture; synthetic records only; Run two valid writers against overlapping logical data at the same time. Safety boundary: Use synthetic media and non-copyrighted test assets only, with mock licensing, channels, and payment providers. Do not publish real content, process real subscriber data, or treat synthetic engagement metrics as actual audience outcomes.","1. Create a disposable, versioned synthetic fixture: Run two valid writers against overlapping logical data at the same time. 2. Execute the platform workflow to apply a promotion only within its configured date window. 3. Capture the committed result, resource version, or run status. 4. Compare the result with the source fixture and the declared invariant. 5. Repeat or recover the operation when applicable; verify access, audit evidence, and side effects.","The platform must correctly apply a promotion only within its configured date window; the concurrent writers condition follows the configured contract; valid state is preserved, invalid or unauthorized work is rejected or quarantined without silent loss, retries do not duplicate side effects, lineage and audit evidence remain available, and no production records or credentials are used. Safety boundary: Use synthetic media and non-copyrighted test assets only, with mock licensing, channels, and payment providers. Do not publish real content, process real subscriber data, or treat synthetic engagement metrics as actual audience outcomes.",Playwright + platform UI/API,"media-entertainment,market-platform,synthetic-data,subscriptions_monetization,concurrent-writers"
Media & Entertainment,Subscriptions and Monetization Mocks,MEDX-SUBSCRIP-00124,Subscriptions and Monetization Mocks: prevent duplicate entitlement grant after payment retry (concurrent writers),Media & Entertainment: prevent duplicate entitlement grant after payment retry with concurrent writers,Functional,High,"Non-production tenant or isolated local fixture; synthetic records only; Run two valid writers against overlapping logical data at the same time. Safety boundary: Use synthetic media and non-copyrighted test assets only, with mock licensing, channels, and payment providers. Do not publish real content, process real subscriber data, or treat synthetic engagement metrics as actual audience outcomes.","1. Create a disposable, versioned synthetic fixture: Run two valid writers against overlapping logical data at the same time. 2. Execute the platform workflow to prevent duplicate entitlement grant after payment retry. 3. Capture the committed result, resource version, or run status. 4. Compare the result with the source fixture and the declared invariant. 5. Repeat or recover the operation when applicable; verify access, audit evidence, and side effects.","The platform must correctly prevent duplicate entitlement grant after payment retry; the concurrent writers condition follows the configured contract; valid state is preserved, invalid or unauthorized work is rejected or quarantined without silent loss, retries do not duplicate side effects, lineage and audit evidence remain available, and no production records or credentials are used. Safety boundary: Use synthetic media and non-copyrighted test assets only, with mock licensing, channels, and payment providers. Do not publish real content, process real subscriber data, or treat synthetic engagement metrics as actual audience outcomes.",Playwright + platform UI/API,"media-entertainment,market-platform,synthetic-data,subscriptions_monetization,concurrent-writers"
Media & Entertainment,Subscriptions and Monetization Mocks,MEDX-SUBSCRIP-00125,Subscriptions and Monetization Mocks: cancel a test subscription and apply mock access rules (concurrent writers),Media & Entertainment: cancel a test subscription and apply mock access rules with concurrent writers,Functional,Medium,"Non-production tenant or isolated local fixture; synthetic records only; Run two valid writers against overlapping logical data at the same time. Safety boundary: Use synthetic media and non-copyrighted test assets only, with mock licensing, channels, and payment providers. Do not publish real content, process real subscriber data, or treat synthetic engagement metrics as actual audience outcomes.","1. Create a disposable, versioned synthetic fixture: Run two valid writers against overlapping logical data at the same time. 2. Execute the platform workflow to cancel a test subscription and apply mock access rules. 3. Capture the committed result, resource version, or run status. 4. Compare the result with the source fixture and the declared invariant. 5. Repeat or recover the operation when applicable; verify access, audit evidence, and side effects.","The platform must correctly cancel a test subscription and apply mock access rules; the concurrent writers condition follows the configured contract; valid state is preserved, invalid or unauthorized work is rejected or quarantined without silent loss, retries do not duplicate side effects, lineage and audit evidence remain available, and no production records or credentials are used. Safety boundary: Use synthetic media and non-copyrighted test assets only, with mock licensing, channels, and payment providers. Do not publish real content, process real subscriber data, or treat synthetic engagement metrics as actual audience outcomes.",Playwright + platform UI/API,"media-entertainment,market-platform,synthetic-data,subscriptions_monetization,concurrent-writers"
Media & Entertainment,Subscriptions and Monetization Mocks,MEDX-SUBSCRIP-00126,Subscriptions and Monetization Mocks: reconcile simulated revenue events with the test ledger (concurrent writers),Media & Entertainment: reconcile simulated revenue events with the test ledger with concurrent writers,Functional,High,"Non-production tenant or isolated local fixture; synthetic records only; Run two valid writers against overlapping logical data at the same time. Safety boundary: Use synthetic media and non-copyrighted test assets only, with mock licensing, channels, and payment providers. Do not publish real content, process real subscriber data, or treat synthetic engagement metrics as actual audience outcomes.","1. Create a disposable, versioned synthetic fixture: Run two valid writers against overlapping logical data at the same time. 2. Execute the platform workflow to reconcile simulated revenue events with the test ledger. 3. Capture the committed result, resource version, or run status. 4. Compare the result with the source fixture and the declared invariant. 5. Repeat or recover the operation when applicable; verify access, audit evidence, and side effects.","The platform must correctly reconcile simulated revenue events with the test ledger; the concurrent writers condition follows the configured contract; valid state is preserved, invalid or unauthorized work is rejected or quarantined without silent loss, retries do not duplicate side effects, lineage and audit evidence remain available, and no production records or credentials are used. Safety boundary: Use synthetic media and non-copyrighted test assets only, with mock licensing, channels, and payment providers. Do not publish real content, process real subscriber data, or treat synthetic engagement metrics as actual audience outcomes.",Playwright + platform UI/API,"media-entertainment,market-platform,synthetic-data,subscriptions_monetization,concurrent-writers"
Media & Entertainment,Subscriptions and Monetization Mocks,MEDX-SUBSCRIP-00127,Subscriptions and Monetization Mocks: handle a provider timeout without asserting settlement (concurrent writers),Media & Entertainment: handle a provider timeout without asserting settlement with concurrent writers,Functional,High,"Non-production tenant or isolated local fixture; synthetic records only; Run two valid writers against overlapping logical data at the same time. Safety boundary: Use synthetic media and non-copyrighted test assets only, with mock licensing, channels, and payment providers. Do not publish real content, process real subscriber data, or treat synthetic engagement metrics as actual audience outcomes.","1. Create a disposable, versioned synthetic fixture: Run two valid writers against overlapping logical data at the same time. 2. Execute the platform workflow to handle a provider timeout without asserting settlement. 3. Capture the committed result, resource version, or run status. 4. Compare the result with the source fixture and the declared invariant. 5. Repeat or recover the operation when applicable; verify access, audit evidence, and side effects.","The platform must correctly handle a provider timeout without asserting settlement; the concurrent writers condition follows the configured contract; valid state is preserved, invalid or unauthorized work is rejected or quarantined without silent loss, retries do not duplicate side effects, lineage and audit evidence remain available, and no production records or credentials are used. Safety boundary: Use synthetic media and non-copyrighted test assets only, with mock licensing, channels, and payment providers. Do not publish real content, process real subscriber data, or treat synthetic engagement metrics as actual audience outcomes.",Playwright + platform UI/API,"media-entertainment,market-platform,synthetic-data,subscriptions_monetization,concurrent-writers"
Media & Entertainment,Subscriptions and Monetization Mocks,MEDX-SUBSCRIP-00128,Subscriptions and Monetization Mocks: restrict subscriber details by assigned role (concurrent writers),Media & Entertainment: restrict subscriber details by assigned role with concurrent writers,Functional,High,"Non-production tenant or isolated local fixture; synthetic records only; Run two valid writers against overlapping logical data at the same time. Safety boundary: Use synthetic media and non-copyrighted test assets only, with mock licensing, channels, and payment providers. Do not publish real content, process real subscriber data, or treat synthetic engagement metrics as actual audience outcomes.","1. Create a disposable, versioned synthetic fixture: Run two valid writers against overlapping logical data at the same time. 2. Execute the platform workflow to restrict subscriber details by assigned role. 3. Capture the committed result, resource version, or run status. 4. Compare the result with the source fixture and the declared invariant. 5. Repeat or recover the operation when applicable; verify access, audit evidence, and side effects.","The platform must correctly restrict subscriber details by assigned role; the concurrent writers condition follows the configured contract; valid state is preserved, invalid or unauthorized work is rejected or quarantined without silent loss, retries do not duplicate side effects, lineage and audit evidence remain available, and no production records or credentials are used. Safety boundary: Use synthetic media and non-copyrighted test assets only, with mock licensing, channels, and payment providers. Do not publish real content, process real subscriber data, or treat synthetic engagement metrics as actual audience outcomes.",Playwright + platform UI/API,"media-entertainment,market-platform,synthetic-data,subscriptions_monetization,concurrent-writers"
Media & Entertainment,Subscriptions and Monetization Mocks,MEDX-SUBSCRIP-00129,Subscriptions and Monetization Mocks: verify entitlement expiration at a timezone boundary (concurrent writers),Media & Entertainment: verify entitlement expiration at a timezone boundary with concurrent writers,Functional,Medium,"Non-production tenant or isolated local fixture; synthetic records only; Run two valid writers against overlapping logical data at the same time. Safety boundary: Use synthetic media and non-copyrighted test assets only, with mock licensing, channels, and payment providers. Do not publish real content, process real subscriber data, or treat synthetic engagement metrics as actual audience outcomes.","1. Create a disposable, versioned synthetic fixture: Run two valid writers against overlapping logical data at the same time. 2. Execute the platform workflow to verify entitlement expiration at a timezone boundary. 3. Capture the committed result, resource version, or run status. 4. Compare the result with the source fixture and the declared invariant. 5. Repeat or recover the operation when applicable; verify access, audit evidence, and side effects.","The platform must correctly verify entitlement expiration at a timezone boundary; the concurrent writers condition follows the configured contract; valid state is preserved, invalid or unauthorized work is rejected or quarantined without silent loss, retries do not duplicate side effects, lineage and audit evidence remain available, and no production records or credentials are used. Safety boundary: Use synthetic media and non-copyrighted test assets only, with mock licensing, channels, and payment providers. Do not publish real content, process real subscriber data, or treat synthetic engagement metrics as actual audience outcomes.",Playwright + platform UI/API,"media-entertainment,market-platform,synthetic-data,subscriptions_monetization,concurrent-writers"
Media & Entertainment,Subscriptions and Monetization Mocks,MEDX-SUBSCRIP-00130,Subscriptions and Monetization Mocks: audit plan and entitlement changes (concurrent writers),Media & Entertainment: audit plan and entitlement changes with concurrent writers,Functional,High,"Non-production tenant or isolated local fixture; synthetic records only; Run two valid writers against overlapping logical data at the same time. Safety boundary: Use synthetic media and non-copyrighted test assets only, with mock licensing, channels, and payment providers. Do not publish real content, process real subscriber data, or treat synthetic engagement metrics as actual audience outcomes.","1. Create a disposable, versioned synthetic fixture: Run two valid writers against overlapping logical data at the same time. 2. Execute the platform workflow to audit plan and entitlement changes. 3. Capture the committed result, resource version, or run status. 4. Compare the result with the source fixture and the declared invariant. 5. Repeat or recover the operation when applicable; verify access, audit evidence, and side effects.","The platform must correctly audit plan and entitlement changes; the concurrent writers condition follows the configured contract; valid state is preserved, invalid or unauthorized work is rejected or quarantined without silent loss, retries do not duplicate side effects, lineage and audit evidence remain available, and no production records or credentials are used. Safety boundary: Use synthetic media and non-copyrighted test assets only, with mock licensing, channels, and payment providers. Do not publish real content, process real subscriber data, or treat synthetic engagement metrics as actual audience outcomes.",Playwright + platform UI/API,"media-entertainment,market-platform,synthetic-data,subscriptions_monetization,concurrent-writers"
Media & Entertainment,Subscriptions and Monetization Mocks,MEDX-SUBSCRIP-00131,Subscriptions and Monetization Mocks: create a synthetic subscription plan with versioned terms (transient retry),Media & Entertainment: create a synthetic subscription plan with versioned terms with transient retry,Resilience,High,"Non-production tenant or isolated local fixture; synthetic records only; Inject one transient service failure, restore the dependency, and retry. Safety boundary: Use synthetic media and non-copyrighted test assets only, with mock licensing, channels, and payment providers. Do not publish real content, process real subscriber data, or treat synthetic engagement metrics as actual audience outcomes.","1. Create a disposable, versioned synthetic fixture: Inject one transient service failure, restore the dependency, and retry. 2. Execute the platform workflow to create a synthetic subscription plan with versioned terms. 3. Capture the committed result, resource version, or run status. 4. Compare the result with the source fixture and the declared invariant. 5. Repeat or recover the operation when applicable; verify access, audit evidence, and side effects.","The platform must correctly create a synthetic subscription plan with versioned terms; the transient retry condition follows the configured contract; valid state is preserved, invalid or unauthorized work is rejected or quarantined without silent loss, retries do not duplicate side effects, lineage and audit evidence remain available, and no production records or credentials are used. Safety boundary: Use synthetic media and non-copyrighted test assets only, with mock licensing, channels, and payment providers. Do not publish real content, process real subscriber data, or treat synthetic engagement metrics as actual audience outcomes.",Playwright + platform UI/API,"media-entertainment,market-platform,synthetic-data,subscriptions_monetization,transient-retry"
Media & Entertainment,Subscriptions and Monetization Mocks,MEDX-SUBSCRIP-00132,Subscriptions and Monetization Mocks: activate a test subscription through a mock provider (transient retry),Media & Entertainment: activate a test subscription through a mock provider with transient retry,Resilience,High,"Non-production tenant or isolated local fixture; synthetic records only; Inject one transient service failure, restore the dependency, and retry. Safety boundary: Use synthetic media and non-copyrighted test assets only, with mock licensing, channels, and payment providers. Do not publish real content, process real subscriber data, or treat synthetic engagement metrics as actual audience outcomes.","1. Create a disposable, versioned synthetic fixture: Inject one transient service failure, restore the dependency, and retry. 2. Execute the platform workflow to activate a test subscription through a mock provider. 3. Capture the committed result, resource version, or run status. 4. Compare the result with the source fixture and the declared invariant. 5. Repeat or recover the operation when applicable; verify access, audit evidence, and side effects.","The platform must correctly activate a test subscription through a mock provider; the transient retry condition follows the configured contract; valid state is preserved, invalid or unauthorized work is rejected or quarantined without silent loss, retries do not duplicate side effects, lineage and audit evidence remain available, and no production records or credentials are used. Safety boundary: Use synthetic media and non-copyrighted test assets only, with mock licensing, channels, and payment providers. Do not publish real content, process real subscriber data, or treat synthetic engagement metrics as actual audience outcomes.",Playwright + platform UI/API,"media-entertainment,market-platform,synthetic-data,subscriptions_monetization,transient-retry"
Media & Entertainment,Subscriptions and Monetization Mocks,MEDX-SUBSCRIP-00133,Subscriptions and Monetization Mocks: apply a promotion only within its configured date window (transient retry),Media & Entertainment: apply a promotion only within its configured date window with transient retry,Resilience,Medium,"Non-production tenant or isolated local fixture; synthetic records only; Inject one transient service failure, restore the dependency, and retry. Safety boundary: Use synthetic media and non-copyrighted test assets only, with mock licensing, channels, and payment providers. Do not publish real content, process real subscriber data, or treat synthetic engagement metrics as actual audience outcomes.","1. Create a disposable, versioned synthetic fixture: Inject one transient service failure, restore the dependency, and retry. 2. Execute the platform workflow to apply a promotion only within its configured date window. 3. Capture the committed result, resource version, or run status. 4. Compare the result with the source fixture and the declared invariant. 5. Repeat or recover the operation when applicable; verify access, audit evidence, and side effects.","The platform must correctly apply a promotion only within its configured date window; the transient retry condition follows the configured contract; valid state is preserved, invalid or unauthorized work is rejected or quarantined without silent loss, retries do not duplicate side effects, lineage and audit evidence remain available, and no production records or credentials are used. Safety boundary: Use synthetic media and non-copyrighted test assets only, with mock licensing, channels, and payment providers. Do not publish real content, process real subscriber data, or treat synthetic engagement metrics as actual audience outcomes.",Playwright + platform UI/API,"media-entertainment,market-platform,synthetic-data,subscriptions_monetization,transient-retry"
Media & Entertainment,Subscriptions and Monetization Mocks,MEDX-SUBSCRIP-00134,Subscriptions and Monetization Mocks: prevent duplicate entitlement grant after payment retry (transient retry),Media & Entertainment: prevent duplicate entitlement grant after payment retry with transient retry,Resilience,High,"Non-production tenant or isolated local fixture; synthetic records only; Inject one transient service failure, restore the dependency, and retry. Safety boundary: Use synthetic media and non-copyrighted test assets only, with mock licensing, channels, and payment providers. Do not publish real content, process real subscriber data, or treat synthetic engagement metrics as actual audience outcomes.","1. Create a disposable, versioned synthetic fixture: Inject one transient service failure, restore the dependency, and retry. 2. Execute the platform workflow to prevent duplicate entitlement grant after payment retry. 3. Capture the committed result, resource version, or run status. 4. Compare the result with the source fixture and the declared invariant. 5. Repeat or recover the operation when applicable; verify access, audit evidence, and side effects.","The platform must correctly prevent duplicate entitlement grant after payment retry; the transient retry condition follows the configured contract; valid state is preserved, invalid or unauthorized work is rejected or quarantined without silent loss, retries do not duplicate side effects, lineage and audit evidence remain available, and no production records or credentials are used. Safety boundary: Use synthetic media and non-copyrighted test assets only, with mock licensing, channels, and payment providers. Do not publish real content, process real subscriber data, or treat synthetic engagement metrics as actual audience outcomes.",Playwright + platform UI/API,"media-entertainment,market-platform,synthetic-data,subscriptions_monetization,transient-retry"
Media & Entertainment,Subscriptions and Monetization Mocks,MEDX-SUBSCRIP-00135,Subscriptions and Monetization Mocks: cancel a test subscription and apply mock access rules (transient retry),Media & Entertainment: cancel a test subscription and apply mock access rules with transient retry,Resilience,High,"Non-production tenant or isolated local fixture; synthetic records only; Inject one transient service failure, restore the dependency, and retry. Safety boundary: Use synthetic media and non-copyrighted test assets only, with mock licensing, channels, and payment providers. Do not publish real content, process real subscriber data, or treat synthetic engagement metrics as actual audience outcomes.","1. Create a disposable, versioned synthetic fixture: Inject one transient service failure, restore the dependency, and retry. 2. Execute the platform workflow to cancel a test subscription and apply mock access rules. 3. Capture the committed result, resource version, or run status. 4. Compare the result with the source fixture and the declared invariant. 5. Repeat or recover the operation when applicable; verify access, audit evidence, and side effects.","The platform must correctly cancel a test subscription and apply mock access rules; the transient retry condition follows the configured contract; valid state is preserved, invalid or unauthorized work is rejected or quarantined without silent loss, retries do not duplicate side effects, lineage and audit evidence remain available, and no production records or credentials are used. Safety boundary: Use synthetic media and non-copyrighted test assets only, with mock licensing, channels, and payment providers. Do not publish real content, process real subscriber data, or treat synthetic engagement metrics as actual audience outcomes.",Playwright + platform UI/API,"media-entertainment,market-platform,synthetic-data,subscriptions_monetization,transient-retry"
Media & Entertainment,Subscriptions and Monetization Mocks,MEDX-SUBSCRIP-00136,Subscriptions and Monetization Mocks: reconcile simulated revenue events with the test ledger (transient retry),Media & Entertainment: reconcile simulated revenue events with the test ledger with transient retry,Resilience,High,"Non-production tenant or isolated local fixture; synthetic records only; Inject one transient service failure, restore the dependency, and retry. Safety boundary: Use synthetic media and non-copyrighted test assets only, with mock licensing, channels, and payment providers. Do not publish real content, process real subscriber data, or treat synthetic engagement metrics as actual audience outcomes.","1. Create a disposable, versioned synthetic fixture: Inject one transient service failure, restore the dependency, and retry. 2. Execute the platform workflow to reconcile simulated revenue events with the test ledger. 3. Capture the committed result, resource version, or run status. 4. Compare the result with the source fixture and the declared invariant. 5. Repeat or recover the operation when applicable; verify access, audit evidence, and side effects.","The platform must correctly reconcile simulated revenue events with the test ledger; the transient retry condition follows the configured contract; valid state is preserved, invalid or unauthorized work is rejected or quarantined without silent loss, retries do not duplicate side effects, lineage and audit evidence remain available, and no production records or credentials are used. Safety boundary: Use synthetic media and non-copyrighted test assets only, with mock licensing, channels, and payment providers. Do not publish real content, process real subscriber data, or treat synthetic engagement metrics as actual audience outcomes.",Playwright + platform UI/API,"media-entertainment,market-platform,synthetic-data,subscriptions_monetization,transient-retry"
Media & Entertainment,Subscriptions and Monetization Mocks,MEDX-SUBSCRIP-00137,Subscriptions and Monetization Mocks: handle a provider timeout without asserting settlement (transient retry),Media & Entertainment: handle a provider timeout without asserting settlement with transient retry,Resilience,Medium,"Non-production tenant or isolated local fixture; synthetic records only; Inject one transient service failure, restore the dependency, and retry. Safety boundary: Use synthetic media and non-copyrighted test assets only, with mock licensing, channels, and payment providers. Do not publish real content, process real subscriber data, or treat synthetic engagement metrics as actual audience outcomes.","1. Create a disposable, versioned synthetic fixture: Inject one transient service failure, restore the dependency, and retry. 2. Execute the platform workflow to handle a provider timeout without asserting settlement. 3. Capture the committed result, resource version, or run status. 4. Compare the result with the source fixture and the declared invariant. 5. Repeat or recover the operation when applicable; verify access, audit evidence, and side effects.","The platform must correctly handle a provider timeout without asserting settlement; the transient retry condition follows the configured contract; valid state is preserved, invalid or unauthorized work is rejected or quarantined without silent loss, retries do not duplicate side effects, lineage and audit evidence remain available, and no production records or credentials are used. Safety boundary: Use synthetic media and non-copyrighted test assets only, with mock licensing, channels, and payment providers. Do not publish real content, process real subscriber data, or treat synthetic engagement metrics as actual audience outcomes.",Playwright + platform UI/API,"media-entertainment,market-platform,synthetic-data,subscriptions_monetization,transient-retry"
Media & Entertainment,Subscriptions and Monetization Mocks,MEDX-SUBSCRIP-00138,Subscriptions and Monetization Mocks: restrict subscriber details by assigned role (transient retry),Media & Entertainment: restrict subscriber details by assigned role with transient retry,Resilience,High,"Non-production tenant or isolated local fixture; synthetic records only; Inject one transient service failure, restore the dependency, and retry. Safety boundary: Use synthetic media and non-copyrighted test assets only, with mock licensing, channels, and payment providers. Do not publish real content, process real subscriber data, or treat synthetic engagement metrics as actual audience outcomes.","1. Create a disposable, versioned synthetic fixture: Inject one transient service failure, restore the dependency, and retry. 2. Execute the platform workflow to restrict subscriber details by assigned role. 3. Capture the committed result, resource version, or run status. 4. Compare the result with the source fixture and the declared invariant. 5. Repeat or recover the operation when applicable; verify access, audit evidence, and side effects.","The platform must correctly restrict subscriber details by assigned role; the transient retry condition follows the configured contract; valid state is preserved, invalid or unauthorized work is rejected or quarantined without silent loss, retries do not duplicate side effects, lineage and audit evidence remain available, and no production records or credentials are used. Safety boundary: Use synthetic media and non-copyrighted test assets only, with mock licensing, channels, and payment providers. Do not publish real content, process real subscriber data, or treat synthetic engagement metrics as actual audience outcomes.",Playwright + platform UI/API,"media-entertainment,market-platform,synthetic-data,subscriptions_monetization,transient-retry"
Media & Entertainment,Subscriptions and Monetization Mocks,MEDX-SUBSCRIP-00139,Subscriptions and Monetization Mocks: verify entitlement expiration at a timezone boundary (transient retry),Media & Entertainment: verify entitlement expiration at a timezone boundary with transient retry,Resilience,High,"Non-production tenant or isolated local fixture; synthetic records only; Inject one transient service failure, restore the dependency, and retry. Safety boundary: Use synthetic media and non-copyrighted test assets only, with mock licensing, channels, and payment providers. Do not publish real content, process real subscriber data, or treat synthetic engagement metrics as actual audience outcomes.","1. Create a disposable, versioned synthetic fixture: Inject one transient service failure, restore the dependency, and retry. 2. Execute the platform workflow to verify entitlement expiration at a timezone boundary. 3. Capture the committed result, resource version, or run status. 4. Compare the result with the source fixture and the declared invariant. 5. Repeat or recover the operation when applicable; verify access, audit evidence, and side effects.","The platform must correctly verify entitlement expiration at a timezone boundary; the transient retry condition follows the configured contract; valid state is preserved, invalid or unauthorized work is rejected or quarantined without silent loss, retries do not duplicate side effects, lineage and audit evidence remain available, and no production records or credentials are used. Safety boundary: Use synthetic media and non-copyrighted test assets only, with mock licensing, channels, and payment providers. Do not publish real content, process real subscriber data, or treat synthetic engagement metrics as actual audience outcomes.",Playwright + platform UI/API,"media-entertainment,market-platform,synthetic-data,subscriptions_monetization,transient-retry"
Media & Entertainment,Subscriptions and Monetization Mocks,MEDX-SUBSCRIP-00140,Subscriptions and Monetization Mocks: audit plan and entitlement changes (transient retry),Media & Entertainment: audit plan and entitlement changes with transient retry,Resilience,High,"Non-production tenant or isolated local fixture; synthetic records only; Inject one transient service failure, restore the dependency, and retry. Safety boundary: Use synthetic media and non-copyrighted test assets only, with mock licensing, channels, and payment providers. Do not publish real content, process real subscriber data, or treat synthetic engagement metrics as actual audience outcomes.","1. Create a disposable, versioned synthetic fixture: Inject one transient service failure, restore the dependency, and retry. 2. Execute the platform workflow to audit plan and entitlement changes. 3. Capture the committed result, resource version, or run status. 4. Compare the result with the source fixture and the declared invariant. 5. Repeat or recover the operation when applicable; verify access, audit evidence, and side effects.","The platform must correctly audit plan and entitlement changes; the transient retry condition follows the configured contract; valid state is preserved, invalid or unauthorized work is rejected or quarantined without silent loss, retries do not duplicate side effects, lineage and audit evidence remain available, and no production records or credentials are used. Safety boundary: Use synthetic media and non-copyrighted test assets only, with mock licensing, channels, and payment providers. Do not publish real content, process real subscriber data, or treat synthetic engagement metrics as actual audience outcomes.",Playwright + platform UI/API,"media-entertainment,market-platform,synthetic-data,subscriptions_monetization,transient-retry"
Media & Entertainment,Subscriptions and Monetization Mocks,MEDX-SUBSCRIP-00141,Subscriptions and Monetization Mocks: create a synthetic subscription plan with versioned terms (commit conflict),Media & Entertainment: create a synthetic subscription plan with versioned terms with commit conflict,Functional,Medium,"Non-production tenant or isolated local fixture; synthetic records only; Advance the resource version between read and write to create an optimistic conflict. Safety boundary: Use synthetic media and non-copyrighted test assets only, with mock licensing, channels, and payment providers. Do not publish real content, process real subscriber data, or treat synthetic engagement metrics as actual audience outcomes.","1. Create a disposable, versioned synthetic fixture: Advance the resource version between read and write to create an optimistic conflict. 2. Execute the platform workflow to create a synthetic subscription plan with versioned terms. 3. Capture the committed result, resource version, or run status. 4. Compare the result with the source fixture and the declared invariant. 5. Repeat or recover the operation when applicable; verify access, audit evidence, and side effects.","The platform must correctly create a synthetic subscription plan with versioned terms; the commit conflict condition follows the configured contract; valid state is preserved, invalid or unauthorized work is rejected or quarantined without silent loss, retries do not duplicate side effects, lineage and audit evidence remain available, and no production records or credentials are used. Safety boundary: Use synthetic media and non-copyrighted test assets only, with mock licensing, channels, and payment providers. Do not publish real content, process real subscriber data, or treat synthetic engagement metrics as actual audience outcomes.",Playwright + platform UI/API,"media-entertainment,market-platform,synthetic-data,subscriptions_monetization,commit-conflict"
Media & Entertainment,Subscriptions and Monetization Mocks,MEDX-SUBSCRIP-00142,Subscriptions and Monetization Mocks: activate a test subscription through a mock provider (commit conflict),Media & Entertainment: activate a test subscription through a mock provider with commit conflict,Functional,High,"Non-production tenant or isolated local fixture; synthetic records only; Advance the resource version between read and write to create an optimistic conflict. Safety boundary: Use synthetic media and non-copyrighted test assets only, with mock licensing, channels, and payment providers. Do not publish real content, process real subscriber data, or treat synthetic engagement metrics as actual audience outcomes.","1. Create a disposable, versioned synthetic fixture: Advance the resource version between read and write to create an optimistic conflict. 2. Execute the platform workflow to activate a test subscription through a mock provider. 3. Capture the committed result, resource version, or run status. 4. Compare the result with the source fixture and the declared invariant. 5. Repeat or recover the operation when applicable; verify access, audit evidence, and side effects.","The platform must correctly activate a test subscription through a mock provider; the commit conflict condition follows the configured contract; valid state is preserved, invalid or unauthorized work is rejected or quarantined without silent loss, retries do not duplicate side effects, lineage and audit evidence remain available, and no production records or credentials are used. Safety boundary: Use synthetic media and non-copyrighted test assets only, with mock licensing, channels, and payment providers. Do not publish real content, process real subscriber data, or treat synthetic engagement metrics as actual audience outcomes.",Playwright + platform UI/API,"media-entertainment,market-platform,synthetic-data,subscriptions_monetization,commit-conflict"
Media & Entertainment,Subscriptions and Monetization Mocks,MEDX-SUBSCRIP-00143,Subscriptions and Monetization Mocks: apply a promotion only within its configured date window (commit conflict),Media & Entertainment: apply a promotion only within its configured date window with commit conflict,Functional,High,"Non-production tenant or isolated local fixture; synthetic records only; Advance the resource version between read and write to create an optimistic conflict. Safety boundary: Use synthetic media and non-copyrighted test assets only, with mock licensing, channels, and payment providers. Do not publish real content, process real subscriber data, or treat synthetic engagement metrics as actual audience outcomes.","1. Create a disposable, versioned synthetic fixture: Advance the resource version between read and write to create an optimistic conflict. 2. Execute the platform workflow to apply a promotion only within its configured date window. 3. Capture the committed result, resource version, or run status. 4. Compare the result with the source fixture and the declared invariant. 5. Repeat or recover the operation when applicable; verify access, audit evidence, and side effects.","The platform must correctly apply a promotion only within its configured date window; the commit conflict condition follows the configured contract; valid state is preserved, invalid or unauthorized work is rejected or quarantined without silent loss, retries do not duplicate side effects, lineage and audit evidence remain available, and no production records or credentials are used. Safety boundary: Use synthetic media and non-copyrighted test assets only, with mock licensing, channels, and payment providers. Do not publish real content, process real subscriber data, or treat synthetic engagement metrics as actual audience outcomes.",Playwright + platform UI/API,"media-entertainment,market-platform,synthetic-data,subscriptions_monetization,commit-conflict"
Media & Entertainment,Subscriptions and Monetization Mocks,MEDX-SUBSCRIP-00144,Subscriptions and Monetization Mocks: prevent duplicate entitlement grant after payment retry (commit conflict),Media & Entertainment: prevent duplicate entitlement grant after payment retry with commit conflict,Functional,High,"Non-production tenant or isolated local fixture; synthetic records only; Advance the resource version between read and write to create an optimistic conflict. Safety boundary: Use synthetic media and non-copyrighted test assets only, with mock licensing, channels, and payment providers. Do not publish real content, process real subscriber data, or treat synthetic engagement metrics as actual audience outcomes.","1. Create a disposable, versioned synthetic fixture: Advance the resource version between read and write to create an optimistic conflict. 2. Execute the platform workflow to prevent duplicate entitlement grant after payment retry. 3. Capture the committed result, resource version, or run status. 4. Compare the result with the source fixture and the declared invariant. 5. Repeat or recover the operation when applicable; verify access, audit evidence, and side effects.","The platform must correctly prevent duplicate entitlement grant after payment retry; the commit conflict condition follows the configured contract; valid state is preserved, invalid or unauthorized work is rejected or quarantined without silent loss, retries do not duplicate side effects, lineage and audit evidence remain available, and no production records or credentials are used. Safety boundary: Use synthetic media and non-copyrighted test assets only, with mock licensing, channels, and payment providers. Do not publish real content, process real subscriber data, or treat synthetic engagement metrics as actual audience outcomes.",Playwright + platform UI/API,"media-entertainment,market-platform,synthetic-data,subscriptions_monetization,commit-conflict"
Media & Entertainment,Subscriptions and Monetization Mocks,MEDX-SUBSCRIP-00145,Subscriptions and Monetization Mocks: cancel a test subscription and apply mock access rules (commit conflict),Media & Entertainment: cancel a test subscription and apply mock access rules with commit conflict,Functional,Medium,"Non-production tenant or isolated local fixture; synthetic records only; Advance the resource version between read and write to create an optimistic conflict. Safety boundary: Use synthetic media and non-copyrighted test assets only, with mock licensing, channels, and payment providers. Do not publish real content, process real subscriber data, or treat synthetic engagement metrics as actual audience outcomes.","1. Create a disposable, versioned synthetic fixture: Advance the resource version between read and write to create an optimistic conflict. 2. Execute the platform workflow to cancel a test subscription and apply mock access rules. 3. Capture the committed result, resource version, or run status. 4. Compare the result with the source fixture and the declared invariant. 5. Repeat or recover the operation when applicable; verify access, audit evidence, and side effects.","The platform must correctly cancel a test subscription and apply mock access rules; the commit conflict condition follows the configured contract; valid state is preserved, invalid or unauthorized work is rejected or quarantined without silent loss, retries do not duplicate side effects, lineage and audit evidence remain available, and no production records or credentials are used. Safety boundary: Use synthetic media and non-copyrighted test assets only, with mock licensing, channels, and payment providers. Do not publish real content, process real subscriber data, or treat synthetic engagement metrics as actual audience outcomes.",Playwright + platform UI/API,"media-entertainment,market-platform,synthetic-data,subscriptions_monetization,commit-conflict"
Media & Entertainment,Subscriptions and Monetization Mocks,MEDX-SUBSCRIP-00146,Subscriptions and Monetization Mocks: reconcile simulated revenue events with the test ledger (commit conflict),Media & Entertainment: reconcile simulated revenue events with the test ledger with commit conflict,Functional,High,"Non-production tenant or isolated local fixture; synthetic records only; Advance the resource version between read and write to create an optimistic conflict. Safety boundary: Use synthetic media and non-copyrighted test assets only, with mock licensing, channels, and payment providers. Do not publish real content, process real subscriber data, or treat synthetic engagement metrics as actual audience outcomes.","1. Create a disposable, versioned synthetic fixture: Advance the resource version between read and write to create an optimistic conflict. 2. Execute the platform workflow to reconcile simulated revenue events with the test ledger. 3. Capture the committed result, resource version, or run status. 4. Compare the result with the source fixture and the declared invariant. 5. Repeat or recover the operation when applicable; verify access, audit evidence, and side effects.","The platform must correctly reconcile simulated revenue events with the test ledger; the commit conflict condition follows the configured contract; valid state is preserved, invalid or unauthorized work is rejected or quarantined without silent loss, retries do not duplicate side effects, lineage and audit evidence remain available, and no production records or credentials are used. Safety boundary: Use synthetic media and non-copyrighted test assets only, with mock licensing, channels, and payment providers. Do not publish real content, process real subscriber data, or treat synthetic engagement metrics as actual audience outcomes.",Playwright + platform UI/API,"media-entertainment,market-platform,synthetic-data,subscriptions_monetization,commit-conflict"
Media & Entertainment,Subscriptions and Monetization Mocks,MEDX-SUBSCRIP-00147,Subscriptions and Monetization Mocks: handle a provider timeout without asserting settlement (commit conflict),Media & Entertainment: handle a provider timeout without asserting settlement with commit conflict,Functional,High,"Non-production tenant or isolated local fixture; synthetic records only; Advance the resource version between read and write to create an optimistic conflict. Safety boundary: Use synthetic media and non-copyrighted test assets only, with mock licensing, channels, and payment providers. Do not publish real content, process real subscriber data, or treat synthetic engagement metrics as actual audience outcomes.","1. Create a disposable, versioned synthetic fixture: Advance the resource version between read and write to create an optimistic conflict. 2. Execute the platform workflow to handle a provider timeout without asserting settlement. 3. Capture the committed result, resource version, or run status. 4. Compare the result with the source fixture and the declared invariant. 5. Repeat or recover the operation when applicable; verify access, audit evidence, and side effects.","The platform must correctly handle a provider timeout without asserting settlement; the commit conflict condition follows the configured contract; valid state is preserved, invalid or unauthorized work is rejected or quarantined without silent loss, retries do not duplicate side effects, lineage and audit evidence remain available, and no production records or credentials are used. Safety boundary: Use synthetic media and non-copyrighted test assets only, with mock licensing, channels, and payment providers. Do not publish real content, process real subscriber data, or treat synthetic engagement metrics as actual audience outcomes.",Playwright + platform UI/API,"media-entertainment,market-platform,synthetic-data,subscriptions_monetization,commit-conflict"
Media & Entertainment,Subscriptions and Monetization Mocks,MEDX-SUBSCRIP-00148,Subscriptions and Monetization Mocks: restrict subscriber details by assigned role (commit conflict),Media & Entertainment: restrict subscriber details by assigned role with commit conflict,Functional,High,"Non-production tenant or isolated local fixture; synthetic records only; Advance the resource version between read and write to create an optimistic conflict. Safety boundary: Use synthetic media and non-copyrighted test assets only, with mock licensing, channels, and payment providers. Do not publish real content, process real subscriber data, or treat synthetic engagement metrics as actual audience outcomes.","1. Create a disposable, versioned synthetic fixture: Advance the resource version between read and write to create an optimistic conflict. 2. Execute the platform workflow to restrict subscriber details by assigned role. 3. Capture the committed result, resource version, or run status. 4. Compare the result with the source fixture and the declared invariant. 5. Repeat or recover the operation when applicable; verify access, audit evidence, and side effects.","The platform must correctly restrict subscriber details by assigned role; the commit conflict condition follows the configured contract; valid state is preserved, invalid or unauthorized work is rejected or quarantined without silent loss, retries do not duplicate side effects, lineage and audit evidence remain available, and no production records or credentials are used. Safety boundary: Use synthetic media and non-copyrighted test assets only, with mock licensing, channels, and payment providers. Do not publish real content, process real subscriber data, or treat synthetic engagement metrics as actual audience outcomes.",Playwright + platform UI/API,"media-entertainment,market-platform,synthetic-data,subscriptions_monetization,commit-conflict"
Media & Entertainment,Subscriptions and Monetization Mocks,MEDX-SUBSCRIP-00149,Subscriptions and Monetization Mocks: verify entitlement expiration at a timezone boundary (commit conflict),Media & Entertainment: verify entitlement expiration at a timezone boundary with commit conflict,Functional,Medium,"Non-production tenant or isolated local fixture; synthetic records only; Advance the resource version between read and write to create an optimistic conflict. Safety boundary: Use synthetic media and non-copyrighted test assets only, with mock licensing, channels, and payment providers. Do not publish real content, process real subscriber data, or treat synthetic engagement metrics as actual audience outcomes.","1. Create a disposable, versioned synthetic fixture: Advance the resource version between read and write to create an optimistic conflict. 2. Execute the platform workflow to verify entitlement expiration at a timezone boundary. 3. Capture the committed result, resource version, or run status. 4. Compare the result with the source fixture and the declared invariant. 5. Repeat or recover the operation when applicable; verify access, audit evidence, and side effects.","The platform must correctly verify entitlement expiration at a timezone boundary; the commit conflict condition follows the configured contract; valid state is preserved, invalid or unauthorized work is rejected or quarantined without silent loss, retries do not duplicate side effects, lineage and audit evidence remain available, and no production records or credentials are used. Safety boundary: Use synthetic media and non-copyrighted test assets only, with mock licensing, channels, and payment providers. Do not publish real content, process real subscriber data, or treat synthetic engagement metrics as actual audience outcomes.",Playwright + platform UI/API,"media-entertainment,market-platform,synthetic-data,subscriptions_monetization,commit-conflict"
Media & Entertainment,Subscriptions and Monetization Mocks,MEDX-SUBSCRIP-00150,Subscriptions and Monetization Mocks: audit plan and entitlement changes (commit conflict),Media & Entertainment: audit plan and entitlement changes with commit conflict,Functional,High,"Non-production tenant or isolated local fixture; synthetic records only; Advance the resource version between read and write to create an optimistic conflict. Safety boundary: Use synthetic media and non-copyrighted test assets only, with mock licensing, channels, and payment providers. Do not publish real content, process real subscriber data, or treat synthetic engagement metrics as actual audience outcomes.","1. Create a disposable, versioned synthetic fixture: Advance the resource version between read and write to create an optimistic conflict. 2. Execute the platform workflow to audit plan and entitlement changes. 3. Capture the committed result, resource version, or run status. 4. Compare the result with the source fixture and the declared invariant. 5. Repeat or recover the operation when applicable; verify access, audit evidence, and side effects.","The platform must correctly audit plan and entitlement changes; the commit conflict condition follows the configured contract; valid state is preserved, invalid or unauthorized work is rejected or quarantined without silent loss, retries do not duplicate side effects, lineage and audit evidence remain available, and no production records or credentials are used. Safety boundary: Use synthetic media and non-copyrighted test assets only, with mock licensing, channels, and payment providers. Do not publish real content, process real subscriber data, or treat synthetic engagement metrics as actual audience outcomes.",Playwright + platform UI/API,"media-entertainment,market-platform,synthetic-data,subscriptions_monetization,commit-conflict"
Media & Entertainment,Subscriptions and Monetization Mocks,MEDX-SUBSCRIP-00151,Subscriptions and Monetization Mocks: create a synthetic subscription plan with versioned terms (rollback and replay),Media & Entertainment: create a synthetic subscription plan with versioned terms with rollback and replay,Functional,High,"Non-production tenant or isolated local fixture; synthetic records only; Restore a prior version in a disposable fixture and replay the same operation. Safety boundary: Use synthetic media and non-copyrighted test assets only, with mock licensing, channels, and payment providers. Do not publish real content, process real subscriber data, or treat synthetic engagement metrics as actual audience outcomes.","1. Create a disposable, versioned synthetic fixture: Restore a prior version in a disposable fixture and replay the same operation. 2. Execute the platform workflow to create a synthetic subscription plan with versioned terms. 3. Capture the committed result, resource version, or run status. 4. Compare the result with the source fixture and the declared invariant. 5. Repeat or recover the operation when applicable; verify access, audit evidence, and side effects.","The platform must correctly create a synthetic subscription plan with versioned terms; the rollback and replay condition follows the configured contract; valid state is preserved, invalid or unauthorized work is rejected or quarantined without silent loss, retries do not duplicate side effects, lineage and audit evidence remain available, and no production records or credentials are used. Safety boundary: Use synthetic media and non-copyrighted test assets only, with mock licensing, channels, and payment providers. Do not publish real content, process real subscriber data, or treat synthetic engagement metrics as actual audience outcomes.",Playwright + platform UI/API,"media-entertainment,market-platform,synthetic-data,subscriptions_monetization,rollback-and-replay"
Media & Entertainment,Subscriptions and Monetization Mocks,MEDX-SUBSCRIP-00152,Subscriptions and Monetization Mocks: activate a test subscription through a mock provider (rollback and replay),Media & Entertainment: activate a test subscription through a mock provider with rollback and replay,Functional,High,"Non-production tenant or isolated local fixture; synthetic records only; Restore a prior version in a disposable fixture and replay the same operation. Safety boundary: Use synthetic media and non-copyrighted test assets only, with mock licensing, channels, and payment providers. Do not publish real content, process real subscriber data, or treat synthetic engagement metrics as actual audience outcomes.","1. Create a disposable, versioned synthetic fixture: Restore a prior version in a disposable fixture and replay the same operation. 2. Execute the platform workflow to activate a test subscription through a mock provider. 3. Capture the committed result, resource version, or run status. 4. Compare the result with the source fixture and the declared invariant. 5. Repeat or recover the operation when applicable; verify access, audit evidence, and side effects.","The platform must correctly activate a test subscription through a mock provider; the rollback and replay condition follows the configured contract; valid state is preserved, invalid or unauthorized work is rejected or quarantined without silent loss, retries do not duplicate side effects, lineage and audit evidence remain available, and no production records or credentials are used. Safety boundary: Use synthetic media and non-copyrighted test assets only, with mock licensing, channels, and payment providers. Do not publish real content, process real subscriber data, or treat synthetic engagement metrics as actual audience outcomes.",Playwright + platform UI/API,"media-entertainment,market-platform,synthetic-data,subscriptions_monetization,rollback-and-replay"
Media & Entertainment,Subscriptions and Monetization Mocks,MEDX-SUBSCRIP-00153,Subscriptions and Monetization Mocks: apply a promotion only within its configured date window (rollback and replay),Media & Entertainment: apply a promotion only within its configured date window with rollback and replay,Functional,Medium,"Non-production tenant or isolated local fixture; synthetic records only; Restore a prior version in a disposable fixture and replay the same operation. Safety boundary: Use synthetic media and non-copyrighted test assets only, with mock licensing, channels, and payment providers. Do not publish real content, process real subscriber data, or treat synthetic engagement metrics as actual audience outcomes.","1. Create a disposable, versioned synthetic fixture: Restore a prior version in a disposable fixture and replay the same operation. 2. Execute the platform workflow to apply a promotion only within its configured date window. 3. Capture the committed result, resource version, or run status. 4. Compare the result with the source fixture and the declared invariant. 5. Repeat or recover the operation when applicable; verify access, audit evidence, and side effects.","The platform must correctly apply a promotion only within its configured date window; the rollback and replay condition follows the configured contract; valid state is preserved, invalid or unauthorized work is rejected or quarantined without silent loss, retries do not duplicate side effects, lineage and audit evidence remain available, and no production records or credentials are used. Safety boundary: Use synthetic media and non-copyrighted test assets only, with mock licensing, channels, and payment providers. Do not publish real content, process real subscriber data, or treat synthetic engagement metrics as actual audience outcomes.",Playwright + platform UI/API,"media-entertainment,market-platform,synthetic-data,subscriptions_monetization,rollback-and-replay"
Media & Entertainment,Subscriptions and Monetization Mocks,MEDX-SUBSCRIP-00154,Subscriptions and Monetization Mocks: prevent duplicate entitlement grant after payment retry (rollback and replay),Media & Entertainment: prevent duplicate entitlement grant after payment retry with rollback and replay,Functional,High,"Non-production tenant or isolated local fixture; synthetic records only; Restore a prior version in a disposable fixture and replay the same operation. Safety boundary: Use synthetic media and non-copyrighted test assets only, with mock licensing, channels, and payment providers. Do not publish real content, process real subscriber data, or treat synthetic engagement metrics as actual audience outcomes.","1. Create a disposable, versioned synthetic fixture: Restore a prior version in a disposable fixture and replay the same operation. 2. Execute the platform workflow to prevent duplicate entitlement grant after payment retry. 3. Capture the committed result, resource version, or run status. 4. Compare the result with the source fixture and the declared invariant. 5. Repeat or recover the operation when applicable; verify access, audit evidence, and side effects.","The platform must correctly prevent duplicate entitlement grant after payment retry; the rollback and replay condition follows the configured contract; valid state is preserved, invalid or unauthorized work is rejected or quarantined without silent loss, retries do not duplicate side effects, lineage and audit evidence remain available, and no production records or credentials are used. Safety boundary: Use synthetic media and non-copyrighted test assets only, with mock licensing, channels, and payment providers. Do not publish real content, process real subscriber data, or treat synthetic engagement metrics as actual audience outcomes.",Playwright + platform UI/API,"media-entertainment,market-platform,synthetic-data,subscriptions_monetization,rollback-and-replay"
Media & Entertainment,Subscriptions and Monetization Mocks,MEDX-SUBSCRIP-00155,Subscriptions and Monetization Mocks: cancel a test subscription and apply mock access rules (rollback and replay),Media & Entertainment: cancel a test subscription and apply mock access rules with rollback and replay,Functional,High,"Non-production tenant or isolated local fixture; synthetic records only; Restore a prior version in a disposable fixture and replay the same operation. Safety boundary: Use synthetic media and non-copyrighted test assets only, with mock licensing, channels, and payment providers. Do not publish real content, process real subscriber data, or treat synthetic engagement metrics as actual audience outcomes.","1. Create a disposable, versioned synthetic fixture: Restore a prior version in a disposable fixture and replay the same operation. 2. Execute the platform workflow to cancel a test subscription and apply mock access rules. 3. Capture the committed result, resource version, or run status. 4. Compare the result with the source fixture and the declared invariant. 5. Repeat or recover the operation when applicable; verify access, audit evidence, and side effects.","The platform must correctly cancel a test subscription and apply mock access rules; the rollback and replay condition follows the configured contract; valid state is preserved, invalid or unauthorized work is rejected or quarantined without silent loss, retries do not duplicate side effects, lineage and audit evidence remain available, and no production records or credentials are used. Safety boundary: Use synthetic media and non-copyrighted test assets only, with mock licensing, channels, and payment providers. Do not publish real content, process real subscriber data, or treat synthetic engagement metrics as actual audience outcomes.",Playwright + platform UI/API,"media-entertainment,market-platform,synthetic-data,subscriptions_monetization,rollback-and-replay"
Media & Entertainment,Subscriptions and Monetization Mocks,MEDX-SUBSCRIP-00156,Subscriptions and Monetization Mocks: reconcile simulated revenue events with the test ledger (rollback and replay),Media & Entertainment: reconcile simulated revenue events with the test ledger with rollback and replay,Functional,High,"Non-production tenant or isolated local fixture; synthetic records only; Restore a prior version in a disposable fixture and replay the same operation. Safety boundary: Use synthetic media and non-copyrighted test assets only, with mock licensing, channels, and payment providers. Do not publish real content, process real subscriber data, or treat synthetic engagement metrics as actual audience outcomes.","1. Create a disposable, versioned synthetic fixture: Restore a prior version in a disposable fixture and replay the same operation. 2. Execute the platform workflow to reconcile simulated revenue events with the test ledger. 3. Capture the committed result, resource version, or run status. 4. Compare the result with the source fixture and the declared invariant. 5. Repeat or recover the operation when applicable; verify access, audit evidence, and side effects.","The platform must correctly reconcile simulated revenue events with the test ledger; the rollback and replay condition follows the configured contract; valid state is preserved, invalid or unauthorized work is rejected or quarantined without silent loss, retries do not duplicate side effects, lineage and audit evidence remain available, and no production records or credentials are used. Safety boundary: Use synthetic media and non-copyrighted test assets only, with mock licensing, channels, and payment providers. Do not publish real content, process real subscriber data, or treat synthetic engagement metrics as actual audience outcomes.",Playwright + platform UI/API,"media-entertainment,market-platform,synthetic-data,subscriptions_monetization,rollback-and-replay"
Media & Entertainment,Subscriptions and Monetization Mocks,MEDX-SUBSCRIP-00157,Subscriptions and Monetization Mocks: handle a provider timeout without asserting settlement (rollback and replay),Media & Entertainment: handle a provider timeout without asserting settlement with rollback and replay,Functional,Medium,"Non-production tenant or isolated local fixture; synthetic records only; Restore a prior version in a disposable fixture and replay the same operation. Safety boundary: Use synthetic media and non-copyrighted test assets only, with mock licensing, channels, and payment providers. Do not publish real content, process real subscriber data, or treat synthetic engagement metrics as actual audience outcomes.","1. Create a disposable, versioned synthetic fixture: Restore a prior version in a disposable fixture and replay the same operation. 2. Execute the platform workflow to handle a provider timeout without asserting settlement. 3. Capture the committed result, resource version, or run status. 4. Compare the result with the source fixture and the declared invariant. 5. Repeat or recover the operation when applicable; verify access, audit evidence, and side effects.","The platform must correctly handle a provider timeout without asserting settlement; the rollback and replay condition follows the configured contract; valid state is preserved, invalid or unauthorized work is rejected or quarantined without silent loss, retries do not duplicate side effects, lineage and audit evidence remain available, and no production records or credentials are used. Safety boundary: Use synthetic media and non-copyrighted test assets only, with mock licensing, channels, and payment providers. Do not publish real content, process real subscriber data, or treat synthetic engagement metrics as actual audience outcomes.",Playwright + platform UI/API,"media-entertainment,market-platform,synthetic-data,subscriptions_monetization,rollback-and-replay"
Media & Entertainment,Subscriptions and Monetization Mocks,MEDX-SUBSCRIP-00158,Subscriptions and Monetization Mocks: restrict subscriber details by assigned role (rollback and replay),Media & Entertainment: restrict subscriber details by assigned role with rollback and replay,Functional,High,"Non-production tenant or isolated local fixture; synthetic records only; Restore a prior version in a disposable fixture and replay the same operation. Safety boundary: Use synthetic media and non-copyrighted test assets only, with mock licensing, channels, and payment providers. Do not publish real content, process real subscriber data, or treat synthetic engagement metrics as actual audience outcomes.","1. Create a disposable, versioned synthetic fixture: Restore a prior version in a disposable fixture and replay the same operation. 2. Execute the platform workflow to restrict subscriber details by assigned role. 3. Capture the committed result, resource version, or run status. 4. Compare the result with the source fixture and the declared invariant. 5. Repeat or recover the operation when applicable; verify access, audit evidence, and side effects.","The platform must correctly restrict subscriber details by assigned role; the rollback and replay condition follows the configured contract; valid state is preserved, invalid or unauthorized work is rejected or quarantined without silent loss, retries do not duplicate side effects, lineage and audit evidence remain available, and no production records or credentials are used. Safety boundary: Use synthetic media and non-copyrighted test assets only, with mock licensing, channels, and payment providers. Do not publish real content, process real subscriber data, or treat synthetic engagement metrics as actual audience outcomes.",Playwright + platform UI/API,"media-entertainment,market-platform,synthetic-data,subscriptions_monetization,rollback-and-replay"
Media & Entertainment,Subscriptions and Monetization Mocks,MEDX-SUBSCRIP-00159,Subscriptions and Monetization Mocks: verify entitlement expiration at a timezone boundary (rollback and replay),Media & Entertainment: verify entitlement expiration at a timezone boundary with rollback and replay,Functional,High,"Non-production tenant or isolated local fixture; synthetic records only; Restore a prior version in a disposable fixture and replay the same operation. Safety boundary: Use synthetic media and non-copyrighted test assets only, with mock licensing, channels, and payment providers. Do not publish real content, process real subscriber data, or treat synthetic engagement metrics as actual audience outcomes.","1. Create a disposable, versioned synthetic fixture: Restore a prior version in a disposable fixture and replay the same operation. 2. Execute the platform workflow to verify entitlement expiration at a timezone boundary. 3. Capture the committed result, resource version, or run status. 4. Compare the result with the source fixture and the declared invariant. 5. Repeat or recover the operation when applicable; verify access, audit evidence, and side effects.","The platform must correctly verify entitlement expiration at a timezone boundary; the rollback and replay condition follows the configured contract; valid state is preserved, invalid or unauthorized work is rejected or quarantined without silent loss, retries do not duplicate side effects, lineage and audit evidence remain available, and no production records or credentials are used. Safety boundary: Use synthetic media and non-copyrighted test assets only, with mock licensing, channels, and payment providers. Do not publish real content, process real subscriber data, or treat synthetic engagement metrics as actual audience outcomes.",Playwright + platform UI/API,"media-entertainment,market-platform,synthetic-data,subscriptions_monetization,rollback-and-replay"
Media & Entertainment,Subscriptions and Monetization Mocks,MEDX-SUBSCRIP-00160,Subscriptions and Monetization Mocks: audit plan and entitlement changes (rollback and replay),Media & Entertainment: audit plan and entitlement changes with rollback and replay,Functional,High,"Non-production tenant or isolated local fixture; synthetic records only; Restore a prior version in a disposable fixture and replay the same operation. Safety boundary: Use synthetic media and non-copyrighted test assets only, with mock licensing, channels, and payment providers. Do not publish real content, process real subscriber data, or treat synthetic engagement metrics as actual audience outcomes.","1. Create a disposable, versioned synthetic fixture: Restore a prior version in a disposable fixture and replay the same operation. 2. Execute the platform workflow to audit plan and entitlement changes. 3. Capture the committed result, resource version, or run status. 4. Compare the result with the source fixture and the declared invariant. 5. Repeat or recover the operation when applicable; verify access, audit evidence, and side effects.","The platform must correctly audit plan and entitlement changes; the rollback and replay condition follows the configured contract; valid state is preserved, invalid or unauthorized work is rejected or quarantined without silent loss, retries do not duplicate side effects, lineage and audit evidence remain available, and no production records or credentials are used. Safety boundary: Use synthetic media and non-copyrighted test assets only, with mock licensing, channels, and payment providers. Do not publish real content, process real subscriber data, or treat synthetic engagement metrics as actual audience outcomes.",Playwright + platform UI/API,"media-entertainment,market-platform,synthetic-data,subscriptions_monetization,rollback-and-replay"
Media & Entertainment,Subscriptions and Monetization Mocks,MEDX-SUBSCRIP-00161,Subscriptions and Monetization Mocks: create a synthetic subscription plan with versioned terms (Unicode identifiers),Media & Entertainment: create a synthetic subscription plan with versioned terms with Unicode identifiers,Functional,Medium,"Non-production tenant or isolated local fixture; synthetic records only; Use Unicode in safe project, model, table, index, and synthetic account labels. Safety boundary: Use synthetic media and non-copyrighted test assets only, with mock licensing, channels, and payment providers. Do not publish real content, process real subscriber data, or treat synthetic engagement metrics as actual audience outcomes.","1. Create a disposable, versioned synthetic fixture: Use Unicode in safe project, model, table, index, and synthetic account labels. 2. Execute the platform workflow to create a synthetic subscription plan with versioned terms. 3. Capture the committed result, resource version, or run status. 4. Compare the result with the source fixture and the declared invariant. 5. Repeat or recover the operation when applicable; verify access, audit evidence, and side effects.","The platform must correctly create a synthetic subscription plan with versioned terms; the Unicode identifiers condition follows the configured contract; valid state is preserved, invalid or unauthorized work is rejected or quarantined without silent loss, retries do not duplicate side effects, lineage and audit evidence remain available, and no production records or credentials are used. Safety boundary: Use synthetic media and non-copyrighted test assets only, with mock licensing, channels, and payment providers. Do not publish real content, process real subscriber data, or treat synthetic engagement metrics as actual audience outcomes.",Playwright + platform UI/API,"media-entertainment,market-platform,synthetic-data,subscriptions_monetization,Unicode-identifiers"
Media & Entertainment,Subscriptions and Monetization Mocks,MEDX-SUBSCRIP-00162,Subscriptions and Monetization Mocks: activate a test subscription through a mock provider (Unicode identifiers),Media & Entertainment: activate a test subscription through a mock provider with Unicode identifiers,Functional,High,"Non-production tenant or isolated local fixture; synthetic records only; Use Unicode in safe project, model, table, index, and synthetic account labels. Safety boundary: Use synthetic media and non-copyrighted test assets only, with mock licensing, channels, and payment providers. Do not publish real content, process real subscriber data, or treat synthetic engagement metrics as actual audience outcomes.","1. Create a disposable, versioned synthetic fixture: Use Unicode in safe project, model, table, index, and synthetic account labels. 2. Execute the platform workflow to activate a test subscription through a mock provider. 3. Capture the committed result, resource version, or run status. 4. Compare the result with the source fixture and the declared invariant. 5. Repeat or recover the operation when applicable; verify access, audit evidence, and side effects.","The platform must correctly activate a test subscription through a mock provider; the Unicode identifiers condition follows the configured contract; valid state is preserved, invalid or unauthorized work is rejected or quarantined without silent loss, retries do not duplicate side effects, lineage and audit evidence remain available, and no production records or credentials are used. Safety boundary: Use synthetic media and non-copyrighted test assets only, with mock licensing, channels, and payment providers. Do not publish real content, process real subscriber data, or treat synthetic engagement metrics as actual audience outcomes.",Playwright + platform UI/API,"media-entertainment,market-platform,synthetic-data,subscriptions_monetization,Unicode-identifiers"
Media & Entertainment,Subscriptions and Monetization Mocks,MEDX-SUBSCRIP-00163,Subscriptions and Monetization Mocks: apply a promotion only within its configured date window (Unicode identifiers),Media & Entertainment: apply a promotion only within its configured date window with Unicode identifiers,Functional,High,"Non-production tenant or isolated local fixture; synthetic records only; Use Unicode in safe project, model, table, index, and synthetic account labels. Safety boundary: Use synthetic media and non-copyrighted test assets only, with mock licensing, channels, and payment providers. Do not publish real content, process real subscriber data, or treat synthetic engagement metrics as actual audience outcomes.","1. Create a disposable, versioned synthetic fixture: Use Unicode in safe project, model, table, index, and synthetic account labels. 2. Execute the platform workflow to apply a promotion only within its configured date window. 3. Capture the committed result, resource version, or run status. 4. Compare the result with the source fixture and the declared invariant. 5. Repeat or recover the operation when applicable; verify access, audit evidence, and side effects.","The platform must correctly apply a promotion only within its configured date window; the Unicode identifiers condition follows the configured contract; valid state is preserved, invalid or unauthorized work is rejected or quarantined without silent loss, retries do not duplicate side effects, lineage and audit evidence remain available, and no production records or credentials are used. Safety boundary: Use synthetic media and non-copyrighted test assets only, with mock licensing, channels, and payment providers. Do not publish real content, process real subscriber data, or treat synthetic engagement metrics as actual audience outcomes.",Playwright + platform UI/API,"media-entertainment,market-platform,synthetic-data,subscriptions_monetization,Unicode-identifiers"
Media & Entertainment,Subscriptions and Monetization Mocks,MEDX-SUBSCRIP-00164,Subscriptions and Monetization Mocks: prevent duplicate entitlement grant after payment retry (Unicode identifiers),Media & Entertainment: prevent duplicate entitlement grant after payment retry with Unicode identifiers,Functional,High,"Non-production tenant or isolated local fixture; synthetic records only; Use Unicode in safe project, model, table, index, and synthetic account labels. Safety boundary: Use synthetic media and non-copyrighted test assets only, with mock licensing, channels, and payment providers. Do not publish real content, process real subscriber data, or treat synthetic engagement metrics as actual audience outcomes.","1. Create a disposable, versioned synthetic fixture: Use Unicode in safe project, model, table, index, and synthetic account labels. 2. Execute the platform workflow to prevent duplicate entitlement grant after payment retry. 3. Capture the committed result, resource version, or run status. 4. Compare the result with the source fixture and the declared invariant. 5. Repeat or recover the operation when applicable; verify access, audit evidence, and side effects.","The platform must correctly prevent duplicate entitlement grant after payment retry; the Unicode identifiers condition follows the configured contract; valid state is preserved, invalid or unauthorized work is rejected or quarantined without silent loss, retries do not duplicate side effects, lineage and audit evidence remain available, and no production records or credentials are used. Safety boundary: Use synthetic media and non-copyrighted test assets only, with mock licensing, channels, and payment providers. Do not publish real content, process real subscriber data, or treat synthetic engagement metrics as actual audience outcomes.",Playwright + platform UI/API,"media-entertainment,market-platform,synthetic-data,subscriptions_monetization,Unicode-identifiers"
Media & Entertainment,Subscriptions and Monetization Mocks,MEDX-SUBSCRIP-00165,Subscriptions and Monetization Mocks: cancel a test subscription and apply mock access rules (Unicode identifiers),Media & Entertainment: cancel a test subscription and apply mock access rules with Unicode identifiers,Functional,Medium,"Non-production tenant or isolated local fixture; synthetic records only; Use Unicode in safe project, model, table, index, and synthetic account labels. Safety boundary: Use synthetic media and non-copyrighted test assets only, with mock licensing, channels, and payment providers. Do not publish real content, process real subscriber data, or treat synthetic engagement metrics as actual audience outcomes.","1. Create a disposable, versioned synthetic fixture: Use Unicode in safe project, model, table, index, and synthetic account labels. 2. Execute the platform workflow to cancel a test subscription and apply mock access rules. 3. Capture the committed result, resource version, or run status. 4. Compare the result with the source fixture and the declared invariant. 5. Repeat or recover the operation when applicable; verify access, audit evidence, and side effects.","The platform must correctly cancel a test subscription and apply mock access rules; the Unicode identifiers condition follows the configured contract; valid state is preserved, invalid or unauthorized work is rejected or quarantined without silent loss, retries do not duplicate side effects, lineage and audit evidence remain available, and no production records or credentials are used. Safety boundary: Use synthetic media and non-copyrighted test assets only, with mock licensing, channels, and payment providers. Do not publish real content, process real subscriber data, or treat synthetic engagement metrics as actual audience outcomes.",Playwright + platform UI/API,"media-entertainment,market-platform,synthetic-data,subscriptions_monetization,Unicode-identifiers"
Media & Entertainment,Subscriptions and Monetization Mocks,MEDX-SUBSCRIP-00166,Subscriptions and Monetization Mocks: reconcile simulated revenue events with the test ledger (Unicode identifiers),Media & Entertainment: reconcile simulated revenue events with the test ledger with Unicode identifiers,Functional,High,"Non-production tenant or isolated local fixture; synthetic records only; Use Unicode in safe project, model, table, index, and synthetic account labels. Safety boundary: Use synthetic media and non-copyrighted test assets only, with mock licensing, channels, and payment providers. Do not publish real content, process real subscriber data, or treat synthetic engagement metrics as actual audience outcomes.","1. Create a disposable, versioned synthetic fixture: Use Unicode in safe project, model, table, index, and synthetic account labels. 2. Execute the platform workflow to reconcile simulated revenue events with the test ledger. 3. Capture the committed result, resource version, or run status. 4. Compare the result with the source fixture and the declared invariant. 5. Repeat or recover the operation when applicable; verify access, audit evidence, and side effects.","The platform must correctly reconcile simulated revenue events with the test ledger; the Unicode identifiers condition follows the configured contract; valid state is preserved, invalid or unauthorized work is rejected or quarantined without silent loss, retries do not duplicate side effects, lineage and audit evidence remain available, and no production records or credentials are used. Safety boundary: Use synthetic media and non-copyrighted test assets only, with mock licensing, channels, and payment providers. Do not publish real content, process real subscriber data, or treat synthetic engagement metrics as actual audience outcomes.",Playwright + platform UI/API,"media-entertainment,market-platform,synthetic-data,subscriptions_monetization,Unicode-identifiers"
Media & Entertainment,Subscriptions and Monetization Mocks,MEDX-SUBSCRIP-00167,Subscriptions and Monetization Mocks: handle a provider timeout without asserting settlement (Unicode identifiers),Media & Entertainment: handle a provider timeout without asserting settlement with Unicode identifiers,Functional,High,"Non-production tenant or isolated local fixture; synthetic records only; Use Unicode in safe project, model, table, index, and synthetic account labels. Safety boundary: Use synthetic media and non-copyrighted test assets only, with mock licensing, channels, and payment providers. Do not publish real content, process real subscriber data, or treat synthetic engagement metrics as actual audience outcomes.","1. Create a disposable, versioned synthetic fixture: Use Unicode in safe project, model, table, index, and synthetic account labels. 2. Execute the platform workflow to handle a provider timeout without asserting settlement. 3. Capture the committed result, resource version, or run status. 4. Compare the result with the source fixture and the declared invariant. 5. Repeat or recover the operation when applicable; verify access, audit evidence, and side effects.","The platform must correctly handle a provider timeout without asserting settlement; the Unicode identifiers condition follows the configured contract; valid state is preserved, invalid or unauthorized work is rejected or quarantined without silent loss, retries do not duplicate side effects, lineage and audit evidence remain available, and no production records or credentials are used. Safety boundary: Use synthetic media and non-copyrighted test assets only, with mock licensing, channels, and payment providers. Do not publish real content, process real subscriber data, or treat synthetic engagement metrics as actual audience outcomes.",Playwright + platform UI/API,"media-entertainment,market-platform,synthetic-data,subscriptions_monetization,Unicode-identifiers"
Media & Entertainment,Subscriptions and Monetization Mocks,MEDX-SUBSCRIP-00168,Subscriptions and Monetization Mocks: restrict subscriber details by assigned role (Unicode identifiers),Media & Entertainment: restrict subscriber details by assigned role with Unicode identifiers,Functional,High,"Non-production tenant or isolated local fixture; synthetic records only; Use Unicode in safe project, model, table, index, and synthetic account labels. Safety boundary: Use synthetic media and non-copyrighted test assets only, with mock licensing, channels, and payment providers. Do not publish real content, process real subscriber data, or treat synthetic engagement metrics as actual audience outcomes.","1. Create a disposable, versioned synthetic fixture: Use Unicode in safe project, model, table, index, and synthetic account labels. 2. Execute the platform workflow to restrict subscriber details by assigned role. 3. Capture the committed result, resource version, or run status. 4. Compare the result with the source fixture and the declared invariant. 5. Repeat or recover the operation when applicable; verify access, audit evidence, and side effects.","The platform must correctly restrict subscriber details by assigned role; the Unicode identifiers condition follows the configured contract; valid state is preserved, invalid or unauthorized work is rejected or quarantined without silent loss, retries do not duplicate side effects, lineage and audit evidence remain available, and no production records or credentials are used. Safety boundary: Use synthetic media and non-copyrighted test assets only, with mock licensing, channels, and payment providers. Do not publish real content, process real subscriber data, or treat synthetic engagement metrics as actual audience outcomes.",Playwright + platform UI/API,"media-entertainment,market-platform,synthetic-data,subscriptions_monetization,Unicode-identifiers"
Media & Entertainment,Subscriptions and Monetization Mocks,MEDX-SUBSCRIP-00169,Subscriptions and Monetization Mocks: verify entitlement expiration at a timezone boundary (Unicode identifiers),Media & Entertainment: verify entitlement expiration at a timezone boundary with Unicode identifiers,Functional,Medium,"Non-production tenant or isolated local fixture; synthetic records only; Use Unicode in safe project, model, table, index, and synthetic account labels. Safety boundary: Use synthetic media and non-copyrighted test assets only, with mock licensing, channels, and payment providers. Do not publish real content, process real subscriber data, or treat synthetic engagement metrics as actual audience outcomes.","1. Create a disposable, versioned synthetic fixture: Use Unicode in safe project, model, table, index, and synthetic account labels. 2. Execute the platform workflow to verify entitlement expiration at a timezone boundary. 3. Capture the committed result, resource version, or run status. 4. Compare the result with the source fixture and the declared invariant. 5. Repeat or recover the operation when applicable; verify access, audit evidence, and side effects.","The platform must correctly verify entitlement expiration at a timezone boundary; the Unicode identifiers condition follows the configured contract; valid state is preserved, invalid or unauthorized work is rejected or quarantined without silent loss, retries do not duplicate side effects, lineage and audit evidence remain available, and no production records or credentials are used. Safety boundary: Use synthetic media and non-copyrighted test assets only, with mock licensing, channels, and payment providers. Do not publish real content, process real subscriber data, or treat synthetic engagement metrics as actual audience outcomes.",Playwright + platform UI/API,"media-entertainment,market-platform,synthetic-data,subscriptions_monetization,Unicode-identifiers"
Media & Entertainment,Subscriptions and Monetization Mocks,MEDX-SUBSCRIP-00170,Subscriptions and Monetization Mocks: audit plan and entitlement changes (Unicode identifiers),Media & Entertainment: audit plan and entitlement changes with Unicode identifiers,Functional,High,"Non-production tenant or isolated local fixture; synthetic records only; Use Unicode in safe project, model, table, index, and synthetic account labels. Safety boundary: Use synthetic media and non-copyrighted test assets only, with mock licensing, channels, and payment providers. Do not publish real content, process real subscriber data, or treat synthetic engagement metrics as actual audience outcomes.","1. Create a disposable, versioned synthetic fixture: Use Unicode in safe project, model, table, index, and synthetic account labels. 2. Execute the platform workflow to audit plan and entitlement changes. 3. Capture the committed result, resource version, or run status. 4. Compare the result with the source fixture and the declared invariant. 5. Repeat or recover the operation when applicable; verify access, audit evidence, and side effects.","The platform must correctly audit plan and entitlement changes; the Unicode identifiers condition follows the configured contract; valid state is preserved, invalid or unauthorized work is rejected or quarantined without silent loss, retries do not duplicate side effects, lineage and audit evidence remain available, and no production records or credentials are used. Safety boundary: Use synthetic media and non-copyrighted test assets only, with mock licensing, channels, and payment providers. Do not publish real content, process real subscriber data, or treat synthetic engagement metrics as actual audience outcomes.",Playwright + platform UI/API,"media-entertainment,market-platform,synthetic-data,subscriptions_monetization,Unicode-identifiers"
Media & Entertainment,Subscriptions and Monetization Mocks,MEDX-SUBSCRIP-00171,Subscriptions and Monetization Mocks: create a synthetic subscription plan with versioned terms (time-zone boundary),Media & Entertainment: create a synthetic subscription plan with versioned terms with time-zone boundary,Functional,High,"Non-production tenant or isolated local fixture; synthetic records only; Place timestamps around local midnight and a daylight-saving transition. Safety boundary: Use synthetic media and non-copyrighted test assets only, with mock licensing, channels, and payment providers. Do not publish real content, process real subscriber data, or treat synthetic engagement metrics as actual audience outcomes.","1. Create a disposable, versioned synthetic fixture: Place timestamps around local midnight and a daylight-saving transition. 2. Execute the platform workflow to create a synthetic subscription plan with versioned terms. 3. Capture the committed result, resource version, or run status. 4. Compare the result with the source fixture and the declared invariant. 5. Repeat or recover the operation when applicable; verify access, audit evidence, and side effects.","The platform must correctly create a synthetic subscription plan with versioned terms; the time-zone boundary condition follows the configured contract; valid state is preserved, invalid or unauthorized work is rejected or quarantined without silent loss, retries do not duplicate side effects, lineage and audit evidence remain available, and no production records or credentials are used. Safety boundary: Use synthetic media and non-copyrighted test assets only, with mock licensing, channels, and payment providers. Do not publish real content, process real subscriber data, or treat synthetic engagement metrics as actual audience outcomes.",Playwright + platform UI/API,"media-entertainment,market-platform,synthetic-data,subscriptions_monetization,time-zone-boundary"
Media & Entertainment,Subscriptions and Monetization Mocks,MEDX-SUBSCRIP-00172,Subscriptions and Monetization Mocks: activate a test subscription through a mock provider (time-zone boundary),Media & Entertainment: activate a test subscription through a mock provider with time-zone boundary,Functional,High,"Non-production tenant or isolated local fixture; synthetic records only; Place timestamps around local midnight and a daylight-saving transition. Safety boundary: Use synthetic media and non-copyrighted test assets only, with mock licensing, channels, and payment providers. Do not publish real content, process real subscriber data, or treat synthetic engagement metrics as actual audience outcomes.","1. Create a disposable, versioned synthetic fixture: Place timestamps around local midnight and a daylight-saving transition. 2. Execute the platform workflow to activate a test subscription through a mock provider. 3. Capture the committed result, resource version, or run status. 4. Compare the result with the source fixture and the declared invariant. 5. Repeat or recover the operation when applicable; verify access, audit evidence, and side effects.","The platform must correctly activate a test subscription through a mock provider; the time-zone boundary condition follows the configured contract; valid state is preserved, invalid or unauthorized work is rejected or quarantined without silent loss, retries do not duplicate side effects, lineage and audit evidence remain available, and no production records or credentials are used. Safety boundary: Use synthetic media and non-copyrighted test assets only, with mock licensing, channels, and payment providers. Do not publish real content, process real subscriber data, or treat synthetic engagement metrics as actual audience outcomes.",Playwright + platform UI/API,"media-entertainment,market-platform,synthetic-data,subscriptions_monetization,time-zone-boundary"
Media & Entertainment,Subscriptions and Monetization Mocks,MEDX-SUBSCRIP-00173,Subscriptions and Monetization Mocks: apply a promotion only within its configured date window (time-zone boundary),Media & Entertainment: apply a promotion only within its configured date window with time-zone boundary,Functional,Medium,"Non-production tenant or isolated local fixture; synthetic records only; Place timestamps around local midnight and a daylight-saving transition. Safety boundary: Use synthetic media and non-copyrighted test assets only, with mock licensing, channels, and payment providers. Do not publish real content, process real subscriber data, or treat synthetic engagement metrics as actual audience outcomes.","1. Create a disposable, versioned synthetic fixture: Place timestamps around local midnight and a daylight-saving transition. 2. Execute the platform workflow to apply a promotion only within its configured date window. 3. Capture the committed result, resource version, or run status. 4. Compare the result with the source fixture and the declared invariant. 5. Repeat or recover the operation when applicable; verify access, audit evidence, and side effects.","The platform must correctly apply a promotion only within its configured date window; the time-zone boundary condition follows the configured contract; valid state is preserved, invalid or unauthorized work is rejected or quarantined without silent loss, retries do not duplicate side effects, lineage and audit evidence remain available, and no production records or credentials are used. Safety boundary: Use synthetic media and non-copyrighted test assets only, with mock licensing, channels, and payment providers. Do not publish real content, process real subscriber data, or treat synthetic engagement metrics as actual audience outcomes.",Playwright + platform UI/API,"media-entertainment,market-platform,synthetic-data,subscriptions_monetization,time-zone-boundary"
Media & Entertainment,Subscriptions and Monetization Mocks,MEDX-SUBSCRIP-00174,Subscriptions and Monetization Mocks: prevent duplicate entitlement grant after payment retry (time-zone boundary),Media & Entertainment: prevent duplicate entitlement grant after payment retry with time-zone boundary,Functional,High,"Non-production tenant or isolated local fixture; synthetic records only; Place timestamps around local midnight and a daylight-saving transition. Safety boundary: Use synthetic media and non-copyrighted test assets only, with mock licensing, channels, and payment providers. Do not publish real content, process real subscriber data, or treat synthetic engagement metrics as actual audience outcomes.","1. Create a disposable, versioned synthetic fixture: Place timestamps around local midnight and a daylight-saving transition. 2. Execute the platform workflow to prevent duplicate entitlement grant after payment retry. 3. Capture the committed result, resource version, or run status. 4. Compare the result with the source fixture and the declared invariant. 5. Repeat or recover the operation when applicable; verify access, audit evidence, and side effects.","The platform must correctly prevent duplicate entitlement grant after payment retry; the time-zone boundary condition follows the configured contract; valid state is preserved, invalid or unauthorized work is rejected or quarantined without silent loss, retries do not duplicate side effects, lineage and audit evidence remain available, and no production records or credentials are used. Safety boundary: Use synthetic media and non-copyrighted test assets only, with mock licensing, channels, and payment providers. Do not publish real content, process real subscriber data, or treat synthetic engagement metrics as actual audience outcomes.",Playwright + platform UI/API,"media-entertainment,market-platform,synthetic-data,subscriptions_monetization,time-zone-boundary"
Media & Entertainment,Subscriptions and Monetization Mocks,MEDX-SUBSCRIP-00175,Subscriptions and Monetization Mocks: cancel a test subscription and apply mock access rules (time-zone boundary),Media & Entertainment: cancel a test subscription and apply mock access rules with time-zone boundary,Functional,High,"Non-production tenant or isolated local fixture; synthetic records only; Place timestamps around local midnight and a daylight-saving transition. Safety boundary: Use synthetic media and non-copyrighted test assets only, with mock licensing, channels, and payment providers. Do not publish real content, process real subscriber data, or treat synthetic engagement metrics as actual audience outcomes.","1. Create a disposable, versioned synthetic fixture: Place timestamps around local midnight and a daylight-saving transition. 2. Execute the platform workflow to cancel a test subscription and apply mock access rules. 3. Capture the committed result, resource version, or run status. 4. Compare the result with the source fixture and the declared invariant. 5. Repeat or recover the operation when applicable; verify access, audit evidence, and side effects.","The platform must correctly cancel a test subscription and apply mock access rules; the time-zone boundary condition follows the configured contract; valid state is preserved, invalid or unauthorized work is rejected or quarantined without silent loss, retries do not duplicate side effects, lineage and audit evidence remain available, and no production records or credentials are used. Safety boundary: Use synthetic media and non-copyrighted test assets only, with mock licensing, channels, and payment providers. Do not publish real content, process real subscriber data, or treat synthetic engagement metrics as actual audience outcomes.",Playwright + platform UI/API,"media-entertainment,market-platform,synthetic-data,subscriptions_monetization,time-zone-boundary"
Media & Entertainment,Subscriptions and Monetization Mocks,MEDX-SUBSCRIP-00176,Subscriptions and Monetization Mocks: reconcile simulated revenue events with the test ledger (time-zone boundary),Media & Entertainment: reconcile simulated revenue events with the test ledger with time-zone boundary,Functional,High,"Non-production tenant or isolated local fixture; synthetic records only; Place timestamps around local midnight and a daylight-saving transition. Safety boundary: Use synthetic media and non-copyrighted test assets only, with mock licensing, channels, and payment providers. Do not publish real content, process real subscriber data, or treat synthetic engagement metrics as actual audience outcomes.","1. Create a disposable, versioned synthetic fixture: Place timestamps around local midnight and a daylight-saving transition. 2. Execute the platform workflow to reconcile simulated revenue events with the test ledger. 3. Capture the committed result, resource version, or run status. 4. Compare the result with the source fixture and the declared invariant. 5. Repeat or recover the operation when applicable; verify access, audit evidence, and side effects.","The platform must correctly reconcile simulated revenue events with the test ledger; the time-zone boundary condition follows the configured contract; valid state is preserved, invalid or unauthorized work is rejected or quarantined without silent loss, retries do not duplicate side effects, lineage and audit evidence remain available, and no production records or credentials are used. Safety boundary: Use synthetic media and non-copyrighted test assets only, with mock licensing, channels, and payment providers. Do not publish real content, process real subscriber data, or treat synthetic engagement metrics as actual audience outcomes.",Playwright + platform UI/API,"media-entertainment,market-platform,synthetic-data,subscriptions_monetization,time-zone-boundary"
Media & Entertainment,Subscriptions and Monetization Mocks,MEDX-SUBSCRIP-00177,Subscriptions and Monetization Mocks: handle a provider timeout without asserting settlement (time-zone boundary),Media & Entertainment: handle a provider timeout without asserting settlement with time-zone boundary,Functional,Medium,"Non-production tenant or isolated local fixture; synthetic records only; Place timestamps around local midnight and a daylight-saving transition. Safety boundary: Use synthetic media and non-copyrighted test assets only, with mock licensing, channels, and payment providers. Do not publish real content, process real subscriber data, or treat synthetic engagement metrics as actual audience outcomes.","1. Create a disposable, versioned synthetic fixture: Place timestamps around local midnight and a daylight-saving transition. 2. Execute the platform workflow to handle a provider timeout without asserting settlement. 3. Capture the committed result, resource version, or run status. 4. Compare the result with the source fixture and the declared invariant. 5. Repeat or recover the operation when applicable; verify access, audit evidence, and side effects.","The platform must correctly handle a provider timeout without asserting settlement; the time-zone boundary condition follows the configured contract; valid state is preserved, invalid or unauthorized work is rejected or quarantined without silent loss, retries do not duplicate side effects, lineage and audit evidence remain available, and no production records or credentials are used. Safety boundary: Use synthetic media and non-copyrighted test assets only, with mock licensing, channels, and payment providers. Do not publish real content, process real subscriber data, or treat synthetic engagement metrics as actual audience outcomes.",Playwright + platform UI/API,"media-entertainment,market-platform,synthetic-data,subscriptions_monetization,time-zone-boundary"
Media & Entertainment,Subscriptions and Monetization Mocks,MEDX-SUBSCRIP-00178,Subscriptions and Monetization Mocks: restrict subscriber details by assigned role (time-zone boundary),Media & Entertainment: restrict subscriber details by assigned role with time-zone boundary,Functional,High,"Non-production tenant or isolated local fixture; synthetic records only; Place timestamps around local midnight and a daylight-saving transition. Safety boundary: Use synthetic media and non-copyrighted test assets only, with mock licensing, channels, and payment providers. Do not publish real content, process real subscriber data, or treat synthetic engagement metrics as actual audience outcomes.","1. Create a disposable, versioned synthetic fixture: Place timestamps around local midnight and a daylight-saving transition. 2. Execute the platform workflow to restrict subscriber details by assigned role. 3. Capture the committed result, resource version, or run status. 4. Compare the result with the source fixture and the declared invariant. 5. Repeat or recover the operation when applicable; verify access, audit evidence, and side effects.","The platform must correctly restrict subscriber details by assigned role; the time-zone boundary condition follows the configured contract; valid state is preserved, invalid or unauthorized work is rejected or quarantined without silent loss, retries do not duplicate side effects, lineage and audit evidence remain available, and no production records or credentials are used. Safety boundary: Use synthetic media and non-copyrighted test assets only, with mock licensing, channels, and payment providers. Do not publish real content, process real subscriber data, or treat synthetic engagement metrics as actual audience outcomes.",Playwright + platform UI/API,"media-entertainment,market-platform,synthetic-data,subscriptions_monetization,time-zone-boundary"
Media & Entertainment,Subscriptions and Monetization Mocks,MEDX-SUBSCRIP-00179,Subscriptions and Monetization Mocks: verify entitlement expiration at a timezone boundary (time-zone boundary),Media & Entertainment: verify entitlement expiration at a timezone boundary with time-zone boundary,Functional,High,"Non-production tenant or isolated local fixture; synthetic records only; Place timestamps around local midnight and a daylight-saving transition. Safety boundary: Use synthetic media and non-copyrighted test assets only, with mock licensing, channels, and payment providers. Do not publish real content, process real subscriber data, or treat synthetic engagement metrics as actual audience outcomes.","1. Create a disposable, versioned synthetic fixture: Place timestamps around local midnight and a daylight-saving transition. 2. Execute the platform workflow to verify entitlement expiration at a timezone boundary. 3. Capture the committed result, resource version, or run status. 4. Compare the result with the source fixture and the declared invariant. 5. Repeat or recover the operation when applicable; verify access, audit evidence, and side effects.","The platform must correctly verify entitlement expiration at a timezone boundary; the time-zone boundary condition follows the configured contract; valid state is preserved, invalid or unauthorized work is rejected or quarantined without silent loss, retries do not duplicate side effects, lineage and audit evidence remain available, and no production records or credentials are used. Safety boundary: Use synthetic media and non-copyrighted test assets only, with mock licensing, channels, and payment providers. Do not publish real content, process real subscriber data, or treat synthetic engagement metrics as actual audience outcomes.",Playwright + platform UI/API,"media-entertainment,market-platform,synthetic-data,subscriptions_monetization,time-zone-boundary"
Media & Entertainment,Subscriptions and Monetization Mocks,MEDX-SUBSCRIP-00180,Subscriptions and Monetization Mocks: audit plan and entitlement changes (time-zone boundary),Media & Entertainment: audit plan and entitlement changes with time-zone boundary,Functional,High,"Non-production tenant or isolated local fixture; synthetic records only; Place timestamps around local midnight and a daylight-saving transition. Safety boundary: Use synthetic media and non-copyrighted test assets only, with mock licensing, channels, and payment providers. Do not publish real content, process real subscriber data, or treat synthetic engagement metrics as actual audience outcomes.","1. Create a disposable, versioned synthetic fixture: Place timestamps around local midnight and a daylight-saving transition. 2. Execute the platform workflow to audit plan and entitlement changes. 3. Capture the committed result, resource version, or run status. 4. Compare the result with the source fixture and the declared invariant. 5. Repeat or recover the operation when applicable; verify access, audit evidence, and side effects.","The platform must correctly audit plan and entitlement changes; the time-zone boundary condition follows the configured contract; valid state is preserved, invalid or unauthorized work is rejected or quarantined without silent loss, retries do not duplicate side effects, lineage and audit evidence remain available, and no production records or credentials are used. Safety boundary: Use synthetic media and non-copyrighted test assets only, with mock licensing, channels, and payment providers. Do not publish real content, process real subscriber data, or treat synthetic engagement metrics as actual audience outcomes.",Playwright + platform UI/API,"media-entertainment,market-platform,synthetic-data,subscriptions_monetization,time-zone-boundary"
Media & Entertainment,Subscriptions and Monetization Mocks,MEDX-SUBSCRIP-00181,Subscriptions and Monetization Mocks: create a synthetic subscription plan with versioned terms (skewed high volume),Media & Entertainment: create a synthetic subscription plan with versioned terms with skewed high volume,Functional,Medium,"Non-production tenant or isolated local fixture; synthetic records only; Use a large synthetic fixture with one intentionally skewed key or partition. Safety boundary: Use synthetic media and non-copyrighted test assets only, with mock licensing, channels, and payment providers. Do not publish real content, process real subscriber data, or treat synthetic engagement metrics as actual audience outcomes.","1. Create a disposable, versioned synthetic fixture: Use a large synthetic fixture with one intentionally skewed key or partition. 2. Execute the platform workflow to create a synthetic subscription plan with versioned terms. 3. Capture the committed result, resource version, or run status. 4. Compare the result with the source fixture and the declared invariant. 5. Repeat or recover the operation when applicable; verify access, audit evidence, and side effects.","The platform must correctly create a synthetic subscription plan with versioned terms; the skewed high volume condition follows the configured contract; valid state is preserved, invalid or unauthorized work is rejected or quarantined without silent loss, retries do not duplicate side effects, lineage and audit evidence remain available, and no production records or credentials are used. Safety boundary: Use synthetic media and non-copyrighted test assets only, with mock licensing, channels, and payment providers. Do not publish real content, process real subscriber data, or treat synthetic engagement metrics as actual audience outcomes.",Playwright + platform UI/API,"media-entertainment,market-platform,synthetic-data,subscriptions_monetization,skewed-high-volume"
Media & Entertainment,Subscriptions and Monetization Mocks,MEDX-SUBSCRIP-00182,Subscriptions and Monetization Mocks: activate a test subscription through a mock provider (skewed high volume),Media & Entertainment: activate a test subscription through a mock provider with skewed high volume,Functional,High,"Non-production tenant or isolated local fixture; synthetic records only; Use a large synthetic fixture with one intentionally skewed key or partition. Safety boundary: Use synthetic media and non-copyrighted test assets only, with mock licensing, channels, and payment providers. Do not publish real content, process real subscriber data, or treat synthetic engagement metrics as actual audience outcomes.","1. Create a disposable, versioned synthetic fixture: Use a large synthetic fixture with one intentionally skewed key or partition. 2. Execute the platform workflow to activate a test subscription through a mock provider. 3. Capture the committed result, resource version, or run status. 4. Compare the result with the source fixture and the declared invariant. 5. Repeat or recover the operation when applicable; verify access, audit evidence, and side effects.","The platform must correctly activate a test subscription through a mock provider; the skewed high volume condition follows the configured contract; valid state is preserved, invalid or unauthorized work is rejected or quarantined without silent loss, retries do not duplicate side effects, lineage and audit evidence remain available, and no production records or credentials are used. Safety boundary: Use synthetic media and non-copyrighted test assets only, with mock licensing, channels, and payment providers. Do not publish real content, process real subscriber data, or treat synthetic engagement metrics as actual audience outcomes.",Playwright + platform UI/API,"media-entertainment,market-platform,synthetic-data,subscriptions_monetization,skewed-high-volume"
Media & Entertainment,Subscriptions and Monetization Mocks,MEDX-SUBSCRIP-00183,Subscriptions and Monetization Mocks: apply a promotion only within its configured date window (skewed high volume),Media & Entertainment: apply a promotion only within its configured date window with skewed high volume,Functional,High,"Non-production tenant or isolated local fixture; synthetic records only; Use a large synthetic fixture with one intentionally skewed key or partition. Safety boundary: Use synthetic media and non-copyrighted test assets only, with mock licensing, channels, and payment providers. Do not publish real content, process real subscriber data, or treat synthetic engagement metrics as actual audience outcomes.","1. Create a disposable, versioned synthetic fixture: Use a large synthetic fixture with one intentionally skewed key or partition. 2. Execute the platform workflow to apply a promotion only within its configured date window. 3. Capture the committed result, resource version, or run status. 4. Compare the result with the source fixture and the declared invariant. 5. Repeat or recover the operation when applicable; verify access, audit evidence, and side effects.","The platform must correctly apply a promotion only within its configured date window; the skewed high volume condition follows the configured contract; valid state is preserved, invalid or unauthorized work is rejected or quarantined without silent loss, retries do not duplicate side effects, lineage and audit evidence remain available, and no production records or credentials are used. Safety boundary: Use synthetic media and non-copyrighted test assets only, with mock licensing, channels, and payment providers. Do not publish real content, process real subscriber data, or treat synthetic engagement metrics as actual audience outcomes.",Playwright + platform UI/API,"media-entertainment,market-platform,synthetic-data,subscriptions_monetization,skewed-high-volume"
Media & Entertainment,Subscriptions and Monetization Mocks,MEDX-SUBSCRIP-00184,Subscriptions and Monetization Mocks: prevent duplicate entitlement grant after payment retry (skewed high volume),Media & Entertainment: prevent duplicate entitlement grant after payment retry with skewed high volume,Functional,High,"Non-production tenant or isolated local fixture; synthetic records only; Use a large synthetic fixture with one intentionally skewed key or partition. Safety boundary: Use synthetic media and non-copyrighted test assets only, with mock licensing, channels, and payment providers. Do not publish real content, process real subscriber data, or treat synthetic engagement metrics as actual audience outcomes.","1. Create a disposable, versioned synthetic fixture: Use a large synthetic fixture with one intentionally skewed key or partition. 2. Execute the platform workflow to prevent duplicate entitlement grant after payment retry. 3. Capture the committed result, resource version, or run status. 4. Compare the result with the source fixture and the declared invariant. 5. Repeat or recover the operation when applicable; verify access, audit evidence, and side effects.","The platform must correctly prevent duplicate entitlement grant after payment retry; the skewed high volume condition follows the configured contract; valid state is preserved, invalid or unauthorized work is rejected or quarantined without silent loss, retries do not duplicate side effects, lineage and audit evidence remain available, and no production records or credentials are used. Safety boundary: Use synthetic media and non-copyrighted test assets only, with mock licensing, channels, and payment providers. Do not publish real content, process real subscriber data, or treat synthetic engagement metrics as actual audience outcomes.",Playwright + platform UI/API,"media-entertainment,market-platform,synthetic-data,subscriptions_monetization,skewed-high-volume"
Media & Entertainment,Subscriptions and Monetization Mocks,MEDX-SUBSCRIP-00185,Subscriptions and Monetization Mocks: cancel a test subscription and apply mock access rules (skewed high volume),Media & Entertainment: cancel a test subscription and apply mock access rules with skewed high volume,Functional,Medium,"Non-production tenant or isolated local fixture; synthetic records only; Use a large synthetic fixture with one intentionally skewed key or partition. Safety boundary: Use synthetic media and non-copyrighted test assets only, with mock licensing, channels, and payment providers. Do not publish real content, process real subscriber data, or treat synthetic engagement metrics as actual audience outcomes.","1. Create a disposable, versioned synthetic fixture: Use a large synthetic fixture with one intentionally skewed key or partition. 2. Execute the platform workflow to cancel a test subscription and apply mock access rules. 3. Capture the committed result, resource version, or run status. 4. Compare the result with the source fixture and the declared invariant. 5. Repeat or recover the operation when applicable; verify access, audit evidence, and side effects.","The platform must correctly cancel a test subscription and apply mock access rules; the skewed high volume condition follows the configured contract; valid state is preserved, invalid or unauthorized work is rejected or quarantined without silent loss, retries do not duplicate side effects, lineage and audit evidence remain available, and no production records or credentials are used. Safety boundary: Use synthetic media and non-copyrighted test assets only, with mock licensing, channels, and payment providers. Do not publish real content, process real subscriber data, or treat synthetic engagement metrics as actual audience outcomes.",Playwright + platform UI/API,"media-entertainment,market-platform,synthetic-data,subscriptions_monetization,skewed-high-volume"
Media & Entertainment,Subscriptions and Monetization Mocks,MEDX-SUBSCRIP-00186,Subscriptions and Monetization Mocks: reconcile simulated revenue events with the test ledger (skewed high volume),Media & Entertainment: reconcile simulated revenue events with the test ledger with skewed high volume,Functional,High,"Non-production tenant or isolated local fixture; synthetic records only; Use a large synthetic fixture with one intentionally skewed key or partition. Safety boundary: Use synthetic media and non-copyrighted test assets only, with mock licensing, channels, and payment providers. Do not publish real content, process real subscriber data, or treat synthetic engagement metrics as actual audience outcomes.","1. Create a disposable, versioned synthetic fixture: Use a large synthetic fixture with one intentionally skewed key or partition. 2. Execute the platform workflow to reconcile simulated revenue events with the test ledger. 3. Capture the committed result, resource version, or run status. 4. Compare the result with the source fixture and the declared invariant. 5. Repeat or recover the operation when applicable; verify access, audit evidence, and side effects.","The platform must correctly reconcile simulated revenue events with the test ledger; the skewed high volume condition follows the configured contract; valid state is preserved, invalid or unauthorized work is rejected or quarantined without silent loss, retries do not duplicate side effects, lineage and audit evidence remain available, and no production records or credentials are used. Safety boundary: Use synthetic media and non-copyrighted test assets only, with mock licensing, channels, and payment providers. Do not publish real content, process real subscriber data, or treat synthetic engagement metrics as actual audience outcomes.",Playwright + platform UI/API,"media-entertainment,market-platform,synthetic-data,subscriptions_monetization,skewed-high-volume"
Media & Entertainment,Subscriptions and Monetization Mocks,MEDX-SUBSCRIP-00187,Subscriptions and Monetization Mocks: handle a provider timeout without asserting settlement (skewed high volume),Media & Entertainment: handle a provider timeout without asserting settlement with skewed high volume,Functional,High,"Non-production tenant or isolated local fixture; synthetic records only; Use a large synthetic fixture with one intentionally skewed key or partition. Safety boundary: Use synthetic media and non-copyrighted test assets only, with mock licensing, channels, and payment providers. Do not publish real content, process real subscriber data, or treat synthetic engagement metrics as actual audience outcomes.","1. Create a disposable, versioned synthetic fixture: Use a large synthetic fixture with one intentionally skewed key or partition. 2. Execute the platform workflow to handle a provider timeout without asserting settlement. 3. Capture the committed result, resource version, or run status. 4. Compare the result with the source fixture and the declared invariant. 5. Repeat or recover the operation when applicable; verify access, audit evidence, and side effects.","The platform must correctly handle a provider timeout without asserting settlement; the skewed high volume condition follows the configured contract; valid state is preserved, invalid or unauthorized work is rejected or quarantined without silent loss, retries do not duplicate side effects, lineage and audit evidence remain available, and no production records or credentials are used. Safety boundary: Use synthetic media and non-copyrighted test assets only, with mock licensing, channels, and payment providers. Do not publish real content, process real subscriber data, or treat synthetic engagement metrics as actual audience outcomes.",Playwright + platform UI/API,"media-entertainment,market-platform,synthetic-data,subscriptions_monetization,skewed-high-volume"
Media & Entertainment,Subscriptions and Monetization Mocks,MEDX-SUBSCRIP-00188,Subscriptions and Monetization Mocks: restrict subscriber details by assigned role (skewed high volume),Media & Entertainment: restrict subscriber details by assigned role with skewed high volume,Functional,High,"Non-production tenant or isolated local fixture; synthetic records only; Use a large synthetic fixture with one intentionally skewed key or partition. Safety boundary: Use synthetic media and non-copyrighted test assets only, with mock licensing, channels, and payment providers. Do not publish real content, process real subscriber data, or treat synthetic engagement metrics as actual audience outcomes.","1. Create a disposable, versioned synthetic fixture: Use a large synthetic fixture with one intentionally skewed key or partition. 2. Execute the platform workflow to restrict subscriber details by assigned role. 3. Capture the committed result, resource version, or run status. 4. Compare the result with the source fixture and the declared invariant. 5. Repeat or recover the operation when applicable; verify access, audit evidence, and side effects.","The platform must correctly restrict subscriber details by assigned role; the skewed high volume condition follows the configured contract; valid state is preserved, invalid or unauthorized work is rejected or quarantined without silent loss, retries do not duplicate side effects, lineage and audit evidence remain available, and no production records or credentials are used. Safety boundary: Use synthetic media and non-copyrighted test assets only, with mock licensing, channels, and payment providers. Do not publish real content, process real subscriber data, or treat synthetic engagement metrics as actual audience outcomes.",Playwright + platform UI/API,"media-entertainment,market-platform,synthetic-data,subscriptions_monetization,skewed-high-volume"
Media & Entertainment,Subscriptions and Monetization Mocks,MEDX-SUBSCRIP-00189,Subscriptions and Monetization Mocks: verify entitlement expiration at a timezone boundary (skewed high volume),Media & Entertainment: verify entitlement expiration at a timezone boundary with skewed high volume,Functional,Medium,"Non-production tenant or isolated local fixture; synthetic records only; Use a large synthetic fixture with one intentionally skewed key or partition. Safety boundary: Use synthetic media and non-copyrighted test assets only, with mock licensing, channels, and payment providers. Do not publish real content, process real subscriber data, or treat synthetic engagement metrics as actual audience outcomes.","1. Create a disposable, versioned synthetic fixture: Use a large synthetic fixture with one intentionally skewed key or partition. 2. Execute the platform workflow to verify entitlement expiration at a timezone boundary. 3. Capture the committed result, resource version, or run status. 4. Compare the result with the source fixture and the declared invariant. 5. Repeat or recover the operation when applicable; verify access, audit evidence, and side effects.","The platform must correctly verify entitlement expiration at a timezone boundary; the skewed high volume condition follows the configured contract; valid state is preserved, invalid or unauthorized work is rejected or quarantined without silent loss, retries do not duplicate side effects, lineage and audit evidence remain available, and no production records or credentials are used. Safety boundary: Use synthetic media and non-copyrighted test assets only, with mock licensing, channels, and payment providers. Do not publish real content, process real subscriber data, or treat synthetic engagement metrics as actual audience outcomes.",Playwright + platform UI/API,"media-entertainment,market-platform,synthetic-data,subscriptions_monetization,skewed-high-volume"
Media & Entertainment,Subscriptions and Monetization Mocks,MEDX-SUBSCRIP-00190,Subscriptions and Monetization Mocks: audit plan and entitlement changes (skewed high volume),Media & Entertainment: audit plan and entitlement changes with skewed high volume,Functional,High,"Non-production tenant or isolated local fixture; synthetic records only; Use a large synthetic fixture with one intentionally skewed key or partition. Safety boundary: Use synthetic media and non-copyrighted test assets only, with mock licensing, channels, and payment providers. Do not publish real content, process real subscriber data, or treat synthetic engagement metrics as actual audience outcomes.","1. Create a disposable, versioned synthetic fixture: Use a large synthetic fixture with one intentionally skewed key or partition. 2. Execute the platform workflow to audit plan and entitlement changes. 3. Capture the committed result, resource version, or run status. 4. Compare the result with the source fixture and the declared invariant. 5. Repeat or recover the operation when applicable; verify access, audit evidence, and side effects.","The platform must correctly audit plan and entitlement changes; the skewed high volume condition follows the configured contract; valid state is preserved, invalid or unauthorized work is rejected or quarantined without silent loss, retries do not duplicate side effects, lineage and audit evidence remain available, and no production records or credentials are used. Safety boundary: Use synthetic media and non-copyrighted test assets only, with mock licensing, channels, and payment providers. Do not publish real content, process real subscriber data, or treat synthetic engagement metrics as actual audience outcomes.",Playwright + platform UI/API,"media-entertainment,market-platform,synthetic-data,subscriptions_monetization,skewed-high-volume"
Media & Entertainment,Subscriptions and Monetization Mocks,MEDX-SUBSCRIP-00191,Subscriptions and Monetization Mocks: create a synthetic subscription plan with versioned terms (corrupt input),Media & Entertainment: create a synthetic subscription plan with versioned terms with corrupt input,Functional,High,"Non-production tenant or isolated local fixture; synthetic records only; Include one malformed record and verify quarantine or clear failure without silent loss. Safety boundary: Use synthetic media and non-copyrighted test assets only, with mock licensing, channels, and payment providers. Do not publish real content, process real subscriber data, or treat synthetic engagement metrics as actual audience outcomes.","1. Create a disposable, versioned synthetic fixture: Include one malformed record and verify quarantine or clear failure without silent loss. 2. Execute the platform workflow to create a synthetic subscription plan with versioned terms. 3. Capture the committed result, resource version, or run status. 4. Compare the result with the source fixture and the declared invariant. 5. Repeat or recover the operation when applicable; verify access, audit evidence, and side effects.","The platform must correctly create a synthetic subscription plan with versioned terms; the corrupt input condition follows the configured contract; valid state is preserved, invalid or unauthorized work is rejected or quarantined without silent loss, retries do not duplicate side effects, lineage and audit evidence remain available, and no production records or credentials are used. Safety boundary: Use synthetic media and non-copyrighted test assets only, with mock licensing, channels, and payment providers. Do not publish real content, process real subscriber data, or treat synthetic engagement metrics as actual audience outcomes.",Playwright + platform UI/API,"media-entertainment,market-platform,synthetic-data,subscriptions_monetization,corrupt-input"
Media & Entertainment,Subscriptions and Monetization Mocks,MEDX-SUBSCRIP-00192,Subscriptions and Monetization Mocks: activate a test subscription through a mock provider (corrupt input),Media & Entertainment: activate a test subscription through a mock provider with corrupt input,Functional,High,"Non-production tenant or isolated local fixture; synthetic records only; Include one malformed record and verify quarantine or clear failure without silent loss. Safety boundary: Use synthetic media and non-copyrighted test assets only, with mock licensing, channels, and payment providers. Do not publish real content, process real subscriber data, or treat synthetic engagement metrics as actual audience outcomes.","1. Create a disposable, versioned synthetic fixture: Include one malformed record and verify quarantine or clear failure without silent loss. 2. Execute the platform workflow to activate a test subscription through a mock provider. 3. Capture the committed result, resource version, or run status. 4. Compare the result with the source fixture and the declared invariant. 5. Repeat or recover the operation when applicable; verify access, audit evidence, and side effects.","The platform must correctly activate a test subscription through a mock provider; the corrupt input condition follows the configured contract; valid state is preserved, invalid or unauthorized work is rejected or quarantined without silent loss, retries do not duplicate side effects, lineage and audit evidence remain available, and no production records or credentials are used. Safety boundary: Use synthetic media and non-copyrighted test assets only, with mock licensing, channels, and payment providers. Do not publish real content, process real subscriber data, or treat synthetic engagement metrics as actual audience outcomes.",Playwright + platform UI/API,"media-entertainment,market-platform,synthetic-data,subscriptions_monetization,corrupt-input"
Media & Entertainment,Subscriptions and Monetization Mocks,MEDX-SUBSCRIP-00193,Subscriptions and Monetization Mocks: apply a promotion only within its configured date window (corrupt input),Media & Entertainment: apply a promotion only within its configured date window with corrupt input,Functional,Medium,"Non-production tenant or isolated local fixture; synthetic records only; Include one malformed record and verify quarantine or clear failure without silent loss. Safety boundary: Use synthetic media and non-copyrighted test assets only, with mock licensing, channels, and payment providers. Do not publish real content, process real subscriber data, or treat synthetic engagement metrics as actual audience outcomes.","1. Create a disposable, versioned synthetic fixture: Include one malformed record and verify quarantine or clear failure without silent loss. 2. Execute the platform workflow to apply a promotion only within its configured date window. 3. Capture the committed result, resource version, or run status. 4. Compare the result with the source fixture and the declared invariant. 5. Repeat or recover the operation when applicable; verify access, audit evidence, and side effects.","The platform must correctly apply a promotion only within its configured date window; the corrupt input condition follows the configured contract; valid state is preserved, invalid or unauthorized work is rejected or quarantined without silent loss, retries do not duplicate side effects, lineage and audit evidence remain available, and no production records or credentials are used. Safety boundary: Use synthetic media and non-copyrighted test assets only, with mock licensing, channels, and payment providers. Do not publish real content, process real subscriber data, or treat synthetic engagement metrics as actual audience outcomes.",Playwright + platform UI/API,"media-entertainment,market-platform,synthetic-data,subscriptions_monetization,corrupt-input"
Media & Entertainment,Subscriptions and Monetization Mocks,MEDX-SUBSCRIP-00194,Subscriptions and Monetization Mocks: prevent duplicate entitlement grant after payment retry (corrupt input),Media & Entertainment: prevent duplicate entitlement grant after payment retry with corrupt input,Functional,High,"Non-production tenant or isolated local fixture; synthetic records only; Include one malformed record and verify quarantine or clear failure without silent loss. Safety boundary: Use synthetic media and non-copyrighted test assets only, with mock licensing, channels, and payment providers. Do not publish real content, process real subscriber data, or treat synthetic engagement metrics as actual audience outcomes.","1. Create a disposable, versioned synthetic fixture: Include one malformed record and verify quarantine or clear failure without silent loss. 2. Execute the platform workflow to prevent duplicate entitlement grant after payment retry. 3. Capture the committed result, resource version, or run status. 4. Compare the result with the source fixture and the declared invariant. 5. Repeat or recover the operation when applicable; verify access, audit evidence, and side effects.","The platform must correctly prevent duplicate entitlement grant after payment retry; the corrupt input condition follows the configured contract; valid state is preserved, invalid or unauthorized work is rejected or quarantined without silent loss, retries do not duplicate side effects, lineage and audit evidence remain available, and no production records or credentials are used. Safety boundary: Use synthetic media and non-copyrighted test assets only, with mock licensing, channels, and payment providers. Do not publish real content, process real subscriber data, or treat synthetic engagement metrics as actual audience outcomes.",Playwright + platform UI/API,"media-entertainment,market-platform,synthetic-data,subscriptions_monetization,corrupt-input"
Media & Entertainment,Subscriptions and Monetization Mocks,MEDX-SUBSCRIP-00195,Subscriptions and Monetization Mocks: cancel a test subscription and apply mock access rules (corrupt input),Media & Entertainment: cancel a test subscription and apply mock access rules with corrupt input,Functional,High,"Non-production tenant or isolated local fixture; synthetic records only; Include one malformed record and verify quarantine or clear failure without silent loss. Safety boundary: Use synthetic media and non-copyrighted test assets only, with mock licensing, channels, and payment providers. Do not publish real content, process real subscriber data, or treat synthetic engagement metrics as actual audience outcomes.","1. Create a disposable, versioned synthetic fixture: Include one malformed record and verify quarantine or clear failure without silent loss. 2. Execute the platform workflow to cancel a test subscription and apply mock access rules. 3. Capture the committed result, resource version, or run status. 4. Compare the result with the source fixture and the declared invariant. 5. Repeat or recover the operation when applicable; verify access, audit evidence, and side effects.","The platform must correctly cancel a test subscription and apply mock access rules; the corrupt input condition follows the configured contract; valid state is preserved, invalid or unauthorized work is rejected or quarantined without silent loss, retries do not duplicate side effects, lineage and audit evidence remain available, and no production records or credentials are used. Safety boundary: Use synthetic media and non-copyrighted test assets only, with mock licensing, channels, and payment providers. Do not publish real content, process real subscriber data, or treat synthetic engagement metrics as actual audience outcomes.",Playwright + platform UI/API,"media-entertainment,market-platform,synthetic-data,subscriptions_monetization,corrupt-input"
Media & Entertainment,Subscriptions and Monetization Mocks,MEDX-SUBSCRIP-00196,Subscriptions and Monetization Mocks: reconcile simulated revenue events with the test ledger (corrupt input),Media & Entertainment: reconcile simulated revenue events with the test ledger with corrupt input,Functional,High,"Non-production tenant or isolated local fixture; synthetic records only; Include one malformed record and verify quarantine or clear failure without silent loss. Safety boundary: Use synthetic media and non-copyrighted test assets only, with mock licensing, channels, and payment providers. Do not publish real content, process real subscriber data, or treat synthetic engagement metrics as actual audience outcomes.","1. Create a disposable, versioned synthetic fixture: Include one malformed record and verify quarantine or clear failure without silent loss. 2. Execute the platform workflow to reconcile simulated revenue events with the test ledger. 3. Capture the committed result, resource version, or run status. 4. Compare the result with the source fixture and the declared invariant. 5. Repeat or recover the operation when applicable; verify access, audit evidence, and side effects.","The platform must correctly reconcile simulated revenue events with the test ledger; the corrupt input condition follows the configured contract; valid state is preserved, invalid or unauthorized work is rejected or quarantined without silent loss, retries do not duplicate side effects, lineage and audit evidence remain available, and no production records or credentials are used. Safety boundary: Use synthetic media and non-copyrighted test assets only, with mock licensing, channels, and payment providers. Do not publish real content, process real subscriber data, or treat synthetic engagement metrics as actual audience outcomes.",Playwright + platform UI/API,"media-entertainment,market-platform,synthetic-data,subscriptions_monetization,corrupt-input"
Media & Entertainment,Subscriptions and Monetization Mocks,MEDX-SUBSCRIP-00197,Subscriptions and Monetization Mocks: handle a provider timeout without asserting settlement (corrupt input),Media & Entertainment: handle a provider timeout without asserting settlement with corrupt input,Functional,Medium,"Non-production tenant or isolated local fixture; synthetic records only; Include one malformed record and verify quarantine or clear failure without silent loss. Safety boundary: Use synthetic media and non-copyrighted test assets only, with mock licensing, channels, and payment providers. Do not publish real content, process real subscriber data, or treat synthetic engagement metrics as actual audience outcomes.","1. Create a disposable, versioned synthetic fixture: Include one malformed record and verify quarantine or clear failure without silent loss. 2. Execute the platform workflow to handle a provider timeout without asserting settlement. 3. Capture the committed result, resource version, or run status. 4. Compare the result with the source fixture and the declared invariant. 5. Repeat or recover the operation when applicable; verify access, audit evidence, and side effects.","The platform must correctly handle a provider timeout without asserting settlement; the corrupt input condition follows the configured contract; valid state is preserved, invalid or unauthorized work is rejected or quarantined without silent loss, retries do not duplicate side effects, lineage and audit evidence remain available, and no production records or credentials are used. Safety boundary: Use synthetic media and non-copyrighted test assets only, with mock licensing, channels, and payment providers. Do not publish real content, process real subscriber data, or treat synthetic engagement metrics as actual audience outcomes.",Playwright + platform UI/API,"media-entertainment,market-platform,synthetic-data,subscriptions_monetization,corrupt-input"
Media & Entertainment,Subscriptions and Monetization Mocks,MEDX-SUBSCRIP-00198,Subscriptions and Monetization Mocks: restrict subscriber details by assigned role (corrupt input),Media & Entertainment: restrict subscriber details by assigned role with corrupt input,Functional,High,"Non-production tenant or isolated local fixture; synthetic records only; Include one malformed record and verify quarantine or clear failure without silent loss. Safety boundary: Use synthetic media and non-copyrighted test assets only, with mock licensing, channels, and payment providers. Do not publish real content, process real subscriber data, or treat synthetic engagement metrics as actual audience outcomes.","1. Create a disposable, versioned synthetic fixture: Include one malformed record and verify quarantine or clear failure without silent loss. 2. Execute the platform workflow to restrict subscriber details by assigned role. 3. Capture the committed result, resource version, or run status. 4. Compare the result with the source fixture and the declared invariant. 5. Repeat or recover the operation when applicable; verify access, audit evidence, and side effects.","The platform must correctly restrict subscriber details by assigned role; the corrupt input condition follows the configured contract; valid state is preserved, invalid or unauthorized work is rejected or quarantined without silent loss, retries do not duplicate side effects, lineage and audit evidence remain available, and no production records or credentials are used. Safety boundary: Use synthetic media and non-copyrighted test assets only, with mock licensing, channels, and payment providers. Do not publish real content, process real subscriber data, or treat synthetic engagement metrics as actual audience outcomes.",Playwright + platform UI/API,"media-entertainment,market-platform,synthetic-data,subscriptions_monetization,corrupt-input"
Media & Entertainment,Subscriptions and Monetization Mocks,MEDX-SUBSCRIP-00199,Subscriptions and Monetization Mocks: verify entitlement expiration at a timezone boundary (corrupt input),Media & Entertainment: verify entitlement expiration at a timezone boundary with corrupt input,Functional,High,"Non-production tenant or isolated local fixture; synthetic records only; Include one malformed record and verify quarantine or clear failure without silent loss. Safety boundary: Use synthetic media and non-copyrighted test assets only, with mock licensing, channels, and payment providers. Do not publish real content, process real subscriber data, or treat synthetic engagement metrics as actual audience outcomes.","1. Create a disposable, versioned synthetic fixture: Include one malformed record and verify quarantine or clear failure without silent loss. 2. Execute the platform workflow to verify entitlement expiration at a timezone boundary. 3. Capture the committed result, resource version, or run status. 4. Compare the result with the source fixture and the declared invariant. 5. Repeat or recover the operation when applicable; verify access, audit evidence, and side effects.","The platform must correctly verify entitlement expiration at a timezone boundary; the corrupt input condition follows the configured contract; valid state is preserved, invalid or unauthorized work is rejected or quarantined without silent loss, retries do not duplicate side effects, lineage and audit evidence remain available, and no production records or credentials are used. Safety boundary: Use synthetic media and non-copyrighted test assets only, with mock licensing, channels, and payment providers. Do not publish real content, process real subscriber data, or treat synthetic engagement metrics as actual audience outcomes.",Playwright + platform UI/API,"media-entertainment,market-platform,synthetic-data,subscriptions_monetization,corrupt-input"
Media & Entertainment,Subscriptions and Monetization Mocks,MEDX-SUBSCRIP-00200,Subscriptions and Monetization Mocks: audit plan and entitlement changes (corrupt input),Media & Entertainment: audit plan and entitlement changes with corrupt input,Functional,High,"Non-production tenant or isolated local fixture; synthetic records only; Include one malformed record and verify quarantine or clear failure without silent loss. Safety boundary: Use synthetic media and non-copyrighted test assets only, with mock licensing, channels, and payment providers. Do not publish real content, process real subscriber data, or treat synthetic engagement metrics as actual audience outcomes.","1. Create a disposable, versioned synthetic fixture: Include one malformed record and verify quarantine or clear failure without silent loss. 2. Execute the platform workflow to audit plan and entitlement changes. 3. Capture the committed result, resource version, or run status. 4. Compare the result with the source fixture and the declared invariant. 5. Repeat or recover the operation when applicable; verify access, audit evidence, and side effects.","The platform must correctly audit plan and entitlement changes; the corrupt input condition follows the configured contract; valid state is preserved, invalid or unauthorized work is rejected or quarantined without silent loss, retries do not duplicate side effects, lineage and audit evidence remain available, and no production records or credentials are used. Safety boundary: Use synthetic media and non-copyrighted test assets only, with mock licensing, channels, and payment providers. Do not publish real content, process real subscriber data, or treat synthetic engagement metrics as actual audience outcomes.",Playwright + platform UI/API,"media-entertainment,market-platform,synthetic-data,subscriptions_monetization,corrupt-input"
