product,module,test_case_id,test_scenario,test_case_name,test_type,priority,preconditions,test_steps,expected_result,automation_framework,tags
Automotive & Mobility,Dealer and Retail Operations,AUTOX-DEALER_R-00001,Dealer and Retail Operations: create a synthetic dealer location with a scoped role (clean baseline),Automotive & Mobility: create a synthetic dealer location with a scoped role with clean baseline,Functional,Medium,"Non-production tenant or isolated local fixture; synthetic records only; Use a disposable workspace, tenant, project, and versioned synthetic fixture. Safety boundary: Use synthetic vehicle profiles, offline test benches, and simulated services only. Never send commands to a live vehicle, charging network, or public road system; these scenarios do not establish vehicle safety or regulatory certification.","1. Create a disposable, versioned synthetic fixture: Use a disposable workspace, tenant, project, and versioned synthetic fixture. 2. Execute the platform workflow to create a synthetic dealer location with a scoped role. 3. Capture the committed result, resource version, or run status. 4. Compare the result with the source fixture and the declared invariant. 5. Repeat or recover the operation when applicable; verify access, audit evidence, and side effects.","The platform must correctly create a synthetic dealer location with a scoped role; the clean baseline condition follows the configured contract; valid state is preserved, invalid or unauthorized work is rejected or quarantined without silent loss, retries do not duplicate side effects, lineage and audit evidence remain available, and no production records or credentials are used. Safety boundary: Use synthetic vehicle profiles, offline test benches, and simulated services only. Never send commands to a live vehicle, charging network, or public road system; these scenarios do not establish vehicle safety or regulatory certification.",Playwright + platform UI/API,"automotive-mobility,market-platform,synthetic-data,dealer_retail,clean-baseline"
Automotive & Mobility,Dealer and Retail Operations,AUTOX-DEALER_R-00002,Dealer and Retail Operations: publish an approved vehicle offer to a test market (clean baseline),Automotive & Mobility: publish an approved vehicle offer to a test market with clean baseline,Functional,High,"Non-production tenant or isolated local fixture; synthetic records only; Use a disposable workspace, tenant, project, and versioned synthetic fixture. Safety boundary: Use synthetic vehicle profiles, offline test benches, and simulated services only. Never send commands to a live vehicle, charging network, or public road system; these scenarios do not establish vehicle safety or regulatory certification.","1. Create a disposable, versioned synthetic fixture: Use a disposable workspace, tenant, project, and versioned synthetic fixture. 2. Execute the platform workflow to publish an approved vehicle offer to a test market. 3. Capture the committed result, resource version, or run status. 4. Compare the result with the source fixture and the declared invariant. 5. Repeat or recover the operation when applicable; verify access, audit evidence, and side effects.","The platform must correctly publish an approved vehicle offer to a test market; the clean baseline condition follows the configured contract; valid state is preserved, invalid or unauthorized work is rejected or quarantined without silent loss, retries do not duplicate side effects, lineage and audit evidence remain available, and no production records or credentials are used. Safety boundary: Use synthetic vehicle profiles, offline test benches, and simulated services only. Never send commands to a live vehicle, charging network, or public road system; these scenarios do not establish vehicle safety or regulatory certification.",Playwright + platform UI/API,"automotive-mobility,market-platform,synthetic-data,dealer_retail,clean-baseline"
Automotive & Mobility,Dealer and Retail Operations,AUTOX-DEALER_R-00003,Dealer and Retail Operations: prevent a dealer user from viewing another region's draft (clean baseline),Automotive & Mobility: prevent a dealer user from viewing another region's draft with clean baseline,Functional,High,"Non-production tenant or isolated local fixture; synthetic records only; Use a disposable workspace, tenant, project, and versioned synthetic fixture. Safety boundary: Use synthetic vehicle profiles, offline test benches, and simulated services only. Never send commands to a live vehicle, charging network, or public road system; these scenarios do not establish vehicle safety or regulatory certification.","1. Create a disposable, versioned synthetic fixture: Use a disposable workspace, tenant, project, and versioned synthetic fixture. 2. Execute the platform workflow to prevent a dealer user from viewing another region's draft. 3. Capture the committed result, resource version, or run status. 4. Compare the result with the source fixture and the declared invariant. 5. Repeat or recover the operation when applicable; verify access, audit evidence, and side effects.","The platform must correctly prevent a dealer user from viewing another region's draft; the clean baseline condition follows the configured contract; valid state is preserved, invalid or unauthorized work is rejected or quarantined without silent loss, retries do not duplicate side effects, lineage and audit evidence remain available, and no production records or credentials are used. Safety boundary: Use synthetic vehicle profiles, offline test benches, and simulated services only. Never send commands to a live vehicle, charging network, or public road system; these scenarios do not establish vehicle safety or regulatory certification.",Playwright + platform UI/API,"automotive-mobility,market-platform,synthetic-data,dealer_retail,clean-baseline"
Automotive & Mobility,Dealer and Retail Operations,AUTOX-DEALER_R-00004,Dealer and Retail Operations: reserve a synthetic inventory unit with an idempotency key (clean baseline),Automotive & Mobility: reserve a synthetic inventory unit with an idempotency key with clean baseline,Functional,High,"Non-production tenant or isolated local fixture; synthetic records only; Use a disposable workspace, tenant, project, and versioned synthetic fixture. Safety boundary: Use synthetic vehicle profiles, offline test benches, and simulated services only. Never send commands to a live vehicle, charging network, or public road system; these scenarios do not establish vehicle safety or regulatory certification.","1. Create a disposable, versioned synthetic fixture: Use a disposable workspace, tenant, project, and versioned synthetic fixture. 2. Execute the platform workflow to reserve a synthetic inventory unit with an idempotency key. 3. Capture the committed result, resource version, or run status. 4. Compare the result with the source fixture and the declared invariant. 5. Repeat or recover the operation when applicable; verify access, audit evidence, and side effects.","The platform must correctly reserve a synthetic inventory unit with an idempotency key; the clean baseline condition follows the configured contract; valid state is preserved, invalid or unauthorized work is rejected or quarantined without silent loss, retries do not duplicate side effects, lineage and audit evidence remain available, and no production records or credentials are used. Safety boundary: Use synthetic vehicle profiles, offline test benches, and simulated services only. Never send commands to a live vehicle, charging network, or public road system; these scenarios do not establish vehicle safety or regulatory certification.",Playwright + platform UI/API,"automotive-mobility,market-platform,synthetic-data,dealer_retail,clean-baseline"
Automotive & Mobility,Dealer and Retail Operations,AUTOX-DEALER_R-00005,Dealer and Retail Operations: release a reservation after its configured expiry (clean baseline),Automotive & Mobility: release a reservation after its configured expiry with clean baseline,Functional,Medium,"Non-production tenant or isolated local fixture; synthetic records only; Use a disposable workspace, tenant, project, and versioned synthetic fixture. Safety boundary: Use synthetic vehicle profiles, offline test benches, and simulated services only. Never send commands to a live vehicle, charging network, or public road system; these scenarios do not establish vehicle safety or regulatory certification.","1. Create a disposable, versioned synthetic fixture: Use a disposable workspace, tenant, project, and versioned synthetic fixture. 2. Execute the platform workflow to release a reservation after its configured expiry. 3. Capture the committed result, resource version, or run status. 4. Compare the result with the source fixture and the declared invariant. 5. Repeat or recover the operation when applicable; verify access, audit evidence, and side effects.","The platform must correctly release a reservation after its configured expiry; the clean baseline condition follows the configured contract; valid state is preserved, invalid or unauthorized work is rejected or quarantined without silent loss, retries do not duplicate side effects, lineage and audit evidence remain available, and no production records or credentials are used. Safety boundary: Use synthetic vehicle profiles, offline test benches, and simulated services only. Never send commands to a live vehicle, charging network, or public road system; these scenarios do not establish vehicle safety or regulatory certification.",Playwright + platform UI/API,"automotive-mobility,market-platform,synthetic-data,dealer_retail,clean-baseline"
Automotive & Mobility,Dealer and Retail Operations,AUTOX-DEALER_R-00006,Dealer and Retail Operations: reconcile dealer allocation with central inventory fixtures (clean baseline),Automotive & Mobility: reconcile dealer allocation with central inventory fixtures with clean baseline,Functional,High,"Non-production tenant or isolated local fixture; synthetic records only; Use a disposable workspace, tenant, project, and versioned synthetic fixture. Safety boundary: Use synthetic vehicle profiles, offline test benches, and simulated services only. Never send commands to a live vehicle, charging network, or public road system; these scenarios do not establish vehicle safety or regulatory certification.","1. Create a disposable, versioned synthetic fixture: Use a disposable workspace, tenant, project, and versioned synthetic fixture. 2. Execute the platform workflow to reconcile dealer allocation with central inventory fixtures. 3. Capture the committed result, resource version, or run status. 4. Compare the result with the source fixture and the declared invariant. 5. Repeat or recover the operation when applicable; verify access, audit evidence, and side effects.","The platform must correctly reconcile dealer allocation with central inventory fixtures; the clean baseline condition follows the configured contract; valid state is preserved, invalid or unauthorized work is rejected or quarantined without silent loss, retries do not duplicate side effects, lineage and audit evidence remain available, and no production records or credentials are used. Safety boundary: Use synthetic vehicle profiles, offline test benches, and simulated services only. Never send commands to a live vehicle, charging network, or public road system; these scenarios do not establish vehicle safety or regulatory certification.",Playwright + platform UI/API,"automotive-mobility,market-platform,synthetic-data,dealer_retail,clean-baseline"
Automotive & Mobility,Dealer and Retail Operations,AUTOX-DEALER_R-00007,Dealer and Retail Operations: validate incentive eligibility at a date boundary (clean baseline),Automotive & Mobility: validate incentive eligibility at a date boundary with clean baseline,Functional,High,"Non-production tenant or isolated local fixture; synthetic records only; Use a disposable workspace, tenant, project, and versioned synthetic fixture. Safety boundary: Use synthetic vehicle profiles, offline test benches, and simulated services only. Never send commands to a live vehicle, charging network, or public road system; these scenarios do not establish vehicle safety or regulatory certification.","1. Create a disposable, versioned synthetic fixture: Use a disposable workspace, tenant, project, and versioned synthetic fixture. 2. Execute the platform workflow to validate incentive eligibility at a date boundary. 3. Capture the committed result, resource version, or run status. 4. Compare the result with the source fixture and the declared invariant. 5. Repeat or recover the operation when applicable; verify access, audit evidence, and side effects.","The platform must correctly validate incentive eligibility at a date boundary; the clean baseline condition follows the configured contract; valid state is preserved, invalid or unauthorized work is rejected or quarantined without silent loss, retries do not duplicate side effects, lineage and audit evidence remain available, and no production records or credentials are used. Safety boundary: Use synthetic vehicle profiles, offline test benches, and simulated services only. Never send commands to a live vehicle, charging network, or public road system; these scenarios do not establish vehicle safety or regulatory certification.",Playwright + platform UI/API,"automotive-mobility,market-platform,synthetic-data,dealer_retail,clean-baseline"
Automotive & Mobility,Dealer and Retail Operations,AUTOX-DEALER_R-00008,Dealer and Retail Operations: route a pricing exception to an authorized reviewer (clean baseline),Automotive & Mobility: route a pricing exception to an authorized reviewer with clean baseline,Functional,High,"Non-production tenant or isolated local fixture; synthetic records only; Use a disposable workspace, tenant, project, and versioned synthetic fixture. Safety boundary: Use synthetic vehicle profiles, offline test benches, and simulated services only. Never send commands to a live vehicle, charging network, or public road system; these scenarios do not establish vehicle safety or regulatory certification.","1. Create a disposable, versioned synthetic fixture: Use a disposable workspace, tenant, project, and versioned synthetic fixture. 2. Execute the platform workflow to route a pricing exception to an authorized reviewer. 3. Capture the committed result, resource version, or run status. 4. Compare the result with the source fixture and the declared invariant. 5. Repeat or recover the operation when applicable; verify access, audit evidence, and side effects.","The platform must correctly route a pricing exception to an authorized reviewer; the clean baseline condition follows the configured contract; valid state is preserved, invalid or unauthorized work is rejected or quarantined without silent loss, retries do not duplicate side effects, lineage and audit evidence remain available, and no production records or credentials are used. Safety boundary: Use synthetic vehicle profiles, offline test benches, and simulated services only. Never send commands to a live vehicle, charging network, or public road system; these scenarios do not establish vehicle safety or regulatory certification.",Playwright + platform UI/API,"automotive-mobility,market-platform,synthetic-data,dealer_retail,clean-baseline"
Automotive & Mobility,Dealer and Retail Operations,AUTOX-DEALER_R-00009,Dealer and Retail Operations: export a dealer catalog with restricted fields masked (clean baseline),Automotive & Mobility: export a dealer catalog with restricted fields masked with clean baseline,Functional,Medium,"Non-production tenant or isolated local fixture; synthetic records only; Use a disposable workspace, tenant, project, and versioned synthetic fixture. Safety boundary: Use synthetic vehicle profiles, offline test benches, and simulated services only. Never send commands to a live vehicle, charging network, or public road system; these scenarios do not establish vehicle safety or regulatory certification.","1. Create a disposable, versioned synthetic fixture: Use a disposable workspace, tenant, project, and versioned synthetic fixture. 2. Execute the platform workflow to export a dealer catalog with restricted fields masked. 3. Capture the committed result, resource version, or run status. 4. Compare the result with the source fixture and the declared invariant. 5. Repeat or recover the operation when applicable; verify access, audit evidence, and side effects.","The platform must correctly export a dealer catalog with restricted fields masked; the clean baseline condition follows the configured contract; valid state is preserved, invalid or unauthorized work is rejected or quarantined without silent loss, retries do not duplicate side effects, lineage and audit evidence remain available, and no production records or credentials are used. Safety boundary: Use synthetic vehicle profiles, offline test benches, and simulated services only. Never send commands to a live vehicle, charging network, or public road system; these scenarios do not establish vehicle safety or regulatory certification.",Playwright + platform UI/API,"automotive-mobility,market-platform,synthetic-data,dealer_retail,clean-baseline"
Automotive & Mobility,Dealer and Retail Operations,AUTOX-DEALER_R-00010,Dealer and Retail Operations: audit offer publication and withdrawal (clean baseline),Automotive & Mobility: audit offer publication and withdrawal with clean baseline,Functional,High,"Non-production tenant or isolated local fixture; synthetic records only; Use a disposable workspace, tenant, project, and versioned synthetic fixture. Safety boundary: Use synthetic vehicle profiles, offline test benches, and simulated services only. Never send commands to a live vehicle, charging network, or public road system; these scenarios do not establish vehicle safety or regulatory certification.","1. Create a disposable, versioned synthetic fixture: Use a disposable workspace, tenant, project, and versioned synthetic fixture. 2. Execute the platform workflow to audit offer publication and withdrawal. 3. Capture the committed result, resource version, or run status. 4. Compare the result with the source fixture and the declared invariant. 5. Repeat or recover the operation when applicable; verify access, audit evidence, and side effects.","The platform must correctly audit offer publication and withdrawal; the clean baseline condition follows the configured contract; valid state is preserved, invalid or unauthorized work is rejected or quarantined without silent loss, retries do not duplicate side effects, lineage and audit evidence remain available, and no production records or credentials are used. Safety boundary: Use synthetic vehicle profiles, offline test benches, and simulated services only. Never send commands to a live vehicle, charging network, or public road system; these scenarios do not establish vehicle safety or regulatory certification.",Playwright + platform UI/API,"automotive-mobility,market-platform,synthetic-data,dealer_retail,clean-baseline"
Automotive & Mobility,Dealer and Retail Operations,AUTOX-DEALER_R-00011,Dealer and Retail Operations: create a synthetic dealer location with a scoped role (empty input),Automotive & Mobility: create a synthetic dealer location with a scoped role with empty input,Functional,High,"Non-production tenant or isolated local fixture; synthetic records only; Use an empty source or namespace and verify defined empty-result behavior. Safety boundary: Use synthetic vehicle profiles, offline test benches, and simulated services only. Never send commands to a live vehicle, charging network, or public road system; these scenarios do not establish vehicle safety or regulatory certification.","1. Create a disposable, versioned synthetic fixture: Use an empty source or namespace and verify defined empty-result behavior. 2. Execute the platform workflow to create a synthetic dealer location with a scoped role. 3. Capture the committed result, resource version, or run status. 4. Compare the result with the source fixture and the declared invariant. 5. Repeat or recover the operation when applicable; verify access, audit evidence, and side effects.","The platform must correctly create a synthetic dealer location with a scoped role; the empty input condition follows the configured contract; valid state is preserved, invalid or unauthorized work is rejected or quarantined without silent loss, retries do not duplicate side effects, lineage and audit evidence remain available, and no production records or credentials are used. Safety boundary: Use synthetic vehicle profiles, offline test benches, and simulated services only. Never send commands to a live vehicle, charging network, or public road system; these scenarios do not establish vehicle safety or regulatory certification.",Playwright + platform UI/API,"automotive-mobility,market-platform,synthetic-data,dealer_retail,empty-input"
Automotive & Mobility,Dealer and Retail Operations,AUTOX-DEALER_R-00012,Dealer and Retail Operations: publish an approved vehicle offer to a test market (empty input),Automotive & Mobility: publish an approved vehicle offer to a test market with empty input,Functional,High,"Non-production tenant or isolated local fixture; synthetic records only; Use an empty source or namespace and verify defined empty-result behavior. Safety boundary: Use synthetic vehicle profiles, offline test benches, and simulated services only. Never send commands to a live vehicle, charging network, or public road system; these scenarios do not establish vehicle safety or regulatory certification.","1. Create a disposable, versioned synthetic fixture: Use an empty source or namespace and verify defined empty-result behavior. 2. Execute the platform workflow to publish an approved vehicle offer to a test market. 3. Capture the committed result, resource version, or run status. 4. Compare the result with the source fixture and the declared invariant. 5. Repeat or recover the operation when applicable; verify access, audit evidence, and side effects.","The platform must correctly publish an approved vehicle offer to a test market; the empty input condition follows the configured contract; valid state is preserved, invalid or unauthorized work is rejected or quarantined without silent loss, retries do not duplicate side effects, lineage and audit evidence remain available, and no production records or credentials are used. Safety boundary: Use synthetic vehicle profiles, offline test benches, and simulated services only. Never send commands to a live vehicle, charging network, or public road system; these scenarios do not establish vehicle safety or regulatory certification.",Playwright + platform UI/API,"automotive-mobility,market-platform,synthetic-data,dealer_retail,empty-input"
Automotive & Mobility,Dealer and Retail Operations,AUTOX-DEALER_R-00013,Dealer and Retail Operations: prevent a dealer user from viewing another region's draft (empty input),Automotive & Mobility: prevent a dealer user from viewing another region's draft with empty input,Functional,Medium,"Non-production tenant or isolated local fixture; synthetic records only; Use an empty source or namespace and verify defined empty-result behavior. Safety boundary: Use synthetic vehicle profiles, offline test benches, and simulated services only. Never send commands to a live vehicle, charging network, or public road system; these scenarios do not establish vehicle safety or regulatory certification.","1. Create a disposable, versioned synthetic fixture: Use an empty source or namespace and verify defined empty-result behavior. 2. Execute the platform workflow to prevent a dealer user from viewing another region's draft. 3. Capture the committed result, resource version, or run status. 4. Compare the result with the source fixture and the declared invariant. 5. Repeat or recover the operation when applicable; verify access, audit evidence, and side effects.","The platform must correctly prevent a dealer user from viewing another region's draft; the empty input condition follows the configured contract; valid state is preserved, invalid or unauthorized work is rejected or quarantined without silent loss, retries do not duplicate side effects, lineage and audit evidence remain available, and no production records or credentials are used. Safety boundary: Use synthetic vehicle profiles, offline test benches, and simulated services only. Never send commands to a live vehicle, charging network, or public road system; these scenarios do not establish vehicle safety or regulatory certification.",Playwright + platform UI/API,"automotive-mobility,market-platform,synthetic-data,dealer_retail,empty-input"
Automotive & Mobility,Dealer and Retail Operations,AUTOX-DEALER_R-00014,Dealer and Retail Operations: reserve a synthetic inventory unit with an idempotency key (empty input),Automotive & Mobility: reserve a synthetic inventory unit with an idempotency key with empty input,Functional,High,"Non-production tenant or isolated local fixture; synthetic records only; Use an empty source or namespace and verify defined empty-result behavior. Safety boundary: Use synthetic vehicle profiles, offline test benches, and simulated services only. Never send commands to a live vehicle, charging network, or public road system; these scenarios do not establish vehicle safety or regulatory certification.","1. Create a disposable, versioned synthetic fixture: Use an empty source or namespace and verify defined empty-result behavior. 2. Execute the platform workflow to reserve a synthetic inventory unit with an idempotency key. 3. Capture the committed result, resource version, or run status. 4. Compare the result with the source fixture and the declared invariant. 5. Repeat or recover the operation when applicable; verify access, audit evidence, and side effects.","The platform must correctly reserve a synthetic inventory unit with an idempotency key; the empty input condition follows the configured contract; valid state is preserved, invalid or unauthorized work is rejected or quarantined without silent loss, retries do not duplicate side effects, lineage and audit evidence remain available, and no production records or credentials are used. Safety boundary: Use synthetic vehicle profiles, offline test benches, and simulated services only. Never send commands to a live vehicle, charging network, or public road system; these scenarios do not establish vehicle safety or regulatory certification.",Playwright + platform UI/API,"automotive-mobility,market-platform,synthetic-data,dealer_retail,empty-input"
Automotive & Mobility,Dealer and Retail Operations,AUTOX-DEALER_R-00015,Dealer and Retail Operations: release a reservation after its configured expiry (empty input),Automotive & Mobility: release a reservation after its configured expiry with empty input,Functional,High,"Non-production tenant or isolated local fixture; synthetic records only; Use an empty source or namespace and verify defined empty-result behavior. Safety boundary: Use synthetic vehicle profiles, offline test benches, and simulated services only. Never send commands to a live vehicle, charging network, or public road system; these scenarios do not establish vehicle safety or regulatory certification.","1. Create a disposable, versioned synthetic fixture: Use an empty source or namespace and verify defined empty-result behavior. 2. Execute the platform workflow to release a reservation after its configured expiry. 3. Capture the committed result, resource version, or run status. 4. Compare the result with the source fixture and the declared invariant. 5. Repeat or recover the operation when applicable; verify access, audit evidence, and side effects.","The platform must correctly release a reservation after its configured expiry; the empty input condition follows the configured contract; valid state is preserved, invalid or unauthorized work is rejected or quarantined without silent loss, retries do not duplicate side effects, lineage and audit evidence remain available, and no production records or credentials are used. Safety boundary: Use synthetic vehicle profiles, offline test benches, and simulated services only. Never send commands to a live vehicle, charging network, or public road system; these scenarios do not establish vehicle safety or regulatory certification.",Playwright + platform UI/API,"automotive-mobility,market-platform,synthetic-data,dealer_retail,empty-input"
Automotive & Mobility,Dealer and Retail Operations,AUTOX-DEALER_R-00016,Dealer and Retail Operations: reconcile dealer allocation with central inventory fixtures (empty input),Automotive & Mobility: reconcile dealer allocation with central inventory fixtures with empty input,Functional,High,"Non-production tenant or isolated local fixture; synthetic records only; Use an empty source or namespace and verify defined empty-result behavior. Safety boundary: Use synthetic vehicle profiles, offline test benches, and simulated services only. Never send commands to a live vehicle, charging network, or public road system; these scenarios do not establish vehicle safety or regulatory certification.","1. Create a disposable, versioned synthetic fixture: Use an empty source or namespace and verify defined empty-result behavior. 2. Execute the platform workflow to reconcile dealer allocation with central inventory fixtures. 3. Capture the committed result, resource version, or run status. 4. Compare the result with the source fixture and the declared invariant. 5. Repeat or recover the operation when applicable; verify access, audit evidence, and side effects.","The platform must correctly reconcile dealer allocation with central inventory fixtures; the empty input condition follows the configured contract; valid state is preserved, invalid or unauthorized work is rejected or quarantined without silent loss, retries do not duplicate side effects, lineage and audit evidence remain available, and no production records or credentials are used. Safety boundary: Use synthetic vehicle profiles, offline test benches, and simulated services only. Never send commands to a live vehicle, charging network, or public road system; these scenarios do not establish vehicle safety or regulatory certification.",Playwright + platform UI/API,"automotive-mobility,market-platform,synthetic-data,dealer_retail,empty-input"
Automotive & Mobility,Dealer and Retail Operations,AUTOX-DEALER_R-00017,Dealer and Retail Operations: validate incentive eligibility at a date boundary (empty input),Automotive & Mobility: validate incentive eligibility at a date boundary with empty input,Functional,Medium,"Non-production tenant or isolated local fixture; synthetic records only; Use an empty source or namespace and verify defined empty-result behavior. Safety boundary: Use synthetic vehicle profiles, offline test benches, and simulated services only. Never send commands to a live vehicle, charging network, or public road system; these scenarios do not establish vehicle safety or regulatory certification.","1. Create a disposable, versioned synthetic fixture: Use an empty source or namespace and verify defined empty-result behavior. 2. Execute the platform workflow to validate incentive eligibility at a date boundary. 3. Capture the committed result, resource version, or run status. 4. Compare the result with the source fixture and the declared invariant. 5. Repeat or recover the operation when applicable; verify access, audit evidence, and side effects.","The platform must correctly validate incentive eligibility at a date boundary; the empty input condition follows the configured contract; valid state is preserved, invalid or unauthorized work is rejected or quarantined without silent loss, retries do not duplicate side effects, lineage and audit evidence remain available, and no production records or credentials are used. Safety boundary: Use synthetic vehicle profiles, offline test benches, and simulated services only. Never send commands to a live vehicle, charging network, or public road system; these scenarios do not establish vehicle safety or regulatory certification.",Playwright + platform UI/API,"automotive-mobility,market-platform,synthetic-data,dealer_retail,empty-input"
Automotive & Mobility,Dealer and Retail Operations,AUTOX-DEALER_R-00018,Dealer and Retail Operations: route a pricing exception to an authorized reviewer (empty input),Automotive & Mobility: route a pricing exception to an authorized reviewer with empty input,Functional,High,"Non-production tenant or isolated local fixture; synthetic records only; Use an empty source or namespace and verify defined empty-result behavior. Safety boundary: Use synthetic vehicle profiles, offline test benches, and simulated services only. Never send commands to a live vehicle, charging network, or public road system; these scenarios do not establish vehicle safety or regulatory certification.","1. Create a disposable, versioned synthetic fixture: Use an empty source or namespace and verify defined empty-result behavior. 2. Execute the platform workflow to route a pricing exception to an authorized reviewer. 3. Capture the committed result, resource version, or run status. 4. Compare the result with the source fixture and the declared invariant. 5. Repeat or recover the operation when applicable; verify access, audit evidence, and side effects.","The platform must correctly route a pricing exception to an authorized reviewer; the empty input condition follows the configured contract; valid state is preserved, invalid or unauthorized work is rejected or quarantined without silent loss, retries do not duplicate side effects, lineage and audit evidence remain available, and no production records or credentials are used. Safety boundary: Use synthetic vehicle profiles, offline test benches, and simulated services only. Never send commands to a live vehicle, charging network, or public road system; these scenarios do not establish vehicle safety or regulatory certification.",Playwright + platform UI/API,"automotive-mobility,market-platform,synthetic-data,dealer_retail,empty-input"
Automotive & Mobility,Dealer and Retail Operations,AUTOX-DEALER_R-00019,Dealer and Retail Operations: export a dealer catalog with restricted fields masked (empty input),Automotive & Mobility: export a dealer catalog with restricted fields masked with empty input,Functional,High,"Non-production tenant or isolated local fixture; synthetic records only; Use an empty source or namespace and verify defined empty-result behavior. Safety boundary: Use synthetic vehicle profiles, offline test benches, and simulated services only. Never send commands to a live vehicle, charging network, or public road system; these scenarios do not establish vehicle safety or regulatory certification.","1. Create a disposable, versioned synthetic fixture: Use an empty source or namespace and verify defined empty-result behavior. 2. Execute the platform workflow to export a dealer catalog with restricted fields masked. 3. Capture the committed result, resource version, or run status. 4. Compare the result with the source fixture and the declared invariant. 5. Repeat or recover the operation when applicable; verify access, audit evidence, and side effects.","The platform must correctly export a dealer catalog with restricted fields masked; the empty input condition follows the configured contract; valid state is preserved, invalid or unauthorized work is rejected or quarantined without silent loss, retries do not duplicate side effects, lineage and audit evidence remain available, and no production records or credentials are used. Safety boundary: Use synthetic vehicle profiles, offline test benches, and simulated services only. Never send commands to a live vehicle, charging network, or public road system; these scenarios do not establish vehicle safety or regulatory certification.",Playwright + platform UI/API,"automotive-mobility,market-platform,synthetic-data,dealer_retail,empty-input"
Automotive & Mobility,Dealer and Retail Operations,AUTOX-DEALER_R-00020,Dealer and Retail Operations: audit offer publication and withdrawal (empty input),Automotive & Mobility: audit offer publication and withdrawal with empty input,Functional,High,"Non-production tenant or isolated local fixture; synthetic records only; Use an empty source or namespace and verify defined empty-result behavior. Safety boundary: Use synthetic vehicle profiles, offline test benches, and simulated services only. Never send commands to a live vehicle, charging network, or public road system; these scenarios do not establish vehicle safety or regulatory certification.","1. Create a disposable, versioned synthetic fixture: Use an empty source or namespace and verify defined empty-result behavior. 2. Execute the platform workflow to audit offer publication and withdrawal. 3. Capture the committed result, resource version, or run status. 4. Compare the result with the source fixture and the declared invariant. 5. Repeat or recover the operation when applicable; verify access, audit evidence, and side effects.","The platform must correctly audit offer publication and withdrawal; the empty input condition follows the configured contract; valid state is preserved, invalid or unauthorized work is rejected or quarantined without silent loss, retries do not duplicate side effects, lineage and audit evidence remain available, and no production records or credentials are used. Safety boundary: Use synthetic vehicle profiles, offline test benches, and simulated services only. Never send commands to a live vehicle, charging network, or public road system; these scenarios do not establish vehicle safety or regulatory certification.",Playwright + platform UI/API,"automotive-mobility,market-platform,synthetic-data,dealer_retail,empty-input"
Automotive & Mobility,Dealer and Retail Operations,AUTOX-DEALER_R-00021,Dealer and Retail Operations: create a synthetic dealer location with a scoped role (single record),Automotive & Mobility: create a synthetic dealer location with a scoped role with single record,Functional,Medium,"Non-production tenant or isolated local fixture; synthetic records only; Use one valid synthetic record and verify the smallest non-empty result. Safety boundary: Use synthetic vehicle profiles, offline test benches, and simulated services only. Never send commands to a live vehicle, charging network, or public road system; these scenarios do not establish vehicle safety or regulatory certification.","1. Create a disposable, versioned synthetic fixture: Use one valid synthetic record and verify the smallest non-empty result. 2. Execute the platform workflow to create a synthetic dealer location with a scoped role. 3. Capture the committed result, resource version, or run status. 4. Compare the result with the source fixture and the declared invariant. 5. Repeat or recover the operation when applicable; verify access, audit evidence, and side effects.","The platform must correctly create a synthetic dealer location with a scoped role; the single record condition follows the configured contract; valid state is preserved, invalid or unauthorized work is rejected or quarantined without silent loss, retries do not duplicate side effects, lineage and audit evidence remain available, and no production records or credentials are used. Safety boundary: Use synthetic vehicle profiles, offline test benches, and simulated services only. Never send commands to a live vehicle, charging network, or public road system; these scenarios do not establish vehicle safety or regulatory certification.",Playwright + platform UI/API,"automotive-mobility,market-platform,synthetic-data,dealer_retail,single-record"
Automotive & Mobility,Dealer and Retail Operations,AUTOX-DEALER_R-00022,Dealer and Retail Operations: publish an approved vehicle offer to a test market (single record),Automotive & Mobility: publish an approved vehicle offer to a test market with single record,Functional,High,"Non-production tenant or isolated local fixture; synthetic records only; Use one valid synthetic record and verify the smallest non-empty result. Safety boundary: Use synthetic vehicle profiles, offline test benches, and simulated services only. Never send commands to a live vehicle, charging network, or public road system; these scenarios do not establish vehicle safety or regulatory certification.","1. Create a disposable, versioned synthetic fixture: Use one valid synthetic record and verify the smallest non-empty result. 2. Execute the platform workflow to publish an approved vehicle offer to a test market. 3. Capture the committed result, resource version, or run status. 4. Compare the result with the source fixture and the declared invariant. 5. Repeat or recover the operation when applicable; verify access, audit evidence, and side effects.","The platform must correctly publish an approved vehicle offer to a test market; the single record condition follows the configured contract; valid state is preserved, invalid or unauthorized work is rejected or quarantined without silent loss, retries do not duplicate side effects, lineage and audit evidence remain available, and no production records or credentials are used. Safety boundary: Use synthetic vehicle profiles, offline test benches, and simulated services only. Never send commands to a live vehicle, charging network, or public road system; these scenarios do not establish vehicle safety or regulatory certification.",Playwright + platform UI/API,"automotive-mobility,market-platform,synthetic-data,dealer_retail,single-record"
Automotive & Mobility,Dealer and Retail Operations,AUTOX-DEALER_R-00023,Dealer and Retail Operations: prevent a dealer user from viewing another region's draft (single record),Automotive & Mobility: prevent a dealer user from viewing another region's draft with single record,Functional,High,"Non-production tenant or isolated local fixture; synthetic records only; Use one valid synthetic record and verify the smallest non-empty result. Safety boundary: Use synthetic vehicle profiles, offline test benches, and simulated services only. Never send commands to a live vehicle, charging network, or public road system; these scenarios do not establish vehicle safety or regulatory certification.","1. Create a disposable, versioned synthetic fixture: Use one valid synthetic record and verify the smallest non-empty result. 2. Execute the platform workflow to prevent a dealer user from viewing another region's draft. 3. Capture the committed result, resource version, or run status. 4. Compare the result with the source fixture and the declared invariant. 5. Repeat or recover the operation when applicable; verify access, audit evidence, and side effects.","The platform must correctly prevent a dealer user from viewing another region's draft; the single record condition follows the configured contract; valid state is preserved, invalid or unauthorized work is rejected or quarantined without silent loss, retries do not duplicate side effects, lineage and audit evidence remain available, and no production records or credentials are used. Safety boundary: Use synthetic vehicle profiles, offline test benches, and simulated services only. Never send commands to a live vehicle, charging network, or public road system; these scenarios do not establish vehicle safety or regulatory certification.",Playwright + platform UI/API,"automotive-mobility,market-platform,synthetic-data,dealer_retail,single-record"
Automotive & Mobility,Dealer and Retail Operations,AUTOX-DEALER_R-00024,Dealer and Retail Operations: reserve a synthetic inventory unit with an idempotency key (single record),Automotive & Mobility: reserve a synthetic inventory unit with an idempotency key with single record,Functional,High,"Non-production tenant or isolated local fixture; synthetic records only; Use one valid synthetic record and verify the smallest non-empty result. Safety boundary: Use synthetic vehicle profiles, offline test benches, and simulated services only. Never send commands to a live vehicle, charging network, or public road system; these scenarios do not establish vehicle safety or regulatory certification.","1. Create a disposable, versioned synthetic fixture: Use one valid synthetic record and verify the smallest non-empty result. 2. Execute the platform workflow to reserve a synthetic inventory unit with an idempotency key. 3. Capture the committed result, resource version, or run status. 4. Compare the result with the source fixture and the declared invariant. 5. Repeat or recover the operation when applicable; verify access, audit evidence, and side effects.","The platform must correctly reserve a synthetic inventory unit with an idempotency key; the single record condition follows the configured contract; valid state is preserved, invalid or unauthorized work is rejected or quarantined without silent loss, retries do not duplicate side effects, lineage and audit evidence remain available, and no production records or credentials are used. Safety boundary: Use synthetic vehicle profiles, offline test benches, and simulated services only. Never send commands to a live vehicle, charging network, or public road system; these scenarios do not establish vehicle safety or regulatory certification.",Playwright + platform UI/API,"automotive-mobility,market-platform,synthetic-data,dealer_retail,single-record"
Automotive & Mobility,Dealer and Retail Operations,AUTOX-DEALER_R-00025,Dealer and Retail Operations: release a reservation after its configured expiry (single record),Automotive & Mobility: release a reservation after its configured expiry with single record,Functional,Medium,"Non-production tenant or isolated local fixture; synthetic records only; Use one valid synthetic record and verify the smallest non-empty result. Safety boundary: Use synthetic vehicle profiles, offline test benches, and simulated services only. Never send commands to a live vehicle, charging network, or public road system; these scenarios do not establish vehicle safety or regulatory certification.","1. Create a disposable, versioned synthetic fixture: Use one valid synthetic record and verify the smallest non-empty result. 2. Execute the platform workflow to release a reservation after its configured expiry. 3. Capture the committed result, resource version, or run status. 4. Compare the result with the source fixture and the declared invariant. 5. Repeat or recover the operation when applicable; verify access, audit evidence, and side effects.","The platform must correctly release a reservation after its configured expiry; the single record condition follows the configured contract; valid state is preserved, invalid or unauthorized work is rejected or quarantined without silent loss, retries do not duplicate side effects, lineage and audit evidence remain available, and no production records or credentials are used. Safety boundary: Use synthetic vehicle profiles, offline test benches, and simulated services only. Never send commands to a live vehicle, charging network, or public road system; these scenarios do not establish vehicle safety or regulatory certification.",Playwright + platform UI/API,"automotive-mobility,market-platform,synthetic-data,dealer_retail,single-record"
Automotive & Mobility,Dealer and Retail Operations,AUTOX-DEALER_R-00026,Dealer and Retail Operations: reconcile dealer allocation with central inventory fixtures (single record),Automotive & Mobility: reconcile dealer allocation with central inventory fixtures with single record,Functional,High,"Non-production tenant or isolated local fixture; synthetic records only; Use one valid synthetic record and verify the smallest non-empty result. Safety boundary: Use synthetic vehicle profiles, offline test benches, and simulated services only. Never send commands to a live vehicle, charging network, or public road system; these scenarios do not establish vehicle safety or regulatory certification.","1. Create a disposable, versioned synthetic fixture: Use one valid synthetic record and verify the smallest non-empty result. 2. Execute the platform workflow to reconcile dealer allocation with central inventory fixtures. 3. Capture the committed result, resource version, or run status. 4. Compare the result with the source fixture and the declared invariant. 5. Repeat or recover the operation when applicable; verify access, audit evidence, and side effects.","The platform must correctly reconcile dealer allocation with central inventory fixtures; the single record condition follows the configured contract; valid state is preserved, invalid or unauthorized work is rejected or quarantined without silent loss, retries do not duplicate side effects, lineage and audit evidence remain available, and no production records or credentials are used. Safety boundary: Use synthetic vehicle profiles, offline test benches, and simulated services only. Never send commands to a live vehicle, charging network, or public road system; these scenarios do not establish vehicle safety or regulatory certification.",Playwright + platform UI/API,"automotive-mobility,market-platform,synthetic-data,dealer_retail,single-record"
Automotive & Mobility,Dealer and Retail Operations,AUTOX-DEALER_R-00027,Dealer and Retail Operations: validate incentive eligibility at a date boundary (single record),Automotive & Mobility: validate incentive eligibility at a date boundary with single record,Functional,High,"Non-production tenant or isolated local fixture; synthetic records only; Use one valid synthetic record and verify the smallest non-empty result. Safety boundary: Use synthetic vehicle profiles, offline test benches, and simulated services only. Never send commands to a live vehicle, charging network, or public road system; these scenarios do not establish vehicle safety or regulatory certification.","1. Create a disposable, versioned synthetic fixture: Use one valid synthetic record and verify the smallest non-empty result. 2. Execute the platform workflow to validate incentive eligibility at a date boundary. 3. Capture the committed result, resource version, or run status. 4. Compare the result with the source fixture and the declared invariant. 5. Repeat or recover the operation when applicable; verify access, audit evidence, and side effects.","The platform must correctly validate incentive eligibility at a date boundary; the single record condition follows the configured contract; valid state is preserved, invalid or unauthorized work is rejected or quarantined without silent loss, retries do not duplicate side effects, lineage and audit evidence remain available, and no production records or credentials are used. Safety boundary: Use synthetic vehicle profiles, offline test benches, and simulated services only. Never send commands to a live vehicle, charging network, or public road system; these scenarios do not establish vehicle safety or regulatory certification.",Playwright + platform UI/API,"automotive-mobility,market-platform,synthetic-data,dealer_retail,single-record"
Automotive & Mobility,Dealer and Retail Operations,AUTOX-DEALER_R-00028,Dealer and Retail Operations: route a pricing exception to an authorized reviewer (single record),Automotive & Mobility: route a pricing exception to an authorized reviewer with single record,Functional,High,"Non-production tenant or isolated local fixture; synthetic records only; Use one valid synthetic record and verify the smallest non-empty result. Safety boundary: Use synthetic vehicle profiles, offline test benches, and simulated services only. Never send commands to a live vehicle, charging network, or public road system; these scenarios do not establish vehicle safety or regulatory certification.","1. Create a disposable, versioned synthetic fixture: Use one valid synthetic record and verify the smallest non-empty result. 2. Execute the platform workflow to route a pricing exception to an authorized reviewer. 3. Capture the committed result, resource version, or run status. 4. Compare the result with the source fixture and the declared invariant. 5. Repeat or recover the operation when applicable; verify access, audit evidence, and side effects.","The platform must correctly route a pricing exception to an authorized reviewer; the single record condition follows the configured contract; valid state is preserved, invalid or unauthorized work is rejected or quarantined without silent loss, retries do not duplicate side effects, lineage and audit evidence remain available, and no production records or credentials are used. Safety boundary: Use synthetic vehicle profiles, offline test benches, and simulated services only. Never send commands to a live vehicle, charging network, or public road system; these scenarios do not establish vehicle safety or regulatory certification.",Playwright + platform UI/API,"automotive-mobility,market-platform,synthetic-data,dealer_retail,single-record"
Automotive & Mobility,Dealer and Retail Operations,AUTOX-DEALER_R-00029,Dealer and Retail Operations: export a dealer catalog with restricted fields masked (single record),Automotive & Mobility: export a dealer catalog with restricted fields masked with single record,Functional,Medium,"Non-production tenant or isolated local fixture; synthetic records only; Use one valid synthetic record and verify the smallest non-empty result. Safety boundary: Use synthetic vehicle profiles, offline test benches, and simulated services only. Never send commands to a live vehicle, charging network, or public road system; these scenarios do not establish vehicle safety or regulatory certification.","1. Create a disposable, versioned synthetic fixture: Use one valid synthetic record and verify the smallest non-empty result. 2. Execute the platform workflow to export a dealer catalog with restricted fields masked. 3. Capture the committed result, resource version, or run status. 4. Compare the result with the source fixture and the declared invariant. 5. Repeat or recover the operation when applicable; verify access, audit evidence, and side effects.","The platform must correctly export a dealer catalog with restricted fields masked; the single record condition follows the configured contract; valid state is preserved, invalid or unauthorized work is rejected or quarantined without silent loss, retries do not duplicate side effects, lineage and audit evidence remain available, and no production records or credentials are used. Safety boundary: Use synthetic vehicle profiles, offline test benches, and simulated services only. Never send commands to a live vehicle, charging network, or public road system; these scenarios do not establish vehicle safety or regulatory certification.",Playwright + platform UI/API,"automotive-mobility,market-platform,synthetic-data,dealer_retail,single-record"
Automotive & Mobility,Dealer and Retail Operations,AUTOX-DEALER_R-00030,Dealer and Retail Operations: audit offer publication and withdrawal (single record),Automotive & Mobility: audit offer publication and withdrawal with single record,Functional,High,"Non-production tenant or isolated local fixture; synthetic records only; Use one valid synthetic record and verify the smallest non-empty result. Safety boundary: Use synthetic vehicle profiles, offline test benches, and simulated services only. Never send commands to a live vehicle, charging network, or public road system; these scenarios do not establish vehicle safety or regulatory certification.","1. Create a disposable, versioned synthetic fixture: Use one valid synthetic record and verify the smallest non-empty result. 2. Execute the platform workflow to audit offer publication and withdrawal. 3. Capture the committed result, resource version, or run status. 4. Compare the result with the source fixture and the declared invariant. 5. Repeat or recover the operation when applicable; verify access, audit evidence, and side effects.","The platform must correctly audit offer publication and withdrawal; the single record condition follows the configured contract; valid state is preserved, invalid or unauthorized work is rejected or quarantined without silent loss, retries do not duplicate side effects, lineage and audit evidence remain available, and no production records or credentials are used. Safety boundary: Use synthetic vehicle profiles, offline test benches, and simulated services only. Never send commands to a live vehicle, charging network, or public road system; these scenarios do not establish vehicle safety or regulatory certification.",Playwright + platform UI/API,"automotive-mobility,market-platform,synthetic-data,dealer_retail,single-record"
Automotive & Mobility,Dealer and Retail Operations,AUTOX-DEALER_R-00031,Dealer and Retail Operations: create a synthetic dealer location with a scoped role (duplicate key),Automotive & Mobility: create a synthetic dealer location with a scoped role with duplicate key,Functional,High,"Non-production tenant or isolated local fixture; synthetic records only; Submit a duplicate business key and verify the declared deduplication or rejection rule. Safety boundary: Use synthetic vehicle profiles, offline test benches, and simulated services only. Never send commands to a live vehicle, charging network, or public road system; these scenarios do not establish vehicle safety or regulatory certification.","1. Create a disposable, versioned synthetic fixture: Submit a duplicate business key and verify the declared deduplication or rejection rule. 2. Execute the platform workflow to create a synthetic dealer location with a scoped role. 3. Capture the committed result, resource version, or run status. 4. Compare the result with the source fixture and the declared invariant. 5. Repeat or recover the operation when applicable; verify access, audit evidence, and side effects.","The platform must correctly create a synthetic dealer location with a scoped role; the duplicate key condition follows the configured contract; valid state is preserved, invalid or unauthorized work is rejected or quarantined without silent loss, retries do not duplicate side effects, lineage and audit evidence remain available, and no production records or credentials are used. Safety boundary: Use synthetic vehicle profiles, offline test benches, and simulated services only. Never send commands to a live vehicle, charging network, or public road system; these scenarios do not establish vehicle safety or regulatory certification.",Playwright + platform UI/API,"automotive-mobility,market-platform,synthetic-data,dealer_retail,duplicate-key"
Automotive & Mobility,Dealer and Retail Operations,AUTOX-DEALER_R-00032,Dealer and Retail Operations: publish an approved vehicle offer to a test market (duplicate key),Automotive & Mobility: publish an approved vehicle offer to a test market with duplicate key,Functional,High,"Non-production tenant or isolated local fixture; synthetic records only; Submit a duplicate business key and verify the declared deduplication or rejection rule. Safety boundary: Use synthetic vehicle profiles, offline test benches, and simulated services only. Never send commands to a live vehicle, charging network, or public road system; these scenarios do not establish vehicle safety or regulatory certification.","1. Create a disposable, versioned synthetic fixture: Submit a duplicate business key and verify the declared deduplication or rejection rule. 2. Execute the platform workflow to publish an approved vehicle offer to a test market. 3. Capture the committed result, resource version, or run status. 4. Compare the result with the source fixture and the declared invariant. 5. Repeat or recover the operation when applicable; verify access, audit evidence, and side effects.","The platform must correctly publish an approved vehicle offer to a test market; the duplicate key condition follows the configured contract; valid state is preserved, invalid or unauthorized work is rejected or quarantined without silent loss, retries do not duplicate side effects, lineage and audit evidence remain available, and no production records or credentials are used. Safety boundary: Use synthetic vehicle profiles, offline test benches, and simulated services only. Never send commands to a live vehicle, charging network, or public road system; these scenarios do not establish vehicle safety or regulatory certification.",Playwright + platform UI/API,"automotive-mobility,market-platform,synthetic-data,dealer_retail,duplicate-key"
Automotive & Mobility,Dealer and Retail Operations,AUTOX-DEALER_R-00033,Dealer and Retail Operations: prevent a dealer user from viewing another region's draft (duplicate key),Automotive & Mobility: prevent a dealer user from viewing another region's draft with duplicate key,Functional,Medium,"Non-production tenant or isolated local fixture; synthetic records only; Submit a duplicate business key and verify the declared deduplication or rejection rule. Safety boundary: Use synthetic vehicle profiles, offline test benches, and simulated services only. Never send commands to a live vehicle, charging network, or public road system; these scenarios do not establish vehicle safety or regulatory certification.","1. Create a disposable, versioned synthetic fixture: Submit a duplicate business key and verify the declared deduplication or rejection rule. 2. Execute the platform workflow to prevent a dealer user from viewing another region's draft. 3. Capture the committed result, resource version, or run status. 4. Compare the result with the source fixture and the declared invariant. 5. Repeat or recover the operation when applicable; verify access, audit evidence, and side effects.","The platform must correctly prevent a dealer user from viewing another region's draft; the duplicate key condition follows the configured contract; valid state is preserved, invalid or unauthorized work is rejected or quarantined without silent loss, retries do not duplicate side effects, lineage and audit evidence remain available, and no production records or credentials are used. Safety boundary: Use synthetic vehicle profiles, offline test benches, and simulated services only. Never send commands to a live vehicle, charging network, or public road system; these scenarios do not establish vehicle safety or regulatory certification.",Playwright + platform UI/API,"automotive-mobility,market-platform,synthetic-data,dealer_retail,duplicate-key"
Automotive & Mobility,Dealer and Retail Operations,AUTOX-DEALER_R-00034,Dealer and Retail Operations: reserve a synthetic inventory unit with an idempotency key (duplicate key),Automotive & Mobility: reserve a synthetic inventory unit with an idempotency key with duplicate key,Functional,High,"Non-production tenant or isolated local fixture; synthetic records only; Submit a duplicate business key and verify the declared deduplication or rejection rule. Safety boundary: Use synthetic vehicle profiles, offline test benches, and simulated services only. Never send commands to a live vehicle, charging network, or public road system; these scenarios do not establish vehicle safety or regulatory certification.","1. Create a disposable, versioned synthetic fixture: Submit a duplicate business key and verify the declared deduplication or rejection rule. 2. Execute the platform workflow to reserve a synthetic inventory unit with an idempotency key. 3. Capture the committed result, resource version, or run status. 4. Compare the result with the source fixture and the declared invariant. 5. Repeat or recover the operation when applicable; verify access, audit evidence, and side effects.","The platform must correctly reserve a synthetic inventory unit with an idempotency key; the duplicate key condition follows the configured contract; valid state is preserved, invalid or unauthorized work is rejected or quarantined without silent loss, retries do not duplicate side effects, lineage and audit evidence remain available, and no production records or credentials are used. Safety boundary: Use synthetic vehicle profiles, offline test benches, and simulated services only. Never send commands to a live vehicle, charging network, or public road system; these scenarios do not establish vehicle safety or regulatory certification.",Playwright + platform UI/API,"automotive-mobility,market-platform,synthetic-data,dealer_retail,duplicate-key"
Automotive & Mobility,Dealer and Retail Operations,AUTOX-DEALER_R-00035,Dealer and Retail Operations: release a reservation after its configured expiry (duplicate key),Automotive & Mobility: release a reservation after its configured expiry with duplicate key,Functional,High,"Non-production tenant or isolated local fixture; synthetic records only; Submit a duplicate business key and verify the declared deduplication or rejection rule. Safety boundary: Use synthetic vehicle profiles, offline test benches, and simulated services only. Never send commands to a live vehicle, charging network, or public road system; these scenarios do not establish vehicle safety or regulatory certification.","1. Create a disposable, versioned synthetic fixture: Submit a duplicate business key and verify the declared deduplication or rejection rule. 2. Execute the platform workflow to release a reservation after its configured expiry. 3. Capture the committed result, resource version, or run status. 4. Compare the result with the source fixture and the declared invariant. 5. Repeat or recover the operation when applicable; verify access, audit evidence, and side effects.","The platform must correctly release a reservation after its configured expiry; the duplicate key condition follows the configured contract; valid state is preserved, invalid or unauthorized work is rejected or quarantined without silent loss, retries do not duplicate side effects, lineage and audit evidence remain available, and no production records or credentials are used. Safety boundary: Use synthetic vehicle profiles, offline test benches, and simulated services only. Never send commands to a live vehicle, charging network, or public road system; these scenarios do not establish vehicle safety or regulatory certification.",Playwright + platform UI/API,"automotive-mobility,market-platform,synthetic-data,dealer_retail,duplicate-key"
Automotive & Mobility,Dealer and Retail Operations,AUTOX-DEALER_R-00036,Dealer and Retail Operations: reconcile dealer allocation with central inventory fixtures (duplicate key),Automotive & Mobility: reconcile dealer allocation with central inventory fixtures with duplicate key,Functional,High,"Non-production tenant or isolated local fixture; synthetic records only; Submit a duplicate business key and verify the declared deduplication or rejection rule. Safety boundary: Use synthetic vehicle profiles, offline test benches, and simulated services only. Never send commands to a live vehicle, charging network, or public road system; these scenarios do not establish vehicle safety or regulatory certification.","1. Create a disposable, versioned synthetic fixture: Submit a duplicate business key and verify the declared deduplication or rejection rule. 2. Execute the platform workflow to reconcile dealer allocation with central inventory fixtures. 3. Capture the committed result, resource version, or run status. 4. Compare the result with the source fixture and the declared invariant. 5. Repeat or recover the operation when applicable; verify access, audit evidence, and side effects.","The platform must correctly reconcile dealer allocation with central inventory fixtures; the duplicate key condition follows the configured contract; valid state is preserved, invalid or unauthorized work is rejected or quarantined without silent loss, retries do not duplicate side effects, lineage and audit evidence remain available, and no production records or credentials are used. Safety boundary: Use synthetic vehicle profiles, offline test benches, and simulated services only. Never send commands to a live vehicle, charging network, or public road system; these scenarios do not establish vehicle safety or regulatory certification.",Playwright + platform UI/API,"automotive-mobility,market-platform,synthetic-data,dealer_retail,duplicate-key"
Automotive & Mobility,Dealer and Retail Operations,AUTOX-DEALER_R-00037,Dealer and Retail Operations: validate incentive eligibility at a date boundary (duplicate key),Automotive & Mobility: validate incentive eligibility at a date boundary with duplicate key,Functional,Medium,"Non-production tenant or isolated local fixture; synthetic records only; Submit a duplicate business key and verify the declared deduplication or rejection rule. Safety boundary: Use synthetic vehicle profiles, offline test benches, and simulated services only. Never send commands to a live vehicle, charging network, or public road system; these scenarios do not establish vehicle safety or regulatory certification.","1. Create a disposable, versioned synthetic fixture: Submit a duplicate business key and verify the declared deduplication or rejection rule. 2. Execute the platform workflow to validate incentive eligibility at a date boundary. 3. Capture the committed result, resource version, or run status. 4. Compare the result with the source fixture and the declared invariant. 5. Repeat or recover the operation when applicable; verify access, audit evidence, and side effects.","The platform must correctly validate incentive eligibility at a date boundary; the duplicate key condition follows the configured contract; valid state is preserved, invalid or unauthorized work is rejected or quarantined without silent loss, retries do not duplicate side effects, lineage and audit evidence remain available, and no production records or credentials are used. Safety boundary: Use synthetic vehicle profiles, offline test benches, and simulated services only. Never send commands to a live vehicle, charging network, or public road system; these scenarios do not establish vehicle safety or regulatory certification.",Playwright + platform UI/API,"automotive-mobility,market-platform,synthetic-data,dealer_retail,duplicate-key"
Automotive & Mobility,Dealer and Retail Operations,AUTOX-DEALER_R-00038,Dealer and Retail Operations: route a pricing exception to an authorized reviewer (duplicate key),Automotive & Mobility: route a pricing exception to an authorized reviewer with duplicate key,Functional,High,"Non-production tenant or isolated local fixture; synthetic records only; Submit a duplicate business key and verify the declared deduplication or rejection rule. Safety boundary: Use synthetic vehicle profiles, offline test benches, and simulated services only. Never send commands to a live vehicle, charging network, or public road system; these scenarios do not establish vehicle safety or regulatory certification.","1. Create a disposable, versioned synthetic fixture: Submit a duplicate business key and verify the declared deduplication or rejection rule. 2. Execute the platform workflow to route a pricing exception to an authorized reviewer. 3. Capture the committed result, resource version, or run status. 4. Compare the result with the source fixture and the declared invariant. 5. Repeat or recover the operation when applicable; verify access, audit evidence, and side effects.","The platform must correctly route a pricing exception to an authorized reviewer; the duplicate key condition follows the configured contract; valid state is preserved, invalid or unauthorized work is rejected or quarantined without silent loss, retries do not duplicate side effects, lineage and audit evidence remain available, and no production records or credentials are used. Safety boundary: Use synthetic vehicle profiles, offline test benches, and simulated services only. Never send commands to a live vehicle, charging network, or public road system; these scenarios do not establish vehicle safety or regulatory certification.",Playwright + platform UI/API,"automotive-mobility,market-platform,synthetic-data,dealer_retail,duplicate-key"
Automotive & Mobility,Dealer and Retail Operations,AUTOX-DEALER_R-00039,Dealer and Retail Operations: export a dealer catalog with restricted fields masked (duplicate key),Automotive & Mobility: export a dealer catalog with restricted fields masked with duplicate key,Functional,High,"Non-production tenant or isolated local fixture; synthetic records only; Submit a duplicate business key and verify the declared deduplication or rejection rule. Safety boundary: Use synthetic vehicle profiles, offline test benches, and simulated services only. Never send commands to a live vehicle, charging network, or public road system; these scenarios do not establish vehicle safety or regulatory certification.","1. Create a disposable, versioned synthetic fixture: Submit a duplicate business key and verify the declared deduplication or rejection rule. 2. Execute the platform workflow to export a dealer catalog with restricted fields masked. 3. Capture the committed result, resource version, or run status. 4. Compare the result with the source fixture and the declared invariant. 5. Repeat or recover the operation when applicable; verify access, audit evidence, and side effects.","The platform must correctly export a dealer catalog with restricted fields masked; the duplicate key condition follows the configured contract; valid state is preserved, invalid or unauthorized work is rejected or quarantined without silent loss, retries do not duplicate side effects, lineage and audit evidence remain available, and no production records or credentials are used. Safety boundary: Use synthetic vehicle profiles, offline test benches, and simulated services only. Never send commands to a live vehicle, charging network, or public road system; these scenarios do not establish vehicle safety or regulatory certification.",Playwright + platform UI/API,"automotive-mobility,market-platform,synthetic-data,dealer_retail,duplicate-key"
Automotive & Mobility,Dealer and Retail Operations,AUTOX-DEALER_R-00040,Dealer and Retail Operations: audit offer publication and withdrawal (duplicate key),Automotive & Mobility: audit offer publication and withdrawal with duplicate key,Functional,High,"Non-production tenant or isolated local fixture; synthetic records only; Submit a duplicate business key and verify the declared deduplication or rejection rule. Safety boundary: Use synthetic vehicle profiles, offline test benches, and simulated services only. Never send commands to a live vehicle, charging network, or public road system; these scenarios do not establish vehicle safety or regulatory certification.","1. Create a disposable, versioned synthetic fixture: Submit a duplicate business key and verify the declared deduplication or rejection rule. 2. Execute the platform workflow to audit offer publication and withdrawal. 3. Capture the committed result, resource version, or run status. 4. Compare the result with the source fixture and the declared invariant. 5. Repeat or recover the operation when applicable; verify access, audit evidence, and side effects.","The platform must correctly audit offer publication and withdrawal; the duplicate key condition follows the configured contract; valid state is preserved, invalid or unauthorized work is rejected or quarantined without silent loss, retries do not duplicate side effects, lineage and audit evidence remain available, and no production records or credentials are used. Safety boundary: Use synthetic vehicle profiles, offline test benches, and simulated services only. Never send commands to a live vehicle, charging network, or public road system; these scenarios do not establish vehicle safety or regulatory certification.",Playwright + platform UI/API,"automotive-mobility,market-platform,synthetic-data,dealer_retail,duplicate-key"
Automotive & Mobility,Dealer and Retail Operations,AUTOX-DEALER_R-00041,Dealer and Retail Operations: create a synthetic dealer location with a scoped role (nullable optional field),Automotive & Mobility: create a synthetic dealer location with a scoped role with nullable optional field,Functional,Medium,"Non-production tenant or isolated local fixture; synthetic records only; Set optional fields to null while retaining all required identifiers. Safety boundary: Use synthetic vehicle profiles, offline test benches, and simulated services only. Never send commands to a live vehicle, charging network, or public road system; these scenarios do not establish vehicle safety or regulatory certification.","1. Create a disposable, versioned synthetic fixture: Set optional fields to null while retaining all required identifiers. 2. Execute the platform workflow to create a synthetic dealer location with a scoped role. 3. Capture the committed result, resource version, or run status. 4. Compare the result with the source fixture and the declared invariant. 5. Repeat or recover the operation when applicable; verify access, audit evidence, and side effects.","The platform must correctly create a synthetic dealer location with a scoped role; the nullable optional field condition follows the configured contract; valid state is preserved, invalid or unauthorized work is rejected or quarantined without silent loss, retries do not duplicate side effects, lineage and audit evidence remain available, and no production records or credentials are used. Safety boundary: Use synthetic vehicle profiles, offline test benches, and simulated services only. Never send commands to a live vehicle, charging network, or public road system; these scenarios do not establish vehicle safety or regulatory certification.",Playwright + platform UI/API,"automotive-mobility,market-platform,synthetic-data,dealer_retail,nullable-optional-field"
Automotive & Mobility,Dealer and Retail Operations,AUTOX-DEALER_R-00042,Dealer and Retail Operations: publish an approved vehicle offer to a test market (nullable optional field),Automotive & Mobility: publish an approved vehicle offer to a test market with nullable optional field,Functional,High,"Non-production tenant or isolated local fixture; synthetic records only; Set optional fields to null while retaining all required identifiers. Safety boundary: Use synthetic vehicle profiles, offline test benches, and simulated services only. Never send commands to a live vehicle, charging network, or public road system; these scenarios do not establish vehicle safety or regulatory certification.","1. Create a disposable, versioned synthetic fixture: Set optional fields to null while retaining all required identifiers. 2. Execute the platform workflow to publish an approved vehicle offer to a test market. 3. Capture the committed result, resource version, or run status. 4. Compare the result with the source fixture and the declared invariant. 5. Repeat or recover the operation when applicable; verify access, audit evidence, and side effects.","The platform must correctly publish an approved vehicle offer to a test market; the nullable optional field condition follows the configured contract; valid state is preserved, invalid or unauthorized work is rejected or quarantined without silent loss, retries do not duplicate side effects, lineage and audit evidence remain available, and no production records or credentials are used. Safety boundary: Use synthetic vehicle profiles, offline test benches, and simulated services only. Never send commands to a live vehicle, charging network, or public road system; these scenarios do not establish vehicle safety or regulatory certification.",Playwright + platform UI/API,"automotive-mobility,market-platform,synthetic-data,dealer_retail,nullable-optional-field"
Automotive & Mobility,Dealer and Retail Operations,AUTOX-DEALER_R-00043,Dealer and Retail Operations: prevent a dealer user from viewing another region's draft (nullable optional field),Automotive & Mobility: prevent a dealer user from viewing another region's draft with nullable optional field,Functional,High,"Non-production tenant or isolated local fixture; synthetic records only; Set optional fields to null while retaining all required identifiers. Safety boundary: Use synthetic vehicle profiles, offline test benches, and simulated services only. Never send commands to a live vehicle, charging network, or public road system; these scenarios do not establish vehicle safety or regulatory certification.","1. Create a disposable, versioned synthetic fixture: Set optional fields to null while retaining all required identifiers. 2. Execute the platform workflow to prevent a dealer user from viewing another region's draft. 3. Capture the committed result, resource version, or run status. 4. Compare the result with the source fixture and the declared invariant. 5. Repeat or recover the operation when applicable; verify access, audit evidence, and side effects.","The platform must correctly prevent a dealer user from viewing another region's draft; the nullable optional field condition follows the configured contract; valid state is preserved, invalid or unauthorized work is rejected or quarantined without silent loss, retries do not duplicate side effects, lineage and audit evidence remain available, and no production records or credentials are used. Safety boundary: Use synthetic vehicle profiles, offline test benches, and simulated services only. Never send commands to a live vehicle, charging network, or public road system; these scenarios do not establish vehicle safety or regulatory certification.",Playwright + platform UI/API,"automotive-mobility,market-platform,synthetic-data,dealer_retail,nullable-optional-field"
Automotive & Mobility,Dealer and Retail Operations,AUTOX-DEALER_R-00044,Dealer and Retail Operations: reserve a synthetic inventory unit with an idempotency key (nullable optional field),Automotive & Mobility: reserve a synthetic inventory unit with an idempotency key with nullable optional field,Functional,High,"Non-production tenant or isolated local fixture; synthetic records only; Set optional fields to null while retaining all required identifiers. Safety boundary: Use synthetic vehicle profiles, offline test benches, and simulated services only. Never send commands to a live vehicle, charging network, or public road system; these scenarios do not establish vehicle safety or regulatory certification.","1. Create a disposable, versioned synthetic fixture: Set optional fields to null while retaining all required identifiers. 2. Execute the platform workflow to reserve a synthetic inventory unit with an idempotency key. 3. Capture the committed result, resource version, or run status. 4. Compare the result with the source fixture and the declared invariant. 5. Repeat or recover the operation when applicable; verify access, audit evidence, and side effects.","The platform must correctly reserve a synthetic inventory unit with an idempotency key; the nullable optional field condition follows the configured contract; valid state is preserved, invalid or unauthorized work is rejected or quarantined without silent loss, retries do not duplicate side effects, lineage and audit evidence remain available, and no production records or credentials are used. Safety boundary: Use synthetic vehicle profiles, offline test benches, and simulated services only. Never send commands to a live vehicle, charging network, or public road system; these scenarios do not establish vehicle safety or regulatory certification.",Playwright + platform UI/API,"automotive-mobility,market-platform,synthetic-data,dealer_retail,nullable-optional-field"
Automotive & Mobility,Dealer and Retail Operations,AUTOX-DEALER_R-00045,Dealer and Retail Operations: release a reservation after its configured expiry (nullable optional field),Automotive & Mobility: release a reservation after its configured expiry with nullable optional field,Functional,Medium,"Non-production tenant or isolated local fixture; synthetic records only; Set optional fields to null while retaining all required identifiers. Safety boundary: Use synthetic vehicle profiles, offline test benches, and simulated services only. Never send commands to a live vehicle, charging network, or public road system; these scenarios do not establish vehicle safety or regulatory certification.","1. Create a disposable, versioned synthetic fixture: Set optional fields to null while retaining all required identifiers. 2. Execute the platform workflow to release a reservation after its configured expiry. 3. Capture the committed result, resource version, or run status. 4. Compare the result with the source fixture and the declared invariant. 5. Repeat or recover the operation when applicable; verify access, audit evidence, and side effects.","The platform must correctly release a reservation after its configured expiry; the nullable optional field condition follows the configured contract; valid state is preserved, invalid or unauthorized work is rejected or quarantined without silent loss, retries do not duplicate side effects, lineage and audit evidence remain available, and no production records or credentials are used. Safety boundary: Use synthetic vehicle profiles, offline test benches, and simulated services only. Never send commands to a live vehicle, charging network, or public road system; these scenarios do not establish vehicle safety or regulatory certification.",Playwright + platform UI/API,"automotive-mobility,market-platform,synthetic-data,dealer_retail,nullable-optional-field"
Automotive & Mobility,Dealer and Retail Operations,AUTOX-DEALER_R-00046,Dealer and Retail Operations: reconcile dealer allocation with central inventory fixtures (nullable optional field),Automotive & Mobility: reconcile dealer allocation with central inventory fixtures with nullable optional field,Functional,High,"Non-production tenant or isolated local fixture; synthetic records only; Set optional fields to null while retaining all required identifiers. Safety boundary: Use synthetic vehicle profiles, offline test benches, and simulated services only. Never send commands to a live vehicle, charging network, or public road system; these scenarios do not establish vehicle safety or regulatory certification.","1. Create a disposable, versioned synthetic fixture: Set optional fields to null while retaining all required identifiers. 2. Execute the platform workflow to reconcile dealer allocation with central inventory fixtures. 3. Capture the committed result, resource version, or run status. 4. Compare the result with the source fixture and the declared invariant. 5. Repeat or recover the operation when applicable; verify access, audit evidence, and side effects.","The platform must correctly reconcile dealer allocation with central inventory fixtures; the nullable optional field condition follows the configured contract; valid state is preserved, invalid or unauthorized work is rejected or quarantined without silent loss, retries do not duplicate side effects, lineage and audit evidence remain available, and no production records or credentials are used. Safety boundary: Use synthetic vehicle profiles, offline test benches, and simulated services only. Never send commands to a live vehicle, charging network, or public road system; these scenarios do not establish vehicle safety or regulatory certification.",Playwright + platform UI/API,"automotive-mobility,market-platform,synthetic-data,dealer_retail,nullable-optional-field"
Automotive & Mobility,Dealer and Retail Operations,AUTOX-DEALER_R-00047,Dealer and Retail Operations: validate incentive eligibility at a date boundary (nullable optional field),Automotive & Mobility: validate incentive eligibility at a date boundary with nullable optional field,Functional,High,"Non-production tenant or isolated local fixture; synthetic records only; Set optional fields to null while retaining all required identifiers. Safety boundary: Use synthetic vehicle profiles, offline test benches, and simulated services only. Never send commands to a live vehicle, charging network, or public road system; these scenarios do not establish vehicle safety or regulatory certification.","1. Create a disposable, versioned synthetic fixture: Set optional fields to null while retaining all required identifiers. 2. Execute the platform workflow to validate incentive eligibility at a date boundary. 3. Capture the committed result, resource version, or run status. 4. Compare the result with the source fixture and the declared invariant. 5. Repeat or recover the operation when applicable; verify access, audit evidence, and side effects.","The platform must correctly validate incentive eligibility at a date boundary; the nullable optional field condition follows the configured contract; valid state is preserved, invalid or unauthorized work is rejected or quarantined without silent loss, retries do not duplicate side effects, lineage and audit evidence remain available, and no production records or credentials are used. Safety boundary: Use synthetic vehicle profiles, offline test benches, and simulated services only. Never send commands to a live vehicle, charging network, or public road system; these scenarios do not establish vehicle safety or regulatory certification.",Playwright + platform UI/API,"automotive-mobility,market-platform,synthetic-data,dealer_retail,nullable-optional-field"
Automotive & Mobility,Dealer and Retail Operations,AUTOX-DEALER_R-00048,Dealer and Retail Operations: route a pricing exception to an authorized reviewer (nullable optional field),Automotive & Mobility: route a pricing exception to an authorized reviewer with nullable optional field,Functional,High,"Non-production tenant or isolated local fixture; synthetic records only; Set optional fields to null while retaining all required identifiers. Safety boundary: Use synthetic vehicle profiles, offline test benches, and simulated services only. Never send commands to a live vehicle, charging network, or public road system; these scenarios do not establish vehicle safety or regulatory certification.","1. Create a disposable, versioned synthetic fixture: Set optional fields to null while retaining all required identifiers. 2. Execute the platform workflow to route a pricing exception to an authorized reviewer. 3. Capture the committed result, resource version, or run status. 4. Compare the result with the source fixture and the declared invariant. 5. Repeat or recover the operation when applicable; verify access, audit evidence, and side effects.","The platform must correctly route a pricing exception to an authorized reviewer; the nullable optional field condition follows the configured contract; valid state is preserved, invalid or unauthorized work is rejected or quarantined without silent loss, retries do not duplicate side effects, lineage and audit evidence remain available, and no production records or credentials are used. Safety boundary: Use synthetic vehicle profiles, offline test benches, and simulated services only. Never send commands to a live vehicle, charging network, or public road system; these scenarios do not establish vehicle safety or regulatory certification.",Playwright + platform UI/API,"automotive-mobility,market-platform,synthetic-data,dealer_retail,nullable-optional-field"
Automotive & Mobility,Dealer and Retail Operations,AUTOX-DEALER_R-00049,Dealer and Retail Operations: export a dealer catalog with restricted fields masked (nullable optional field),Automotive & Mobility: export a dealer catalog with restricted fields masked with nullable optional field,Functional,Medium,"Non-production tenant or isolated local fixture; synthetic records only; Set optional fields to null while retaining all required identifiers. Safety boundary: Use synthetic vehicle profiles, offline test benches, and simulated services only. Never send commands to a live vehicle, charging network, or public road system; these scenarios do not establish vehicle safety or regulatory certification.","1. Create a disposable, versioned synthetic fixture: Set optional fields to null while retaining all required identifiers. 2. Execute the platform workflow to export a dealer catalog with restricted fields masked. 3. Capture the committed result, resource version, or run status. 4. Compare the result with the source fixture and the declared invariant. 5. Repeat or recover the operation when applicable; verify access, audit evidence, and side effects.","The platform must correctly export a dealer catalog with restricted fields masked; the nullable optional field condition follows the configured contract; valid state is preserved, invalid or unauthorized work is rejected or quarantined without silent loss, retries do not duplicate side effects, lineage and audit evidence remain available, and no production records or credentials are used. Safety boundary: Use synthetic vehicle profiles, offline test benches, and simulated services only. Never send commands to a live vehicle, charging network, or public road system; these scenarios do not establish vehicle safety or regulatory certification.",Playwright + platform UI/API,"automotive-mobility,market-platform,synthetic-data,dealer_retail,nullable-optional-field"
Automotive & Mobility,Dealer and Retail Operations,AUTOX-DEALER_R-00050,Dealer and Retail Operations: audit offer publication and withdrawal (nullable optional field),Automotive & Mobility: audit offer publication and withdrawal with nullable optional field,Functional,High,"Non-production tenant or isolated local fixture; synthetic records only; Set optional fields to null while retaining all required identifiers. Safety boundary: Use synthetic vehicle profiles, offline test benches, and simulated services only. Never send commands to a live vehicle, charging network, or public road system; these scenarios do not establish vehicle safety or regulatory certification.","1. Create a disposable, versioned synthetic fixture: Set optional fields to null while retaining all required identifiers. 2. Execute the platform workflow to audit offer publication and withdrawal. 3. Capture the committed result, resource version, or run status. 4. Compare the result with the source fixture and the declared invariant. 5. Repeat or recover the operation when applicable; verify access, audit evidence, and side effects.","The platform must correctly audit offer publication and withdrawal; the nullable optional field condition follows the configured contract; valid state is preserved, invalid or unauthorized work is rejected or quarantined without silent loss, retries do not duplicate side effects, lineage and audit evidence remain available, and no production records or credentials are used. Safety boundary: Use synthetic vehicle profiles, offline test benches, and simulated services only. Never send commands to a live vehicle, charging network, or public road system; these scenarios do not establish vehicle safety or regulatory certification.",Playwright + platform UI/API,"automotive-mobility,market-platform,synthetic-data,dealer_retail,nullable-optional-field"
Automotive & Mobility,Dealer and Retail Operations,AUTOX-DEALER_R-00051,Dealer and Retail Operations: create a synthetic dealer location with a scoped role (boundary values),Automotive & Mobility: create a synthetic dealer location with a scoped role with boundary values,Functional,High,"Non-production tenant or isolated local fixture; synthetic records only; Exercise documented minimum, maximum, and just-outside limits. Safety boundary: Use synthetic vehicle profiles, offline test benches, and simulated services only. Never send commands to a live vehicle, charging network, or public road system; these scenarios do not establish vehicle safety or regulatory certification.","1. Create a disposable, versioned synthetic fixture: Exercise documented minimum, maximum, and just-outside limits. 2. Execute the platform workflow to create a synthetic dealer location with a scoped role. 3. Capture the committed result, resource version, or run status. 4. Compare the result with the source fixture and the declared invariant. 5. Repeat or recover the operation when applicable; verify access, audit evidence, and side effects.","The platform must correctly create a synthetic dealer location with a scoped role; the boundary values condition follows the configured contract; valid state is preserved, invalid or unauthorized work is rejected or quarantined without silent loss, retries do not duplicate side effects, lineage and audit evidence remain available, and no production records or credentials are used. Safety boundary: Use synthetic vehicle profiles, offline test benches, and simulated services only. Never send commands to a live vehicle, charging network, or public road system; these scenarios do not establish vehicle safety or regulatory certification.",Playwright + platform UI/API,"automotive-mobility,market-platform,synthetic-data,dealer_retail,boundary-values"
Automotive & Mobility,Dealer and Retail Operations,AUTOX-DEALER_R-00052,Dealer and Retail Operations: publish an approved vehicle offer to a test market (boundary values),Automotive & Mobility: publish an approved vehicle offer to a test market with boundary values,Functional,High,"Non-production tenant or isolated local fixture; synthetic records only; Exercise documented minimum, maximum, and just-outside limits. Safety boundary: Use synthetic vehicle profiles, offline test benches, and simulated services only. Never send commands to a live vehicle, charging network, or public road system; these scenarios do not establish vehicle safety or regulatory certification.","1. Create a disposable, versioned synthetic fixture: Exercise documented minimum, maximum, and just-outside limits. 2. Execute the platform workflow to publish an approved vehicle offer to a test market. 3. Capture the committed result, resource version, or run status. 4. Compare the result with the source fixture and the declared invariant. 5. Repeat or recover the operation when applicable; verify access, audit evidence, and side effects.","The platform must correctly publish an approved vehicle offer to a test market; the boundary values condition follows the configured contract; valid state is preserved, invalid or unauthorized work is rejected or quarantined without silent loss, retries do not duplicate side effects, lineage and audit evidence remain available, and no production records or credentials are used. Safety boundary: Use synthetic vehicle profiles, offline test benches, and simulated services only. Never send commands to a live vehicle, charging network, or public road system; these scenarios do not establish vehicle safety or regulatory certification.",Playwright + platform UI/API,"automotive-mobility,market-platform,synthetic-data,dealer_retail,boundary-values"
Automotive & Mobility,Dealer and Retail Operations,AUTOX-DEALER_R-00053,Dealer and Retail Operations: prevent a dealer user from viewing another region's draft (boundary values),Automotive & Mobility: prevent a dealer user from viewing another region's draft with boundary values,Functional,Medium,"Non-production tenant or isolated local fixture; synthetic records only; Exercise documented minimum, maximum, and just-outside limits. Safety boundary: Use synthetic vehicle profiles, offline test benches, and simulated services only. Never send commands to a live vehicle, charging network, or public road system; these scenarios do not establish vehicle safety or regulatory certification.","1. Create a disposable, versioned synthetic fixture: Exercise documented minimum, maximum, and just-outside limits. 2. Execute the platform workflow to prevent a dealer user from viewing another region's draft. 3. Capture the committed result, resource version, or run status. 4. Compare the result with the source fixture and the declared invariant. 5. Repeat or recover the operation when applicable; verify access, audit evidence, and side effects.","The platform must correctly prevent a dealer user from viewing another region's draft; the boundary values condition follows the configured contract; valid state is preserved, invalid or unauthorized work is rejected or quarantined without silent loss, retries do not duplicate side effects, lineage and audit evidence remain available, and no production records or credentials are used. Safety boundary: Use synthetic vehicle profiles, offline test benches, and simulated services only. Never send commands to a live vehicle, charging network, or public road system; these scenarios do not establish vehicle safety or regulatory certification.",Playwright + platform UI/API,"automotive-mobility,market-platform,synthetic-data,dealer_retail,boundary-values"
Automotive & Mobility,Dealer and Retail Operations,AUTOX-DEALER_R-00054,Dealer and Retail Operations: reserve a synthetic inventory unit with an idempotency key (boundary values),Automotive & Mobility: reserve a synthetic inventory unit with an idempotency key with boundary values,Functional,High,"Non-production tenant or isolated local fixture; synthetic records only; Exercise documented minimum, maximum, and just-outside limits. Safety boundary: Use synthetic vehicle profiles, offline test benches, and simulated services only. Never send commands to a live vehicle, charging network, or public road system; these scenarios do not establish vehicle safety or regulatory certification.","1. Create a disposable, versioned synthetic fixture: Exercise documented minimum, maximum, and just-outside limits. 2. Execute the platform workflow to reserve a synthetic inventory unit with an idempotency key. 3. Capture the committed result, resource version, or run status. 4. Compare the result with the source fixture and the declared invariant. 5. Repeat or recover the operation when applicable; verify access, audit evidence, and side effects.","The platform must correctly reserve a synthetic inventory unit with an idempotency key; the boundary values condition follows the configured contract; valid state is preserved, invalid or unauthorized work is rejected or quarantined without silent loss, retries do not duplicate side effects, lineage and audit evidence remain available, and no production records or credentials are used. Safety boundary: Use synthetic vehicle profiles, offline test benches, and simulated services only. Never send commands to a live vehicle, charging network, or public road system; these scenarios do not establish vehicle safety or regulatory certification.",Playwright + platform UI/API,"automotive-mobility,market-platform,synthetic-data,dealer_retail,boundary-values"
Automotive & Mobility,Dealer and Retail Operations,AUTOX-DEALER_R-00055,Dealer and Retail Operations: release a reservation after its configured expiry (boundary values),Automotive & Mobility: release a reservation after its configured expiry with boundary values,Functional,High,"Non-production tenant or isolated local fixture; synthetic records only; Exercise documented minimum, maximum, and just-outside limits. Safety boundary: Use synthetic vehicle profiles, offline test benches, and simulated services only. Never send commands to a live vehicle, charging network, or public road system; these scenarios do not establish vehicle safety or regulatory certification.","1. Create a disposable, versioned synthetic fixture: Exercise documented minimum, maximum, and just-outside limits. 2. Execute the platform workflow to release a reservation after its configured expiry. 3. Capture the committed result, resource version, or run status. 4. Compare the result with the source fixture and the declared invariant. 5. Repeat or recover the operation when applicable; verify access, audit evidence, and side effects.","The platform must correctly release a reservation after its configured expiry; the boundary values condition follows the configured contract; valid state is preserved, invalid or unauthorized work is rejected or quarantined without silent loss, retries do not duplicate side effects, lineage and audit evidence remain available, and no production records or credentials are used. Safety boundary: Use synthetic vehicle profiles, offline test benches, and simulated services only. Never send commands to a live vehicle, charging network, or public road system; these scenarios do not establish vehicle safety or regulatory certification.",Playwright + platform UI/API,"automotive-mobility,market-platform,synthetic-data,dealer_retail,boundary-values"
Automotive & Mobility,Dealer and Retail Operations,AUTOX-DEALER_R-00056,Dealer and Retail Operations: reconcile dealer allocation with central inventory fixtures (boundary values),Automotive & Mobility: reconcile dealer allocation with central inventory fixtures with boundary values,Functional,High,"Non-production tenant or isolated local fixture; synthetic records only; Exercise documented minimum, maximum, and just-outside limits. Safety boundary: Use synthetic vehicle profiles, offline test benches, and simulated services only. Never send commands to a live vehicle, charging network, or public road system; these scenarios do not establish vehicle safety or regulatory certification.","1. Create a disposable, versioned synthetic fixture: Exercise documented minimum, maximum, and just-outside limits. 2. Execute the platform workflow to reconcile dealer allocation with central inventory fixtures. 3. Capture the committed result, resource version, or run status. 4. Compare the result with the source fixture and the declared invariant. 5. Repeat or recover the operation when applicable; verify access, audit evidence, and side effects.","The platform must correctly reconcile dealer allocation with central inventory fixtures; the boundary values condition follows the configured contract; valid state is preserved, invalid or unauthorized work is rejected or quarantined without silent loss, retries do not duplicate side effects, lineage and audit evidence remain available, and no production records or credentials are used. Safety boundary: Use synthetic vehicle profiles, offline test benches, and simulated services only. Never send commands to a live vehicle, charging network, or public road system; these scenarios do not establish vehicle safety or regulatory certification.",Playwright + platform UI/API,"automotive-mobility,market-platform,synthetic-data,dealer_retail,boundary-values"
Automotive & Mobility,Dealer and Retail Operations,AUTOX-DEALER_R-00057,Dealer and Retail Operations: validate incentive eligibility at a date boundary (boundary values),Automotive & Mobility: validate incentive eligibility at a date boundary with boundary values,Functional,Medium,"Non-production tenant or isolated local fixture; synthetic records only; Exercise documented minimum, maximum, and just-outside limits. Safety boundary: Use synthetic vehicle profiles, offline test benches, and simulated services only. Never send commands to a live vehicle, charging network, or public road system; these scenarios do not establish vehicle safety or regulatory certification.","1. Create a disposable, versioned synthetic fixture: Exercise documented minimum, maximum, and just-outside limits. 2. Execute the platform workflow to validate incentive eligibility at a date boundary. 3. Capture the committed result, resource version, or run status. 4. Compare the result with the source fixture and the declared invariant. 5. Repeat or recover the operation when applicable; verify access, audit evidence, and side effects.","The platform must correctly validate incentive eligibility at a date boundary; the boundary values condition follows the configured contract; valid state is preserved, invalid or unauthorized work is rejected or quarantined without silent loss, retries do not duplicate side effects, lineage and audit evidence remain available, and no production records or credentials are used. Safety boundary: Use synthetic vehicle profiles, offline test benches, and simulated services only. Never send commands to a live vehicle, charging network, or public road system; these scenarios do not establish vehicle safety or regulatory certification.",Playwright + platform UI/API,"automotive-mobility,market-platform,synthetic-data,dealer_retail,boundary-values"
Automotive & Mobility,Dealer and Retail Operations,AUTOX-DEALER_R-00058,Dealer and Retail Operations: route a pricing exception to an authorized reviewer (boundary values),Automotive & Mobility: route a pricing exception to an authorized reviewer with boundary values,Functional,High,"Non-production tenant or isolated local fixture; synthetic records only; Exercise documented minimum, maximum, and just-outside limits. Safety boundary: Use synthetic vehicle profiles, offline test benches, and simulated services only. Never send commands to a live vehicle, charging network, or public road system; these scenarios do not establish vehicle safety or regulatory certification.","1. Create a disposable, versioned synthetic fixture: Exercise documented minimum, maximum, and just-outside limits. 2. Execute the platform workflow to route a pricing exception to an authorized reviewer. 3. Capture the committed result, resource version, or run status. 4. Compare the result with the source fixture and the declared invariant. 5. Repeat or recover the operation when applicable; verify access, audit evidence, and side effects.","The platform must correctly route a pricing exception to an authorized reviewer; the boundary values condition follows the configured contract; valid state is preserved, invalid or unauthorized work is rejected or quarantined without silent loss, retries do not duplicate side effects, lineage and audit evidence remain available, and no production records or credentials are used. Safety boundary: Use synthetic vehicle profiles, offline test benches, and simulated services only. Never send commands to a live vehicle, charging network, or public road system; these scenarios do not establish vehicle safety or regulatory certification.",Playwright + platform UI/API,"automotive-mobility,market-platform,synthetic-data,dealer_retail,boundary-values"
Automotive & Mobility,Dealer and Retail Operations,AUTOX-DEALER_R-00059,Dealer and Retail Operations: export a dealer catalog with restricted fields masked (boundary values),Automotive & Mobility: export a dealer catalog with restricted fields masked with boundary values,Functional,High,"Non-production tenant or isolated local fixture; synthetic records only; Exercise documented minimum, maximum, and just-outside limits. Safety boundary: Use synthetic vehicle profiles, offline test benches, and simulated services only. Never send commands to a live vehicle, charging network, or public road system; these scenarios do not establish vehicle safety or regulatory certification.","1. Create a disposable, versioned synthetic fixture: Exercise documented minimum, maximum, and just-outside limits. 2. Execute the platform workflow to export a dealer catalog with restricted fields masked. 3. Capture the committed result, resource version, or run status. 4. Compare the result with the source fixture and the declared invariant. 5. Repeat or recover the operation when applicable; verify access, audit evidence, and side effects.","The platform must correctly export a dealer catalog with restricted fields masked; the boundary values condition follows the configured contract; valid state is preserved, invalid or unauthorized work is rejected or quarantined without silent loss, retries do not duplicate side effects, lineage and audit evidence remain available, and no production records or credentials are used. Safety boundary: Use synthetic vehicle profiles, offline test benches, and simulated services only. Never send commands to a live vehicle, charging network, or public road system; these scenarios do not establish vehicle safety or regulatory certification.",Playwright + platform UI/API,"automotive-mobility,market-platform,synthetic-data,dealer_retail,boundary-values"
Automotive & Mobility,Dealer and Retail Operations,AUTOX-DEALER_R-00060,Dealer and Retail Operations: audit offer publication and withdrawal (boundary values),Automotive & Mobility: audit offer publication and withdrawal with boundary values,Functional,High,"Non-production tenant or isolated local fixture; synthetic records only; Exercise documented minimum, maximum, and just-outside limits. Safety boundary: Use synthetic vehicle profiles, offline test benches, and simulated services only. Never send commands to a live vehicle, charging network, or public road system; these scenarios do not establish vehicle safety or regulatory certification.","1. Create a disposable, versioned synthetic fixture: Exercise documented minimum, maximum, and just-outside limits. 2. Execute the platform workflow to audit offer publication and withdrawal. 3. Capture the committed result, resource version, or run status. 4. Compare the result with the source fixture and the declared invariant. 5. Repeat or recover the operation when applicable; verify access, audit evidence, and side effects.","The platform must correctly audit offer publication and withdrawal; the boundary values condition follows the configured contract; valid state is preserved, invalid or unauthorized work is rejected or quarantined without silent loss, retries do not duplicate side effects, lineage and audit evidence remain available, and no production records or credentials are used. Safety boundary: Use synthetic vehicle profiles, offline test benches, and simulated services only. Never send commands to a live vehicle, charging network, or public road system; these scenarios do not establish vehicle safety or regulatory certification.",Playwright + platform UI/API,"automotive-mobility,market-platform,synthetic-data,dealer_retail,boundary-values"
Automotive & Mobility,Dealer and Retail Operations,AUTOX-DEALER_R-00061,Dealer and Retail Operations: create a synthetic dealer location with a scoped role (late arriving data),Automotive & Mobility: create a synthetic dealer location with a scoped role with late arriving data,Functional,Medium,"Non-production tenant or isolated local fixture; synthetic records only; Deliver an older event after a newer watermark or processing window has advanced. Safety boundary: Use synthetic vehicle profiles, offline test benches, and simulated services only. Never send commands to a live vehicle, charging network, or public road system; these scenarios do not establish vehicle safety or regulatory certification.","1. Create a disposable, versioned synthetic fixture: Deliver an older event after a newer watermark or processing window has advanced. 2. Execute the platform workflow to create a synthetic dealer location with a scoped role. 3. Capture the committed result, resource version, or run status. 4. Compare the result with the source fixture and the declared invariant. 5. Repeat or recover the operation when applicable; verify access, audit evidence, and side effects.","The platform must correctly create a synthetic dealer location with a scoped role; the late arriving data condition follows the configured contract; valid state is preserved, invalid or unauthorized work is rejected or quarantined without silent loss, retries do not duplicate side effects, lineage and audit evidence remain available, and no production records or credentials are used. Safety boundary: Use synthetic vehicle profiles, offline test benches, and simulated services only. Never send commands to a live vehicle, charging network, or public road system; these scenarios do not establish vehicle safety or regulatory certification.",Playwright + platform UI/API,"automotive-mobility,market-platform,synthetic-data,dealer_retail,late-arriving-data"
Automotive & Mobility,Dealer and Retail Operations,AUTOX-DEALER_R-00062,Dealer and Retail Operations: publish an approved vehicle offer to a test market (late arriving data),Automotive & Mobility: publish an approved vehicle offer to a test market with late arriving data,Functional,High,"Non-production tenant or isolated local fixture; synthetic records only; Deliver an older event after a newer watermark or processing window has advanced. Safety boundary: Use synthetic vehicle profiles, offline test benches, and simulated services only. Never send commands to a live vehicle, charging network, or public road system; these scenarios do not establish vehicle safety or regulatory certification.","1. Create a disposable, versioned synthetic fixture: Deliver an older event after a newer watermark or processing window has advanced. 2. Execute the platform workflow to publish an approved vehicle offer to a test market. 3. Capture the committed result, resource version, or run status. 4. Compare the result with the source fixture and the declared invariant. 5. Repeat or recover the operation when applicable; verify access, audit evidence, and side effects.","The platform must correctly publish an approved vehicle offer to a test market; the late arriving data condition follows the configured contract; valid state is preserved, invalid or unauthorized work is rejected or quarantined without silent loss, retries do not duplicate side effects, lineage and audit evidence remain available, and no production records or credentials are used. Safety boundary: Use synthetic vehicle profiles, offline test benches, and simulated services only. Never send commands to a live vehicle, charging network, or public road system; these scenarios do not establish vehicle safety or regulatory certification.",Playwright + platform UI/API,"automotive-mobility,market-platform,synthetic-data,dealer_retail,late-arriving-data"
Automotive & Mobility,Dealer and Retail Operations,AUTOX-DEALER_R-00063,Dealer and Retail Operations: prevent a dealer user from viewing another region's draft (late arriving data),Automotive & Mobility: prevent a dealer user from viewing another region's draft with late arriving data,Functional,High,"Non-production tenant or isolated local fixture; synthetic records only; Deliver an older event after a newer watermark or processing window has advanced. Safety boundary: Use synthetic vehicle profiles, offline test benches, and simulated services only. Never send commands to a live vehicle, charging network, or public road system; these scenarios do not establish vehicle safety or regulatory certification.","1. Create a disposable, versioned synthetic fixture: Deliver an older event after a newer watermark or processing window has advanced. 2. Execute the platform workflow to prevent a dealer user from viewing another region's draft. 3. Capture the committed result, resource version, or run status. 4. Compare the result with the source fixture and the declared invariant. 5. Repeat or recover the operation when applicable; verify access, audit evidence, and side effects.","The platform must correctly prevent a dealer user from viewing another region's draft; the late arriving data condition follows the configured contract; valid state is preserved, invalid or unauthorized work is rejected or quarantined without silent loss, retries do not duplicate side effects, lineage and audit evidence remain available, and no production records or credentials are used. Safety boundary: Use synthetic vehicle profiles, offline test benches, and simulated services only. Never send commands to a live vehicle, charging network, or public road system; these scenarios do not establish vehicle safety or regulatory certification.",Playwright + platform UI/API,"automotive-mobility,market-platform,synthetic-data,dealer_retail,late-arriving-data"
Automotive & Mobility,Dealer and Retail Operations,AUTOX-DEALER_R-00064,Dealer and Retail Operations: reserve a synthetic inventory unit with an idempotency key (late arriving data),Automotive & Mobility: reserve a synthetic inventory unit with an idempotency key with late arriving data,Functional,High,"Non-production tenant or isolated local fixture; synthetic records only; Deliver an older event after a newer watermark or processing window has advanced. Safety boundary: Use synthetic vehicle profiles, offline test benches, and simulated services only. Never send commands to a live vehicle, charging network, or public road system; these scenarios do not establish vehicle safety or regulatory certification.","1. Create a disposable, versioned synthetic fixture: Deliver an older event after a newer watermark or processing window has advanced. 2. Execute the platform workflow to reserve a synthetic inventory unit with an idempotency key. 3. Capture the committed result, resource version, or run status. 4. Compare the result with the source fixture and the declared invariant. 5. Repeat or recover the operation when applicable; verify access, audit evidence, and side effects.","The platform must correctly reserve a synthetic inventory unit with an idempotency key; the late arriving data condition follows the configured contract; valid state is preserved, invalid or unauthorized work is rejected or quarantined without silent loss, retries do not duplicate side effects, lineage and audit evidence remain available, and no production records or credentials are used. Safety boundary: Use synthetic vehicle profiles, offline test benches, and simulated services only. Never send commands to a live vehicle, charging network, or public road system; these scenarios do not establish vehicle safety or regulatory certification.",Playwright + platform UI/API,"automotive-mobility,market-platform,synthetic-data,dealer_retail,late-arriving-data"
Automotive & Mobility,Dealer and Retail Operations,AUTOX-DEALER_R-00065,Dealer and Retail Operations: release a reservation after its configured expiry (late arriving data),Automotive & Mobility: release a reservation after its configured expiry with late arriving data,Functional,Medium,"Non-production tenant or isolated local fixture; synthetic records only; Deliver an older event after a newer watermark or processing window has advanced. Safety boundary: Use synthetic vehicle profiles, offline test benches, and simulated services only. Never send commands to a live vehicle, charging network, or public road system; these scenarios do not establish vehicle safety or regulatory certification.","1. Create a disposable, versioned synthetic fixture: Deliver an older event after a newer watermark or processing window has advanced. 2. Execute the platform workflow to release a reservation after its configured expiry. 3. Capture the committed result, resource version, or run status. 4. Compare the result with the source fixture and the declared invariant. 5. Repeat or recover the operation when applicable; verify access, audit evidence, and side effects.","The platform must correctly release a reservation after its configured expiry; the late arriving data condition follows the configured contract; valid state is preserved, invalid or unauthorized work is rejected or quarantined without silent loss, retries do not duplicate side effects, lineage and audit evidence remain available, and no production records or credentials are used. Safety boundary: Use synthetic vehicle profiles, offline test benches, and simulated services only. Never send commands to a live vehicle, charging network, or public road system; these scenarios do not establish vehicle safety or regulatory certification.",Playwright + platform UI/API,"automotive-mobility,market-platform,synthetic-data,dealer_retail,late-arriving-data"
Automotive & Mobility,Dealer and Retail Operations,AUTOX-DEALER_R-00066,Dealer and Retail Operations: reconcile dealer allocation with central inventory fixtures (late arriving data),Automotive & Mobility: reconcile dealer allocation with central inventory fixtures with late arriving data,Functional,High,"Non-production tenant or isolated local fixture; synthetic records only; Deliver an older event after a newer watermark or processing window has advanced. Safety boundary: Use synthetic vehicle profiles, offline test benches, and simulated services only. Never send commands to a live vehicle, charging network, or public road system; these scenarios do not establish vehicle safety or regulatory certification.","1. Create a disposable, versioned synthetic fixture: Deliver an older event after a newer watermark or processing window has advanced. 2. Execute the platform workflow to reconcile dealer allocation with central inventory fixtures. 3. Capture the committed result, resource version, or run status. 4. Compare the result with the source fixture and the declared invariant. 5. Repeat or recover the operation when applicable; verify access, audit evidence, and side effects.","The platform must correctly reconcile dealer allocation with central inventory fixtures; the late arriving data condition follows the configured contract; valid state is preserved, invalid or unauthorized work is rejected or quarantined without silent loss, retries do not duplicate side effects, lineage and audit evidence remain available, and no production records or credentials are used. Safety boundary: Use synthetic vehicle profiles, offline test benches, and simulated services only. Never send commands to a live vehicle, charging network, or public road system; these scenarios do not establish vehicle safety or regulatory certification.",Playwright + platform UI/API,"automotive-mobility,market-platform,synthetic-data,dealer_retail,late-arriving-data"
Automotive & Mobility,Dealer and Retail Operations,AUTOX-DEALER_R-00067,Dealer and Retail Operations: validate incentive eligibility at a date boundary (late arriving data),Automotive & Mobility: validate incentive eligibility at a date boundary with late arriving data,Functional,High,"Non-production tenant or isolated local fixture; synthetic records only; Deliver an older event after a newer watermark or processing window has advanced. Safety boundary: Use synthetic vehicle profiles, offline test benches, and simulated services only. Never send commands to a live vehicle, charging network, or public road system; these scenarios do not establish vehicle safety or regulatory certification.","1. Create a disposable, versioned synthetic fixture: Deliver an older event after a newer watermark or processing window has advanced. 2. Execute the platform workflow to validate incentive eligibility at a date boundary. 3. Capture the committed result, resource version, or run status. 4. Compare the result with the source fixture and the declared invariant. 5. Repeat or recover the operation when applicable; verify access, audit evidence, and side effects.","The platform must correctly validate incentive eligibility at a date boundary; the late arriving data condition follows the configured contract; valid state is preserved, invalid or unauthorized work is rejected or quarantined without silent loss, retries do not duplicate side effects, lineage and audit evidence remain available, and no production records or credentials are used. Safety boundary: Use synthetic vehicle profiles, offline test benches, and simulated services only. Never send commands to a live vehicle, charging network, or public road system; these scenarios do not establish vehicle safety or regulatory certification.",Playwright + platform UI/API,"automotive-mobility,market-platform,synthetic-data,dealer_retail,late-arriving-data"
Automotive & Mobility,Dealer and Retail Operations,AUTOX-DEALER_R-00068,Dealer and Retail Operations: route a pricing exception to an authorized reviewer (late arriving data),Automotive & Mobility: route a pricing exception to an authorized reviewer with late arriving data,Functional,High,"Non-production tenant or isolated local fixture; synthetic records only; Deliver an older event after a newer watermark or processing window has advanced. Safety boundary: Use synthetic vehicle profiles, offline test benches, and simulated services only. Never send commands to a live vehicle, charging network, or public road system; these scenarios do not establish vehicle safety or regulatory certification.","1. Create a disposable, versioned synthetic fixture: Deliver an older event after a newer watermark or processing window has advanced. 2. Execute the platform workflow to route a pricing exception to an authorized reviewer. 3. Capture the committed result, resource version, or run status. 4. Compare the result with the source fixture and the declared invariant. 5. Repeat or recover the operation when applicable; verify access, audit evidence, and side effects.","The platform must correctly route a pricing exception to an authorized reviewer; the late arriving data condition follows the configured contract; valid state is preserved, invalid or unauthorized work is rejected or quarantined without silent loss, retries do not duplicate side effects, lineage and audit evidence remain available, and no production records or credentials are used. Safety boundary: Use synthetic vehicle profiles, offline test benches, and simulated services only. Never send commands to a live vehicle, charging network, or public road system; these scenarios do not establish vehicle safety or regulatory certification.",Playwright + platform UI/API,"automotive-mobility,market-platform,synthetic-data,dealer_retail,late-arriving-data"
Automotive & Mobility,Dealer and Retail Operations,AUTOX-DEALER_R-00069,Dealer and Retail Operations: export a dealer catalog with restricted fields masked (late arriving data),Automotive & Mobility: export a dealer catalog with restricted fields masked with late arriving data,Functional,Medium,"Non-production tenant or isolated local fixture; synthetic records only; Deliver an older event after a newer watermark or processing window has advanced. Safety boundary: Use synthetic vehicle profiles, offline test benches, and simulated services only. Never send commands to a live vehicle, charging network, or public road system; these scenarios do not establish vehicle safety or regulatory certification.","1. Create a disposable, versioned synthetic fixture: Deliver an older event after a newer watermark or processing window has advanced. 2. Execute the platform workflow to export a dealer catalog with restricted fields masked. 3. Capture the committed result, resource version, or run status. 4. Compare the result with the source fixture and the declared invariant. 5. Repeat or recover the operation when applicable; verify access, audit evidence, and side effects.","The platform must correctly export a dealer catalog with restricted fields masked; the late arriving data condition follows the configured contract; valid state is preserved, invalid or unauthorized work is rejected or quarantined without silent loss, retries do not duplicate side effects, lineage and audit evidence remain available, and no production records or credentials are used. Safety boundary: Use synthetic vehicle profiles, offline test benches, and simulated services only. Never send commands to a live vehicle, charging network, or public road system; these scenarios do not establish vehicle safety or regulatory certification.",Playwright + platform UI/API,"automotive-mobility,market-platform,synthetic-data,dealer_retail,late-arriving-data"
Automotive & Mobility,Dealer and Retail Operations,AUTOX-DEALER_R-00070,Dealer and Retail Operations: audit offer publication and withdrawal (late arriving data),Automotive & Mobility: audit offer publication and withdrawal with late arriving data,Functional,High,"Non-production tenant or isolated local fixture; synthetic records only; Deliver an older event after a newer watermark or processing window has advanced. Safety boundary: Use synthetic vehicle profiles, offline test benches, and simulated services only. Never send commands to a live vehicle, charging network, or public road system; these scenarios do not establish vehicle safety or regulatory certification.","1. Create a disposable, versioned synthetic fixture: Deliver an older event after a newer watermark or processing window has advanced. 2. Execute the platform workflow to audit offer publication and withdrawal. 3. Capture the committed result, resource version, or run status. 4. Compare the result with the source fixture and the declared invariant. 5. Repeat or recover the operation when applicable; verify access, audit evidence, and side effects.","The platform must correctly audit offer publication and withdrawal; the late arriving data condition follows the configured contract; valid state is preserved, invalid or unauthorized work is rejected or quarantined without silent loss, retries do not duplicate side effects, lineage and audit evidence remain available, and no production records or credentials are used. Safety boundary: Use synthetic vehicle profiles, offline test benches, and simulated services only. Never send commands to a live vehicle, charging network, or public road system; these scenarios do not establish vehicle safety or regulatory certification.",Playwright + platform UI/API,"automotive-mobility,market-platform,synthetic-data,dealer_retail,late-arriving-data"
Automotive & Mobility,Dealer and Retail Operations,AUTOX-DEALER_R-00071,Dealer and Retail Operations: create a synthetic dealer location with a scoped role (out-of-order events),Automotive & Mobility: create a synthetic dealer location with a scoped role with out-of-order events,Functional,High,"Non-production tenant or isolated local fixture; synthetic records only; Shuffle event or commit order while preserving source event-time values. Safety boundary: Use synthetic vehicle profiles, offline test benches, and simulated services only. Never send commands to a live vehicle, charging network, or public road system; these scenarios do not establish vehicle safety or regulatory certification.","1. Create a disposable, versioned synthetic fixture: Shuffle event or commit order while preserving source event-time values. 2. Execute the platform workflow to create a synthetic dealer location with a scoped role. 3. Capture the committed result, resource version, or run status. 4. Compare the result with the source fixture and the declared invariant. 5. Repeat or recover the operation when applicable; verify access, audit evidence, and side effects.","The platform must correctly create a synthetic dealer location with a scoped role; the out-of-order events condition follows the configured contract; valid state is preserved, invalid or unauthorized work is rejected or quarantined without silent loss, retries do not duplicate side effects, lineage and audit evidence remain available, and no production records or credentials are used. Safety boundary: Use synthetic vehicle profiles, offline test benches, and simulated services only. Never send commands to a live vehicle, charging network, or public road system; these scenarios do not establish vehicle safety or regulatory certification.",Playwright + platform UI/API,"automotive-mobility,market-platform,synthetic-data,dealer_retail,out-of-order-events"
Automotive & Mobility,Dealer and Retail Operations,AUTOX-DEALER_R-00072,Dealer and Retail Operations: publish an approved vehicle offer to a test market (out-of-order events),Automotive & Mobility: publish an approved vehicle offer to a test market with out-of-order events,Functional,High,"Non-production tenant or isolated local fixture; synthetic records only; Shuffle event or commit order while preserving source event-time values. Safety boundary: Use synthetic vehicle profiles, offline test benches, and simulated services only. Never send commands to a live vehicle, charging network, or public road system; these scenarios do not establish vehicle safety or regulatory certification.","1. Create a disposable, versioned synthetic fixture: Shuffle event or commit order while preserving source event-time values. 2. Execute the platform workflow to publish an approved vehicle offer to a test market. 3. Capture the committed result, resource version, or run status. 4. Compare the result with the source fixture and the declared invariant. 5. Repeat or recover the operation when applicable; verify access, audit evidence, and side effects.","The platform must correctly publish an approved vehicle offer to a test market; the out-of-order events condition follows the configured contract; valid state is preserved, invalid or unauthorized work is rejected or quarantined without silent loss, retries do not duplicate side effects, lineage and audit evidence remain available, and no production records or credentials are used. Safety boundary: Use synthetic vehicle profiles, offline test benches, and simulated services only. Never send commands to a live vehicle, charging network, or public road system; these scenarios do not establish vehicle safety or regulatory certification.",Playwright + platform UI/API,"automotive-mobility,market-platform,synthetic-data,dealer_retail,out-of-order-events"
Automotive & Mobility,Dealer and Retail Operations,AUTOX-DEALER_R-00073,Dealer and Retail Operations: prevent a dealer user from viewing another region's draft (out-of-order events),Automotive & Mobility: prevent a dealer user from viewing another region's draft with out-of-order events,Functional,Medium,"Non-production tenant or isolated local fixture; synthetic records only; Shuffle event or commit order while preserving source event-time values. Safety boundary: Use synthetic vehicle profiles, offline test benches, and simulated services only. Never send commands to a live vehicle, charging network, or public road system; these scenarios do not establish vehicle safety or regulatory certification.","1. Create a disposable, versioned synthetic fixture: Shuffle event or commit order while preserving source event-time values. 2. Execute the platform workflow to prevent a dealer user from viewing another region's draft. 3. Capture the committed result, resource version, or run status. 4. Compare the result with the source fixture and the declared invariant. 5. Repeat or recover the operation when applicable; verify access, audit evidence, and side effects.","The platform must correctly prevent a dealer user from viewing another region's draft; the out-of-order events condition follows the configured contract; valid state is preserved, invalid or unauthorized work is rejected or quarantined without silent loss, retries do not duplicate side effects, lineage and audit evidence remain available, and no production records or credentials are used. Safety boundary: Use synthetic vehicle profiles, offline test benches, and simulated services only. Never send commands to a live vehicle, charging network, or public road system; these scenarios do not establish vehicle safety or regulatory certification.",Playwright + platform UI/API,"automotive-mobility,market-platform,synthetic-data,dealer_retail,out-of-order-events"
Automotive & Mobility,Dealer and Retail Operations,AUTOX-DEALER_R-00074,Dealer and Retail Operations: reserve a synthetic inventory unit with an idempotency key (out-of-order events),Automotive & Mobility: reserve a synthetic inventory unit with an idempotency key with out-of-order events,Functional,High,"Non-production tenant or isolated local fixture; synthetic records only; Shuffle event or commit order while preserving source event-time values. Safety boundary: Use synthetic vehicle profiles, offline test benches, and simulated services only. Never send commands to a live vehicle, charging network, or public road system; these scenarios do not establish vehicle safety or regulatory certification.","1. Create a disposable, versioned synthetic fixture: Shuffle event or commit order while preserving source event-time values. 2. Execute the platform workflow to reserve a synthetic inventory unit with an idempotency key. 3. Capture the committed result, resource version, or run status. 4. Compare the result with the source fixture and the declared invariant. 5. Repeat or recover the operation when applicable; verify access, audit evidence, and side effects.","The platform must correctly reserve a synthetic inventory unit with an idempotency key; the out-of-order events condition follows the configured contract; valid state is preserved, invalid or unauthorized work is rejected or quarantined without silent loss, retries do not duplicate side effects, lineage and audit evidence remain available, and no production records or credentials are used. Safety boundary: Use synthetic vehicle profiles, offline test benches, and simulated services only. Never send commands to a live vehicle, charging network, or public road system; these scenarios do not establish vehicle safety or regulatory certification.",Playwright + platform UI/API,"automotive-mobility,market-platform,synthetic-data,dealer_retail,out-of-order-events"
Automotive & Mobility,Dealer and Retail Operations,AUTOX-DEALER_R-00075,Dealer and Retail Operations: release a reservation after its configured expiry (out-of-order events),Automotive & Mobility: release a reservation after its configured expiry with out-of-order events,Functional,High,"Non-production tenant or isolated local fixture; synthetic records only; Shuffle event or commit order while preserving source event-time values. Safety boundary: Use synthetic vehicle profiles, offline test benches, and simulated services only. Never send commands to a live vehicle, charging network, or public road system; these scenarios do not establish vehicle safety or regulatory certification.","1. Create a disposable, versioned synthetic fixture: Shuffle event or commit order while preserving source event-time values. 2. Execute the platform workflow to release a reservation after its configured expiry. 3. Capture the committed result, resource version, or run status. 4. Compare the result with the source fixture and the declared invariant. 5. Repeat or recover the operation when applicable; verify access, audit evidence, and side effects.","The platform must correctly release a reservation after its configured expiry; the out-of-order events condition follows the configured contract; valid state is preserved, invalid or unauthorized work is rejected or quarantined without silent loss, retries do not duplicate side effects, lineage and audit evidence remain available, and no production records or credentials are used. Safety boundary: Use synthetic vehicle profiles, offline test benches, and simulated services only. Never send commands to a live vehicle, charging network, or public road system; these scenarios do not establish vehicle safety or regulatory certification.",Playwright + platform UI/API,"automotive-mobility,market-platform,synthetic-data,dealer_retail,out-of-order-events"
Automotive & Mobility,Dealer and Retail Operations,AUTOX-DEALER_R-00076,Dealer and Retail Operations: reconcile dealer allocation with central inventory fixtures (out-of-order events),Automotive & Mobility: reconcile dealer allocation with central inventory fixtures with out-of-order events,Functional,High,"Non-production tenant or isolated local fixture; synthetic records only; Shuffle event or commit order while preserving source event-time values. Safety boundary: Use synthetic vehicle profiles, offline test benches, and simulated services only. Never send commands to a live vehicle, charging network, or public road system; these scenarios do not establish vehicle safety or regulatory certification.","1. Create a disposable, versioned synthetic fixture: Shuffle event or commit order while preserving source event-time values. 2. Execute the platform workflow to reconcile dealer allocation with central inventory fixtures. 3. Capture the committed result, resource version, or run status. 4. Compare the result with the source fixture and the declared invariant. 5. Repeat or recover the operation when applicable; verify access, audit evidence, and side effects.","The platform must correctly reconcile dealer allocation with central inventory fixtures; the out-of-order events condition follows the configured contract; valid state is preserved, invalid or unauthorized work is rejected or quarantined without silent loss, retries do not duplicate side effects, lineage and audit evidence remain available, and no production records or credentials are used. Safety boundary: Use synthetic vehicle profiles, offline test benches, and simulated services only. Never send commands to a live vehicle, charging network, or public road system; these scenarios do not establish vehicle safety or regulatory certification.",Playwright + platform UI/API,"automotive-mobility,market-platform,synthetic-data,dealer_retail,out-of-order-events"
Automotive & Mobility,Dealer and Retail Operations,AUTOX-DEALER_R-00077,Dealer and Retail Operations: validate incentive eligibility at a date boundary (out-of-order events),Automotive & Mobility: validate incentive eligibility at a date boundary with out-of-order events,Functional,Medium,"Non-production tenant or isolated local fixture; synthetic records only; Shuffle event or commit order while preserving source event-time values. Safety boundary: Use synthetic vehicle profiles, offline test benches, and simulated services only. Never send commands to a live vehicle, charging network, or public road system; these scenarios do not establish vehicle safety or regulatory certification.","1. Create a disposable, versioned synthetic fixture: Shuffle event or commit order while preserving source event-time values. 2. Execute the platform workflow to validate incentive eligibility at a date boundary. 3. Capture the committed result, resource version, or run status. 4. Compare the result with the source fixture and the declared invariant. 5. Repeat or recover the operation when applicable; verify access, audit evidence, and side effects.","The platform must correctly validate incentive eligibility at a date boundary; the out-of-order events condition follows the configured contract; valid state is preserved, invalid or unauthorized work is rejected or quarantined without silent loss, retries do not duplicate side effects, lineage and audit evidence remain available, and no production records or credentials are used. Safety boundary: Use synthetic vehicle profiles, offline test benches, and simulated services only. Never send commands to a live vehicle, charging network, or public road system; these scenarios do not establish vehicle safety or regulatory certification.",Playwright + platform UI/API,"automotive-mobility,market-platform,synthetic-data,dealer_retail,out-of-order-events"
Automotive & Mobility,Dealer and Retail Operations,AUTOX-DEALER_R-00078,Dealer and Retail Operations: route a pricing exception to an authorized reviewer (out-of-order events),Automotive & Mobility: route a pricing exception to an authorized reviewer with out-of-order events,Functional,High,"Non-production tenant or isolated local fixture; synthetic records only; Shuffle event or commit order while preserving source event-time values. Safety boundary: Use synthetic vehicle profiles, offline test benches, and simulated services only. Never send commands to a live vehicle, charging network, or public road system; these scenarios do not establish vehicle safety or regulatory certification.","1. Create a disposable, versioned synthetic fixture: Shuffle event or commit order while preserving source event-time values. 2. Execute the platform workflow to route a pricing exception to an authorized reviewer. 3. Capture the committed result, resource version, or run status. 4. Compare the result with the source fixture and the declared invariant. 5. Repeat or recover the operation when applicable; verify access, audit evidence, and side effects.","The platform must correctly route a pricing exception to an authorized reviewer; the out-of-order events condition follows the configured contract; valid state is preserved, invalid or unauthorized work is rejected or quarantined without silent loss, retries do not duplicate side effects, lineage and audit evidence remain available, and no production records or credentials are used. Safety boundary: Use synthetic vehicle profiles, offline test benches, and simulated services only. Never send commands to a live vehicle, charging network, or public road system; these scenarios do not establish vehicle safety or regulatory certification.",Playwright + platform UI/API,"automotive-mobility,market-platform,synthetic-data,dealer_retail,out-of-order-events"
Automotive & Mobility,Dealer and Retail Operations,AUTOX-DEALER_R-00079,Dealer and Retail Operations: export a dealer catalog with restricted fields masked (out-of-order events),Automotive & Mobility: export a dealer catalog with restricted fields masked with out-of-order events,Functional,High,"Non-production tenant or isolated local fixture; synthetic records only; Shuffle event or commit order while preserving source event-time values. Safety boundary: Use synthetic vehicle profiles, offline test benches, and simulated services only. Never send commands to a live vehicle, charging network, or public road system; these scenarios do not establish vehicle safety or regulatory certification.","1. Create a disposable, versioned synthetic fixture: Shuffle event or commit order while preserving source event-time values. 2. Execute the platform workflow to export a dealer catalog with restricted fields masked. 3. Capture the committed result, resource version, or run status. 4. Compare the result with the source fixture and the declared invariant. 5. Repeat or recover the operation when applicable; verify access, audit evidence, and side effects.","The platform must correctly export a dealer catalog with restricted fields masked; the out-of-order events condition follows the configured contract; valid state is preserved, invalid or unauthorized work is rejected or quarantined without silent loss, retries do not duplicate side effects, lineage and audit evidence remain available, and no production records or credentials are used. Safety boundary: Use synthetic vehicle profiles, offline test benches, and simulated services only. Never send commands to a live vehicle, charging network, or public road system; these scenarios do not establish vehicle safety or regulatory certification.",Playwright + platform UI/API,"automotive-mobility,market-platform,synthetic-data,dealer_retail,out-of-order-events"
Automotive & Mobility,Dealer and Retail Operations,AUTOX-DEALER_R-00080,Dealer and Retail Operations: audit offer publication and withdrawal (out-of-order events),Automotive & Mobility: audit offer publication and withdrawal with out-of-order events,Functional,High,"Non-production tenant or isolated local fixture; synthetic records only; Shuffle event or commit order while preserving source event-time values. Safety boundary: Use synthetic vehicle profiles, offline test benches, and simulated services only. Never send commands to a live vehicle, charging network, or public road system; these scenarios do not establish vehicle safety or regulatory certification.","1. Create a disposable, versioned synthetic fixture: Shuffle event or commit order while preserving source event-time values. 2. Execute the platform workflow to audit offer publication and withdrawal. 3. Capture the committed result, resource version, or run status. 4. Compare the result with the source fixture and the declared invariant. 5. Repeat or recover the operation when applicable; verify access, audit evidence, and side effects.","The platform must correctly audit offer publication and withdrawal; the out-of-order events condition follows the configured contract; valid state is preserved, invalid or unauthorized work is rejected or quarantined without silent loss, retries do not duplicate side effects, lineage and audit evidence remain available, and no production records or credentials are used. Safety boundary: Use synthetic vehicle profiles, offline test benches, and simulated services only. Never send commands to a live vehicle, charging network, or public road system; these scenarios do not establish vehicle safety or regulatory certification.",Playwright + platform UI/API,"automotive-mobility,market-platform,synthetic-data,dealer_retail,out-of-order-events"
Automotive & Mobility,Dealer and Retail Operations,AUTOX-DEALER_R-00081,Dealer and Retail Operations: create a synthetic dealer location with a scoped role (compatible schema change),Automotive & Mobility: create a synthetic dealer location with a scoped role with compatible schema change,Functional,Medium,"Non-production tenant or isolated local fixture; synthetic records only; Add a nullable field while existing readers and stored versions remain active. Safety boundary: Use synthetic vehicle profiles, offline test benches, and simulated services only. Never send commands to a live vehicle, charging network, or public road system; these scenarios do not establish vehicle safety or regulatory certification.","1. Create a disposable, versioned synthetic fixture: Add a nullable field while existing readers and stored versions remain active. 2. Execute the platform workflow to create a synthetic dealer location with a scoped role. 3. Capture the committed result, resource version, or run status. 4. Compare the result with the source fixture and the declared invariant. 5. Repeat or recover the operation when applicable; verify access, audit evidence, and side effects.","The platform must correctly create a synthetic dealer location with a scoped role; the compatible schema change condition follows the configured contract; valid state is preserved, invalid or unauthorized work is rejected or quarantined without silent loss, retries do not duplicate side effects, lineage and audit evidence remain available, and no production records or credentials are used. Safety boundary: Use synthetic vehicle profiles, offline test benches, and simulated services only. Never send commands to a live vehicle, charging network, or public road system; these scenarios do not establish vehicle safety or regulatory certification.",Playwright + platform UI/API,"automotive-mobility,market-platform,synthetic-data,dealer_retail,compatible-schema-change"
Automotive & Mobility,Dealer and Retail Operations,AUTOX-DEALER_R-00082,Dealer and Retail Operations: publish an approved vehicle offer to a test market (compatible schema change),Automotive & Mobility: publish an approved vehicle offer to a test market with compatible schema change,Functional,High,"Non-production tenant or isolated local fixture; synthetic records only; Add a nullable field while existing readers and stored versions remain active. Safety boundary: Use synthetic vehicle profiles, offline test benches, and simulated services only. Never send commands to a live vehicle, charging network, or public road system; these scenarios do not establish vehicle safety or regulatory certification.","1. Create a disposable, versioned synthetic fixture: Add a nullable field while existing readers and stored versions remain active. 2. Execute the platform workflow to publish an approved vehicle offer to a test market. 3. Capture the committed result, resource version, or run status. 4. Compare the result with the source fixture and the declared invariant. 5. Repeat or recover the operation when applicable; verify access, audit evidence, and side effects.","The platform must correctly publish an approved vehicle offer to a test market; the compatible schema change condition follows the configured contract; valid state is preserved, invalid or unauthorized work is rejected or quarantined without silent loss, retries do not duplicate side effects, lineage and audit evidence remain available, and no production records or credentials are used. Safety boundary: Use synthetic vehicle profiles, offline test benches, and simulated services only. Never send commands to a live vehicle, charging network, or public road system; these scenarios do not establish vehicle safety or regulatory certification.",Playwright + platform UI/API,"automotive-mobility,market-platform,synthetic-data,dealer_retail,compatible-schema-change"
Automotive & Mobility,Dealer and Retail Operations,AUTOX-DEALER_R-00083,Dealer and Retail Operations: prevent a dealer user from viewing another region's draft (compatible schema change),Automotive & Mobility: prevent a dealer user from viewing another region's draft with compatible schema change,Functional,High,"Non-production tenant or isolated local fixture; synthetic records only; Add a nullable field while existing readers and stored versions remain active. Safety boundary: Use synthetic vehicle profiles, offline test benches, and simulated services only. Never send commands to a live vehicle, charging network, or public road system; these scenarios do not establish vehicle safety or regulatory certification.","1. Create a disposable, versioned synthetic fixture: Add a nullable field while existing readers and stored versions remain active. 2. Execute the platform workflow to prevent a dealer user from viewing another region's draft. 3. Capture the committed result, resource version, or run status. 4. Compare the result with the source fixture and the declared invariant. 5. Repeat or recover the operation when applicable; verify access, audit evidence, and side effects.","The platform must correctly prevent a dealer user from viewing another region's draft; the compatible schema change condition follows the configured contract; valid state is preserved, invalid or unauthorized work is rejected or quarantined without silent loss, retries do not duplicate side effects, lineage and audit evidence remain available, and no production records or credentials are used. Safety boundary: Use synthetic vehicle profiles, offline test benches, and simulated services only. Never send commands to a live vehicle, charging network, or public road system; these scenarios do not establish vehicle safety or regulatory certification.",Playwright + platform UI/API,"automotive-mobility,market-platform,synthetic-data,dealer_retail,compatible-schema-change"
Automotive & Mobility,Dealer and Retail Operations,AUTOX-DEALER_R-00084,Dealer and Retail Operations: reserve a synthetic inventory unit with an idempotency key (compatible schema change),Automotive & Mobility: reserve a synthetic inventory unit with an idempotency key with compatible schema change,Functional,High,"Non-production tenant or isolated local fixture; synthetic records only; Add a nullable field while existing readers and stored versions remain active. Safety boundary: Use synthetic vehicle profiles, offline test benches, and simulated services only. Never send commands to a live vehicle, charging network, or public road system; these scenarios do not establish vehicle safety or regulatory certification.","1. Create a disposable, versioned synthetic fixture: Add a nullable field while existing readers and stored versions remain active. 2. Execute the platform workflow to reserve a synthetic inventory unit with an idempotency key. 3. Capture the committed result, resource version, or run status. 4. Compare the result with the source fixture and the declared invariant. 5. Repeat or recover the operation when applicable; verify access, audit evidence, and side effects.","The platform must correctly reserve a synthetic inventory unit with an idempotency key; the compatible schema change condition follows the configured contract; valid state is preserved, invalid or unauthorized work is rejected or quarantined without silent loss, retries do not duplicate side effects, lineage and audit evidence remain available, and no production records or credentials are used. Safety boundary: Use synthetic vehicle profiles, offline test benches, and simulated services only. Never send commands to a live vehicle, charging network, or public road system; these scenarios do not establish vehicle safety or regulatory certification.",Playwright + platform UI/API,"automotive-mobility,market-platform,synthetic-data,dealer_retail,compatible-schema-change"
Automotive & Mobility,Dealer and Retail Operations,AUTOX-DEALER_R-00085,Dealer and Retail Operations: release a reservation after its configured expiry (compatible schema change),Automotive & Mobility: release a reservation after its configured expiry with compatible schema change,Functional,Medium,"Non-production tenant or isolated local fixture; synthetic records only; Add a nullable field while existing readers and stored versions remain active. Safety boundary: Use synthetic vehicle profiles, offline test benches, and simulated services only. Never send commands to a live vehicle, charging network, or public road system; these scenarios do not establish vehicle safety or regulatory certification.","1. Create a disposable, versioned synthetic fixture: Add a nullable field while existing readers and stored versions remain active. 2. Execute the platform workflow to release a reservation after its configured expiry. 3. Capture the committed result, resource version, or run status. 4. Compare the result with the source fixture and the declared invariant. 5. Repeat or recover the operation when applicable; verify access, audit evidence, and side effects.","The platform must correctly release a reservation after its configured expiry; the compatible schema change condition follows the configured contract; valid state is preserved, invalid or unauthorized work is rejected or quarantined without silent loss, retries do not duplicate side effects, lineage and audit evidence remain available, and no production records or credentials are used. Safety boundary: Use synthetic vehicle profiles, offline test benches, and simulated services only. Never send commands to a live vehicle, charging network, or public road system; these scenarios do not establish vehicle safety or regulatory certification.",Playwright + platform UI/API,"automotive-mobility,market-platform,synthetic-data,dealer_retail,compatible-schema-change"
Automotive & Mobility,Dealer and Retail Operations,AUTOX-DEALER_R-00086,Dealer and Retail Operations: reconcile dealer allocation with central inventory fixtures (compatible schema change),Automotive & Mobility: reconcile dealer allocation with central inventory fixtures with compatible schema change,Functional,High,"Non-production tenant or isolated local fixture; synthetic records only; Add a nullable field while existing readers and stored versions remain active. Safety boundary: Use synthetic vehicle profiles, offline test benches, and simulated services only. Never send commands to a live vehicle, charging network, or public road system; these scenarios do not establish vehicle safety or regulatory certification.","1. Create a disposable, versioned synthetic fixture: Add a nullable field while existing readers and stored versions remain active. 2. Execute the platform workflow to reconcile dealer allocation with central inventory fixtures. 3. Capture the committed result, resource version, or run status. 4. Compare the result with the source fixture and the declared invariant. 5. Repeat or recover the operation when applicable; verify access, audit evidence, and side effects.","The platform must correctly reconcile dealer allocation with central inventory fixtures; the compatible schema change condition follows the configured contract; valid state is preserved, invalid or unauthorized work is rejected or quarantined without silent loss, retries do not duplicate side effects, lineage and audit evidence remain available, and no production records or credentials are used. Safety boundary: Use synthetic vehicle profiles, offline test benches, and simulated services only. Never send commands to a live vehicle, charging network, or public road system; these scenarios do not establish vehicle safety or regulatory certification.",Playwright + platform UI/API,"automotive-mobility,market-platform,synthetic-data,dealer_retail,compatible-schema-change"
Automotive & Mobility,Dealer and Retail Operations,AUTOX-DEALER_R-00087,Dealer and Retail Operations: validate incentive eligibility at a date boundary (compatible schema change),Automotive & Mobility: validate incentive eligibility at a date boundary with compatible schema change,Functional,High,"Non-production tenant or isolated local fixture; synthetic records only; Add a nullable field while existing readers and stored versions remain active. Safety boundary: Use synthetic vehicle profiles, offline test benches, and simulated services only. Never send commands to a live vehicle, charging network, or public road system; these scenarios do not establish vehicle safety or regulatory certification.","1. Create a disposable, versioned synthetic fixture: Add a nullable field while existing readers and stored versions remain active. 2. Execute the platform workflow to validate incentive eligibility at a date boundary. 3. Capture the committed result, resource version, or run status. 4. Compare the result with the source fixture and the declared invariant. 5. Repeat or recover the operation when applicable; verify access, audit evidence, and side effects.","The platform must correctly validate incentive eligibility at a date boundary; the compatible schema change condition follows the configured contract; valid state is preserved, invalid or unauthorized work is rejected or quarantined without silent loss, retries do not duplicate side effects, lineage and audit evidence remain available, and no production records or credentials are used. Safety boundary: Use synthetic vehicle profiles, offline test benches, and simulated services only. Never send commands to a live vehicle, charging network, or public road system; these scenarios do not establish vehicle safety or regulatory certification.",Playwright + platform UI/API,"automotive-mobility,market-platform,synthetic-data,dealer_retail,compatible-schema-change"
Automotive & Mobility,Dealer and Retail Operations,AUTOX-DEALER_R-00088,Dealer and Retail Operations: route a pricing exception to an authorized reviewer (compatible schema change),Automotive & Mobility: route a pricing exception to an authorized reviewer with compatible schema change,Functional,High,"Non-production tenant or isolated local fixture; synthetic records only; Add a nullable field while existing readers and stored versions remain active. Safety boundary: Use synthetic vehicle profiles, offline test benches, and simulated services only. Never send commands to a live vehicle, charging network, or public road system; these scenarios do not establish vehicle safety or regulatory certification.","1. Create a disposable, versioned synthetic fixture: Add a nullable field while existing readers and stored versions remain active. 2. Execute the platform workflow to route a pricing exception to an authorized reviewer. 3. Capture the committed result, resource version, or run status. 4. Compare the result with the source fixture and the declared invariant. 5. Repeat or recover the operation when applicable; verify access, audit evidence, and side effects.","The platform must correctly route a pricing exception to an authorized reviewer; the compatible schema change condition follows the configured contract; valid state is preserved, invalid or unauthorized work is rejected or quarantined without silent loss, retries do not duplicate side effects, lineage and audit evidence remain available, and no production records or credentials are used. Safety boundary: Use synthetic vehicle profiles, offline test benches, and simulated services only. Never send commands to a live vehicle, charging network, or public road system; these scenarios do not establish vehicle safety or regulatory certification.",Playwright + platform UI/API,"automotive-mobility,market-platform,synthetic-data,dealer_retail,compatible-schema-change"
Automotive & Mobility,Dealer and Retail Operations,AUTOX-DEALER_R-00089,Dealer and Retail Operations: export a dealer catalog with restricted fields masked (compatible schema change),Automotive & Mobility: export a dealer catalog with restricted fields masked with compatible schema change,Functional,Medium,"Non-production tenant or isolated local fixture; synthetic records only; Add a nullable field while existing readers and stored versions remain active. Safety boundary: Use synthetic vehicle profiles, offline test benches, and simulated services only. Never send commands to a live vehicle, charging network, or public road system; these scenarios do not establish vehicle safety or regulatory certification.","1. Create a disposable, versioned synthetic fixture: Add a nullable field while existing readers and stored versions remain active. 2. Execute the platform workflow to export a dealer catalog with restricted fields masked. 3. Capture the committed result, resource version, or run status. 4. Compare the result with the source fixture and the declared invariant. 5. Repeat or recover the operation when applicable; verify access, audit evidence, and side effects.","The platform must correctly export a dealer catalog with restricted fields masked; the compatible schema change condition follows the configured contract; valid state is preserved, invalid or unauthorized work is rejected or quarantined without silent loss, retries do not duplicate side effects, lineage and audit evidence remain available, and no production records or credentials are used. Safety boundary: Use synthetic vehicle profiles, offline test benches, and simulated services only. Never send commands to a live vehicle, charging network, or public road system; these scenarios do not establish vehicle safety or regulatory certification.",Playwright + platform UI/API,"automotive-mobility,market-platform,synthetic-data,dealer_retail,compatible-schema-change"
Automotive & Mobility,Dealer and Retail Operations,AUTOX-DEALER_R-00090,Dealer and Retail Operations: audit offer publication and withdrawal (compatible schema change),Automotive & Mobility: audit offer publication and withdrawal with compatible schema change,Functional,High,"Non-production tenant or isolated local fixture; synthetic records only; Add a nullable field while existing readers and stored versions remain active. Safety boundary: Use synthetic vehicle profiles, offline test benches, and simulated services only. Never send commands to a live vehicle, charging network, or public road system; these scenarios do not establish vehicle safety or regulatory certification.","1. Create a disposable, versioned synthetic fixture: Add a nullable field while existing readers and stored versions remain active. 2. Execute the platform workflow to audit offer publication and withdrawal. 3. Capture the committed result, resource version, or run status. 4. Compare the result with the source fixture and the declared invariant. 5. Repeat or recover the operation when applicable; verify access, audit evidence, and side effects.","The platform must correctly audit offer publication and withdrawal; the compatible schema change condition follows the configured contract; valid state is preserved, invalid or unauthorized work is rejected or quarantined without silent loss, retries do not duplicate side effects, lineage and audit evidence remain available, and no production records or credentials are used. Safety boundary: Use synthetic vehicle profiles, offline test benches, and simulated services only. Never send commands to a live vehicle, charging network, or public road system; these scenarios do not establish vehicle safety or regulatory certification.",Playwright + platform UI/API,"automotive-mobility,market-platform,synthetic-data,dealer_retail,compatible-schema-change"
Automotive & Mobility,Dealer and Retail Operations,AUTOX-DEALER_R-00091,Dealer and Retail Operations: create a synthetic dealer location with a scoped role (field rename),Automotive & Mobility: create a synthetic dealer location with a scoped role with field rename,Functional,High,"Non-production tenant or isolated local fixture; synthetic records only; Rename a field using the supported migration path and inspect historical reads. Safety boundary: Use synthetic vehicle profiles, offline test benches, and simulated services only. Never send commands to a live vehicle, charging network, or public road system; these scenarios do not establish vehicle safety or regulatory certification.","1. Create a disposable, versioned synthetic fixture: Rename a field using the supported migration path and inspect historical reads. 2. Execute the platform workflow to create a synthetic dealer location with a scoped role. 3. Capture the committed result, resource version, or run status. 4. Compare the result with the source fixture and the declared invariant. 5. Repeat or recover the operation when applicable; verify access, audit evidence, and side effects.","The platform must correctly create a synthetic dealer location with a scoped role; the field rename condition follows the configured contract; valid state is preserved, invalid or unauthorized work is rejected or quarantined without silent loss, retries do not duplicate side effects, lineage and audit evidence remain available, and no production records or credentials are used. Safety boundary: Use synthetic vehicle profiles, offline test benches, and simulated services only. Never send commands to a live vehicle, charging network, or public road system; these scenarios do not establish vehicle safety or regulatory certification.",Playwright + platform UI/API,"automotive-mobility,market-platform,synthetic-data,dealer_retail,field-rename"
Automotive & Mobility,Dealer and Retail Operations,AUTOX-DEALER_R-00092,Dealer and Retail Operations: publish an approved vehicle offer to a test market (field rename),Automotive & Mobility: publish an approved vehicle offer to a test market with field rename,Functional,High,"Non-production tenant or isolated local fixture; synthetic records only; Rename a field using the supported migration path and inspect historical reads. Safety boundary: Use synthetic vehicle profiles, offline test benches, and simulated services only. Never send commands to a live vehicle, charging network, or public road system; these scenarios do not establish vehicle safety or regulatory certification.","1. Create a disposable, versioned synthetic fixture: Rename a field using the supported migration path and inspect historical reads. 2. Execute the platform workflow to publish an approved vehicle offer to a test market. 3. Capture the committed result, resource version, or run status. 4. Compare the result with the source fixture and the declared invariant. 5. Repeat or recover the operation when applicable; verify access, audit evidence, and side effects.","The platform must correctly publish an approved vehicle offer to a test market; the field rename condition follows the configured contract; valid state is preserved, invalid or unauthorized work is rejected or quarantined without silent loss, retries do not duplicate side effects, lineage and audit evidence remain available, and no production records or credentials are used. Safety boundary: Use synthetic vehicle profiles, offline test benches, and simulated services only. Never send commands to a live vehicle, charging network, or public road system; these scenarios do not establish vehicle safety or regulatory certification.",Playwright + platform UI/API,"automotive-mobility,market-platform,synthetic-data,dealer_retail,field-rename"
Automotive & Mobility,Dealer and Retail Operations,AUTOX-DEALER_R-00093,Dealer and Retail Operations: prevent a dealer user from viewing another region's draft (field rename),Automotive & Mobility: prevent a dealer user from viewing another region's draft with field rename,Functional,Medium,"Non-production tenant or isolated local fixture; synthetic records only; Rename a field using the supported migration path and inspect historical reads. Safety boundary: Use synthetic vehicle profiles, offline test benches, and simulated services only. Never send commands to a live vehicle, charging network, or public road system; these scenarios do not establish vehicle safety or regulatory certification.","1. Create a disposable, versioned synthetic fixture: Rename a field using the supported migration path and inspect historical reads. 2. Execute the platform workflow to prevent a dealer user from viewing another region's draft. 3. Capture the committed result, resource version, or run status. 4. Compare the result with the source fixture and the declared invariant. 5. Repeat or recover the operation when applicable; verify access, audit evidence, and side effects.","The platform must correctly prevent a dealer user from viewing another region's draft; the field rename condition follows the configured contract; valid state is preserved, invalid or unauthorized work is rejected or quarantined without silent loss, retries do not duplicate side effects, lineage and audit evidence remain available, and no production records or credentials are used. Safety boundary: Use synthetic vehicle profiles, offline test benches, and simulated services only. Never send commands to a live vehicle, charging network, or public road system; these scenarios do not establish vehicle safety or regulatory certification.",Playwright + platform UI/API,"automotive-mobility,market-platform,synthetic-data,dealer_retail,field-rename"
Automotive & Mobility,Dealer and Retail Operations,AUTOX-DEALER_R-00094,Dealer and Retail Operations: reserve a synthetic inventory unit with an idempotency key (field rename),Automotive & Mobility: reserve a synthetic inventory unit with an idempotency key with field rename,Functional,High,"Non-production tenant or isolated local fixture; synthetic records only; Rename a field using the supported migration path and inspect historical reads. Safety boundary: Use synthetic vehicle profiles, offline test benches, and simulated services only. Never send commands to a live vehicle, charging network, or public road system; these scenarios do not establish vehicle safety or regulatory certification.","1. Create a disposable, versioned synthetic fixture: Rename a field using the supported migration path and inspect historical reads. 2. Execute the platform workflow to reserve a synthetic inventory unit with an idempotency key. 3. Capture the committed result, resource version, or run status. 4. Compare the result with the source fixture and the declared invariant. 5. Repeat or recover the operation when applicable; verify access, audit evidence, and side effects.","The platform must correctly reserve a synthetic inventory unit with an idempotency key; the field rename condition follows the configured contract; valid state is preserved, invalid or unauthorized work is rejected or quarantined without silent loss, retries do not duplicate side effects, lineage and audit evidence remain available, and no production records or credentials are used. Safety boundary: Use synthetic vehicle profiles, offline test benches, and simulated services only. Never send commands to a live vehicle, charging network, or public road system; these scenarios do not establish vehicle safety or regulatory certification.",Playwright + platform UI/API,"automotive-mobility,market-platform,synthetic-data,dealer_retail,field-rename"
Automotive & Mobility,Dealer and Retail Operations,AUTOX-DEALER_R-00095,Dealer and Retail Operations: release a reservation after its configured expiry (field rename),Automotive & Mobility: release a reservation after its configured expiry with field rename,Functional,High,"Non-production tenant or isolated local fixture; synthetic records only; Rename a field using the supported migration path and inspect historical reads. Safety boundary: Use synthetic vehicle profiles, offline test benches, and simulated services only. Never send commands to a live vehicle, charging network, or public road system; these scenarios do not establish vehicle safety or regulatory certification.","1. Create a disposable, versioned synthetic fixture: Rename a field using the supported migration path and inspect historical reads. 2. Execute the platform workflow to release a reservation after its configured expiry. 3. Capture the committed result, resource version, or run status. 4. Compare the result with the source fixture and the declared invariant. 5. Repeat or recover the operation when applicable; verify access, audit evidence, and side effects.","The platform must correctly release a reservation after its configured expiry; the field rename condition follows the configured contract; valid state is preserved, invalid or unauthorized work is rejected or quarantined without silent loss, retries do not duplicate side effects, lineage and audit evidence remain available, and no production records or credentials are used. Safety boundary: Use synthetic vehicle profiles, offline test benches, and simulated services only. Never send commands to a live vehicle, charging network, or public road system; these scenarios do not establish vehicle safety or regulatory certification.",Playwright + platform UI/API,"automotive-mobility,market-platform,synthetic-data,dealer_retail,field-rename"
Automotive & Mobility,Dealer and Retail Operations,AUTOX-DEALER_R-00096,Dealer and Retail Operations: reconcile dealer allocation with central inventory fixtures (field rename),Automotive & Mobility: reconcile dealer allocation with central inventory fixtures with field rename,Functional,High,"Non-production tenant or isolated local fixture; synthetic records only; Rename a field using the supported migration path and inspect historical reads. Safety boundary: Use synthetic vehicle profiles, offline test benches, and simulated services only. Never send commands to a live vehicle, charging network, or public road system; these scenarios do not establish vehicle safety or regulatory certification.","1. Create a disposable, versioned synthetic fixture: Rename a field using the supported migration path and inspect historical reads. 2. Execute the platform workflow to reconcile dealer allocation with central inventory fixtures. 3. Capture the committed result, resource version, or run status. 4. Compare the result with the source fixture and the declared invariant. 5. Repeat or recover the operation when applicable; verify access, audit evidence, and side effects.","The platform must correctly reconcile dealer allocation with central inventory fixtures; the field rename condition follows the configured contract; valid state is preserved, invalid or unauthorized work is rejected or quarantined without silent loss, retries do not duplicate side effects, lineage and audit evidence remain available, and no production records or credentials are used. Safety boundary: Use synthetic vehicle profiles, offline test benches, and simulated services only. Never send commands to a live vehicle, charging network, or public road system; these scenarios do not establish vehicle safety or regulatory certification.",Playwright + platform UI/API,"automotive-mobility,market-platform,synthetic-data,dealer_retail,field-rename"
Automotive & Mobility,Dealer and Retail Operations,AUTOX-DEALER_R-00097,Dealer and Retail Operations: validate incentive eligibility at a date boundary (field rename),Automotive & Mobility: validate incentive eligibility at a date boundary with field rename,Functional,Medium,"Non-production tenant or isolated local fixture; synthetic records only; Rename a field using the supported migration path and inspect historical reads. Safety boundary: Use synthetic vehicle profiles, offline test benches, and simulated services only. Never send commands to a live vehicle, charging network, or public road system; these scenarios do not establish vehicle safety or regulatory certification.","1. Create a disposable, versioned synthetic fixture: Rename a field using the supported migration path and inspect historical reads. 2. Execute the platform workflow to validate incentive eligibility at a date boundary. 3. Capture the committed result, resource version, or run status. 4. Compare the result with the source fixture and the declared invariant. 5. Repeat or recover the operation when applicable; verify access, audit evidence, and side effects.","The platform must correctly validate incentive eligibility at a date boundary; the field rename condition follows the configured contract; valid state is preserved, invalid or unauthorized work is rejected or quarantined without silent loss, retries do not duplicate side effects, lineage and audit evidence remain available, and no production records or credentials are used. Safety boundary: Use synthetic vehicle profiles, offline test benches, and simulated services only. Never send commands to a live vehicle, charging network, or public road system; these scenarios do not establish vehicle safety or regulatory certification.",Playwright + platform UI/API,"automotive-mobility,market-platform,synthetic-data,dealer_retail,field-rename"
Automotive & Mobility,Dealer and Retail Operations,AUTOX-DEALER_R-00098,Dealer and Retail Operations: route a pricing exception to an authorized reviewer (field rename),Automotive & Mobility: route a pricing exception to an authorized reviewer with field rename,Functional,High,"Non-production tenant or isolated local fixture; synthetic records only; Rename a field using the supported migration path and inspect historical reads. Safety boundary: Use synthetic vehicle profiles, offline test benches, and simulated services only. Never send commands to a live vehicle, charging network, or public road system; these scenarios do not establish vehicle safety or regulatory certification.","1. Create a disposable, versioned synthetic fixture: Rename a field using the supported migration path and inspect historical reads. 2. Execute the platform workflow to route a pricing exception to an authorized reviewer. 3. Capture the committed result, resource version, or run status. 4. Compare the result with the source fixture and the declared invariant. 5. Repeat or recover the operation when applicable; verify access, audit evidence, and side effects.","The platform must correctly route a pricing exception to an authorized reviewer; the field rename condition follows the configured contract; valid state is preserved, invalid or unauthorized work is rejected or quarantined without silent loss, retries do not duplicate side effects, lineage and audit evidence remain available, and no production records or credentials are used. Safety boundary: Use synthetic vehicle profiles, offline test benches, and simulated services only. Never send commands to a live vehicle, charging network, or public road system; these scenarios do not establish vehicle safety or regulatory certification.",Playwright + platform UI/API,"automotive-mobility,market-platform,synthetic-data,dealer_retail,field-rename"
Automotive & Mobility,Dealer and Retail Operations,AUTOX-DEALER_R-00099,Dealer and Retail Operations: export a dealer catalog with restricted fields masked (field rename),Automotive & Mobility: export a dealer catalog with restricted fields masked with field rename,Functional,High,"Non-production tenant or isolated local fixture; synthetic records only; Rename a field using the supported migration path and inspect historical reads. Safety boundary: Use synthetic vehicle profiles, offline test benches, and simulated services only. Never send commands to a live vehicle, charging network, or public road system; these scenarios do not establish vehicle safety or regulatory certification.","1. Create a disposable, versioned synthetic fixture: Rename a field using the supported migration path and inspect historical reads. 2. Execute the platform workflow to export a dealer catalog with restricted fields masked. 3. Capture the committed result, resource version, or run status. 4. Compare the result with the source fixture and the declared invariant. 5. Repeat or recover the operation when applicable; verify access, audit evidence, and side effects.","The platform must correctly export a dealer catalog with restricted fields masked; the field rename condition follows the configured contract; valid state is preserved, invalid or unauthorized work is rejected or quarantined without silent loss, retries do not duplicate side effects, lineage and audit evidence remain available, and no production records or credentials are used. Safety boundary: Use synthetic vehicle profiles, offline test benches, and simulated services only. Never send commands to a live vehicle, charging network, or public road system; these scenarios do not establish vehicle safety or regulatory certification.",Playwright + platform UI/API,"automotive-mobility,market-platform,synthetic-data,dealer_retail,field-rename"
Automotive & Mobility,Dealer and Retail Operations,AUTOX-DEALER_R-00100,Dealer and Retail Operations: audit offer publication and withdrawal (field rename),Automotive & Mobility: audit offer publication and withdrawal with field rename,Functional,High,"Non-production tenant or isolated local fixture; synthetic records only; Rename a field using the supported migration path and inspect historical reads. Safety boundary: Use synthetic vehicle profiles, offline test benches, and simulated services only. Never send commands to a live vehicle, charging network, or public road system; these scenarios do not establish vehicle safety or regulatory certification.","1. Create a disposable, versioned synthetic fixture: Rename a field using the supported migration path and inspect historical reads. 2. Execute the platform workflow to audit offer publication and withdrawal. 3. Capture the committed result, resource version, or run status. 4. Compare the result with the source fixture and the declared invariant. 5. Repeat or recover the operation when applicable; verify access, audit evidence, and side effects.","The platform must correctly audit offer publication and withdrawal; the field rename condition follows the configured contract; valid state is preserved, invalid or unauthorized work is rejected or quarantined without silent loss, retries do not duplicate side effects, lineage and audit evidence remain available, and no production records or credentials are used. Safety boundary: Use synthetic vehicle profiles, offline test benches, and simulated services only. Never send commands to a live vehicle, charging network, or public road system; these scenarios do not establish vehicle safety or regulatory certification.",Playwright + platform UI/API,"automotive-mobility,market-platform,synthetic-data,dealer_retail,field-rename"
Automotive & Mobility,Dealer and Retail Operations,AUTOX-DEALER_R-00101,Dealer and Retail Operations: create a synthetic dealer location with a scoped role (worker restart),Automotive & Mobility: create a synthetic dealer location with a scoped role with worker restart,Resilience,Medium,"Non-production tenant or isolated local fixture; synthetic records only; Restart a worker after processing input but before final checkpoint or commit. Safety boundary: Use synthetic vehicle profiles, offline test benches, and simulated services only. Never send commands to a live vehicle, charging network, or public road system; these scenarios do not establish vehicle safety or regulatory certification.","1. Create a disposable, versioned synthetic fixture: Restart a worker after processing input but before final checkpoint or commit. 2. Execute the platform workflow to create a synthetic dealer location with a scoped role. 3. Capture the committed result, resource version, or run status. 4. Compare the result with the source fixture and the declared invariant. 5. Repeat or recover the operation when applicable; verify access, audit evidence, and side effects.","The platform must correctly create a synthetic dealer location with a scoped role; the worker restart condition follows the configured contract; valid state is preserved, invalid or unauthorized work is rejected or quarantined without silent loss, retries do not duplicate side effects, lineage and audit evidence remain available, and no production records or credentials are used. Safety boundary: Use synthetic vehicle profiles, offline test benches, and simulated services only. Never send commands to a live vehicle, charging network, or public road system; these scenarios do not establish vehicle safety or regulatory certification.",Playwright + platform UI/API,"automotive-mobility,market-platform,synthetic-data,dealer_retail,worker-restart"
Automotive & Mobility,Dealer and Retail Operations,AUTOX-DEALER_R-00102,Dealer and Retail Operations: publish an approved vehicle offer to a test market (worker restart),Automotive & Mobility: publish an approved vehicle offer to a test market with worker restart,Resilience,High,"Non-production tenant or isolated local fixture; synthetic records only; Restart a worker after processing input but before final checkpoint or commit. Safety boundary: Use synthetic vehicle profiles, offline test benches, and simulated services only. Never send commands to a live vehicle, charging network, or public road system; these scenarios do not establish vehicle safety or regulatory certification.","1. Create a disposable, versioned synthetic fixture: Restart a worker after processing input but before final checkpoint or commit. 2. Execute the platform workflow to publish an approved vehicle offer to a test market. 3. Capture the committed result, resource version, or run status. 4. Compare the result with the source fixture and the declared invariant. 5. Repeat or recover the operation when applicable; verify access, audit evidence, and side effects.","The platform must correctly publish an approved vehicle offer to a test market; the worker restart condition follows the configured contract; valid state is preserved, invalid or unauthorized work is rejected or quarantined without silent loss, retries do not duplicate side effects, lineage and audit evidence remain available, and no production records or credentials are used. Safety boundary: Use synthetic vehicle profiles, offline test benches, and simulated services only. Never send commands to a live vehicle, charging network, or public road system; these scenarios do not establish vehicle safety or regulatory certification.",Playwright + platform UI/API,"automotive-mobility,market-platform,synthetic-data,dealer_retail,worker-restart"
Automotive & Mobility,Dealer and Retail Operations,AUTOX-DEALER_R-00103,Dealer and Retail Operations: prevent a dealer user from viewing another region's draft (worker restart),Automotive & Mobility: prevent a dealer user from viewing another region's draft with worker restart,Resilience,High,"Non-production tenant or isolated local fixture; synthetic records only; Restart a worker after processing input but before final checkpoint or commit. Safety boundary: Use synthetic vehicle profiles, offline test benches, and simulated services only. Never send commands to a live vehicle, charging network, or public road system; these scenarios do not establish vehicle safety or regulatory certification.","1. Create a disposable, versioned synthetic fixture: Restart a worker after processing input but before final checkpoint or commit. 2. Execute the platform workflow to prevent a dealer user from viewing another region's draft. 3. Capture the committed result, resource version, or run status. 4. Compare the result with the source fixture and the declared invariant. 5. Repeat or recover the operation when applicable; verify access, audit evidence, and side effects.","The platform must correctly prevent a dealer user from viewing another region's draft; the worker restart condition follows the configured contract; valid state is preserved, invalid or unauthorized work is rejected or quarantined without silent loss, retries do not duplicate side effects, lineage and audit evidence remain available, and no production records or credentials are used. Safety boundary: Use synthetic vehicle profiles, offline test benches, and simulated services only. Never send commands to a live vehicle, charging network, or public road system; these scenarios do not establish vehicle safety or regulatory certification.",Playwright + platform UI/API,"automotive-mobility,market-platform,synthetic-data,dealer_retail,worker-restart"
Automotive & Mobility,Dealer and Retail Operations,AUTOX-DEALER_R-00104,Dealer and Retail Operations: reserve a synthetic inventory unit with an idempotency key (worker restart),Automotive & Mobility: reserve a synthetic inventory unit with an idempotency key with worker restart,Resilience,High,"Non-production tenant or isolated local fixture; synthetic records only; Restart a worker after processing input but before final checkpoint or commit. Safety boundary: Use synthetic vehicle profiles, offline test benches, and simulated services only. Never send commands to a live vehicle, charging network, or public road system; these scenarios do not establish vehicle safety or regulatory certification.","1. Create a disposable, versioned synthetic fixture: Restart a worker after processing input but before final checkpoint or commit. 2. Execute the platform workflow to reserve a synthetic inventory unit with an idempotency key. 3. Capture the committed result, resource version, or run status. 4. Compare the result with the source fixture and the declared invariant. 5. Repeat or recover the operation when applicable; verify access, audit evidence, and side effects.","The platform must correctly reserve a synthetic inventory unit with an idempotency key; the worker restart condition follows the configured contract; valid state is preserved, invalid or unauthorized work is rejected or quarantined without silent loss, retries do not duplicate side effects, lineage and audit evidence remain available, and no production records or credentials are used. Safety boundary: Use synthetic vehicle profiles, offline test benches, and simulated services only. Never send commands to a live vehicle, charging network, or public road system; these scenarios do not establish vehicle safety or regulatory certification.",Playwright + platform UI/API,"automotive-mobility,market-platform,synthetic-data,dealer_retail,worker-restart"
Automotive & Mobility,Dealer and Retail Operations,AUTOX-DEALER_R-00105,Dealer and Retail Operations: release a reservation after its configured expiry (worker restart),Automotive & Mobility: release a reservation after its configured expiry with worker restart,Resilience,Medium,"Non-production tenant or isolated local fixture; synthetic records only; Restart a worker after processing input but before final checkpoint or commit. Safety boundary: Use synthetic vehicle profiles, offline test benches, and simulated services only. Never send commands to a live vehicle, charging network, or public road system; these scenarios do not establish vehicle safety or regulatory certification.","1. Create a disposable, versioned synthetic fixture: Restart a worker after processing input but before final checkpoint or commit. 2. Execute the platform workflow to release a reservation after its configured expiry. 3. Capture the committed result, resource version, or run status. 4. Compare the result with the source fixture and the declared invariant. 5. Repeat or recover the operation when applicable; verify access, audit evidence, and side effects.","The platform must correctly release a reservation after its configured expiry; the worker restart condition follows the configured contract; valid state is preserved, invalid or unauthorized work is rejected or quarantined without silent loss, retries do not duplicate side effects, lineage and audit evidence remain available, and no production records or credentials are used. Safety boundary: Use synthetic vehicle profiles, offline test benches, and simulated services only. Never send commands to a live vehicle, charging network, or public road system; these scenarios do not establish vehicle safety or regulatory certification.",Playwright + platform UI/API,"automotive-mobility,market-platform,synthetic-data,dealer_retail,worker-restart"
Automotive & Mobility,Dealer and Retail Operations,AUTOX-DEALER_R-00106,Dealer and Retail Operations: reconcile dealer allocation with central inventory fixtures (worker restart),Automotive & Mobility: reconcile dealer allocation with central inventory fixtures with worker restart,Resilience,High,"Non-production tenant or isolated local fixture; synthetic records only; Restart a worker after processing input but before final checkpoint or commit. Safety boundary: Use synthetic vehicle profiles, offline test benches, and simulated services only. Never send commands to a live vehicle, charging network, or public road system; these scenarios do not establish vehicle safety or regulatory certification.","1. Create a disposable, versioned synthetic fixture: Restart a worker after processing input but before final checkpoint or commit. 2. Execute the platform workflow to reconcile dealer allocation with central inventory fixtures. 3. Capture the committed result, resource version, or run status. 4. Compare the result with the source fixture and the declared invariant. 5. Repeat or recover the operation when applicable; verify access, audit evidence, and side effects.","The platform must correctly reconcile dealer allocation with central inventory fixtures; the worker restart condition follows the configured contract; valid state is preserved, invalid or unauthorized work is rejected or quarantined without silent loss, retries do not duplicate side effects, lineage and audit evidence remain available, and no production records or credentials are used. Safety boundary: Use synthetic vehicle profiles, offline test benches, and simulated services only. Never send commands to a live vehicle, charging network, or public road system; these scenarios do not establish vehicle safety or regulatory certification.",Playwright + platform UI/API,"automotive-mobility,market-platform,synthetic-data,dealer_retail,worker-restart"
Automotive & Mobility,Dealer and Retail Operations,AUTOX-DEALER_R-00107,Dealer and Retail Operations: validate incentive eligibility at a date boundary (worker restart),Automotive & Mobility: validate incentive eligibility at a date boundary with worker restart,Resilience,High,"Non-production tenant or isolated local fixture; synthetic records only; Restart a worker after processing input but before final checkpoint or commit. Safety boundary: Use synthetic vehicle profiles, offline test benches, and simulated services only. Never send commands to a live vehicle, charging network, or public road system; these scenarios do not establish vehicle safety or regulatory certification.","1. Create a disposable, versioned synthetic fixture: Restart a worker after processing input but before final checkpoint or commit. 2. Execute the platform workflow to validate incentive eligibility at a date boundary. 3. Capture the committed result, resource version, or run status. 4. Compare the result with the source fixture and the declared invariant. 5. Repeat or recover the operation when applicable; verify access, audit evidence, and side effects.","The platform must correctly validate incentive eligibility at a date boundary; the worker restart condition follows the configured contract; valid state is preserved, invalid or unauthorized work is rejected or quarantined without silent loss, retries do not duplicate side effects, lineage and audit evidence remain available, and no production records or credentials are used. Safety boundary: Use synthetic vehicle profiles, offline test benches, and simulated services only. Never send commands to a live vehicle, charging network, or public road system; these scenarios do not establish vehicle safety or regulatory certification.",Playwright + platform UI/API,"automotive-mobility,market-platform,synthetic-data,dealer_retail,worker-restart"
Automotive & Mobility,Dealer and Retail Operations,AUTOX-DEALER_R-00108,Dealer and Retail Operations: route a pricing exception to an authorized reviewer (worker restart),Automotive & Mobility: route a pricing exception to an authorized reviewer with worker restart,Resilience,High,"Non-production tenant or isolated local fixture; synthetic records only; Restart a worker after processing input but before final checkpoint or commit. Safety boundary: Use synthetic vehicle profiles, offline test benches, and simulated services only. Never send commands to a live vehicle, charging network, or public road system; these scenarios do not establish vehicle safety or regulatory certification.","1. Create a disposable, versioned synthetic fixture: Restart a worker after processing input but before final checkpoint or commit. 2. Execute the platform workflow to route a pricing exception to an authorized reviewer. 3. Capture the committed result, resource version, or run status. 4. Compare the result with the source fixture and the declared invariant. 5. Repeat or recover the operation when applicable; verify access, audit evidence, and side effects.","The platform must correctly route a pricing exception to an authorized reviewer; the worker restart condition follows the configured contract; valid state is preserved, invalid or unauthorized work is rejected or quarantined without silent loss, retries do not duplicate side effects, lineage and audit evidence remain available, and no production records or credentials are used. Safety boundary: Use synthetic vehicle profiles, offline test benches, and simulated services only. Never send commands to a live vehicle, charging network, or public road system; these scenarios do not establish vehicle safety or regulatory certification.",Playwright + platform UI/API,"automotive-mobility,market-platform,synthetic-data,dealer_retail,worker-restart"
Automotive & Mobility,Dealer and Retail Operations,AUTOX-DEALER_R-00109,Dealer and Retail Operations: export a dealer catalog with restricted fields masked (worker restart),Automotive & Mobility: export a dealer catalog with restricted fields masked with worker restart,Resilience,Medium,"Non-production tenant or isolated local fixture; synthetic records only; Restart a worker after processing input but before final checkpoint or commit. Safety boundary: Use synthetic vehicle profiles, offline test benches, and simulated services only. Never send commands to a live vehicle, charging network, or public road system; these scenarios do not establish vehicle safety or regulatory certification.","1. Create a disposable, versioned synthetic fixture: Restart a worker after processing input but before final checkpoint or commit. 2. Execute the platform workflow to export a dealer catalog with restricted fields masked. 3. Capture the committed result, resource version, or run status. 4. Compare the result with the source fixture and the declared invariant. 5. Repeat or recover the operation when applicable; verify access, audit evidence, and side effects.","The platform must correctly export a dealer catalog with restricted fields masked; the worker restart condition follows the configured contract; valid state is preserved, invalid or unauthorized work is rejected or quarantined without silent loss, retries do not duplicate side effects, lineage and audit evidence remain available, and no production records or credentials are used. Safety boundary: Use synthetic vehicle profiles, offline test benches, and simulated services only. Never send commands to a live vehicle, charging network, or public road system; these scenarios do not establish vehicle safety or regulatory certification.",Playwright + platform UI/API,"automotive-mobility,market-platform,synthetic-data,dealer_retail,worker-restart"
Automotive & Mobility,Dealer and Retail Operations,AUTOX-DEALER_R-00110,Dealer and Retail Operations: audit offer publication and withdrawal (worker restart),Automotive & Mobility: audit offer publication and withdrawal with worker restart,Resilience,High,"Non-production tenant or isolated local fixture; synthetic records only; Restart a worker after processing input but before final checkpoint or commit. Safety boundary: Use synthetic vehicle profiles, offline test benches, and simulated services only. Never send commands to a live vehicle, charging network, or public road system; these scenarios do not establish vehicle safety or regulatory certification.","1. Create a disposable, versioned synthetic fixture: Restart a worker after processing input but before final checkpoint or commit. 2. Execute the platform workflow to audit offer publication and withdrawal. 3. Capture the committed result, resource version, or run status. 4. Compare the result with the source fixture and the declared invariant. 5. Repeat or recover the operation when applicable; verify access, audit evidence, and side effects.","The platform must correctly audit offer publication and withdrawal; the worker restart condition follows the configured contract; valid state is preserved, invalid or unauthorized work is rejected or quarantined without silent loss, retries do not duplicate side effects, lineage and audit evidence remain available, and no production records or credentials are used. Safety boundary: Use synthetic vehicle profiles, offline test benches, and simulated services only. Never send commands to a live vehicle, charging network, or public road system; these scenarios do not establish vehicle safety or regulatory certification.",Playwright + platform UI/API,"automotive-mobility,market-platform,synthetic-data,dealer_retail,worker-restart"
Automotive & Mobility,Dealer and Retail Operations,AUTOX-DEALER_R-00111,Dealer and Retail Operations: create a synthetic dealer location with a scoped role (least privilege),Automotive & Mobility: create a synthetic dealer location with a scoped role with least privilege,Security,Critical,"Non-production tenant or isolated local fixture; synthetic records only; Compare the authorized role with a role missing the required grant. Safety boundary: Use synthetic vehicle profiles, offline test benches, and simulated services only. Never send commands to a live vehicle, charging network, or public road system; these scenarios do not establish vehicle safety or regulatory certification.","1. Create a disposable, versioned synthetic fixture: Compare the authorized role with a role missing the required grant. 2. Execute the platform workflow to create a synthetic dealer location with a scoped role. 3. Capture the committed result, resource version, or run status. 4. Compare the result with the source fixture and the declared invariant. 5. Repeat or recover the operation when applicable; verify access, audit evidence, and side effects.","The platform must correctly create a synthetic dealer location with a scoped role; the least privilege condition follows the configured contract; valid state is preserved, invalid or unauthorized work is rejected or quarantined without silent loss, retries do not duplicate side effects, lineage and audit evidence remain available, and no production records or credentials are used. Safety boundary: Use synthetic vehicle profiles, offline test benches, and simulated services only. Never send commands to a live vehicle, charging network, or public road system; these scenarios do not establish vehicle safety or regulatory certification.",Playwright + platform UI/API,"automotive-mobility,market-platform,synthetic-data,dealer_retail,least-privilege"
Automotive & Mobility,Dealer and Retail Operations,AUTOX-DEALER_R-00112,Dealer and Retail Operations: publish an approved vehicle offer to a test market (least privilege),Automotive & Mobility: publish an approved vehicle offer to a test market with least privilege,Security,Critical,"Non-production tenant or isolated local fixture; synthetic records only; Compare the authorized role with a role missing the required grant. Safety boundary: Use synthetic vehicle profiles, offline test benches, and simulated services only. Never send commands to a live vehicle, charging network, or public road system; these scenarios do not establish vehicle safety or regulatory certification.","1. Create a disposable, versioned synthetic fixture: Compare the authorized role with a role missing the required grant. 2. Execute the platform workflow to publish an approved vehicle offer to a test market. 3. Capture the committed result, resource version, or run status. 4. Compare the result with the source fixture and the declared invariant. 5. Repeat or recover the operation when applicable; verify access, audit evidence, and side effects.","The platform must correctly publish an approved vehicle offer to a test market; the least privilege condition follows the configured contract; valid state is preserved, invalid or unauthorized work is rejected or quarantined without silent loss, retries do not duplicate side effects, lineage and audit evidence remain available, and no production records or credentials are used. Safety boundary: Use synthetic vehicle profiles, offline test benches, and simulated services only. Never send commands to a live vehicle, charging network, or public road system; these scenarios do not establish vehicle safety or regulatory certification.",Playwright + platform UI/API,"automotive-mobility,market-platform,synthetic-data,dealer_retail,least-privilege"
Automotive & Mobility,Dealer and Retail Operations,AUTOX-DEALER_R-00113,Dealer and Retail Operations: prevent a dealer user from viewing another region's draft (least privilege),Automotive & Mobility: prevent a dealer user from viewing another region's draft with least privilege,Security,Critical,"Non-production tenant or isolated local fixture; synthetic records only; Compare the authorized role with a role missing the required grant. Safety boundary: Use synthetic vehicle profiles, offline test benches, and simulated services only. Never send commands to a live vehicle, charging network, or public road system; these scenarios do not establish vehicle safety or regulatory certification.","1. Create a disposable, versioned synthetic fixture: Compare the authorized role with a role missing the required grant. 2. Execute the platform workflow to prevent a dealer user from viewing another region's draft. 3. Capture the committed result, resource version, or run status. 4. Compare the result with the source fixture and the declared invariant. 5. Repeat or recover the operation when applicable; verify access, audit evidence, and side effects.","The platform must correctly prevent a dealer user from viewing another region's draft; the least privilege condition follows the configured contract; valid state is preserved, invalid or unauthorized work is rejected or quarantined without silent loss, retries do not duplicate side effects, lineage and audit evidence remain available, and no production records or credentials are used. Safety boundary: Use synthetic vehicle profiles, offline test benches, and simulated services only. Never send commands to a live vehicle, charging network, or public road system; these scenarios do not establish vehicle safety or regulatory certification.",Playwright + platform UI/API,"automotive-mobility,market-platform,synthetic-data,dealer_retail,least-privilege"
Automotive & Mobility,Dealer and Retail Operations,AUTOX-DEALER_R-00114,Dealer and Retail Operations: reserve a synthetic inventory unit with an idempotency key (least privilege),Automotive & Mobility: reserve a synthetic inventory unit with an idempotency key with least privilege,Security,Critical,"Non-production tenant or isolated local fixture; synthetic records only; Compare the authorized role with a role missing the required grant. Safety boundary: Use synthetic vehicle profiles, offline test benches, and simulated services only. Never send commands to a live vehicle, charging network, or public road system; these scenarios do not establish vehicle safety or regulatory certification.","1. Create a disposable, versioned synthetic fixture: Compare the authorized role with a role missing the required grant. 2. Execute the platform workflow to reserve a synthetic inventory unit with an idempotency key. 3. Capture the committed result, resource version, or run status. 4. Compare the result with the source fixture and the declared invariant. 5. Repeat or recover the operation when applicable; verify access, audit evidence, and side effects.","The platform must correctly reserve a synthetic inventory unit with an idempotency key; the least privilege condition follows the configured contract; valid state is preserved, invalid or unauthorized work is rejected or quarantined without silent loss, retries do not duplicate side effects, lineage and audit evidence remain available, and no production records or credentials are used. Safety boundary: Use synthetic vehicle profiles, offline test benches, and simulated services only. Never send commands to a live vehicle, charging network, or public road system; these scenarios do not establish vehicle safety or regulatory certification.",Playwright + platform UI/API,"automotive-mobility,market-platform,synthetic-data,dealer_retail,least-privilege"
Automotive & Mobility,Dealer and Retail Operations,AUTOX-DEALER_R-00115,Dealer and Retail Operations: release a reservation after its configured expiry (least privilege),Automotive & Mobility: release a reservation after its configured expiry with least privilege,Security,Critical,"Non-production tenant or isolated local fixture; synthetic records only; Compare the authorized role with a role missing the required grant. Safety boundary: Use synthetic vehicle profiles, offline test benches, and simulated services only. Never send commands to a live vehicle, charging network, or public road system; these scenarios do not establish vehicle safety or regulatory certification.","1. Create a disposable, versioned synthetic fixture: Compare the authorized role with a role missing the required grant. 2. Execute the platform workflow to release a reservation after its configured expiry. 3. Capture the committed result, resource version, or run status. 4. Compare the result with the source fixture and the declared invariant. 5. Repeat or recover the operation when applicable; verify access, audit evidence, and side effects.","The platform must correctly release a reservation after its configured expiry; the least privilege condition follows the configured contract; valid state is preserved, invalid or unauthorized work is rejected or quarantined without silent loss, retries do not duplicate side effects, lineage and audit evidence remain available, and no production records or credentials are used. Safety boundary: Use synthetic vehicle profiles, offline test benches, and simulated services only. Never send commands to a live vehicle, charging network, or public road system; these scenarios do not establish vehicle safety or regulatory certification.",Playwright + platform UI/API,"automotive-mobility,market-platform,synthetic-data,dealer_retail,least-privilege"
Automotive & Mobility,Dealer and Retail Operations,AUTOX-DEALER_R-00116,Dealer and Retail Operations: reconcile dealer allocation with central inventory fixtures (least privilege),Automotive & Mobility: reconcile dealer allocation with central inventory fixtures with least privilege,Security,Critical,"Non-production tenant or isolated local fixture; synthetic records only; Compare the authorized role with a role missing the required grant. Safety boundary: Use synthetic vehicle profiles, offline test benches, and simulated services only. Never send commands to a live vehicle, charging network, or public road system; these scenarios do not establish vehicle safety or regulatory certification.","1. Create a disposable, versioned synthetic fixture: Compare the authorized role with a role missing the required grant. 2. Execute the platform workflow to reconcile dealer allocation with central inventory fixtures. 3. Capture the committed result, resource version, or run status. 4. Compare the result with the source fixture and the declared invariant. 5. Repeat or recover the operation when applicable; verify access, audit evidence, and side effects.","The platform must correctly reconcile dealer allocation with central inventory fixtures; the least privilege condition follows the configured contract; valid state is preserved, invalid or unauthorized work is rejected or quarantined without silent loss, retries do not duplicate side effects, lineage and audit evidence remain available, and no production records or credentials are used. Safety boundary: Use synthetic vehicle profiles, offline test benches, and simulated services only. Never send commands to a live vehicle, charging network, or public road system; these scenarios do not establish vehicle safety or regulatory certification.",Playwright + platform UI/API,"automotive-mobility,market-platform,synthetic-data,dealer_retail,least-privilege"
Automotive & Mobility,Dealer and Retail Operations,AUTOX-DEALER_R-00117,Dealer and Retail Operations: validate incentive eligibility at a date boundary (least privilege),Automotive & Mobility: validate incentive eligibility at a date boundary with least privilege,Security,Critical,"Non-production tenant or isolated local fixture; synthetic records only; Compare the authorized role with a role missing the required grant. Safety boundary: Use synthetic vehicle profiles, offline test benches, and simulated services only. Never send commands to a live vehicle, charging network, or public road system; these scenarios do not establish vehicle safety or regulatory certification.","1. Create a disposable, versioned synthetic fixture: Compare the authorized role with a role missing the required grant. 2. Execute the platform workflow to validate incentive eligibility at a date boundary. 3. Capture the committed result, resource version, or run status. 4. Compare the result with the source fixture and the declared invariant. 5. Repeat or recover the operation when applicable; verify access, audit evidence, and side effects.","The platform must correctly validate incentive eligibility at a date boundary; the least privilege condition follows the configured contract; valid state is preserved, invalid or unauthorized work is rejected or quarantined without silent loss, retries do not duplicate side effects, lineage and audit evidence remain available, and no production records or credentials are used. Safety boundary: Use synthetic vehicle profiles, offline test benches, and simulated services only. Never send commands to a live vehicle, charging network, or public road system; these scenarios do not establish vehicle safety or regulatory certification.",Playwright + platform UI/API,"automotive-mobility,market-platform,synthetic-data,dealer_retail,least-privilege"
Automotive & Mobility,Dealer and Retail Operations,AUTOX-DEALER_R-00118,Dealer and Retail Operations: route a pricing exception to an authorized reviewer (least privilege),Automotive & Mobility: route a pricing exception to an authorized reviewer with least privilege,Security,Critical,"Non-production tenant or isolated local fixture; synthetic records only; Compare the authorized role with a role missing the required grant. Safety boundary: Use synthetic vehicle profiles, offline test benches, and simulated services only. Never send commands to a live vehicle, charging network, or public road system; these scenarios do not establish vehicle safety or regulatory certification.","1. Create a disposable, versioned synthetic fixture: Compare the authorized role with a role missing the required grant. 2. Execute the platform workflow to route a pricing exception to an authorized reviewer. 3. Capture the committed result, resource version, or run status. 4. Compare the result with the source fixture and the declared invariant. 5. Repeat or recover the operation when applicable; verify access, audit evidence, and side effects.","The platform must correctly route a pricing exception to an authorized reviewer; the least privilege condition follows the configured contract; valid state is preserved, invalid or unauthorized work is rejected or quarantined without silent loss, retries do not duplicate side effects, lineage and audit evidence remain available, and no production records or credentials are used. Safety boundary: Use synthetic vehicle profiles, offline test benches, and simulated services only. Never send commands to a live vehicle, charging network, or public road system; these scenarios do not establish vehicle safety or regulatory certification.",Playwright + platform UI/API,"automotive-mobility,market-platform,synthetic-data,dealer_retail,least-privilege"
Automotive & Mobility,Dealer and Retail Operations,AUTOX-DEALER_R-00119,Dealer and Retail Operations: export a dealer catalog with restricted fields masked (least privilege),Automotive & Mobility: export a dealer catalog with restricted fields masked with least privilege,Security,Critical,"Non-production tenant or isolated local fixture; synthetic records only; Compare the authorized role with a role missing the required grant. Safety boundary: Use synthetic vehicle profiles, offline test benches, and simulated services only. Never send commands to a live vehicle, charging network, or public road system; these scenarios do not establish vehicle safety or regulatory certification.","1. Create a disposable, versioned synthetic fixture: Compare the authorized role with a role missing the required grant. 2. Execute the platform workflow to export a dealer catalog with restricted fields masked. 3. Capture the committed result, resource version, or run status. 4. Compare the result with the source fixture and the declared invariant. 5. Repeat or recover the operation when applicable; verify access, audit evidence, and side effects.","The platform must correctly export a dealer catalog with restricted fields masked; the least privilege condition follows the configured contract; valid state is preserved, invalid or unauthorized work is rejected or quarantined without silent loss, retries do not duplicate side effects, lineage and audit evidence remain available, and no production records or credentials are used. Safety boundary: Use synthetic vehicle profiles, offline test benches, and simulated services only. Never send commands to a live vehicle, charging network, or public road system; these scenarios do not establish vehicle safety or regulatory certification.",Playwright + platform UI/API,"automotive-mobility,market-platform,synthetic-data,dealer_retail,least-privilege"
Automotive & Mobility,Dealer and Retail Operations,AUTOX-DEALER_R-00120,Dealer and Retail Operations: audit offer publication and withdrawal (least privilege),Automotive & Mobility: audit offer publication and withdrawal with least privilege,Security,Critical,"Non-production tenant or isolated local fixture; synthetic records only; Compare the authorized role with a role missing the required grant. Safety boundary: Use synthetic vehicle profiles, offline test benches, and simulated services only. Never send commands to a live vehicle, charging network, or public road system; these scenarios do not establish vehicle safety or regulatory certification.","1. Create a disposable, versioned synthetic fixture: Compare the authorized role with a role missing the required grant. 2. Execute the platform workflow to audit offer publication and withdrawal. 3. Capture the committed result, resource version, or run status. 4. Compare the result with the source fixture and the declared invariant. 5. Repeat or recover the operation when applicable; verify access, audit evidence, and side effects.","The platform must correctly audit offer publication and withdrawal; the least privilege condition follows the configured contract; valid state is preserved, invalid or unauthorized work is rejected or quarantined without silent loss, retries do not duplicate side effects, lineage and audit evidence remain available, and no production records or credentials are used. Safety boundary: Use synthetic vehicle profiles, offline test benches, and simulated services only. Never send commands to a live vehicle, charging network, or public road system; these scenarios do not establish vehicle safety or regulatory certification.",Playwright + platform UI/API,"automotive-mobility,market-platform,synthetic-data,dealer_retail,least-privilege"
Automotive & Mobility,Dealer and Retail Operations,AUTOX-DEALER_R-00121,Dealer and Retail Operations: create a synthetic dealer location with a scoped role (concurrent writers),Automotive & Mobility: create a synthetic dealer location with a scoped role with concurrent writers,Functional,Medium,"Non-production tenant or isolated local fixture; synthetic records only; Run two valid writers against overlapping logical data at the same time. Safety boundary: Use synthetic vehicle profiles, offline test benches, and simulated services only. Never send commands to a live vehicle, charging network, or public road system; these scenarios do not establish vehicle safety or regulatory certification.","1. Create a disposable, versioned synthetic fixture: Run two valid writers against overlapping logical data at the same time. 2. Execute the platform workflow to create a synthetic dealer location with a scoped role. 3. Capture the committed result, resource version, or run status. 4. Compare the result with the source fixture and the declared invariant. 5. Repeat or recover the operation when applicable; verify access, audit evidence, and side effects.","The platform must correctly create a synthetic dealer location with a scoped role; the concurrent writers condition follows the configured contract; valid state is preserved, invalid or unauthorized work is rejected or quarantined without silent loss, retries do not duplicate side effects, lineage and audit evidence remain available, and no production records or credentials are used. Safety boundary: Use synthetic vehicle profiles, offline test benches, and simulated services only. Never send commands to a live vehicle, charging network, or public road system; these scenarios do not establish vehicle safety or regulatory certification.",Playwright + platform UI/API,"automotive-mobility,market-platform,synthetic-data,dealer_retail,concurrent-writers"
Automotive & Mobility,Dealer and Retail Operations,AUTOX-DEALER_R-00122,Dealer and Retail Operations: publish an approved vehicle offer to a test market (concurrent writers),Automotive & Mobility: publish an approved vehicle offer to a test market with concurrent writers,Functional,High,"Non-production tenant or isolated local fixture; synthetic records only; Run two valid writers against overlapping logical data at the same time. Safety boundary: Use synthetic vehicle profiles, offline test benches, and simulated services only. Never send commands to a live vehicle, charging network, or public road system; these scenarios do not establish vehicle safety or regulatory certification.","1. Create a disposable, versioned synthetic fixture: Run two valid writers against overlapping logical data at the same time. 2. Execute the platform workflow to publish an approved vehicle offer to a test market. 3. Capture the committed result, resource version, or run status. 4. Compare the result with the source fixture and the declared invariant. 5. Repeat or recover the operation when applicable; verify access, audit evidence, and side effects.","The platform must correctly publish an approved vehicle offer to a test market; the concurrent writers condition follows the configured contract; valid state is preserved, invalid or unauthorized work is rejected or quarantined without silent loss, retries do not duplicate side effects, lineage and audit evidence remain available, and no production records or credentials are used. Safety boundary: Use synthetic vehicle profiles, offline test benches, and simulated services only. Never send commands to a live vehicle, charging network, or public road system; these scenarios do not establish vehicle safety or regulatory certification.",Playwright + platform UI/API,"automotive-mobility,market-platform,synthetic-data,dealer_retail,concurrent-writers"
Automotive & Mobility,Dealer and Retail Operations,AUTOX-DEALER_R-00123,Dealer and Retail Operations: prevent a dealer user from viewing another region's draft (concurrent writers),Automotive & Mobility: prevent a dealer user from viewing another region's draft with concurrent writers,Functional,High,"Non-production tenant or isolated local fixture; synthetic records only; Run two valid writers against overlapping logical data at the same time. Safety boundary: Use synthetic vehicle profiles, offline test benches, and simulated services only. Never send commands to a live vehicle, charging network, or public road system; these scenarios do not establish vehicle safety or regulatory certification.","1. Create a disposable, versioned synthetic fixture: Run two valid writers against overlapping logical data at the same time. 2. Execute the platform workflow to prevent a dealer user from viewing another region's draft. 3. Capture the committed result, resource version, or run status. 4. Compare the result with the source fixture and the declared invariant. 5. Repeat or recover the operation when applicable; verify access, audit evidence, and side effects.","The platform must correctly prevent a dealer user from viewing another region's draft; the concurrent writers condition follows the configured contract; valid state is preserved, invalid or unauthorized work is rejected or quarantined without silent loss, retries do not duplicate side effects, lineage and audit evidence remain available, and no production records or credentials are used. Safety boundary: Use synthetic vehicle profiles, offline test benches, and simulated services only. Never send commands to a live vehicle, charging network, or public road system; these scenarios do not establish vehicle safety or regulatory certification.",Playwright + platform UI/API,"automotive-mobility,market-platform,synthetic-data,dealer_retail,concurrent-writers"
Automotive & Mobility,Dealer and Retail Operations,AUTOX-DEALER_R-00124,Dealer and Retail Operations: reserve a synthetic inventory unit with an idempotency key (concurrent writers),Automotive & Mobility: reserve a synthetic inventory unit with an idempotency key with concurrent writers,Functional,High,"Non-production tenant or isolated local fixture; synthetic records only; Run two valid writers against overlapping logical data at the same time. Safety boundary: Use synthetic vehicle profiles, offline test benches, and simulated services only. Never send commands to a live vehicle, charging network, or public road system; these scenarios do not establish vehicle safety or regulatory certification.","1. Create a disposable, versioned synthetic fixture: Run two valid writers against overlapping logical data at the same time. 2. Execute the platform workflow to reserve a synthetic inventory unit with an idempotency key. 3. Capture the committed result, resource version, or run status. 4. Compare the result with the source fixture and the declared invariant. 5. Repeat or recover the operation when applicable; verify access, audit evidence, and side effects.","The platform must correctly reserve a synthetic inventory unit with an idempotency key; the concurrent writers condition follows the configured contract; valid state is preserved, invalid or unauthorized work is rejected or quarantined without silent loss, retries do not duplicate side effects, lineage and audit evidence remain available, and no production records or credentials are used. Safety boundary: Use synthetic vehicle profiles, offline test benches, and simulated services only. Never send commands to a live vehicle, charging network, or public road system; these scenarios do not establish vehicle safety or regulatory certification.",Playwright + platform UI/API,"automotive-mobility,market-platform,synthetic-data,dealer_retail,concurrent-writers"
Automotive & Mobility,Dealer and Retail Operations,AUTOX-DEALER_R-00125,Dealer and Retail Operations: release a reservation after its configured expiry (concurrent writers),Automotive & Mobility: release a reservation after its configured expiry with concurrent writers,Functional,Medium,"Non-production tenant or isolated local fixture; synthetic records only; Run two valid writers against overlapping logical data at the same time. Safety boundary: Use synthetic vehicle profiles, offline test benches, and simulated services only. Never send commands to a live vehicle, charging network, or public road system; these scenarios do not establish vehicle safety or regulatory certification.","1. Create a disposable, versioned synthetic fixture: Run two valid writers against overlapping logical data at the same time. 2. Execute the platform workflow to release a reservation after its configured expiry. 3. Capture the committed result, resource version, or run status. 4. Compare the result with the source fixture and the declared invariant. 5. Repeat or recover the operation when applicable; verify access, audit evidence, and side effects.","The platform must correctly release a reservation after its configured expiry; the concurrent writers condition follows the configured contract; valid state is preserved, invalid or unauthorized work is rejected or quarantined without silent loss, retries do not duplicate side effects, lineage and audit evidence remain available, and no production records or credentials are used. Safety boundary: Use synthetic vehicle profiles, offline test benches, and simulated services only. Never send commands to a live vehicle, charging network, or public road system; these scenarios do not establish vehicle safety or regulatory certification.",Playwright + platform UI/API,"automotive-mobility,market-platform,synthetic-data,dealer_retail,concurrent-writers"
Automotive & Mobility,Dealer and Retail Operations,AUTOX-DEALER_R-00126,Dealer and Retail Operations: reconcile dealer allocation with central inventory fixtures (concurrent writers),Automotive & Mobility: reconcile dealer allocation with central inventory fixtures with concurrent writers,Functional,High,"Non-production tenant or isolated local fixture; synthetic records only; Run two valid writers against overlapping logical data at the same time. Safety boundary: Use synthetic vehicle profiles, offline test benches, and simulated services only. Never send commands to a live vehicle, charging network, or public road system; these scenarios do not establish vehicle safety or regulatory certification.","1. Create a disposable, versioned synthetic fixture: Run two valid writers against overlapping logical data at the same time. 2. Execute the platform workflow to reconcile dealer allocation with central inventory fixtures. 3. Capture the committed result, resource version, or run status. 4. Compare the result with the source fixture and the declared invariant. 5. Repeat or recover the operation when applicable; verify access, audit evidence, and side effects.","The platform must correctly reconcile dealer allocation with central inventory fixtures; the concurrent writers condition follows the configured contract; valid state is preserved, invalid or unauthorized work is rejected or quarantined without silent loss, retries do not duplicate side effects, lineage and audit evidence remain available, and no production records or credentials are used. Safety boundary: Use synthetic vehicle profiles, offline test benches, and simulated services only. Never send commands to a live vehicle, charging network, or public road system; these scenarios do not establish vehicle safety or regulatory certification.",Playwright + platform UI/API,"automotive-mobility,market-platform,synthetic-data,dealer_retail,concurrent-writers"
Automotive & Mobility,Dealer and Retail Operations,AUTOX-DEALER_R-00127,Dealer and Retail Operations: validate incentive eligibility at a date boundary (concurrent writers),Automotive & Mobility: validate incentive eligibility at a date boundary with concurrent writers,Functional,High,"Non-production tenant or isolated local fixture; synthetic records only; Run two valid writers against overlapping logical data at the same time. Safety boundary: Use synthetic vehicle profiles, offline test benches, and simulated services only. Never send commands to a live vehicle, charging network, or public road system; these scenarios do not establish vehicle safety or regulatory certification.","1. Create a disposable, versioned synthetic fixture: Run two valid writers against overlapping logical data at the same time. 2. Execute the platform workflow to validate incentive eligibility at a date boundary. 3. Capture the committed result, resource version, or run status. 4. Compare the result with the source fixture and the declared invariant. 5. Repeat or recover the operation when applicable; verify access, audit evidence, and side effects.","The platform must correctly validate incentive eligibility at a date boundary; the concurrent writers condition follows the configured contract; valid state is preserved, invalid or unauthorized work is rejected or quarantined without silent loss, retries do not duplicate side effects, lineage and audit evidence remain available, and no production records or credentials are used. Safety boundary: Use synthetic vehicle profiles, offline test benches, and simulated services only. Never send commands to a live vehicle, charging network, or public road system; these scenarios do not establish vehicle safety or regulatory certification.",Playwright + platform UI/API,"automotive-mobility,market-platform,synthetic-data,dealer_retail,concurrent-writers"
Automotive & Mobility,Dealer and Retail Operations,AUTOX-DEALER_R-00128,Dealer and Retail Operations: route a pricing exception to an authorized reviewer (concurrent writers),Automotive & Mobility: route a pricing exception to an authorized reviewer with concurrent writers,Functional,High,"Non-production tenant or isolated local fixture; synthetic records only; Run two valid writers against overlapping logical data at the same time. Safety boundary: Use synthetic vehicle profiles, offline test benches, and simulated services only. Never send commands to a live vehicle, charging network, or public road system; these scenarios do not establish vehicle safety or regulatory certification.","1. Create a disposable, versioned synthetic fixture: Run two valid writers against overlapping logical data at the same time. 2. Execute the platform workflow to route a pricing exception to an authorized reviewer. 3. Capture the committed result, resource version, or run status. 4. Compare the result with the source fixture and the declared invariant. 5. Repeat or recover the operation when applicable; verify access, audit evidence, and side effects.","The platform must correctly route a pricing exception to an authorized reviewer; the concurrent writers condition follows the configured contract; valid state is preserved, invalid or unauthorized work is rejected or quarantined without silent loss, retries do not duplicate side effects, lineage and audit evidence remain available, and no production records or credentials are used. Safety boundary: Use synthetic vehicle profiles, offline test benches, and simulated services only. Never send commands to a live vehicle, charging network, or public road system; these scenarios do not establish vehicle safety or regulatory certification.",Playwright + platform UI/API,"automotive-mobility,market-platform,synthetic-data,dealer_retail,concurrent-writers"
Automotive & Mobility,Dealer and Retail Operations,AUTOX-DEALER_R-00129,Dealer and Retail Operations: export a dealer catalog with restricted fields masked (concurrent writers),Automotive & Mobility: export a dealer catalog with restricted fields masked with concurrent writers,Functional,Medium,"Non-production tenant or isolated local fixture; synthetic records only; Run two valid writers against overlapping logical data at the same time. Safety boundary: Use synthetic vehicle profiles, offline test benches, and simulated services only. Never send commands to a live vehicle, charging network, or public road system; these scenarios do not establish vehicle safety or regulatory certification.","1. Create a disposable, versioned synthetic fixture: Run two valid writers against overlapping logical data at the same time. 2. Execute the platform workflow to export a dealer catalog with restricted fields masked. 3. Capture the committed result, resource version, or run status. 4. Compare the result with the source fixture and the declared invariant. 5. Repeat or recover the operation when applicable; verify access, audit evidence, and side effects.","The platform must correctly export a dealer catalog with restricted fields masked; the concurrent writers condition follows the configured contract; valid state is preserved, invalid or unauthorized work is rejected or quarantined without silent loss, retries do not duplicate side effects, lineage and audit evidence remain available, and no production records or credentials are used. Safety boundary: Use synthetic vehicle profiles, offline test benches, and simulated services only. Never send commands to a live vehicle, charging network, or public road system; these scenarios do not establish vehicle safety or regulatory certification.",Playwright + platform UI/API,"automotive-mobility,market-platform,synthetic-data,dealer_retail,concurrent-writers"
Automotive & Mobility,Dealer and Retail Operations,AUTOX-DEALER_R-00130,Dealer and Retail Operations: audit offer publication and withdrawal (concurrent writers),Automotive & Mobility: audit offer publication and withdrawal with concurrent writers,Functional,High,"Non-production tenant or isolated local fixture; synthetic records only; Run two valid writers against overlapping logical data at the same time. Safety boundary: Use synthetic vehicle profiles, offline test benches, and simulated services only. Never send commands to a live vehicle, charging network, or public road system; these scenarios do not establish vehicle safety or regulatory certification.","1. Create a disposable, versioned synthetic fixture: Run two valid writers against overlapping logical data at the same time. 2. Execute the platform workflow to audit offer publication and withdrawal. 3. Capture the committed result, resource version, or run status. 4. Compare the result with the source fixture and the declared invariant. 5. Repeat or recover the operation when applicable; verify access, audit evidence, and side effects.","The platform must correctly audit offer publication and withdrawal; the concurrent writers condition follows the configured contract; valid state is preserved, invalid or unauthorized work is rejected or quarantined without silent loss, retries do not duplicate side effects, lineage and audit evidence remain available, and no production records or credentials are used. Safety boundary: Use synthetic vehicle profiles, offline test benches, and simulated services only. Never send commands to a live vehicle, charging network, or public road system; these scenarios do not establish vehicle safety or regulatory certification.",Playwright + platform UI/API,"automotive-mobility,market-platform,synthetic-data,dealer_retail,concurrent-writers"
Automotive & Mobility,Dealer and Retail Operations,AUTOX-DEALER_R-00131,Dealer and Retail Operations: create a synthetic dealer location with a scoped role (transient retry),Automotive & Mobility: create a synthetic dealer location with a scoped role with transient retry,Resilience,High,"Non-production tenant or isolated local fixture; synthetic records only; Inject one transient service failure, restore the dependency, and retry. Safety boundary: Use synthetic vehicle profiles, offline test benches, and simulated services only. Never send commands to a live vehicle, charging network, or public road system; these scenarios do not establish vehicle safety or regulatory certification.","1. Create a disposable, versioned synthetic fixture: Inject one transient service failure, restore the dependency, and retry. 2. Execute the platform workflow to create a synthetic dealer location with a scoped role. 3. Capture the committed result, resource version, or run status. 4. Compare the result with the source fixture and the declared invariant. 5. Repeat or recover the operation when applicable; verify access, audit evidence, and side effects.","The platform must correctly create a synthetic dealer location with a scoped role; the transient retry condition follows the configured contract; valid state is preserved, invalid or unauthorized work is rejected or quarantined without silent loss, retries do not duplicate side effects, lineage and audit evidence remain available, and no production records or credentials are used. Safety boundary: Use synthetic vehicle profiles, offline test benches, and simulated services only. Never send commands to a live vehicle, charging network, or public road system; these scenarios do not establish vehicle safety or regulatory certification.",Playwright + platform UI/API,"automotive-mobility,market-platform,synthetic-data,dealer_retail,transient-retry"
Automotive & Mobility,Dealer and Retail Operations,AUTOX-DEALER_R-00132,Dealer and Retail Operations: publish an approved vehicle offer to a test market (transient retry),Automotive & Mobility: publish an approved vehicle offer to a test market with transient retry,Resilience,High,"Non-production tenant or isolated local fixture; synthetic records only; Inject one transient service failure, restore the dependency, and retry. Safety boundary: Use synthetic vehicle profiles, offline test benches, and simulated services only. Never send commands to a live vehicle, charging network, or public road system; these scenarios do not establish vehicle safety or regulatory certification.","1. Create a disposable, versioned synthetic fixture: Inject one transient service failure, restore the dependency, and retry. 2. Execute the platform workflow to publish an approved vehicle offer to a test market. 3. Capture the committed result, resource version, or run status. 4. Compare the result with the source fixture and the declared invariant. 5. Repeat or recover the operation when applicable; verify access, audit evidence, and side effects.","The platform must correctly publish an approved vehicle offer to a test market; the transient retry condition follows the configured contract; valid state is preserved, invalid or unauthorized work is rejected or quarantined without silent loss, retries do not duplicate side effects, lineage and audit evidence remain available, and no production records or credentials are used. Safety boundary: Use synthetic vehicle profiles, offline test benches, and simulated services only. Never send commands to a live vehicle, charging network, or public road system; these scenarios do not establish vehicle safety or regulatory certification.",Playwright + platform UI/API,"automotive-mobility,market-platform,synthetic-data,dealer_retail,transient-retry"
Automotive & Mobility,Dealer and Retail Operations,AUTOX-DEALER_R-00133,Dealer and Retail Operations: prevent a dealer user from viewing another region's draft (transient retry),Automotive & Mobility: prevent a dealer user from viewing another region's draft with transient retry,Resilience,Medium,"Non-production tenant or isolated local fixture; synthetic records only; Inject one transient service failure, restore the dependency, and retry. Safety boundary: Use synthetic vehicle profiles, offline test benches, and simulated services only. Never send commands to a live vehicle, charging network, or public road system; these scenarios do not establish vehicle safety or regulatory certification.","1. Create a disposable, versioned synthetic fixture: Inject one transient service failure, restore the dependency, and retry. 2. Execute the platform workflow to prevent a dealer user from viewing another region's draft. 3. Capture the committed result, resource version, or run status. 4. Compare the result with the source fixture and the declared invariant. 5. Repeat or recover the operation when applicable; verify access, audit evidence, and side effects.","The platform must correctly prevent a dealer user from viewing another region's draft; the transient retry condition follows the configured contract; valid state is preserved, invalid or unauthorized work is rejected or quarantined without silent loss, retries do not duplicate side effects, lineage and audit evidence remain available, and no production records or credentials are used. Safety boundary: Use synthetic vehicle profiles, offline test benches, and simulated services only. Never send commands to a live vehicle, charging network, or public road system; these scenarios do not establish vehicle safety or regulatory certification.",Playwright + platform UI/API,"automotive-mobility,market-platform,synthetic-data,dealer_retail,transient-retry"
Automotive & Mobility,Dealer and Retail Operations,AUTOX-DEALER_R-00134,Dealer and Retail Operations: reserve a synthetic inventory unit with an idempotency key (transient retry),Automotive & Mobility: reserve a synthetic inventory unit with an idempotency key with transient retry,Resilience,High,"Non-production tenant or isolated local fixture; synthetic records only; Inject one transient service failure, restore the dependency, and retry. Safety boundary: Use synthetic vehicle profiles, offline test benches, and simulated services only. Never send commands to a live vehicle, charging network, or public road system; these scenarios do not establish vehicle safety or regulatory certification.","1. Create a disposable, versioned synthetic fixture: Inject one transient service failure, restore the dependency, and retry. 2. Execute the platform workflow to reserve a synthetic inventory unit with an idempotency key. 3. Capture the committed result, resource version, or run status. 4. Compare the result with the source fixture and the declared invariant. 5. Repeat or recover the operation when applicable; verify access, audit evidence, and side effects.","The platform must correctly reserve a synthetic inventory unit with an idempotency key; the transient retry condition follows the configured contract; valid state is preserved, invalid or unauthorized work is rejected or quarantined without silent loss, retries do not duplicate side effects, lineage and audit evidence remain available, and no production records or credentials are used. Safety boundary: Use synthetic vehicle profiles, offline test benches, and simulated services only. Never send commands to a live vehicle, charging network, or public road system; these scenarios do not establish vehicle safety or regulatory certification.",Playwright + platform UI/API,"automotive-mobility,market-platform,synthetic-data,dealer_retail,transient-retry"
Automotive & Mobility,Dealer and Retail Operations,AUTOX-DEALER_R-00135,Dealer and Retail Operations: release a reservation after its configured expiry (transient retry),Automotive & Mobility: release a reservation after its configured expiry with transient retry,Resilience,High,"Non-production tenant or isolated local fixture; synthetic records only; Inject one transient service failure, restore the dependency, and retry. Safety boundary: Use synthetic vehicle profiles, offline test benches, and simulated services only. Never send commands to a live vehicle, charging network, or public road system; these scenarios do not establish vehicle safety or regulatory certification.","1. Create a disposable, versioned synthetic fixture: Inject one transient service failure, restore the dependency, and retry. 2. Execute the platform workflow to release a reservation after its configured expiry. 3. Capture the committed result, resource version, or run status. 4. Compare the result with the source fixture and the declared invariant. 5. Repeat or recover the operation when applicable; verify access, audit evidence, and side effects.","The platform must correctly release a reservation after its configured expiry; the transient retry condition follows the configured contract; valid state is preserved, invalid or unauthorized work is rejected or quarantined without silent loss, retries do not duplicate side effects, lineage and audit evidence remain available, and no production records or credentials are used. Safety boundary: Use synthetic vehicle profiles, offline test benches, and simulated services only. Never send commands to a live vehicle, charging network, or public road system; these scenarios do not establish vehicle safety or regulatory certification.",Playwright + platform UI/API,"automotive-mobility,market-platform,synthetic-data,dealer_retail,transient-retry"
Automotive & Mobility,Dealer and Retail Operations,AUTOX-DEALER_R-00136,Dealer and Retail Operations: reconcile dealer allocation with central inventory fixtures (transient retry),Automotive & Mobility: reconcile dealer allocation with central inventory fixtures with transient retry,Resilience,High,"Non-production tenant or isolated local fixture; synthetic records only; Inject one transient service failure, restore the dependency, and retry. Safety boundary: Use synthetic vehicle profiles, offline test benches, and simulated services only. Never send commands to a live vehicle, charging network, or public road system; these scenarios do not establish vehicle safety or regulatory certification.","1. Create a disposable, versioned synthetic fixture: Inject one transient service failure, restore the dependency, and retry. 2. Execute the platform workflow to reconcile dealer allocation with central inventory fixtures. 3. Capture the committed result, resource version, or run status. 4. Compare the result with the source fixture and the declared invariant. 5. Repeat or recover the operation when applicable; verify access, audit evidence, and side effects.","The platform must correctly reconcile dealer allocation with central inventory fixtures; the transient retry condition follows the configured contract; valid state is preserved, invalid or unauthorized work is rejected or quarantined without silent loss, retries do not duplicate side effects, lineage and audit evidence remain available, and no production records or credentials are used. Safety boundary: Use synthetic vehicle profiles, offline test benches, and simulated services only. Never send commands to a live vehicle, charging network, or public road system; these scenarios do not establish vehicle safety or regulatory certification.",Playwright + platform UI/API,"automotive-mobility,market-platform,synthetic-data,dealer_retail,transient-retry"
Automotive & Mobility,Dealer and Retail Operations,AUTOX-DEALER_R-00137,Dealer and Retail Operations: validate incentive eligibility at a date boundary (transient retry),Automotive & Mobility: validate incentive eligibility at a date boundary with transient retry,Resilience,Medium,"Non-production tenant or isolated local fixture; synthetic records only; Inject one transient service failure, restore the dependency, and retry. Safety boundary: Use synthetic vehicle profiles, offline test benches, and simulated services only. Never send commands to a live vehicle, charging network, or public road system; these scenarios do not establish vehicle safety or regulatory certification.","1. Create a disposable, versioned synthetic fixture: Inject one transient service failure, restore the dependency, and retry. 2. Execute the platform workflow to validate incentive eligibility at a date boundary. 3. Capture the committed result, resource version, or run status. 4. Compare the result with the source fixture and the declared invariant. 5. Repeat or recover the operation when applicable; verify access, audit evidence, and side effects.","The platform must correctly validate incentive eligibility at a date boundary; the transient retry condition follows the configured contract; valid state is preserved, invalid or unauthorized work is rejected or quarantined without silent loss, retries do not duplicate side effects, lineage and audit evidence remain available, and no production records or credentials are used. Safety boundary: Use synthetic vehicle profiles, offline test benches, and simulated services only. Never send commands to a live vehicle, charging network, or public road system; these scenarios do not establish vehicle safety or regulatory certification.",Playwright + platform UI/API,"automotive-mobility,market-platform,synthetic-data,dealer_retail,transient-retry"
Automotive & Mobility,Dealer and Retail Operations,AUTOX-DEALER_R-00138,Dealer and Retail Operations: route a pricing exception to an authorized reviewer (transient retry),Automotive & Mobility: route a pricing exception to an authorized reviewer with transient retry,Resilience,High,"Non-production tenant or isolated local fixture; synthetic records only; Inject one transient service failure, restore the dependency, and retry. Safety boundary: Use synthetic vehicle profiles, offline test benches, and simulated services only. Never send commands to a live vehicle, charging network, or public road system; these scenarios do not establish vehicle safety or regulatory certification.","1. Create a disposable, versioned synthetic fixture: Inject one transient service failure, restore the dependency, and retry. 2. Execute the platform workflow to route a pricing exception to an authorized reviewer. 3. Capture the committed result, resource version, or run status. 4. Compare the result with the source fixture and the declared invariant. 5. Repeat or recover the operation when applicable; verify access, audit evidence, and side effects.","The platform must correctly route a pricing exception to an authorized reviewer; the transient retry condition follows the configured contract; valid state is preserved, invalid or unauthorized work is rejected or quarantined without silent loss, retries do not duplicate side effects, lineage and audit evidence remain available, and no production records or credentials are used. Safety boundary: Use synthetic vehicle profiles, offline test benches, and simulated services only. Never send commands to a live vehicle, charging network, or public road system; these scenarios do not establish vehicle safety or regulatory certification.",Playwright + platform UI/API,"automotive-mobility,market-platform,synthetic-data,dealer_retail,transient-retry"
Automotive & Mobility,Dealer and Retail Operations,AUTOX-DEALER_R-00139,Dealer and Retail Operations: export a dealer catalog with restricted fields masked (transient retry),Automotive & Mobility: export a dealer catalog with restricted fields masked with transient retry,Resilience,High,"Non-production tenant or isolated local fixture; synthetic records only; Inject one transient service failure, restore the dependency, and retry. Safety boundary: Use synthetic vehicle profiles, offline test benches, and simulated services only. Never send commands to a live vehicle, charging network, or public road system; these scenarios do not establish vehicle safety or regulatory certification.","1. Create a disposable, versioned synthetic fixture: Inject one transient service failure, restore the dependency, and retry. 2. Execute the platform workflow to export a dealer catalog with restricted fields masked. 3. Capture the committed result, resource version, or run status. 4. Compare the result with the source fixture and the declared invariant. 5. Repeat or recover the operation when applicable; verify access, audit evidence, and side effects.","The platform must correctly export a dealer catalog with restricted fields masked; the transient retry condition follows the configured contract; valid state is preserved, invalid or unauthorized work is rejected or quarantined without silent loss, retries do not duplicate side effects, lineage and audit evidence remain available, and no production records or credentials are used. Safety boundary: Use synthetic vehicle profiles, offline test benches, and simulated services only. Never send commands to a live vehicle, charging network, or public road system; these scenarios do not establish vehicle safety or regulatory certification.",Playwright + platform UI/API,"automotive-mobility,market-platform,synthetic-data,dealer_retail,transient-retry"
Automotive & Mobility,Dealer and Retail Operations,AUTOX-DEALER_R-00140,Dealer and Retail Operations: audit offer publication and withdrawal (transient retry),Automotive & Mobility: audit offer publication and withdrawal with transient retry,Resilience,High,"Non-production tenant or isolated local fixture; synthetic records only; Inject one transient service failure, restore the dependency, and retry. Safety boundary: Use synthetic vehicle profiles, offline test benches, and simulated services only. Never send commands to a live vehicle, charging network, or public road system; these scenarios do not establish vehicle safety or regulatory certification.","1. Create a disposable, versioned synthetic fixture: Inject one transient service failure, restore the dependency, and retry. 2. Execute the platform workflow to audit offer publication and withdrawal. 3. Capture the committed result, resource version, or run status. 4. Compare the result with the source fixture and the declared invariant. 5. Repeat or recover the operation when applicable; verify access, audit evidence, and side effects.","The platform must correctly audit offer publication and withdrawal; the transient retry condition follows the configured contract; valid state is preserved, invalid or unauthorized work is rejected or quarantined without silent loss, retries do not duplicate side effects, lineage and audit evidence remain available, and no production records or credentials are used. Safety boundary: Use synthetic vehicle profiles, offline test benches, and simulated services only. Never send commands to a live vehicle, charging network, or public road system; these scenarios do not establish vehicle safety or regulatory certification.",Playwright + platform UI/API,"automotive-mobility,market-platform,synthetic-data,dealer_retail,transient-retry"
Automotive & Mobility,Dealer and Retail Operations,AUTOX-DEALER_R-00141,Dealer and Retail Operations: create a synthetic dealer location with a scoped role (commit conflict),Automotive & Mobility: create a synthetic dealer location with a scoped role with commit conflict,Functional,Medium,"Non-production tenant or isolated local fixture; synthetic records only; Advance the resource version between read and write to create an optimistic conflict. Safety boundary: Use synthetic vehicle profiles, offline test benches, and simulated services only. Never send commands to a live vehicle, charging network, or public road system; these scenarios do not establish vehicle safety or regulatory certification.","1. Create a disposable, versioned synthetic fixture: Advance the resource version between read and write to create an optimistic conflict. 2. Execute the platform workflow to create a synthetic dealer location with a scoped role. 3. Capture the committed result, resource version, or run status. 4. Compare the result with the source fixture and the declared invariant. 5. Repeat or recover the operation when applicable; verify access, audit evidence, and side effects.","The platform must correctly create a synthetic dealer location with a scoped role; the commit conflict condition follows the configured contract; valid state is preserved, invalid or unauthorized work is rejected or quarantined without silent loss, retries do not duplicate side effects, lineage and audit evidence remain available, and no production records or credentials are used. Safety boundary: Use synthetic vehicle profiles, offline test benches, and simulated services only. Never send commands to a live vehicle, charging network, or public road system; these scenarios do not establish vehicle safety or regulatory certification.",Playwright + platform UI/API,"automotive-mobility,market-platform,synthetic-data,dealer_retail,commit-conflict"
Automotive & Mobility,Dealer and Retail Operations,AUTOX-DEALER_R-00142,Dealer and Retail Operations: publish an approved vehicle offer to a test market (commit conflict),Automotive & Mobility: publish an approved vehicle offer to a test market with commit conflict,Functional,High,"Non-production tenant or isolated local fixture; synthetic records only; Advance the resource version between read and write to create an optimistic conflict. Safety boundary: Use synthetic vehicle profiles, offline test benches, and simulated services only. Never send commands to a live vehicle, charging network, or public road system; these scenarios do not establish vehicle safety or regulatory certification.","1. Create a disposable, versioned synthetic fixture: Advance the resource version between read and write to create an optimistic conflict. 2. Execute the platform workflow to publish an approved vehicle offer to a test market. 3. Capture the committed result, resource version, or run status. 4. Compare the result with the source fixture and the declared invariant. 5. Repeat or recover the operation when applicable; verify access, audit evidence, and side effects.","The platform must correctly publish an approved vehicle offer to a test market; the commit conflict condition follows the configured contract; valid state is preserved, invalid or unauthorized work is rejected or quarantined without silent loss, retries do not duplicate side effects, lineage and audit evidence remain available, and no production records or credentials are used. Safety boundary: Use synthetic vehicle profiles, offline test benches, and simulated services only. Never send commands to a live vehicle, charging network, or public road system; these scenarios do not establish vehicle safety or regulatory certification.",Playwright + platform UI/API,"automotive-mobility,market-platform,synthetic-data,dealer_retail,commit-conflict"
Automotive & Mobility,Dealer and Retail Operations,AUTOX-DEALER_R-00143,Dealer and Retail Operations: prevent a dealer user from viewing another region's draft (commit conflict),Automotive & Mobility: prevent a dealer user from viewing another region's draft with commit conflict,Functional,High,"Non-production tenant or isolated local fixture; synthetic records only; Advance the resource version between read and write to create an optimistic conflict. Safety boundary: Use synthetic vehicle profiles, offline test benches, and simulated services only. Never send commands to a live vehicle, charging network, or public road system; these scenarios do not establish vehicle safety or regulatory certification.","1. Create a disposable, versioned synthetic fixture: Advance the resource version between read and write to create an optimistic conflict. 2. Execute the platform workflow to prevent a dealer user from viewing another region's draft. 3. Capture the committed result, resource version, or run status. 4. Compare the result with the source fixture and the declared invariant. 5. Repeat or recover the operation when applicable; verify access, audit evidence, and side effects.","The platform must correctly prevent a dealer user from viewing another region's draft; the commit conflict condition follows the configured contract; valid state is preserved, invalid or unauthorized work is rejected or quarantined without silent loss, retries do not duplicate side effects, lineage and audit evidence remain available, and no production records or credentials are used. Safety boundary: Use synthetic vehicle profiles, offline test benches, and simulated services only. Never send commands to a live vehicle, charging network, or public road system; these scenarios do not establish vehicle safety or regulatory certification.",Playwright + platform UI/API,"automotive-mobility,market-platform,synthetic-data,dealer_retail,commit-conflict"
Automotive & Mobility,Dealer and Retail Operations,AUTOX-DEALER_R-00144,Dealer and Retail Operations: reserve a synthetic inventory unit with an idempotency key (commit conflict),Automotive & Mobility: reserve a synthetic inventory unit with an idempotency key with commit conflict,Functional,High,"Non-production tenant or isolated local fixture; synthetic records only; Advance the resource version between read and write to create an optimistic conflict. Safety boundary: Use synthetic vehicle profiles, offline test benches, and simulated services only. Never send commands to a live vehicle, charging network, or public road system; these scenarios do not establish vehicle safety or regulatory certification.","1. Create a disposable, versioned synthetic fixture: Advance the resource version between read and write to create an optimistic conflict. 2. Execute the platform workflow to reserve a synthetic inventory unit with an idempotency key. 3. Capture the committed result, resource version, or run status. 4. Compare the result with the source fixture and the declared invariant. 5. Repeat or recover the operation when applicable; verify access, audit evidence, and side effects.","The platform must correctly reserve a synthetic inventory unit with an idempotency key; the commit conflict condition follows the configured contract; valid state is preserved, invalid or unauthorized work is rejected or quarantined without silent loss, retries do not duplicate side effects, lineage and audit evidence remain available, and no production records or credentials are used. Safety boundary: Use synthetic vehicle profiles, offline test benches, and simulated services only. Never send commands to a live vehicle, charging network, or public road system; these scenarios do not establish vehicle safety or regulatory certification.",Playwright + platform UI/API,"automotive-mobility,market-platform,synthetic-data,dealer_retail,commit-conflict"
Automotive & Mobility,Dealer and Retail Operations,AUTOX-DEALER_R-00145,Dealer and Retail Operations: release a reservation after its configured expiry (commit conflict),Automotive & Mobility: release a reservation after its configured expiry with commit conflict,Functional,Medium,"Non-production tenant or isolated local fixture; synthetic records only; Advance the resource version between read and write to create an optimistic conflict. Safety boundary: Use synthetic vehicle profiles, offline test benches, and simulated services only. Never send commands to a live vehicle, charging network, or public road system; these scenarios do not establish vehicle safety or regulatory certification.","1. Create a disposable, versioned synthetic fixture: Advance the resource version between read and write to create an optimistic conflict. 2. Execute the platform workflow to release a reservation after its configured expiry. 3. Capture the committed result, resource version, or run status. 4. Compare the result with the source fixture and the declared invariant. 5. Repeat or recover the operation when applicable; verify access, audit evidence, and side effects.","The platform must correctly release a reservation after its configured expiry; the commit conflict condition follows the configured contract; valid state is preserved, invalid or unauthorized work is rejected or quarantined without silent loss, retries do not duplicate side effects, lineage and audit evidence remain available, and no production records or credentials are used. Safety boundary: Use synthetic vehicle profiles, offline test benches, and simulated services only. Never send commands to a live vehicle, charging network, or public road system; these scenarios do not establish vehicle safety or regulatory certification.",Playwright + platform UI/API,"automotive-mobility,market-platform,synthetic-data,dealer_retail,commit-conflict"
Automotive & Mobility,Dealer and Retail Operations,AUTOX-DEALER_R-00146,Dealer and Retail Operations: reconcile dealer allocation with central inventory fixtures (commit conflict),Automotive & Mobility: reconcile dealer allocation with central inventory fixtures with commit conflict,Functional,High,"Non-production tenant or isolated local fixture; synthetic records only; Advance the resource version between read and write to create an optimistic conflict. Safety boundary: Use synthetic vehicle profiles, offline test benches, and simulated services only. Never send commands to a live vehicle, charging network, or public road system; these scenarios do not establish vehicle safety or regulatory certification.","1. Create a disposable, versioned synthetic fixture: Advance the resource version between read and write to create an optimistic conflict. 2. Execute the platform workflow to reconcile dealer allocation with central inventory fixtures. 3. Capture the committed result, resource version, or run status. 4. Compare the result with the source fixture and the declared invariant. 5. Repeat or recover the operation when applicable; verify access, audit evidence, and side effects.","The platform must correctly reconcile dealer allocation with central inventory fixtures; the commit conflict condition follows the configured contract; valid state is preserved, invalid or unauthorized work is rejected or quarantined without silent loss, retries do not duplicate side effects, lineage and audit evidence remain available, and no production records or credentials are used. Safety boundary: Use synthetic vehicle profiles, offline test benches, and simulated services only. Never send commands to a live vehicle, charging network, or public road system; these scenarios do not establish vehicle safety or regulatory certification.",Playwright + platform UI/API,"automotive-mobility,market-platform,synthetic-data,dealer_retail,commit-conflict"
Automotive & Mobility,Dealer and Retail Operations,AUTOX-DEALER_R-00147,Dealer and Retail Operations: validate incentive eligibility at a date boundary (commit conflict),Automotive & Mobility: validate incentive eligibility at a date boundary with commit conflict,Functional,High,"Non-production tenant or isolated local fixture; synthetic records only; Advance the resource version between read and write to create an optimistic conflict. Safety boundary: Use synthetic vehicle profiles, offline test benches, and simulated services only. Never send commands to a live vehicle, charging network, or public road system; these scenarios do not establish vehicle safety or regulatory certification.","1. Create a disposable, versioned synthetic fixture: Advance the resource version between read and write to create an optimistic conflict. 2. Execute the platform workflow to validate incentive eligibility at a date boundary. 3. Capture the committed result, resource version, or run status. 4. Compare the result with the source fixture and the declared invariant. 5. Repeat or recover the operation when applicable; verify access, audit evidence, and side effects.","The platform must correctly validate incentive eligibility at a date boundary; the commit conflict condition follows the configured contract; valid state is preserved, invalid or unauthorized work is rejected or quarantined without silent loss, retries do not duplicate side effects, lineage and audit evidence remain available, and no production records or credentials are used. Safety boundary: Use synthetic vehicle profiles, offline test benches, and simulated services only. Never send commands to a live vehicle, charging network, or public road system; these scenarios do not establish vehicle safety or regulatory certification.",Playwright + platform UI/API,"automotive-mobility,market-platform,synthetic-data,dealer_retail,commit-conflict"
Automotive & Mobility,Dealer and Retail Operations,AUTOX-DEALER_R-00148,Dealer and Retail Operations: route a pricing exception to an authorized reviewer (commit conflict),Automotive & Mobility: route a pricing exception to an authorized reviewer with commit conflict,Functional,High,"Non-production tenant or isolated local fixture; synthetic records only; Advance the resource version between read and write to create an optimistic conflict. Safety boundary: Use synthetic vehicle profiles, offline test benches, and simulated services only. Never send commands to a live vehicle, charging network, or public road system; these scenarios do not establish vehicle safety or regulatory certification.","1. Create a disposable, versioned synthetic fixture: Advance the resource version between read and write to create an optimistic conflict. 2. Execute the platform workflow to route a pricing exception to an authorized reviewer. 3. Capture the committed result, resource version, or run status. 4. Compare the result with the source fixture and the declared invariant. 5. Repeat or recover the operation when applicable; verify access, audit evidence, and side effects.","The platform must correctly route a pricing exception to an authorized reviewer; the commit conflict condition follows the configured contract; valid state is preserved, invalid or unauthorized work is rejected or quarantined without silent loss, retries do not duplicate side effects, lineage and audit evidence remain available, and no production records or credentials are used. Safety boundary: Use synthetic vehicle profiles, offline test benches, and simulated services only. Never send commands to a live vehicle, charging network, or public road system; these scenarios do not establish vehicle safety or regulatory certification.",Playwright + platform UI/API,"automotive-mobility,market-platform,synthetic-data,dealer_retail,commit-conflict"
Automotive & Mobility,Dealer and Retail Operations,AUTOX-DEALER_R-00149,Dealer and Retail Operations: export a dealer catalog with restricted fields masked (commit conflict),Automotive & Mobility: export a dealer catalog with restricted fields masked with commit conflict,Functional,Medium,"Non-production tenant or isolated local fixture; synthetic records only; Advance the resource version between read and write to create an optimistic conflict. Safety boundary: Use synthetic vehicle profiles, offline test benches, and simulated services only. Never send commands to a live vehicle, charging network, or public road system; these scenarios do not establish vehicle safety or regulatory certification.","1. Create a disposable, versioned synthetic fixture: Advance the resource version between read and write to create an optimistic conflict. 2. Execute the platform workflow to export a dealer catalog with restricted fields masked. 3. Capture the committed result, resource version, or run status. 4. Compare the result with the source fixture and the declared invariant. 5. Repeat or recover the operation when applicable; verify access, audit evidence, and side effects.","The platform must correctly export a dealer catalog with restricted fields masked; the commit conflict condition follows the configured contract; valid state is preserved, invalid or unauthorized work is rejected or quarantined without silent loss, retries do not duplicate side effects, lineage and audit evidence remain available, and no production records or credentials are used. Safety boundary: Use synthetic vehicle profiles, offline test benches, and simulated services only. Never send commands to a live vehicle, charging network, or public road system; these scenarios do not establish vehicle safety or regulatory certification.",Playwright + platform UI/API,"automotive-mobility,market-platform,synthetic-data,dealer_retail,commit-conflict"
Automotive & Mobility,Dealer and Retail Operations,AUTOX-DEALER_R-00150,Dealer and Retail Operations: audit offer publication and withdrawal (commit conflict),Automotive & Mobility: audit offer publication and withdrawal with commit conflict,Functional,High,"Non-production tenant or isolated local fixture; synthetic records only; Advance the resource version between read and write to create an optimistic conflict. Safety boundary: Use synthetic vehicle profiles, offline test benches, and simulated services only. Never send commands to a live vehicle, charging network, or public road system; these scenarios do not establish vehicle safety or regulatory certification.","1. Create a disposable, versioned synthetic fixture: Advance the resource version between read and write to create an optimistic conflict. 2. Execute the platform workflow to audit offer publication and withdrawal. 3. Capture the committed result, resource version, or run status. 4. Compare the result with the source fixture and the declared invariant. 5. Repeat or recover the operation when applicable; verify access, audit evidence, and side effects.","The platform must correctly audit offer publication and withdrawal; the commit conflict condition follows the configured contract; valid state is preserved, invalid or unauthorized work is rejected or quarantined without silent loss, retries do not duplicate side effects, lineage and audit evidence remain available, and no production records or credentials are used. Safety boundary: Use synthetic vehicle profiles, offline test benches, and simulated services only. Never send commands to a live vehicle, charging network, or public road system; these scenarios do not establish vehicle safety or regulatory certification.",Playwright + platform UI/API,"automotive-mobility,market-platform,synthetic-data,dealer_retail,commit-conflict"
Automotive & Mobility,Dealer and Retail Operations,AUTOX-DEALER_R-00151,Dealer and Retail Operations: create a synthetic dealer location with a scoped role (rollback and replay),Automotive & Mobility: create a synthetic dealer location with a scoped role with rollback and replay,Functional,High,"Non-production tenant or isolated local fixture; synthetic records only; Restore a prior version in a disposable fixture and replay the same operation. Safety boundary: Use synthetic vehicle profiles, offline test benches, and simulated services only. Never send commands to a live vehicle, charging network, or public road system; these scenarios do not establish vehicle safety or regulatory certification.","1. Create a disposable, versioned synthetic fixture: Restore a prior version in a disposable fixture and replay the same operation. 2. Execute the platform workflow to create a synthetic dealer location with a scoped role. 3. Capture the committed result, resource version, or run status. 4. Compare the result with the source fixture and the declared invariant. 5. Repeat or recover the operation when applicable; verify access, audit evidence, and side effects.","The platform must correctly create a synthetic dealer location with a scoped role; the rollback and replay condition follows the configured contract; valid state is preserved, invalid or unauthorized work is rejected or quarantined without silent loss, retries do not duplicate side effects, lineage and audit evidence remain available, and no production records or credentials are used. Safety boundary: Use synthetic vehicle profiles, offline test benches, and simulated services only. Never send commands to a live vehicle, charging network, or public road system; these scenarios do not establish vehicle safety or regulatory certification.",Playwright + platform UI/API,"automotive-mobility,market-platform,synthetic-data,dealer_retail,rollback-and-replay"
Automotive & Mobility,Dealer and Retail Operations,AUTOX-DEALER_R-00152,Dealer and Retail Operations: publish an approved vehicle offer to a test market (rollback and replay),Automotive & Mobility: publish an approved vehicle offer to a test market with rollback and replay,Functional,High,"Non-production tenant or isolated local fixture; synthetic records only; Restore a prior version in a disposable fixture and replay the same operation. Safety boundary: Use synthetic vehicle profiles, offline test benches, and simulated services only. Never send commands to a live vehicle, charging network, or public road system; these scenarios do not establish vehicle safety or regulatory certification.","1. Create a disposable, versioned synthetic fixture: Restore a prior version in a disposable fixture and replay the same operation. 2. Execute the platform workflow to publish an approved vehicle offer to a test market. 3. Capture the committed result, resource version, or run status. 4. Compare the result with the source fixture and the declared invariant. 5. Repeat or recover the operation when applicable; verify access, audit evidence, and side effects.","The platform must correctly publish an approved vehicle offer to a test market; the rollback and replay condition follows the configured contract; valid state is preserved, invalid or unauthorized work is rejected or quarantined without silent loss, retries do not duplicate side effects, lineage and audit evidence remain available, and no production records or credentials are used. Safety boundary: Use synthetic vehicle profiles, offline test benches, and simulated services only. Never send commands to a live vehicle, charging network, or public road system; these scenarios do not establish vehicle safety or regulatory certification.",Playwright + platform UI/API,"automotive-mobility,market-platform,synthetic-data,dealer_retail,rollback-and-replay"
Automotive & Mobility,Dealer and Retail Operations,AUTOX-DEALER_R-00153,Dealer and Retail Operations: prevent a dealer user from viewing another region's draft (rollback and replay),Automotive & Mobility: prevent a dealer user from viewing another region's draft with rollback and replay,Functional,Medium,"Non-production tenant or isolated local fixture; synthetic records only; Restore a prior version in a disposable fixture and replay the same operation. Safety boundary: Use synthetic vehicle profiles, offline test benches, and simulated services only. Never send commands to a live vehicle, charging network, or public road system; these scenarios do not establish vehicle safety or regulatory certification.","1. Create a disposable, versioned synthetic fixture: Restore a prior version in a disposable fixture and replay the same operation. 2. Execute the platform workflow to prevent a dealer user from viewing another region's draft. 3. Capture the committed result, resource version, or run status. 4. Compare the result with the source fixture and the declared invariant. 5. Repeat or recover the operation when applicable; verify access, audit evidence, and side effects.","The platform must correctly prevent a dealer user from viewing another region's draft; the rollback and replay condition follows the configured contract; valid state is preserved, invalid or unauthorized work is rejected or quarantined without silent loss, retries do not duplicate side effects, lineage and audit evidence remain available, and no production records or credentials are used. Safety boundary: Use synthetic vehicle profiles, offline test benches, and simulated services only. Never send commands to a live vehicle, charging network, or public road system; these scenarios do not establish vehicle safety or regulatory certification.",Playwright + platform UI/API,"automotive-mobility,market-platform,synthetic-data,dealer_retail,rollback-and-replay"
Automotive & Mobility,Dealer and Retail Operations,AUTOX-DEALER_R-00154,Dealer and Retail Operations: reserve a synthetic inventory unit with an idempotency key (rollback and replay),Automotive & Mobility: reserve a synthetic inventory unit with an idempotency key with rollback and replay,Functional,High,"Non-production tenant or isolated local fixture; synthetic records only; Restore a prior version in a disposable fixture and replay the same operation. Safety boundary: Use synthetic vehicle profiles, offline test benches, and simulated services only. Never send commands to a live vehicle, charging network, or public road system; these scenarios do not establish vehicle safety or regulatory certification.","1. Create a disposable, versioned synthetic fixture: Restore a prior version in a disposable fixture and replay the same operation. 2. Execute the platform workflow to reserve a synthetic inventory unit with an idempotency key. 3. Capture the committed result, resource version, or run status. 4. Compare the result with the source fixture and the declared invariant. 5. Repeat or recover the operation when applicable; verify access, audit evidence, and side effects.","The platform must correctly reserve a synthetic inventory unit with an idempotency key; the rollback and replay condition follows the configured contract; valid state is preserved, invalid or unauthorized work is rejected or quarantined without silent loss, retries do not duplicate side effects, lineage and audit evidence remain available, and no production records or credentials are used. Safety boundary: Use synthetic vehicle profiles, offline test benches, and simulated services only. Never send commands to a live vehicle, charging network, or public road system; these scenarios do not establish vehicle safety or regulatory certification.",Playwright + platform UI/API,"automotive-mobility,market-platform,synthetic-data,dealer_retail,rollback-and-replay"
Automotive & Mobility,Dealer and Retail Operations,AUTOX-DEALER_R-00155,Dealer and Retail Operations: release a reservation after its configured expiry (rollback and replay),Automotive & Mobility: release a reservation after its configured expiry with rollback and replay,Functional,High,"Non-production tenant or isolated local fixture; synthetic records only; Restore a prior version in a disposable fixture and replay the same operation. Safety boundary: Use synthetic vehicle profiles, offline test benches, and simulated services only. Never send commands to a live vehicle, charging network, or public road system; these scenarios do not establish vehicle safety or regulatory certification.","1. Create a disposable, versioned synthetic fixture: Restore a prior version in a disposable fixture and replay the same operation. 2. Execute the platform workflow to release a reservation after its configured expiry. 3. Capture the committed result, resource version, or run status. 4. Compare the result with the source fixture and the declared invariant. 5. Repeat or recover the operation when applicable; verify access, audit evidence, and side effects.","The platform must correctly release a reservation after its configured expiry; the rollback and replay condition follows the configured contract; valid state is preserved, invalid or unauthorized work is rejected or quarantined without silent loss, retries do not duplicate side effects, lineage and audit evidence remain available, and no production records or credentials are used. Safety boundary: Use synthetic vehicle profiles, offline test benches, and simulated services only. Never send commands to a live vehicle, charging network, or public road system; these scenarios do not establish vehicle safety or regulatory certification.",Playwright + platform UI/API,"automotive-mobility,market-platform,synthetic-data,dealer_retail,rollback-and-replay"
Automotive & Mobility,Dealer and Retail Operations,AUTOX-DEALER_R-00156,Dealer and Retail Operations: reconcile dealer allocation with central inventory fixtures (rollback and replay),Automotive & Mobility: reconcile dealer allocation with central inventory fixtures with rollback and replay,Functional,High,"Non-production tenant or isolated local fixture; synthetic records only; Restore a prior version in a disposable fixture and replay the same operation. Safety boundary: Use synthetic vehicle profiles, offline test benches, and simulated services only. Never send commands to a live vehicle, charging network, or public road system; these scenarios do not establish vehicle safety or regulatory certification.","1. Create a disposable, versioned synthetic fixture: Restore a prior version in a disposable fixture and replay the same operation. 2. Execute the platform workflow to reconcile dealer allocation with central inventory fixtures. 3. Capture the committed result, resource version, or run status. 4. Compare the result with the source fixture and the declared invariant. 5. Repeat or recover the operation when applicable; verify access, audit evidence, and side effects.","The platform must correctly reconcile dealer allocation with central inventory fixtures; the rollback and replay condition follows the configured contract; valid state is preserved, invalid or unauthorized work is rejected or quarantined without silent loss, retries do not duplicate side effects, lineage and audit evidence remain available, and no production records or credentials are used. Safety boundary: Use synthetic vehicle profiles, offline test benches, and simulated services only. Never send commands to a live vehicle, charging network, or public road system; these scenarios do not establish vehicle safety or regulatory certification.",Playwright + platform UI/API,"automotive-mobility,market-platform,synthetic-data,dealer_retail,rollback-and-replay"
Automotive & Mobility,Dealer and Retail Operations,AUTOX-DEALER_R-00157,Dealer and Retail Operations: validate incentive eligibility at a date boundary (rollback and replay),Automotive & Mobility: validate incentive eligibility at a date boundary with rollback and replay,Functional,Medium,"Non-production tenant or isolated local fixture; synthetic records only; Restore a prior version in a disposable fixture and replay the same operation. Safety boundary: Use synthetic vehicle profiles, offline test benches, and simulated services only. Never send commands to a live vehicle, charging network, or public road system; these scenarios do not establish vehicle safety or regulatory certification.","1. Create a disposable, versioned synthetic fixture: Restore a prior version in a disposable fixture and replay the same operation. 2. Execute the platform workflow to validate incentive eligibility at a date boundary. 3. Capture the committed result, resource version, or run status. 4. Compare the result with the source fixture and the declared invariant. 5. Repeat or recover the operation when applicable; verify access, audit evidence, and side effects.","The platform must correctly validate incentive eligibility at a date boundary; the rollback and replay condition follows the configured contract; valid state is preserved, invalid or unauthorized work is rejected or quarantined without silent loss, retries do not duplicate side effects, lineage and audit evidence remain available, and no production records or credentials are used. Safety boundary: Use synthetic vehicle profiles, offline test benches, and simulated services only. Never send commands to a live vehicle, charging network, or public road system; these scenarios do not establish vehicle safety or regulatory certification.",Playwright + platform UI/API,"automotive-mobility,market-platform,synthetic-data,dealer_retail,rollback-and-replay"
Automotive & Mobility,Dealer and Retail Operations,AUTOX-DEALER_R-00158,Dealer and Retail Operations: route a pricing exception to an authorized reviewer (rollback and replay),Automotive & Mobility: route a pricing exception to an authorized reviewer with rollback and replay,Functional,High,"Non-production tenant or isolated local fixture; synthetic records only; Restore a prior version in a disposable fixture and replay the same operation. Safety boundary: Use synthetic vehicle profiles, offline test benches, and simulated services only. Never send commands to a live vehicle, charging network, or public road system; these scenarios do not establish vehicle safety or regulatory certification.","1. Create a disposable, versioned synthetic fixture: Restore a prior version in a disposable fixture and replay the same operation. 2. Execute the platform workflow to route a pricing exception to an authorized reviewer. 3. Capture the committed result, resource version, or run status. 4. Compare the result with the source fixture and the declared invariant. 5. Repeat or recover the operation when applicable; verify access, audit evidence, and side effects.","The platform must correctly route a pricing exception to an authorized reviewer; the rollback and replay condition follows the configured contract; valid state is preserved, invalid or unauthorized work is rejected or quarantined without silent loss, retries do not duplicate side effects, lineage and audit evidence remain available, and no production records or credentials are used. Safety boundary: Use synthetic vehicle profiles, offline test benches, and simulated services only. Never send commands to a live vehicle, charging network, or public road system; these scenarios do not establish vehicle safety or regulatory certification.",Playwright + platform UI/API,"automotive-mobility,market-platform,synthetic-data,dealer_retail,rollback-and-replay"
Automotive & Mobility,Dealer and Retail Operations,AUTOX-DEALER_R-00159,Dealer and Retail Operations: export a dealer catalog with restricted fields masked (rollback and replay),Automotive & Mobility: export a dealer catalog with restricted fields masked with rollback and replay,Functional,High,"Non-production tenant or isolated local fixture; synthetic records only; Restore a prior version in a disposable fixture and replay the same operation. Safety boundary: Use synthetic vehicle profiles, offline test benches, and simulated services only. Never send commands to a live vehicle, charging network, or public road system; these scenarios do not establish vehicle safety or regulatory certification.","1. Create a disposable, versioned synthetic fixture: Restore a prior version in a disposable fixture and replay the same operation. 2. Execute the platform workflow to export a dealer catalog with restricted fields masked. 3. Capture the committed result, resource version, or run status. 4. Compare the result with the source fixture and the declared invariant. 5. Repeat or recover the operation when applicable; verify access, audit evidence, and side effects.","The platform must correctly export a dealer catalog with restricted fields masked; the rollback and replay condition follows the configured contract; valid state is preserved, invalid or unauthorized work is rejected or quarantined without silent loss, retries do not duplicate side effects, lineage and audit evidence remain available, and no production records or credentials are used. Safety boundary: Use synthetic vehicle profiles, offline test benches, and simulated services only. Never send commands to a live vehicle, charging network, or public road system; these scenarios do not establish vehicle safety or regulatory certification.",Playwright + platform UI/API,"automotive-mobility,market-platform,synthetic-data,dealer_retail,rollback-and-replay"
Automotive & Mobility,Dealer and Retail Operations,AUTOX-DEALER_R-00160,Dealer and Retail Operations: audit offer publication and withdrawal (rollback and replay),Automotive & Mobility: audit offer publication and withdrawal with rollback and replay,Functional,High,"Non-production tenant or isolated local fixture; synthetic records only; Restore a prior version in a disposable fixture and replay the same operation. Safety boundary: Use synthetic vehicle profiles, offline test benches, and simulated services only. Never send commands to a live vehicle, charging network, or public road system; these scenarios do not establish vehicle safety or regulatory certification.","1. Create a disposable, versioned synthetic fixture: Restore a prior version in a disposable fixture and replay the same operation. 2. Execute the platform workflow to audit offer publication and withdrawal. 3. Capture the committed result, resource version, or run status. 4. Compare the result with the source fixture and the declared invariant. 5. Repeat or recover the operation when applicable; verify access, audit evidence, and side effects.","The platform must correctly audit offer publication and withdrawal; the rollback and replay condition follows the configured contract; valid state is preserved, invalid or unauthorized work is rejected or quarantined without silent loss, retries do not duplicate side effects, lineage and audit evidence remain available, and no production records or credentials are used. Safety boundary: Use synthetic vehicle profiles, offline test benches, and simulated services only. Never send commands to a live vehicle, charging network, or public road system; these scenarios do not establish vehicle safety or regulatory certification.",Playwright + platform UI/API,"automotive-mobility,market-platform,synthetic-data,dealer_retail,rollback-and-replay"
Automotive & Mobility,Dealer and Retail Operations,AUTOX-DEALER_R-00161,Dealer and Retail Operations: create a synthetic dealer location with a scoped role (Unicode identifiers),Automotive & Mobility: create a synthetic dealer location with a scoped role with Unicode identifiers,Functional,Medium,"Non-production tenant or isolated local fixture; synthetic records only; Use Unicode in safe project, model, table, index, and synthetic account labels. Safety boundary: Use synthetic vehicle profiles, offline test benches, and simulated services only. Never send commands to a live vehicle, charging network, or public road system; these scenarios do not establish vehicle safety or regulatory certification.","1. Create a disposable, versioned synthetic fixture: Use Unicode in safe project, model, table, index, and synthetic account labels. 2. Execute the platform workflow to create a synthetic dealer location with a scoped role. 3. Capture the committed result, resource version, or run status. 4. Compare the result with the source fixture and the declared invariant. 5. Repeat or recover the operation when applicable; verify access, audit evidence, and side effects.","The platform must correctly create a synthetic dealer location with a scoped role; the Unicode identifiers condition follows the configured contract; valid state is preserved, invalid or unauthorized work is rejected or quarantined without silent loss, retries do not duplicate side effects, lineage and audit evidence remain available, and no production records or credentials are used. Safety boundary: Use synthetic vehicle profiles, offline test benches, and simulated services only. Never send commands to a live vehicle, charging network, or public road system; these scenarios do not establish vehicle safety or regulatory certification.",Playwright + platform UI/API,"automotive-mobility,market-platform,synthetic-data,dealer_retail,Unicode-identifiers"
Automotive & Mobility,Dealer and Retail Operations,AUTOX-DEALER_R-00162,Dealer and Retail Operations: publish an approved vehicle offer to a test market (Unicode identifiers),Automotive & Mobility: publish an approved vehicle offer to a test market with Unicode identifiers,Functional,High,"Non-production tenant or isolated local fixture; synthetic records only; Use Unicode in safe project, model, table, index, and synthetic account labels. Safety boundary: Use synthetic vehicle profiles, offline test benches, and simulated services only. Never send commands to a live vehicle, charging network, or public road system; these scenarios do not establish vehicle safety or regulatory certification.","1. Create a disposable, versioned synthetic fixture: Use Unicode in safe project, model, table, index, and synthetic account labels. 2. Execute the platform workflow to publish an approved vehicle offer to a test market. 3. Capture the committed result, resource version, or run status. 4. Compare the result with the source fixture and the declared invariant. 5. Repeat or recover the operation when applicable; verify access, audit evidence, and side effects.","The platform must correctly publish an approved vehicle offer to a test market; the Unicode identifiers condition follows the configured contract; valid state is preserved, invalid or unauthorized work is rejected or quarantined without silent loss, retries do not duplicate side effects, lineage and audit evidence remain available, and no production records or credentials are used. Safety boundary: Use synthetic vehicle profiles, offline test benches, and simulated services only. Never send commands to a live vehicle, charging network, or public road system; these scenarios do not establish vehicle safety or regulatory certification.",Playwright + platform UI/API,"automotive-mobility,market-platform,synthetic-data,dealer_retail,Unicode-identifiers"
Automotive & Mobility,Dealer and Retail Operations,AUTOX-DEALER_R-00163,Dealer and Retail Operations: prevent a dealer user from viewing another region's draft (Unicode identifiers),Automotive & Mobility: prevent a dealer user from viewing another region's draft with Unicode identifiers,Functional,High,"Non-production tenant or isolated local fixture; synthetic records only; Use Unicode in safe project, model, table, index, and synthetic account labels. Safety boundary: Use synthetic vehicle profiles, offline test benches, and simulated services only. Never send commands to a live vehicle, charging network, or public road system; these scenarios do not establish vehicle safety or regulatory certification.","1. Create a disposable, versioned synthetic fixture: Use Unicode in safe project, model, table, index, and synthetic account labels. 2. Execute the platform workflow to prevent a dealer user from viewing another region's draft. 3. Capture the committed result, resource version, or run status. 4. Compare the result with the source fixture and the declared invariant. 5. Repeat or recover the operation when applicable; verify access, audit evidence, and side effects.","The platform must correctly prevent a dealer user from viewing another region's draft; the Unicode identifiers condition follows the configured contract; valid state is preserved, invalid or unauthorized work is rejected or quarantined without silent loss, retries do not duplicate side effects, lineage and audit evidence remain available, and no production records or credentials are used. Safety boundary: Use synthetic vehicle profiles, offline test benches, and simulated services only. Never send commands to a live vehicle, charging network, or public road system; these scenarios do not establish vehicle safety or regulatory certification.",Playwright + platform UI/API,"automotive-mobility,market-platform,synthetic-data,dealer_retail,Unicode-identifiers"
Automotive & Mobility,Dealer and Retail Operations,AUTOX-DEALER_R-00164,Dealer and Retail Operations: reserve a synthetic inventory unit with an idempotency key (Unicode identifiers),Automotive & Mobility: reserve a synthetic inventory unit with an idempotency key with Unicode identifiers,Functional,High,"Non-production tenant or isolated local fixture; synthetic records only; Use Unicode in safe project, model, table, index, and synthetic account labels. Safety boundary: Use synthetic vehicle profiles, offline test benches, and simulated services only. Never send commands to a live vehicle, charging network, or public road system; these scenarios do not establish vehicle safety or regulatory certification.","1. Create a disposable, versioned synthetic fixture: Use Unicode in safe project, model, table, index, and synthetic account labels. 2. Execute the platform workflow to reserve a synthetic inventory unit with an idempotency key. 3. Capture the committed result, resource version, or run status. 4. Compare the result with the source fixture and the declared invariant. 5. Repeat or recover the operation when applicable; verify access, audit evidence, and side effects.","The platform must correctly reserve a synthetic inventory unit with an idempotency key; the Unicode identifiers condition follows the configured contract; valid state is preserved, invalid or unauthorized work is rejected or quarantined without silent loss, retries do not duplicate side effects, lineage and audit evidence remain available, and no production records or credentials are used. Safety boundary: Use synthetic vehicle profiles, offline test benches, and simulated services only. Never send commands to a live vehicle, charging network, or public road system; these scenarios do not establish vehicle safety or regulatory certification.",Playwright + platform UI/API,"automotive-mobility,market-platform,synthetic-data,dealer_retail,Unicode-identifiers"
Automotive & Mobility,Dealer and Retail Operations,AUTOX-DEALER_R-00165,Dealer and Retail Operations: release a reservation after its configured expiry (Unicode identifiers),Automotive & Mobility: release a reservation after its configured expiry with Unicode identifiers,Functional,Medium,"Non-production tenant or isolated local fixture; synthetic records only; Use Unicode in safe project, model, table, index, and synthetic account labels. Safety boundary: Use synthetic vehicle profiles, offline test benches, and simulated services only. Never send commands to a live vehicle, charging network, or public road system; these scenarios do not establish vehicle safety or regulatory certification.","1. Create a disposable, versioned synthetic fixture: Use Unicode in safe project, model, table, index, and synthetic account labels. 2. Execute the platform workflow to release a reservation after its configured expiry. 3. Capture the committed result, resource version, or run status. 4. Compare the result with the source fixture and the declared invariant. 5. Repeat or recover the operation when applicable; verify access, audit evidence, and side effects.","The platform must correctly release a reservation after its configured expiry; the Unicode identifiers condition follows the configured contract; valid state is preserved, invalid or unauthorized work is rejected or quarantined without silent loss, retries do not duplicate side effects, lineage and audit evidence remain available, and no production records or credentials are used. Safety boundary: Use synthetic vehicle profiles, offline test benches, and simulated services only. Never send commands to a live vehicle, charging network, or public road system; these scenarios do not establish vehicle safety or regulatory certification.",Playwright + platform UI/API,"automotive-mobility,market-platform,synthetic-data,dealer_retail,Unicode-identifiers"
Automotive & Mobility,Dealer and Retail Operations,AUTOX-DEALER_R-00166,Dealer and Retail Operations: reconcile dealer allocation with central inventory fixtures (Unicode identifiers),Automotive & Mobility: reconcile dealer allocation with central inventory fixtures with Unicode identifiers,Functional,High,"Non-production tenant or isolated local fixture; synthetic records only; Use Unicode in safe project, model, table, index, and synthetic account labels. Safety boundary: Use synthetic vehicle profiles, offline test benches, and simulated services only. Never send commands to a live vehicle, charging network, or public road system; these scenarios do not establish vehicle safety or regulatory certification.","1. Create a disposable, versioned synthetic fixture: Use Unicode in safe project, model, table, index, and synthetic account labels. 2. Execute the platform workflow to reconcile dealer allocation with central inventory fixtures. 3. Capture the committed result, resource version, or run status. 4. Compare the result with the source fixture and the declared invariant. 5. Repeat or recover the operation when applicable; verify access, audit evidence, and side effects.","The platform must correctly reconcile dealer allocation with central inventory fixtures; the Unicode identifiers condition follows the configured contract; valid state is preserved, invalid or unauthorized work is rejected or quarantined without silent loss, retries do not duplicate side effects, lineage and audit evidence remain available, and no production records or credentials are used. Safety boundary: Use synthetic vehicle profiles, offline test benches, and simulated services only. Never send commands to a live vehicle, charging network, or public road system; these scenarios do not establish vehicle safety or regulatory certification.",Playwright + platform UI/API,"automotive-mobility,market-platform,synthetic-data,dealer_retail,Unicode-identifiers"
Automotive & Mobility,Dealer and Retail Operations,AUTOX-DEALER_R-00167,Dealer and Retail Operations: validate incentive eligibility at a date boundary (Unicode identifiers),Automotive & Mobility: validate incentive eligibility at a date boundary with Unicode identifiers,Functional,High,"Non-production tenant or isolated local fixture; synthetic records only; Use Unicode in safe project, model, table, index, and synthetic account labels. Safety boundary: Use synthetic vehicle profiles, offline test benches, and simulated services only. Never send commands to a live vehicle, charging network, or public road system; these scenarios do not establish vehicle safety or regulatory certification.","1. Create a disposable, versioned synthetic fixture: Use Unicode in safe project, model, table, index, and synthetic account labels. 2. Execute the platform workflow to validate incentive eligibility at a date boundary. 3. Capture the committed result, resource version, or run status. 4. Compare the result with the source fixture and the declared invariant. 5. Repeat or recover the operation when applicable; verify access, audit evidence, and side effects.","The platform must correctly validate incentive eligibility at a date boundary; the Unicode identifiers condition follows the configured contract; valid state is preserved, invalid or unauthorized work is rejected or quarantined without silent loss, retries do not duplicate side effects, lineage and audit evidence remain available, and no production records or credentials are used. Safety boundary: Use synthetic vehicle profiles, offline test benches, and simulated services only. Never send commands to a live vehicle, charging network, or public road system; these scenarios do not establish vehicle safety or regulatory certification.",Playwright + platform UI/API,"automotive-mobility,market-platform,synthetic-data,dealer_retail,Unicode-identifiers"
Automotive & Mobility,Dealer and Retail Operations,AUTOX-DEALER_R-00168,Dealer and Retail Operations: route a pricing exception to an authorized reviewer (Unicode identifiers),Automotive & Mobility: route a pricing exception to an authorized reviewer with Unicode identifiers,Functional,High,"Non-production tenant or isolated local fixture; synthetic records only; Use Unicode in safe project, model, table, index, and synthetic account labels. Safety boundary: Use synthetic vehicle profiles, offline test benches, and simulated services only. Never send commands to a live vehicle, charging network, or public road system; these scenarios do not establish vehicle safety or regulatory certification.","1. Create a disposable, versioned synthetic fixture: Use Unicode in safe project, model, table, index, and synthetic account labels. 2. Execute the platform workflow to route a pricing exception to an authorized reviewer. 3. Capture the committed result, resource version, or run status. 4. Compare the result with the source fixture and the declared invariant. 5. Repeat or recover the operation when applicable; verify access, audit evidence, and side effects.","The platform must correctly route a pricing exception to an authorized reviewer; the Unicode identifiers condition follows the configured contract; valid state is preserved, invalid or unauthorized work is rejected or quarantined without silent loss, retries do not duplicate side effects, lineage and audit evidence remain available, and no production records or credentials are used. Safety boundary: Use synthetic vehicle profiles, offline test benches, and simulated services only. Never send commands to a live vehicle, charging network, or public road system; these scenarios do not establish vehicle safety or regulatory certification.",Playwright + platform UI/API,"automotive-mobility,market-platform,synthetic-data,dealer_retail,Unicode-identifiers"
Automotive & Mobility,Dealer and Retail Operations,AUTOX-DEALER_R-00169,Dealer and Retail Operations: export a dealer catalog with restricted fields masked (Unicode identifiers),Automotive & Mobility: export a dealer catalog with restricted fields masked with Unicode identifiers,Functional,Medium,"Non-production tenant or isolated local fixture; synthetic records only; Use Unicode in safe project, model, table, index, and synthetic account labels. Safety boundary: Use synthetic vehicle profiles, offline test benches, and simulated services only. Never send commands to a live vehicle, charging network, or public road system; these scenarios do not establish vehicle safety or regulatory certification.","1. Create a disposable, versioned synthetic fixture: Use Unicode in safe project, model, table, index, and synthetic account labels. 2. Execute the platform workflow to export a dealer catalog with restricted fields masked. 3. Capture the committed result, resource version, or run status. 4. Compare the result with the source fixture and the declared invariant. 5. Repeat or recover the operation when applicable; verify access, audit evidence, and side effects.","The platform must correctly export a dealer catalog with restricted fields masked; the Unicode identifiers condition follows the configured contract; valid state is preserved, invalid or unauthorized work is rejected or quarantined without silent loss, retries do not duplicate side effects, lineage and audit evidence remain available, and no production records or credentials are used. Safety boundary: Use synthetic vehicle profiles, offline test benches, and simulated services only. Never send commands to a live vehicle, charging network, or public road system; these scenarios do not establish vehicle safety or regulatory certification.",Playwright + platform UI/API,"automotive-mobility,market-platform,synthetic-data,dealer_retail,Unicode-identifiers"
Automotive & Mobility,Dealer and Retail Operations,AUTOX-DEALER_R-00170,Dealer and Retail Operations: audit offer publication and withdrawal (Unicode identifiers),Automotive & Mobility: audit offer publication and withdrawal with Unicode identifiers,Functional,High,"Non-production tenant or isolated local fixture; synthetic records only; Use Unicode in safe project, model, table, index, and synthetic account labels. Safety boundary: Use synthetic vehicle profiles, offline test benches, and simulated services only. Never send commands to a live vehicle, charging network, or public road system; these scenarios do not establish vehicle safety or regulatory certification.","1. Create a disposable, versioned synthetic fixture: Use Unicode in safe project, model, table, index, and synthetic account labels. 2. Execute the platform workflow to audit offer publication and withdrawal. 3. Capture the committed result, resource version, or run status. 4. Compare the result with the source fixture and the declared invariant. 5. Repeat or recover the operation when applicable; verify access, audit evidence, and side effects.","The platform must correctly audit offer publication and withdrawal; the Unicode identifiers condition follows the configured contract; valid state is preserved, invalid or unauthorized work is rejected or quarantined without silent loss, retries do not duplicate side effects, lineage and audit evidence remain available, and no production records or credentials are used. Safety boundary: Use synthetic vehicle profiles, offline test benches, and simulated services only. Never send commands to a live vehicle, charging network, or public road system; these scenarios do not establish vehicle safety or regulatory certification.",Playwright + platform UI/API,"automotive-mobility,market-platform,synthetic-data,dealer_retail,Unicode-identifiers"
Automotive & Mobility,Dealer and Retail Operations,AUTOX-DEALER_R-00171,Dealer and Retail Operations: create a synthetic dealer location with a scoped role (time-zone boundary),Automotive & Mobility: create a synthetic dealer location with a scoped role with time-zone boundary,Functional,High,"Non-production tenant or isolated local fixture; synthetic records only; Place timestamps around local midnight and a daylight-saving transition. Safety boundary: Use synthetic vehicle profiles, offline test benches, and simulated services only. Never send commands to a live vehicle, charging network, or public road system; these scenarios do not establish vehicle safety or regulatory certification.","1. Create a disposable, versioned synthetic fixture: Place timestamps around local midnight and a daylight-saving transition. 2. Execute the platform workflow to create a synthetic dealer location with a scoped role. 3. Capture the committed result, resource version, or run status. 4. Compare the result with the source fixture and the declared invariant. 5. Repeat or recover the operation when applicable; verify access, audit evidence, and side effects.","The platform must correctly create a synthetic dealer location with a scoped role; the time-zone boundary condition follows the configured contract; valid state is preserved, invalid or unauthorized work is rejected or quarantined without silent loss, retries do not duplicate side effects, lineage and audit evidence remain available, and no production records or credentials are used. Safety boundary: Use synthetic vehicle profiles, offline test benches, and simulated services only. Never send commands to a live vehicle, charging network, or public road system; these scenarios do not establish vehicle safety or regulatory certification.",Playwright + platform UI/API,"automotive-mobility,market-platform,synthetic-data,dealer_retail,time-zone-boundary"
Automotive & Mobility,Dealer and Retail Operations,AUTOX-DEALER_R-00172,Dealer and Retail Operations: publish an approved vehicle offer to a test market (time-zone boundary),Automotive & Mobility: publish an approved vehicle offer to a test market with time-zone boundary,Functional,High,"Non-production tenant or isolated local fixture; synthetic records only; Place timestamps around local midnight and a daylight-saving transition. Safety boundary: Use synthetic vehicle profiles, offline test benches, and simulated services only. Never send commands to a live vehicle, charging network, or public road system; these scenarios do not establish vehicle safety or regulatory certification.","1. Create a disposable, versioned synthetic fixture: Place timestamps around local midnight and a daylight-saving transition. 2. Execute the platform workflow to publish an approved vehicle offer to a test market. 3. Capture the committed result, resource version, or run status. 4. Compare the result with the source fixture and the declared invariant. 5. Repeat or recover the operation when applicable; verify access, audit evidence, and side effects.","The platform must correctly publish an approved vehicle offer to a test market; the time-zone boundary condition follows the configured contract; valid state is preserved, invalid or unauthorized work is rejected or quarantined without silent loss, retries do not duplicate side effects, lineage and audit evidence remain available, and no production records or credentials are used. Safety boundary: Use synthetic vehicle profiles, offline test benches, and simulated services only. Never send commands to a live vehicle, charging network, or public road system; these scenarios do not establish vehicle safety or regulatory certification.",Playwright + platform UI/API,"automotive-mobility,market-platform,synthetic-data,dealer_retail,time-zone-boundary"
Automotive & Mobility,Dealer and Retail Operations,AUTOX-DEALER_R-00173,Dealer and Retail Operations: prevent a dealer user from viewing another region's draft (time-zone boundary),Automotive & Mobility: prevent a dealer user from viewing another region's draft with time-zone boundary,Functional,Medium,"Non-production tenant or isolated local fixture; synthetic records only; Place timestamps around local midnight and a daylight-saving transition. Safety boundary: Use synthetic vehicle profiles, offline test benches, and simulated services only. Never send commands to a live vehicle, charging network, or public road system; these scenarios do not establish vehicle safety or regulatory certification.","1. Create a disposable, versioned synthetic fixture: Place timestamps around local midnight and a daylight-saving transition. 2. Execute the platform workflow to prevent a dealer user from viewing another region's draft. 3. Capture the committed result, resource version, or run status. 4. Compare the result with the source fixture and the declared invariant. 5. Repeat or recover the operation when applicable; verify access, audit evidence, and side effects.","The platform must correctly prevent a dealer user from viewing another region's draft; the time-zone boundary condition follows the configured contract; valid state is preserved, invalid or unauthorized work is rejected or quarantined without silent loss, retries do not duplicate side effects, lineage and audit evidence remain available, and no production records or credentials are used. Safety boundary: Use synthetic vehicle profiles, offline test benches, and simulated services only. Never send commands to a live vehicle, charging network, or public road system; these scenarios do not establish vehicle safety or regulatory certification.",Playwright + platform UI/API,"automotive-mobility,market-platform,synthetic-data,dealer_retail,time-zone-boundary"
Automotive & Mobility,Dealer and Retail Operations,AUTOX-DEALER_R-00174,Dealer and Retail Operations: reserve a synthetic inventory unit with an idempotency key (time-zone boundary),Automotive & Mobility: reserve a synthetic inventory unit with an idempotency key with time-zone boundary,Functional,High,"Non-production tenant or isolated local fixture; synthetic records only; Place timestamps around local midnight and a daylight-saving transition. Safety boundary: Use synthetic vehicle profiles, offline test benches, and simulated services only. Never send commands to a live vehicle, charging network, or public road system; these scenarios do not establish vehicle safety or regulatory certification.","1. Create a disposable, versioned synthetic fixture: Place timestamps around local midnight and a daylight-saving transition. 2. Execute the platform workflow to reserve a synthetic inventory unit with an idempotency key. 3. Capture the committed result, resource version, or run status. 4. Compare the result with the source fixture and the declared invariant. 5. Repeat or recover the operation when applicable; verify access, audit evidence, and side effects.","The platform must correctly reserve a synthetic inventory unit with an idempotency key; the time-zone boundary condition follows the configured contract; valid state is preserved, invalid or unauthorized work is rejected or quarantined without silent loss, retries do not duplicate side effects, lineage and audit evidence remain available, and no production records or credentials are used. Safety boundary: Use synthetic vehicle profiles, offline test benches, and simulated services only. Never send commands to a live vehicle, charging network, or public road system; these scenarios do not establish vehicle safety or regulatory certification.",Playwright + platform UI/API,"automotive-mobility,market-platform,synthetic-data,dealer_retail,time-zone-boundary"
Automotive & Mobility,Dealer and Retail Operations,AUTOX-DEALER_R-00175,Dealer and Retail Operations: release a reservation after its configured expiry (time-zone boundary),Automotive & Mobility: release a reservation after its configured expiry with time-zone boundary,Functional,High,"Non-production tenant or isolated local fixture; synthetic records only; Place timestamps around local midnight and a daylight-saving transition. Safety boundary: Use synthetic vehicle profiles, offline test benches, and simulated services only. Never send commands to a live vehicle, charging network, or public road system; these scenarios do not establish vehicle safety or regulatory certification.","1. Create a disposable, versioned synthetic fixture: Place timestamps around local midnight and a daylight-saving transition. 2. Execute the platform workflow to release a reservation after its configured expiry. 3. Capture the committed result, resource version, or run status. 4. Compare the result with the source fixture and the declared invariant. 5. Repeat or recover the operation when applicable; verify access, audit evidence, and side effects.","The platform must correctly release a reservation after its configured expiry; the time-zone boundary condition follows the configured contract; valid state is preserved, invalid or unauthorized work is rejected or quarantined without silent loss, retries do not duplicate side effects, lineage and audit evidence remain available, and no production records or credentials are used. Safety boundary: Use synthetic vehicle profiles, offline test benches, and simulated services only. Never send commands to a live vehicle, charging network, or public road system; these scenarios do not establish vehicle safety or regulatory certification.",Playwright + platform UI/API,"automotive-mobility,market-platform,synthetic-data,dealer_retail,time-zone-boundary"
Automotive & Mobility,Dealer and Retail Operations,AUTOX-DEALER_R-00176,Dealer and Retail Operations: reconcile dealer allocation with central inventory fixtures (time-zone boundary),Automotive & Mobility: reconcile dealer allocation with central inventory fixtures with time-zone boundary,Functional,High,"Non-production tenant or isolated local fixture; synthetic records only; Place timestamps around local midnight and a daylight-saving transition. Safety boundary: Use synthetic vehicle profiles, offline test benches, and simulated services only. Never send commands to a live vehicle, charging network, or public road system; these scenarios do not establish vehicle safety or regulatory certification.","1. Create a disposable, versioned synthetic fixture: Place timestamps around local midnight and a daylight-saving transition. 2. Execute the platform workflow to reconcile dealer allocation with central inventory fixtures. 3. Capture the committed result, resource version, or run status. 4. Compare the result with the source fixture and the declared invariant. 5. Repeat or recover the operation when applicable; verify access, audit evidence, and side effects.","The platform must correctly reconcile dealer allocation with central inventory fixtures; the time-zone boundary condition follows the configured contract; valid state is preserved, invalid or unauthorized work is rejected or quarantined without silent loss, retries do not duplicate side effects, lineage and audit evidence remain available, and no production records or credentials are used. Safety boundary: Use synthetic vehicle profiles, offline test benches, and simulated services only. Never send commands to a live vehicle, charging network, or public road system; these scenarios do not establish vehicle safety or regulatory certification.",Playwright + platform UI/API,"automotive-mobility,market-platform,synthetic-data,dealer_retail,time-zone-boundary"
Automotive & Mobility,Dealer and Retail Operations,AUTOX-DEALER_R-00177,Dealer and Retail Operations: validate incentive eligibility at a date boundary (time-zone boundary),Automotive & Mobility: validate incentive eligibility at a date boundary with time-zone boundary,Functional,Medium,"Non-production tenant or isolated local fixture; synthetic records only; Place timestamps around local midnight and a daylight-saving transition. Safety boundary: Use synthetic vehicle profiles, offline test benches, and simulated services only. Never send commands to a live vehicle, charging network, or public road system; these scenarios do not establish vehicle safety or regulatory certification.","1. Create a disposable, versioned synthetic fixture: Place timestamps around local midnight and a daylight-saving transition. 2. Execute the platform workflow to validate incentive eligibility at a date boundary. 3. Capture the committed result, resource version, or run status. 4. Compare the result with the source fixture and the declared invariant. 5. Repeat or recover the operation when applicable; verify access, audit evidence, and side effects.","The platform must correctly validate incentive eligibility at a date boundary; the time-zone boundary condition follows the configured contract; valid state is preserved, invalid or unauthorized work is rejected or quarantined without silent loss, retries do not duplicate side effects, lineage and audit evidence remain available, and no production records or credentials are used. Safety boundary: Use synthetic vehicle profiles, offline test benches, and simulated services only. Never send commands to a live vehicle, charging network, or public road system; these scenarios do not establish vehicle safety or regulatory certification.",Playwright + platform UI/API,"automotive-mobility,market-platform,synthetic-data,dealer_retail,time-zone-boundary"
Automotive & Mobility,Dealer and Retail Operations,AUTOX-DEALER_R-00178,Dealer and Retail Operations: route a pricing exception to an authorized reviewer (time-zone boundary),Automotive & Mobility: route a pricing exception to an authorized reviewer with time-zone boundary,Functional,High,"Non-production tenant or isolated local fixture; synthetic records only; Place timestamps around local midnight and a daylight-saving transition. Safety boundary: Use synthetic vehicle profiles, offline test benches, and simulated services only. Never send commands to a live vehicle, charging network, or public road system; these scenarios do not establish vehicle safety or regulatory certification.","1. Create a disposable, versioned synthetic fixture: Place timestamps around local midnight and a daylight-saving transition. 2. Execute the platform workflow to route a pricing exception to an authorized reviewer. 3. Capture the committed result, resource version, or run status. 4. Compare the result with the source fixture and the declared invariant. 5. Repeat or recover the operation when applicable; verify access, audit evidence, and side effects.","The platform must correctly route a pricing exception to an authorized reviewer; the time-zone boundary condition follows the configured contract; valid state is preserved, invalid or unauthorized work is rejected or quarantined without silent loss, retries do not duplicate side effects, lineage and audit evidence remain available, and no production records or credentials are used. Safety boundary: Use synthetic vehicle profiles, offline test benches, and simulated services only. Never send commands to a live vehicle, charging network, or public road system; these scenarios do not establish vehicle safety or regulatory certification.",Playwright + platform UI/API,"automotive-mobility,market-platform,synthetic-data,dealer_retail,time-zone-boundary"
Automotive & Mobility,Dealer and Retail Operations,AUTOX-DEALER_R-00179,Dealer and Retail Operations: export a dealer catalog with restricted fields masked (time-zone boundary),Automotive & Mobility: export a dealer catalog with restricted fields masked with time-zone boundary,Functional,High,"Non-production tenant or isolated local fixture; synthetic records only; Place timestamps around local midnight and a daylight-saving transition. Safety boundary: Use synthetic vehicle profiles, offline test benches, and simulated services only. Never send commands to a live vehicle, charging network, or public road system; these scenarios do not establish vehicle safety or regulatory certification.","1. Create a disposable, versioned synthetic fixture: Place timestamps around local midnight and a daylight-saving transition. 2. Execute the platform workflow to export a dealer catalog with restricted fields masked. 3. Capture the committed result, resource version, or run status. 4. Compare the result with the source fixture and the declared invariant. 5. Repeat or recover the operation when applicable; verify access, audit evidence, and side effects.","The platform must correctly export a dealer catalog with restricted fields masked; the time-zone boundary condition follows the configured contract; valid state is preserved, invalid or unauthorized work is rejected or quarantined without silent loss, retries do not duplicate side effects, lineage and audit evidence remain available, and no production records or credentials are used. Safety boundary: Use synthetic vehicle profiles, offline test benches, and simulated services only. Never send commands to a live vehicle, charging network, or public road system; these scenarios do not establish vehicle safety or regulatory certification.",Playwright + platform UI/API,"automotive-mobility,market-platform,synthetic-data,dealer_retail,time-zone-boundary"
Automotive & Mobility,Dealer and Retail Operations,AUTOX-DEALER_R-00180,Dealer and Retail Operations: audit offer publication and withdrawal (time-zone boundary),Automotive & Mobility: audit offer publication and withdrawal with time-zone boundary,Functional,High,"Non-production tenant or isolated local fixture; synthetic records only; Place timestamps around local midnight and a daylight-saving transition. Safety boundary: Use synthetic vehicle profiles, offline test benches, and simulated services only. Never send commands to a live vehicle, charging network, or public road system; these scenarios do not establish vehicle safety or regulatory certification.","1. Create a disposable, versioned synthetic fixture: Place timestamps around local midnight and a daylight-saving transition. 2. Execute the platform workflow to audit offer publication and withdrawal. 3. Capture the committed result, resource version, or run status. 4. Compare the result with the source fixture and the declared invariant. 5. Repeat or recover the operation when applicable; verify access, audit evidence, and side effects.","The platform must correctly audit offer publication and withdrawal; the time-zone boundary condition follows the configured contract; valid state is preserved, invalid or unauthorized work is rejected or quarantined without silent loss, retries do not duplicate side effects, lineage and audit evidence remain available, and no production records or credentials are used. Safety boundary: Use synthetic vehicle profiles, offline test benches, and simulated services only. Never send commands to a live vehicle, charging network, or public road system; these scenarios do not establish vehicle safety or regulatory certification.",Playwright + platform UI/API,"automotive-mobility,market-platform,synthetic-data,dealer_retail,time-zone-boundary"
Automotive & Mobility,Dealer and Retail Operations,AUTOX-DEALER_R-00181,Dealer and Retail Operations: create a synthetic dealer location with a scoped role (skewed high volume),Automotive & Mobility: create a synthetic dealer location with a scoped role with skewed high volume,Functional,Medium,"Non-production tenant or isolated local fixture; synthetic records only; Use a large synthetic fixture with one intentionally skewed key or partition. Safety boundary: Use synthetic vehicle profiles, offline test benches, and simulated services only. Never send commands to a live vehicle, charging network, or public road system; these scenarios do not establish vehicle safety or regulatory certification.","1. Create a disposable, versioned synthetic fixture: Use a large synthetic fixture with one intentionally skewed key or partition. 2. Execute the platform workflow to create a synthetic dealer location with a scoped role. 3. Capture the committed result, resource version, or run status. 4. Compare the result with the source fixture and the declared invariant. 5. Repeat or recover the operation when applicable; verify access, audit evidence, and side effects.","The platform must correctly create a synthetic dealer location with a scoped role; the skewed high volume condition follows the configured contract; valid state is preserved, invalid or unauthorized work is rejected or quarantined without silent loss, retries do not duplicate side effects, lineage and audit evidence remain available, and no production records or credentials are used. Safety boundary: Use synthetic vehicle profiles, offline test benches, and simulated services only. Never send commands to a live vehicle, charging network, or public road system; these scenarios do not establish vehicle safety or regulatory certification.",Playwright + platform UI/API,"automotive-mobility,market-platform,synthetic-data,dealer_retail,skewed-high-volume"
Automotive & Mobility,Dealer and Retail Operations,AUTOX-DEALER_R-00182,Dealer and Retail Operations: publish an approved vehicle offer to a test market (skewed high volume),Automotive & Mobility: publish an approved vehicle offer to a test market with skewed high volume,Functional,High,"Non-production tenant or isolated local fixture; synthetic records only; Use a large synthetic fixture with one intentionally skewed key or partition. Safety boundary: Use synthetic vehicle profiles, offline test benches, and simulated services only. Never send commands to a live vehicle, charging network, or public road system; these scenarios do not establish vehicle safety or regulatory certification.","1. Create a disposable, versioned synthetic fixture: Use a large synthetic fixture with one intentionally skewed key or partition. 2. Execute the platform workflow to publish an approved vehicle offer to a test market. 3. Capture the committed result, resource version, or run status. 4. Compare the result with the source fixture and the declared invariant. 5. Repeat or recover the operation when applicable; verify access, audit evidence, and side effects.","The platform must correctly publish an approved vehicle offer to a test market; the skewed high volume condition follows the configured contract; valid state is preserved, invalid or unauthorized work is rejected or quarantined without silent loss, retries do not duplicate side effects, lineage and audit evidence remain available, and no production records or credentials are used. Safety boundary: Use synthetic vehicle profiles, offline test benches, and simulated services only. Never send commands to a live vehicle, charging network, or public road system; these scenarios do not establish vehicle safety or regulatory certification.",Playwright + platform UI/API,"automotive-mobility,market-platform,synthetic-data,dealer_retail,skewed-high-volume"
Automotive & Mobility,Dealer and Retail Operations,AUTOX-DEALER_R-00183,Dealer and Retail Operations: prevent a dealer user from viewing another region's draft (skewed high volume),Automotive & Mobility: prevent a dealer user from viewing another region's draft with skewed high volume,Functional,High,"Non-production tenant or isolated local fixture; synthetic records only; Use a large synthetic fixture with one intentionally skewed key or partition. Safety boundary: Use synthetic vehicle profiles, offline test benches, and simulated services only. Never send commands to a live vehicle, charging network, or public road system; these scenarios do not establish vehicle safety or regulatory certification.","1. Create a disposable, versioned synthetic fixture: Use a large synthetic fixture with one intentionally skewed key or partition. 2. Execute the platform workflow to prevent a dealer user from viewing another region's draft. 3. Capture the committed result, resource version, or run status. 4. Compare the result with the source fixture and the declared invariant. 5. Repeat or recover the operation when applicable; verify access, audit evidence, and side effects.","The platform must correctly prevent a dealer user from viewing another region's draft; the skewed high volume condition follows the configured contract; valid state is preserved, invalid or unauthorized work is rejected or quarantined without silent loss, retries do not duplicate side effects, lineage and audit evidence remain available, and no production records or credentials are used. Safety boundary: Use synthetic vehicle profiles, offline test benches, and simulated services only. Never send commands to a live vehicle, charging network, or public road system; these scenarios do not establish vehicle safety or regulatory certification.",Playwright + platform UI/API,"automotive-mobility,market-platform,synthetic-data,dealer_retail,skewed-high-volume"
Automotive & Mobility,Dealer and Retail Operations,AUTOX-DEALER_R-00184,Dealer and Retail Operations: reserve a synthetic inventory unit with an idempotency key (skewed high volume),Automotive & Mobility: reserve a synthetic inventory unit with an idempotency key with skewed high volume,Functional,High,"Non-production tenant or isolated local fixture; synthetic records only; Use a large synthetic fixture with one intentionally skewed key or partition. Safety boundary: Use synthetic vehicle profiles, offline test benches, and simulated services only. Never send commands to a live vehicle, charging network, or public road system; these scenarios do not establish vehicle safety or regulatory certification.","1. Create a disposable, versioned synthetic fixture: Use a large synthetic fixture with one intentionally skewed key or partition. 2. Execute the platform workflow to reserve a synthetic inventory unit with an idempotency key. 3. Capture the committed result, resource version, or run status. 4. Compare the result with the source fixture and the declared invariant. 5. Repeat or recover the operation when applicable; verify access, audit evidence, and side effects.","The platform must correctly reserve a synthetic inventory unit with an idempotency key; the skewed high volume condition follows the configured contract; valid state is preserved, invalid or unauthorized work is rejected or quarantined without silent loss, retries do not duplicate side effects, lineage and audit evidence remain available, and no production records or credentials are used. Safety boundary: Use synthetic vehicle profiles, offline test benches, and simulated services only. Never send commands to a live vehicle, charging network, or public road system; these scenarios do not establish vehicle safety or regulatory certification.",Playwright + platform UI/API,"automotive-mobility,market-platform,synthetic-data,dealer_retail,skewed-high-volume"
Automotive & Mobility,Dealer and Retail Operations,AUTOX-DEALER_R-00185,Dealer and Retail Operations: release a reservation after its configured expiry (skewed high volume),Automotive & Mobility: release a reservation after its configured expiry with skewed high volume,Functional,Medium,"Non-production tenant or isolated local fixture; synthetic records only; Use a large synthetic fixture with one intentionally skewed key or partition. Safety boundary: Use synthetic vehicle profiles, offline test benches, and simulated services only. Never send commands to a live vehicle, charging network, or public road system; these scenarios do not establish vehicle safety or regulatory certification.","1. Create a disposable, versioned synthetic fixture: Use a large synthetic fixture with one intentionally skewed key or partition. 2. Execute the platform workflow to release a reservation after its configured expiry. 3. Capture the committed result, resource version, or run status. 4. Compare the result with the source fixture and the declared invariant. 5. Repeat or recover the operation when applicable; verify access, audit evidence, and side effects.","The platform must correctly release a reservation after its configured expiry; the skewed high volume condition follows the configured contract; valid state is preserved, invalid or unauthorized work is rejected or quarantined without silent loss, retries do not duplicate side effects, lineage and audit evidence remain available, and no production records or credentials are used. Safety boundary: Use synthetic vehicle profiles, offline test benches, and simulated services only. Never send commands to a live vehicle, charging network, or public road system; these scenarios do not establish vehicle safety or regulatory certification.",Playwright + platform UI/API,"automotive-mobility,market-platform,synthetic-data,dealer_retail,skewed-high-volume"
Automotive & Mobility,Dealer and Retail Operations,AUTOX-DEALER_R-00186,Dealer and Retail Operations: reconcile dealer allocation with central inventory fixtures (skewed high volume),Automotive & Mobility: reconcile dealer allocation with central inventory fixtures with skewed high volume,Functional,High,"Non-production tenant or isolated local fixture; synthetic records only; Use a large synthetic fixture with one intentionally skewed key or partition. Safety boundary: Use synthetic vehicle profiles, offline test benches, and simulated services only. Never send commands to a live vehicle, charging network, or public road system; these scenarios do not establish vehicle safety or regulatory certification.","1. Create a disposable, versioned synthetic fixture: Use a large synthetic fixture with one intentionally skewed key or partition. 2. Execute the platform workflow to reconcile dealer allocation with central inventory fixtures. 3. Capture the committed result, resource version, or run status. 4. Compare the result with the source fixture and the declared invariant. 5. Repeat or recover the operation when applicable; verify access, audit evidence, and side effects.","The platform must correctly reconcile dealer allocation with central inventory fixtures; the skewed high volume condition follows the configured contract; valid state is preserved, invalid or unauthorized work is rejected or quarantined without silent loss, retries do not duplicate side effects, lineage and audit evidence remain available, and no production records or credentials are used. Safety boundary: Use synthetic vehicle profiles, offline test benches, and simulated services only. Never send commands to a live vehicle, charging network, or public road system; these scenarios do not establish vehicle safety or regulatory certification.",Playwright + platform UI/API,"automotive-mobility,market-platform,synthetic-data,dealer_retail,skewed-high-volume"
Automotive & Mobility,Dealer and Retail Operations,AUTOX-DEALER_R-00187,Dealer and Retail Operations: validate incentive eligibility at a date boundary (skewed high volume),Automotive & Mobility: validate incentive eligibility at a date boundary with skewed high volume,Functional,High,"Non-production tenant or isolated local fixture; synthetic records only; Use a large synthetic fixture with one intentionally skewed key or partition. Safety boundary: Use synthetic vehicle profiles, offline test benches, and simulated services only. Never send commands to a live vehicle, charging network, or public road system; these scenarios do not establish vehicle safety or regulatory certification.","1. Create a disposable, versioned synthetic fixture: Use a large synthetic fixture with one intentionally skewed key or partition. 2. Execute the platform workflow to validate incentive eligibility at a date boundary. 3. Capture the committed result, resource version, or run status. 4. Compare the result with the source fixture and the declared invariant. 5. Repeat or recover the operation when applicable; verify access, audit evidence, and side effects.","The platform must correctly validate incentive eligibility at a date boundary; the skewed high volume condition follows the configured contract; valid state is preserved, invalid or unauthorized work is rejected or quarantined without silent loss, retries do not duplicate side effects, lineage and audit evidence remain available, and no production records or credentials are used. Safety boundary: Use synthetic vehicle profiles, offline test benches, and simulated services only. Never send commands to a live vehicle, charging network, or public road system; these scenarios do not establish vehicle safety or regulatory certification.",Playwright + platform UI/API,"automotive-mobility,market-platform,synthetic-data,dealer_retail,skewed-high-volume"
Automotive & Mobility,Dealer and Retail Operations,AUTOX-DEALER_R-00188,Dealer and Retail Operations: route a pricing exception to an authorized reviewer (skewed high volume),Automotive & Mobility: route a pricing exception to an authorized reviewer with skewed high volume,Functional,High,"Non-production tenant or isolated local fixture; synthetic records only; Use a large synthetic fixture with one intentionally skewed key or partition. Safety boundary: Use synthetic vehicle profiles, offline test benches, and simulated services only. Never send commands to a live vehicle, charging network, or public road system; these scenarios do not establish vehicle safety or regulatory certification.","1. Create a disposable, versioned synthetic fixture: Use a large synthetic fixture with one intentionally skewed key or partition. 2. Execute the platform workflow to route a pricing exception to an authorized reviewer. 3. Capture the committed result, resource version, or run status. 4. Compare the result with the source fixture and the declared invariant. 5. Repeat or recover the operation when applicable; verify access, audit evidence, and side effects.","The platform must correctly route a pricing exception to an authorized reviewer; the skewed high volume condition follows the configured contract; valid state is preserved, invalid or unauthorized work is rejected or quarantined without silent loss, retries do not duplicate side effects, lineage and audit evidence remain available, and no production records or credentials are used. Safety boundary: Use synthetic vehicle profiles, offline test benches, and simulated services only. Never send commands to a live vehicle, charging network, or public road system; these scenarios do not establish vehicle safety or regulatory certification.",Playwright + platform UI/API,"automotive-mobility,market-platform,synthetic-data,dealer_retail,skewed-high-volume"
Automotive & Mobility,Dealer and Retail Operations,AUTOX-DEALER_R-00189,Dealer and Retail Operations: export a dealer catalog with restricted fields masked (skewed high volume),Automotive & Mobility: export a dealer catalog with restricted fields masked with skewed high volume,Functional,Medium,"Non-production tenant or isolated local fixture; synthetic records only; Use a large synthetic fixture with one intentionally skewed key or partition. Safety boundary: Use synthetic vehicle profiles, offline test benches, and simulated services only. Never send commands to a live vehicle, charging network, or public road system; these scenarios do not establish vehicle safety or regulatory certification.","1. Create a disposable, versioned synthetic fixture: Use a large synthetic fixture with one intentionally skewed key or partition. 2. Execute the platform workflow to export a dealer catalog with restricted fields masked. 3. Capture the committed result, resource version, or run status. 4. Compare the result with the source fixture and the declared invariant. 5. Repeat or recover the operation when applicable; verify access, audit evidence, and side effects.","The platform must correctly export a dealer catalog with restricted fields masked; the skewed high volume condition follows the configured contract; valid state is preserved, invalid or unauthorized work is rejected or quarantined without silent loss, retries do not duplicate side effects, lineage and audit evidence remain available, and no production records or credentials are used. Safety boundary: Use synthetic vehicle profiles, offline test benches, and simulated services only. Never send commands to a live vehicle, charging network, or public road system; these scenarios do not establish vehicle safety or regulatory certification.",Playwright + platform UI/API,"automotive-mobility,market-platform,synthetic-data,dealer_retail,skewed-high-volume"
Automotive & Mobility,Dealer and Retail Operations,AUTOX-DEALER_R-00190,Dealer and Retail Operations: audit offer publication and withdrawal (skewed high volume),Automotive & Mobility: audit offer publication and withdrawal with skewed high volume,Functional,High,"Non-production tenant or isolated local fixture; synthetic records only; Use a large synthetic fixture with one intentionally skewed key or partition. Safety boundary: Use synthetic vehicle profiles, offline test benches, and simulated services only. Never send commands to a live vehicle, charging network, or public road system; these scenarios do not establish vehicle safety or regulatory certification.","1. Create a disposable, versioned synthetic fixture: Use a large synthetic fixture with one intentionally skewed key or partition. 2. Execute the platform workflow to audit offer publication and withdrawal. 3. Capture the committed result, resource version, or run status. 4. Compare the result with the source fixture and the declared invariant. 5. Repeat or recover the operation when applicable; verify access, audit evidence, and side effects.","The platform must correctly audit offer publication and withdrawal; the skewed high volume condition follows the configured contract; valid state is preserved, invalid or unauthorized work is rejected or quarantined without silent loss, retries do not duplicate side effects, lineage and audit evidence remain available, and no production records or credentials are used. Safety boundary: Use synthetic vehicle profiles, offline test benches, and simulated services only. Never send commands to a live vehicle, charging network, or public road system; these scenarios do not establish vehicle safety or regulatory certification.",Playwright + platform UI/API,"automotive-mobility,market-platform,synthetic-data,dealer_retail,skewed-high-volume"
Automotive & Mobility,Dealer and Retail Operations,AUTOX-DEALER_R-00191,Dealer and Retail Operations: create a synthetic dealer location with a scoped role (corrupt input),Automotive & Mobility: create a synthetic dealer location with a scoped role with corrupt input,Functional,High,"Non-production tenant or isolated local fixture; synthetic records only; Include one malformed record and verify quarantine or clear failure without silent loss. Safety boundary: Use synthetic vehicle profiles, offline test benches, and simulated services only. Never send commands to a live vehicle, charging network, or public road system; these scenarios do not establish vehicle safety or regulatory certification.","1. Create a disposable, versioned synthetic fixture: Include one malformed record and verify quarantine or clear failure without silent loss. 2. Execute the platform workflow to create a synthetic dealer location with a scoped role. 3. Capture the committed result, resource version, or run status. 4. Compare the result with the source fixture and the declared invariant. 5. Repeat or recover the operation when applicable; verify access, audit evidence, and side effects.","The platform must correctly create a synthetic dealer location with a scoped role; the corrupt input condition follows the configured contract; valid state is preserved, invalid or unauthorized work is rejected or quarantined without silent loss, retries do not duplicate side effects, lineage and audit evidence remain available, and no production records or credentials are used. Safety boundary: Use synthetic vehicle profiles, offline test benches, and simulated services only. Never send commands to a live vehicle, charging network, or public road system; these scenarios do not establish vehicle safety or regulatory certification.",Playwright + platform UI/API,"automotive-mobility,market-platform,synthetic-data,dealer_retail,corrupt-input"
Automotive & Mobility,Dealer and Retail Operations,AUTOX-DEALER_R-00192,Dealer and Retail Operations: publish an approved vehicle offer to a test market (corrupt input),Automotive & Mobility: publish an approved vehicle offer to a test market with corrupt input,Functional,High,"Non-production tenant or isolated local fixture; synthetic records only; Include one malformed record and verify quarantine or clear failure without silent loss. Safety boundary: Use synthetic vehicle profiles, offline test benches, and simulated services only. Never send commands to a live vehicle, charging network, or public road system; these scenarios do not establish vehicle safety or regulatory certification.","1. Create a disposable, versioned synthetic fixture: Include one malformed record and verify quarantine or clear failure without silent loss. 2. Execute the platform workflow to publish an approved vehicle offer to a test market. 3. Capture the committed result, resource version, or run status. 4. Compare the result with the source fixture and the declared invariant. 5. Repeat or recover the operation when applicable; verify access, audit evidence, and side effects.","The platform must correctly publish an approved vehicle offer to a test market; the corrupt input condition follows the configured contract; valid state is preserved, invalid or unauthorized work is rejected or quarantined without silent loss, retries do not duplicate side effects, lineage and audit evidence remain available, and no production records or credentials are used. Safety boundary: Use synthetic vehicle profiles, offline test benches, and simulated services only. Never send commands to a live vehicle, charging network, or public road system; these scenarios do not establish vehicle safety or regulatory certification.",Playwright + platform UI/API,"automotive-mobility,market-platform,synthetic-data,dealer_retail,corrupt-input"
Automotive & Mobility,Dealer and Retail Operations,AUTOX-DEALER_R-00193,Dealer and Retail Operations: prevent a dealer user from viewing another region's draft (corrupt input),Automotive & Mobility: prevent a dealer user from viewing another region's draft with corrupt input,Functional,Medium,"Non-production tenant or isolated local fixture; synthetic records only; Include one malformed record and verify quarantine or clear failure without silent loss. Safety boundary: Use synthetic vehicle profiles, offline test benches, and simulated services only. Never send commands to a live vehicle, charging network, or public road system; these scenarios do not establish vehicle safety or regulatory certification.","1. Create a disposable, versioned synthetic fixture: Include one malformed record and verify quarantine or clear failure without silent loss. 2. Execute the platform workflow to prevent a dealer user from viewing another region's draft. 3. Capture the committed result, resource version, or run status. 4. Compare the result with the source fixture and the declared invariant. 5. Repeat or recover the operation when applicable; verify access, audit evidence, and side effects.","The platform must correctly prevent a dealer user from viewing another region's draft; the corrupt input condition follows the configured contract; valid state is preserved, invalid or unauthorized work is rejected or quarantined without silent loss, retries do not duplicate side effects, lineage and audit evidence remain available, and no production records or credentials are used. Safety boundary: Use synthetic vehicle profiles, offline test benches, and simulated services only. Never send commands to a live vehicle, charging network, or public road system; these scenarios do not establish vehicle safety or regulatory certification.",Playwright + platform UI/API,"automotive-mobility,market-platform,synthetic-data,dealer_retail,corrupt-input"
Automotive & Mobility,Dealer and Retail Operations,AUTOX-DEALER_R-00194,Dealer and Retail Operations: reserve a synthetic inventory unit with an idempotency key (corrupt input),Automotive & Mobility: reserve a synthetic inventory unit with an idempotency key with corrupt input,Functional,High,"Non-production tenant or isolated local fixture; synthetic records only; Include one malformed record and verify quarantine or clear failure without silent loss. Safety boundary: Use synthetic vehicle profiles, offline test benches, and simulated services only. Never send commands to a live vehicle, charging network, or public road system; these scenarios do not establish vehicle safety or regulatory certification.","1. Create a disposable, versioned synthetic fixture: Include one malformed record and verify quarantine or clear failure without silent loss. 2. Execute the platform workflow to reserve a synthetic inventory unit with an idempotency key. 3. Capture the committed result, resource version, or run status. 4. Compare the result with the source fixture and the declared invariant. 5. Repeat or recover the operation when applicable; verify access, audit evidence, and side effects.","The platform must correctly reserve a synthetic inventory unit with an idempotency key; the corrupt input condition follows the configured contract; valid state is preserved, invalid or unauthorized work is rejected or quarantined without silent loss, retries do not duplicate side effects, lineage and audit evidence remain available, and no production records or credentials are used. Safety boundary: Use synthetic vehicle profiles, offline test benches, and simulated services only. Never send commands to a live vehicle, charging network, or public road system; these scenarios do not establish vehicle safety or regulatory certification.",Playwright + platform UI/API,"automotive-mobility,market-platform,synthetic-data,dealer_retail,corrupt-input"
Automotive & Mobility,Dealer and Retail Operations,AUTOX-DEALER_R-00195,Dealer and Retail Operations: release a reservation after its configured expiry (corrupt input),Automotive & Mobility: release a reservation after its configured expiry with corrupt input,Functional,High,"Non-production tenant or isolated local fixture; synthetic records only; Include one malformed record and verify quarantine or clear failure without silent loss. Safety boundary: Use synthetic vehicle profiles, offline test benches, and simulated services only. Never send commands to a live vehicle, charging network, or public road system; these scenarios do not establish vehicle safety or regulatory certification.","1. Create a disposable, versioned synthetic fixture: Include one malformed record and verify quarantine or clear failure without silent loss. 2. Execute the platform workflow to release a reservation after its configured expiry. 3. Capture the committed result, resource version, or run status. 4. Compare the result with the source fixture and the declared invariant. 5. Repeat or recover the operation when applicable; verify access, audit evidence, and side effects.","The platform must correctly release a reservation after its configured expiry; the corrupt input condition follows the configured contract; valid state is preserved, invalid or unauthorized work is rejected or quarantined without silent loss, retries do not duplicate side effects, lineage and audit evidence remain available, and no production records or credentials are used. Safety boundary: Use synthetic vehicle profiles, offline test benches, and simulated services only. Never send commands to a live vehicle, charging network, or public road system; these scenarios do not establish vehicle safety or regulatory certification.",Playwright + platform UI/API,"automotive-mobility,market-platform,synthetic-data,dealer_retail,corrupt-input"
Automotive & Mobility,Dealer and Retail Operations,AUTOX-DEALER_R-00196,Dealer and Retail Operations: reconcile dealer allocation with central inventory fixtures (corrupt input),Automotive & Mobility: reconcile dealer allocation with central inventory fixtures with corrupt input,Functional,High,"Non-production tenant or isolated local fixture; synthetic records only; Include one malformed record and verify quarantine or clear failure without silent loss. Safety boundary: Use synthetic vehicle profiles, offline test benches, and simulated services only. Never send commands to a live vehicle, charging network, or public road system; these scenarios do not establish vehicle safety or regulatory certification.","1. Create a disposable, versioned synthetic fixture: Include one malformed record and verify quarantine or clear failure without silent loss. 2. Execute the platform workflow to reconcile dealer allocation with central inventory fixtures. 3. Capture the committed result, resource version, or run status. 4. Compare the result with the source fixture and the declared invariant. 5. Repeat or recover the operation when applicable; verify access, audit evidence, and side effects.","The platform must correctly reconcile dealer allocation with central inventory fixtures; the corrupt input condition follows the configured contract; valid state is preserved, invalid or unauthorized work is rejected or quarantined without silent loss, retries do not duplicate side effects, lineage and audit evidence remain available, and no production records or credentials are used. Safety boundary: Use synthetic vehicle profiles, offline test benches, and simulated services only. Never send commands to a live vehicle, charging network, or public road system; these scenarios do not establish vehicle safety or regulatory certification.",Playwright + platform UI/API,"automotive-mobility,market-platform,synthetic-data,dealer_retail,corrupt-input"
Automotive & Mobility,Dealer and Retail Operations,AUTOX-DEALER_R-00197,Dealer and Retail Operations: validate incentive eligibility at a date boundary (corrupt input),Automotive & Mobility: validate incentive eligibility at a date boundary with corrupt input,Functional,Medium,"Non-production tenant or isolated local fixture; synthetic records only; Include one malformed record and verify quarantine or clear failure without silent loss. Safety boundary: Use synthetic vehicle profiles, offline test benches, and simulated services only. Never send commands to a live vehicle, charging network, or public road system; these scenarios do not establish vehicle safety or regulatory certification.","1. Create a disposable, versioned synthetic fixture: Include one malformed record and verify quarantine or clear failure without silent loss. 2. Execute the platform workflow to validate incentive eligibility at a date boundary. 3. Capture the committed result, resource version, or run status. 4. Compare the result with the source fixture and the declared invariant. 5. Repeat or recover the operation when applicable; verify access, audit evidence, and side effects.","The platform must correctly validate incentive eligibility at a date boundary; the corrupt input condition follows the configured contract; valid state is preserved, invalid or unauthorized work is rejected or quarantined without silent loss, retries do not duplicate side effects, lineage and audit evidence remain available, and no production records or credentials are used. Safety boundary: Use synthetic vehicle profiles, offline test benches, and simulated services only. Never send commands to a live vehicle, charging network, or public road system; these scenarios do not establish vehicle safety or regulatory certification.",Playwright + platform UI/API,"automotive-mobility,market-platform,synthetic-data,dealer_retail,corrupt-input"
Automotive & Mobility,Dealer and Retail Operations,AUTOX-DEALER_R-00198,Dealer and Retail Operations: route a pricing exception to an authorized reviewer (corrupt input),Automotive & Mobility: route a pricing exception to an authorized reviewer with corrupt input,Functional,High,"Non-production tenant or isolated local fixture; synthetic records only; Include one malformed record and verify quarantine or clear failure without silent loss. Safety boundary: Use synthetic vehicle profiles, offline test benches, and simulated services only. Never send commands to a live vehicle, charging network, or public road system; these scenarios do not establish vehicle safety or regulatory certification.","1. Create a disposable, versioned synthetic fixture: Include one malformed record and verify quarantine or clear failure without silent loss. 2. Execute the platform workflow to route a pricing exception to an authorized reviewer. 3. Capture the committed result, resource version, or run status. 4. Compare the result with the source fixture and the declared invariant. 5. Repeat or recover the operation when applicable; verify access, audit evidence, and side effects.","The platform must correctly route a pricing exception to an authorized reviewer; the corrupt input condition follows the configured contract; valid state is preserved, invalid or unauthorized work is rejected or quarantined without silent loss, retries do not duplicate side effects, lineage and audit evidence remain available, and no production records or credentials are used. Safety boundary: Use synthetic vehicle profiles, offline test benches, and simulated services only. Never send commands to a live vehicle, charging network, or public road system; these scenarios do not establish vehicle safety or regulatory certification.",Playwright + platform UI/API,"automotive-mobility,market-platform,synthetic-data,dealer_retail,corrupt-input"
Automotive & Mobility,Dealer and Retail Operations,AUTOX-DEALER_R-00199,Dealer and Retail Operations: export a dealer catalog with restricted fields masked (corrupt input),Automotive & Mobility: export a dealer catalog with restricted fields masked with corrupt input,Functional,High,"Non-production tenant or isolated local fixture; synthetic records only; Include one malformed record and verify quarantine or clear failure without silent loss. Safety boundary: Use synthetic vehicle profiles, offline test benches, and simulated services only. Never send commands to a live vehicle, charging network, or public road system; these scenarios do not establish vehicle safety or regulatory certification.","1. Create a disposable, versioned synthetic fixture: Include one malformed record and verify quarantine or clear failure without silent loss. 2. Execute the platform workflow to export a dealer catalog with restricted fields masked. 3. Capture the committed result, resource version, or run status. 4. Compare the result with the source fixture and the declared invariant. 5. Repeat or recover the operation when applicable; verify access, audit evidence, and side effects.","The platform must correctly export a dealer catalog with restricted fields masked; the corrupt input condition follows the configured contract; valid state is preserved, invalid or unauthorized work is rejected or quarantined without silent loss, retries do not duplicate side effects, lineage and audit evidence remain available, and no production records or credentials are used. Safety boundary: Use synthetic vehicle profiles, offline test benches, and simulated services only. Never send commands to a live vehicle, charging network, or public road system; these scenarios do not establish vehicle safety or regulatory certification.",Playwright + platform UI/API,"automotive-mobility,market-platform,synthetic-data,dealer_retail,corrupt-input"
Automotive & Mobility,Dealer and Retail Operations,AUTOX-DEALER_R-00200,Dealer and Retail Operations: audit offer publication and withdrawal (corrupt input),Automotive & Mobility: audit offer publication and withdrawal with corrupt input,Functional,High,"Non-production tenant or isolated local fixture; synthetic records only; Include one malformed record and verify quarantine or clear failure without silent loss. Safety boundary: Use synthetic vehicle profiles, offline test benches, and simulated services only. Never send commands to a live vehicle, charging network, or public road system; these scenarios do not establish vehicle safety or regulatory certification.","1. Create a disposable, versioned synthetic fixture: Include one malformed record and verify quarantine or clear failure without silent loss. 2. Execute the platform workflow to audit offer publication and withdrawal. 3. Capture the committed result, resource version, or run status. 4. Compare the result with the source fixture and the declared invariant. 5. Repeat or recover the operation when applicable; verify access, audit evidence, and side effects.","The platform must correctly audit offer publication and withdrawal; the corrupt input condition follows the configured contract; valid state is preserved, invalid or unauthorized work is rejected or quarantined without silent loss, retries do not duplicate side effects, lineage and audit evidence remain available, and no production records or credentials are used. Safety boundary: Use synthetic vehicle profiles, offline test benches, and simulated services only. Never send commands to a live vehicle, charging network, or public road system; these scenarios do not establish vehicle safety or regulatory certification.",Playwright + platform UI/API,"automotive-mobility,market-platform,synthetic-data,dealer_retail,corrupt-input"
