product,module,test_case_id,test_scenario,test_case_name,test_type,priority,preconditions,test_steps,expected_result,automation_framework,tags
Sourcegraph Amp,Long-running Work and Notifications,SAMP-LONG_RUN-00001,Long-running Work and Notifications: continue an approved task after the client disconnects (clean baseline),Sourcegraph Amp: continue an approved task after the client disconnects with clean baseline,Functional,Medium,"Non-production tenant or isolated local fixture; synthetic records only; Use a disposable workspace, tenant, project, and versioned synthetic fixture. Safety boundary: Use disposable synthetic repositories and mock integrations only. Never expose real credentials, modify production repositories, or publish/merge changes during a test run.","1. Create a disposable, versioned synthetic fixture: Use a disposable workspace, tenant, project, and versioned synthetic fixture. 2. Execute the platform workflow to continue an approved task after the client disconnects. 3. Capture the committed result, resource version, or run status. 4. Compare the result with the source fixture and the declared invariant. 5. Repeat or recover the operation when applicable; verify access, audit evidence, and side effects.","The platform must correctly continue an approved task after the client disconnects; the clean baseline condition follows the configured contract; valid state is preserved, invalid or unauthorized work is rejected or quarantined without silent loss, retries do not duplicate side effects, lineage and audit evidence remain available, and no production records or credentials are used. Safety boundary: Use disposable synthetic repositories and mock integrations only. Never expose real credentials, modify production repositories, or publish/merge changes during a test run.",Playwright + platform UI/API,"sourcegraph-amp,market-platform,synthetic-data,long_running,clean-baseline"
Sourcegraph Amp,Long-running Work and Notifications,SAMP-LONG_RUN-00002,Long-running Work and Notifications: send a completion notification to the mock user channel (clean baseline),Sourcegraph Amp: send a completion notification to the mock user channel with clean baseline,Functional,High,"Non-production tenant or isolated local fixture; synthetic records only; Use a disposable workspace, tenant, project, and versioned synthetic fixture. Safety boundary: Use disposable synthetic repositories and mock integrations only. Never expose real credentials, modify production repositories, or publish/merge changes during a test run.","1. Create a disposable, versioned synthetic fixture: Use a disposable workspace, tenant, project, and versioned synthetic fixture. 2. Execute the platform workflow to send a completion notification to the mock user channel. 3. Capture the committed result, resource version, or run status. 4. Compare the result with the source fixture and the declared invariant. 5. Repeat or recover the operation when applicable; verify access, audit evidence, and side effects.","The platform must correctly send a completion notification to the mock user channel; the clean baseline condition follows the configured contract; valid state is preserved, invalid or unauthorized work is rejected or quarantined without silent loss, retries do not duplicate side effects, lineage and audit evidence remain available, and no production records or credentials are used. Safety boundary: Use disposable synthetic repositories and mock integrations only. Never expose real credentials, modify production repositories, or publish/merge changes during a test run.",Playwright + platform UI/API,"sourcegraph-amp,market-platform,synthetic-data,long_running,clean-baseline"
Sourcegraph Amp,Long-running Work and Notifications,SAMP-LONG_RUN-00003,Long-running Work and Notifications: suppress repeated notifications for the same thread result (clean baseline),Sourcegraph Amp: suppress repeated notifications for the same thread result with clean baseline,Functional,High,"Non-production tenant or isolated local fixture; synthetic records only; Use a disposable workspace, tenant, project, and versioned synthetic fixture. Safety boundary: Use disposable synthetic repositories and mock integrations only. Never expose real credentials, modify production repositories, or publish/merge changes during a test run.","1. Create a disposable, versioned synthetic fixture: Use a disposable workspace, tenant, project, and versioned synthetic fixture. 2. Execute the platform workflow to suppress repeated notifications for the same thread result. 3. Capture the committed result, resource version, or run status. 4. Compare the result with the source fixture and the declared invariant. 5. Repeat or recover the operation when applicable; verify access, audit evidence, and side effects.","The platform must correctly suppress repeated notifications for the same thread result; the clean baseline condition follows the configured contract; valid state is preserved, invalid or unauthorized work is rejected or quarantined without silent loss, retries do not duplicate side effects, lineage and audit evidence remain available, and no production records or credentials are used. Safety boundary: Use disposable synthetic repositories and mock integrations only. Never expose real credentials, modify production repositories, or publish/merge changes during a test run.",Playwright + platform UI/API,"sourcegraph-amp,market-platform,synthetic-data,long_running,clean-baseline"
Sourcegraph Amp,Long-running Work and Notifications,SAMP-LONG_RUN-00004,Long-running Work and Notifications: pause an orb after its configured idle timeout (clean baseline),Sourcegraph Amp: pause an orb after its configured idle timeout with clean baseline,Functional,High,"Non-production tenant or isolated local fixture; synthetic records only; Use a disposable workspace, tenant, project, and versioned synthetic fixture. Safety boundary: Use disposable synthetic repositories and mock integrations only. Never expose real credentials, modify production repositories, or publish/merge changes during a test run.","1. Create a disposable, versioned synthetic fixture: Use a disposable workspace, tenant, project, and versioned synthetic fixture. 2. Execute the platform workflow to pause an orb after its configured idle timeout. 3. Capture the committed result, resource version, or run status. 4. Compare the result with the source fixture and the declared invariant. 5. Repeat or recover the operation when applicable; verify access, audit evidence, and side effects.","The platform must correctly pause an orb after its configured idle timeout; the clean baseline condition follows the configured contract; valid state is preserved, invalid or unauthorized work is rejected or quarantined without silent loss, retries do not duplicate side effects, lineage and audit evidence remain available, and no production records or credentials are used. Safety boundary: Use disposable synthetic repositories and mock integrations only. Never expose real credentials, modify production repositories, or publish/merge changes during a test run.",Playwright + platform UI/API,"sourcegraph-amp,market-platform,synthetic-data,long_running,clean-baseline"
Sourcegraph Amp,Long-running Work and Notifications,SAMP-LONG_RUN-00005,Long-running Work and Notifications: resume pending work from the last durable thread event (clean baseline),Sourcegraph Amp: resume pending work from the last durable thread event with clean baseline,Functional,Medium,"Non-production tenant or isolated local fixture; synthetic records only; Use a disposable workspace, tenant, project, and versioned synthetic fixture. Safety boundary: Use disposable synthetic repositories and mock integrations only. Never expose real credentials, modify production repositories, or publish/merge changes during a test run.","1. Create a disposable, versioned synthetic fixture: Use a disposable workspace, tenant, project, and versioned synthetic fixture. 2. Execute the platform workflow to resume pending work from the last durable thread event. 3. Capture the committed result, resource version, or run status. 4. Compare the result with the source fixture and the declared invariant. 5. Repeat or recover the operation when applicable; verify access, audit evidence, and side effects.","The platform must correctly resume pending work from the last durable thread event; the clean baseline condition follows the configured contract; valid state is preserved, invalid or unauthorized work is rejected or quarantined without silent loss, retries do not duplicate side effects, lineage and audit evidence remain available, and no production records or credentials are used. Safety boundary: Use disposable synthetic repositories and mock integrations only. Never expose real credentials, modify production repositories, or publish/merge changes during a test run.",Playwright + platform UI/API,"sourcegraph-amp,market-platform,synthetic-data,long_running,clean-baseline"
Sourcegraph Amp,Long-running Work and Notifications,SAMP-LONG_RUN-00006,Long-running Work and Notifications: cancel a long-running task and stop new commands (clean baseline),Sourcegraph Amp: cancel a long-running task and stop new commands with clean baseline,Functional,High,"Non-production tenant or isolated local fixture; synthetic records only; Use a disposable workspace, tenant, project, and versioned synthetic fixture. Safety boundary: Use disposable synthetic repositories and mock integrations only. Never expose real credentials, modify production repositories, or publish/merge changes during a test run.","1. Create a disposable, versioned synthetic fixture: Use a disposable workspace, tenant, project, and versioned synthetic fixture. 2. Execute the platform workflow to cancel a long-running task and stop new commands. 3. Capture the committed result, resource version, or run status. 4. Compare the result with the source fixture and the declared invariant. 5. Repeat or recover the operation when applicable; verify access, audit evidence, and side effects.","The platform must correctly cancel a long-running task and stop new commands; the clean baseline condition follows the configured contract; valid state is preserved, invalid or unauthorized work is rejected or quarantined without silent loss, retries do not duplicate side effects, lineage and audit evidence remain available, and no production records or credentials are used. Safety boundary: Use disposable synthetic repositories and mock integrations only. Never expose real credentials, modify production repositories, or publish/merge changes during a test run.",Playwright + platform UI/API,"sourcegraph-amp,market-platform,synthetic-data,long_running,clean-baseline"
Sourcegraph Amp,Long-running Work and Notifications,SAMP-LONG_RUN-00007,Long-running Work and Notifications: report a task requiring user input as waiting (clean baseline),Sourcegraph Amp: report a task requiring user input as waiting with clean baseline,Functional,High,"Non-production tenant or isolated local fixture; synthetic records only; Use a disposable workspace, tenant, project, and versioned synthetic fixture. Safety boundary: Use disposable synthetic repositories and mock integrations only. Never expose real credentials, modify production repositories, or publish/merge changes during a test run.","1. Create a disposable, versioned synthetic fixture: Use a disposable workspace, tenant, project, and versioned synthetic fixture. 2. Execute the platform workflow to report a task requiring user input as waiting. 3. Capture the committed result, resource version, or run status. 4. Compare the result with the source fixture and the declared invariant. 5. Repeat or recover the operation when applicable; verify access, audit evidence, and side effects.","The platform must correctly report a task requiring user input as waiting; the clean baseline condition follows the configured contract; valid state is preserved, invalid or unauthorized work is rejected or quarantined without silent loss, retries do not duplicate side effects, lineage and audit evidence remain available, and no production records or credentials are used. Safety boundary: Use disposable synthetic repositories and mock integrations only. Never expose real credentials, modify production repositories, or publish/merge changes during a test run.",Playwright + platform UI/API,"sourcegraph-amp,market-platform,synthetic-data,long_running,clean-baseline"
Sourcegraph Amp,Long-running Work and Notifications,SAMP-LONG_RUN-00008,Long-running Work and Notifications: retain progress events in chronological order (clean baseline),Sourcegraph Amp: retain progress events in chronological order with clean baseline,Functional,High,"Non-production tenant or isolated local fixture; synthetic records only; Use a disposable workspace, tenant, project, and versioned synthetic fixture. Safety boundary: Use disposable synthetic repositories and mock integrations only. Never expose real credentials, modify production repositories, or publish/merge changes during a test run.","1. Create a disposable, versioned synthetic fixture: Use a disposable workspace, tenant, project, and versioned synthetic fixture. 2. Execute the platform workflow to retain progress events in chronological order. 3. Capture the committed result, resource version, or run status. 4. Compare the result with the source fixture and the declared invariant. 5. Repeat or recover the operation when applicable; verify access, audit evidence, and side effects.","The platform must correctly retain progress events in chronological order; the clean baseline condition follows the configured contract; valid state is preserved, invalid or unauthorized work is rejected or quarantined without silent loss, retries do not duplicate side effects, lineage and audit evidence remain available, and no production records or credentials are used. Safety boundary: Use disposable synthetic repositories and mock integrations only. Never expose real credentials, modify production repositories, or publish/merge changes during a test run.",Playwright + platform UI/API,"sourcegraph-amp,market-platform,synthetic-data,long_running,clean-baseline"
Sourcegraph Amp,Long-running Work and Notifications,SAMP-LONG_RUN-00009,Long-running Work and Notifications: expire completed test orbs according to retention settings (clean baseline),Sourcegraph Amp: expire completed test orbs according to retention settings with clean baseline,Functional,Medium,"Non-production tenant or isolated local fixture; synthetic records only; Use a disposable workspace, tenant, project, and versioned synthetic fixture. Safety boundary: Use disposable synthetic repositories and mock integrations only. Never expose real credentials, modify production repositories, or publish/merge changes during a test run.","1. Create a disposable, versioned synthetic fixture: Use a disposable workspace, tenant, project, and versioned synthetic fixture. 2. Execute the platform workflow to expire completed test orbs according to retention settings. 3. Capture the committed result, resource version, or run status. 4. Compare the result with the source fixture and the declared invariant. 5. Repeat or recover the operation when applicable; verify access, audit evidence, and side effects.","The platform must correctly expire completed test orbs according to retention settings; the clean baseline condition follows the configured contract; valid state is preserved, invalid or unauthorized work is rejected or quarantined without silent loss, retries do not duplicate side effects, lineage and audit evidence remain available, and no production records or credentials are used. Safety boundary: Use disposable synthetic repositories and mock integrations only. Never expose real credentials, modify production repositories, or publish/merge changes during a test run.",Playwright + platform UI/API,"sourcegraph-amp,market-platform,synthetic-data,long_running,clean-baseline"
Sourcegraph Amp,Long-running Work and Notifications,SAMP-LONG_RUN-00010,Long-running Work and Notifications: audit background task and notification actions (clean baseline),Sourcegraph Amp: audit background task and notification actions with clean baseline,Functional,High,"Non-production tenant or isolated local fixture; synthetic records only; Use a disposable workspace, tenant, project, and versioned synthetic fixture. Safety boundary: Use disposable synthetic repositories and mock integrations only. Never expose real credentials, modify production repositories, or publish/merge changes during a test run.","1. Create a disposable, versioned synthetic fixture: Use a disposable workspace, tenant, project, and versioned synthetic fixture. 2. Execute the platform workflow to audit background task and notification actions. 3. Capture the committed result, resource version, or run status. 4. Compare the result with the source fixture and the declared invariant. 5. Repeat or recover the operation when applicable; verify access, audit evidence, and side effects.","The platform must correctly audit background task and notification actions; the clean baseline condition follows the configured contract; valid state is preserved, invalid or unauthorized work is rejected or quarantined without silent loss, retries do not duplicate side effects, lineage and audit evidence remain available, and no production records or credentials are used. Safety boundary: Use disposable synthetic repositories and mock integrations only. Never expose real credentials, modify production repositories, or publish/merge changes during a test run.",Playwright + platform UI/API,"sourcegraph-amp,market-platform,synthetic-data,long_running,clean-baseline"
Sourcegraph Amp,Long-running Work and Notifications,SAMP-LONG_RUN-00011,Long-running Work and Notifications: continue an approved task after the client disconnects (empty input),Sourcegraph Amp: continue an approved task after the client disconnects with empty input,Functional,High,"Non-production tenant or isolated local fixture; synthetic records only; Use an empty source or namespace and verify defined empty-result behavior. Safety boundary: Use disposable synthetic repositories and mock integrations only. Never expose real credentials, modify production repositories, or publish/merge changes during a test run.","1. Create a disposable, versioned synthetic fixture: Use an empty source or namespace and verify defined empty-result behavior. 2. Execute the platform workflow to continue an approved task after the client disconnects. 3. Capture the committed result, resource version, or run status. 4. Compare the result with the source fixture and the declared invariant. 5. Repeat or recover the operation when applicable; verify access, audit evidence, and side effects.","The platform must correctly continue an approved task after the client disconnects; the empty input condition follows the configured contract; valid state is preserved, invalid or unauthorized work is rejected or quarantined without silent loss, retries do not duplicate side effects, lineage and audit evidence remain available, and no production records or credentials are used. Safety boundary: Use disposable synthetic repositories and mock integrations only. Never expose real credentials, modify production repositories, or publish/merge changes during a test run.",Playwright + platform UI/API,"sourcegraph-amp,market-platform,synthetic-data,long_running,empty-input"
Sourcegraph Amp,Long-running Work and Notifications,SAMP-LONG_RUN-00012,Long-running Work and Notifications: send a completion notification to the mock user channel (empty input),Sourcegraph Amp: send a completion notification to the mock user channel with empty input,Functional,High,"Non-production tenant or isolated local fixture; synthetic records only; Use an empty source or namespace and verify defined empty-result behavior. Safety boundary: Use disposable synthetic repositories and mock integrations only. Never expose real credentials, modify production repositories, or publish/merge changes during a test run.","1. Create a disposable, versioned synthetic fixture: Use an empty source or namespace and verify defined empty-result behavior. 2. Execute the platform workflow to send a completion notification to the mock user channel. 3. Capture the committed result, resource version, or run status. 4. Compare the result with the source fixture and the declared invariant. 5. Repeat or recover the operation when applicable; verify access, audit evidence, and side effects.","The platform must correctly send a completion notification to the mock user channel; the empty input condition follows the configured contract; valid state is preserved, invalid or unauthorized work is rejected or quarantined without silent loss, retries do not duplicate side effects, lineage and audit evidence remain available, and no production records or credentials are used. Safety boundary: Use disposable synthetic repositories and mock integrations only. Never expose real credentials, modify production repositories, or publish/merge changes during a test run.",Playwright + platform UI/API,"sourcegraph-amp,market-platform,synthetic-data,long_running,empty-input"
Sourcegraph Amp,Long-running Work and Notifications,SAMP-LONG_RUN-00013,Long-running Work and Notifications: suppress repeated notifications for the same thread result (empty input),Sourcegraph Amp: suppress repeated notifications for the same thread result with empty input,Functional,Medium,"Non-production tenant or isolated local fixture; synthetic records only; Use an empty source or namespace and verify defined empty-result behavior. Safety boundary: Use disposable synthetic repositories and mock integrations only. Never expose real credentials, modify production repositories, or publish/merge changes during a test run.","1. Create a disposable, versioned synthetic fixture: Use an empty source or namespace and verify defined empty-result behavior. 2. Execute the platform workflow to suppress repeated notifications for the same thread result. 3. Capture the committed result, resource version, or run status. 4. Compare the result with the source fixture and the declared invariant. 5. Repeat or recover the operation when applicable; verify access, audit evidence, and side effects.","The platform must correctly suppress repeated notifications for the same thread result; the empty input condition follows the configured contract; valid state is preserved, invalid or unauthorized work is rejected or quarantined without silent loss, retries do not duplicate side effects, lineage and audit evidence remain available, and no production records or credentials are used. Safety boundary: Use disposable synthetic repositories and mock integrations only. Never expose real credentials, modify production repositories, or publish/merge changes during a test run.",Playwright + platform UI/API,"sourcegraph-amp,market-platform,synthetic-data,long_running,empty-input"
Sourcegraph Amp,Long-running Work and Notifications,SAMP-LONG_RUN-00014,Long-running Work and Notifications: pause an orb after its configured idle timeout (empty input),Sourcegraph Amp: pause an orb after its configured idle timeout with empty input,Functional,High,"Non-production tenant or isolated local fixture; synthetic records only; Use an empty source or namespace and verify defined empty-result behavior. Safety boundary: Use disposable synthetic repositories and mock integrations only. Never expose real credentials, modify production repositories, or publish/merge changes during a test run.","1. Create a disposable, versioned synthetic fixture: Use an empty source or namespace and verify defined empty-result behavior. 2. Execute the platform workflow to pause an orb after its configured idle timeout. 3. Capture the committed result, resource version, or run status. 4. Compare the result with the source fixture and the declared invariant. 5. Repeat or recover the operation when applicable; verify access, audit evidence, and side effects.","The platform must correctly pause an orb after its configured idle timeout; the empty input condition follows the configured contract; valid state is preserved, invalid or unauthorized work is rejected or quarantined without silent loss, retries do not duplicate side effects, lineage and audit evidence remain available, and no production records or credentials are used. Safety boundary: Use disposable synthetic repositories and mock integrations only. Never expose real credentials, modify production repositories, or publish/merge changes during a test run.",Playwright + platform UI/API,"sourcegraph-amp,market-platform,synthetic-data,long_running,empty-input"
Sourcegraph Amp,Long-running Work and Notifications,SAMP-LONG_RUN-00015,Long-running Work and Notifications: resume pending work from the last durable thread event (empty input),Sourcegraph Amp: resume pending work from the last durable thread event with empty input,Functional,High,"Non-production tenant or isolated local fixture; synthetic records only; Use an empty source or namespace and verify defined empty-result behavior. Safety boundary: Use disposable synthetic repositories and mock integrations only. Never expose real credentials, modify production repositories, or publish/merge changes during a test run.","1. Create a disposable, versioned synthetic fixture: Use an empty source or namespace and verify defined empty-result behavior. 2. Execute the platform workflow to resume pending work from the last durable thread event. 3. Capture the committed result, resource version, or run status. 4. Compare the result with the source fixture and the declared invariant. 5. Repeat or recover the operation when applicable; verify access, audit evidence, and side effects.","The platform must correctly resume pending work from the last durable thread event; the empty input condition follows the configured contract; valid state is preserved, invalid or unauthorized work is rejected or quarantined without silent loss, retries do not duplicate side effects, lineage and audit evidence remain available, and no production records or credentials are used. Safety boundary: Use disposable synthetic repositories and mock integrations only. Never expose real credentials, modify production repositories, or publish/merge changes during a test run.",Playwright + platform UI/API,"sourcegraph-amp,market-platform,synthetic-data,long_running,empty-input"
Sourcegraph Amp,Long-running Work and Notifications,SAMP-LONG_RUN-00016,Long-running Work and Notifications: cancel a long-running task and stop new commands (empty input),Sourcegraph Amp: cancel a long-running task and stop new commands with empty input,Functional,High,"Non-production tenant or isolated local fixture; synthetic records only; Use an empty source or namespace and verify defined empty-result behavior. Safety boundary: Use disposable synthetic repositories and mock integrations only. Never expose real credentials, modify production repositories, or publish/merge changes during a test run.","1. Create a disposable, versioned synthetic fixture: Use an empty source or namespace and verify defined empty-result behavior. 2. Execute the platform workflow to cancel a long-running task and stop new commands. 3. Capture the committed result, resource version, or run status. 4. Compare the result with the source fixture and the declared invariant. 5. Repeat or recover the operation when applicable; verify access, audit evidence, and side effects.","The platform must correctly cancel a long-running task and stop new commands; the empty input condition follows the configured contract; valid state is preserved, invalid or unauthorized work is rejected or quarantined without silent loss, retries do not duplicate side effects, lineage and audit evidence remain available, and no production records or credentials are used. Safety boundary: Use disposable synthetic repositories and mock integrations only. Never expose real credentials, modify production repositories, or publish/merge changes during a test run.",Playwright + platform UI/API,"sourcegraph-amp,market-platform,synthetic-data,long_running,empty-input"
Sourcegraph Amp,Long-running Work and Notifications,SAMP-LONG_RUN-00017,Long-running Work and Notifications: report a task requiring user input as waiting (empty input),Sourcegraph Amp: report a task requiring user input as waiting with empty input,Functional,Medium,"Non-production tenant or isolated local fixture; synthetic records only; Use an empty source or namespace and verify defined empty-result behavior. Safety boundary: Use disposable synthetic repositories and mock integrations only. Never expose real credentials, modify production repositories, or publish/merge changes during a test run.","1. Create a disposable, versioned synthetic fixture: Use an empty source or namespace and verify defined empty-result behavior. 2. Execute the platform workflow to report a task requiring user input as waiting. 3. Capture the committed result, resource version, or run status. 4. Compare the result with the source fixture and the declared invariant. 5. Repeat or recover the operation when applicable; verify access, audit evidence, and side effects.","The platform must correctly report a task requiring user input as waiting; the empty input condition follows the configured contract; valid state is preserved, invalid or unauthorized work is rejected or quarantined without silent loss, retries do not duplicate side effects, lineage and audit evidence remain available, and no production records or credentials are used. Safety boundary: Use disposable synthetic repositories and mock integrations only. Never expose real credentials, modify production repositories, or publish/merge changes during a test run.",Playwright + platform UI/API,"sourcegraph-amp,market-platform,synthetic-data,long_running,empty-input"
Sourcegraph Amp,Long-running Work and Notifications,SAMP-LONG_RUN-00018,Long-running Work and Notifications: retain progress events in chronological order (empty input),Sourcegraph Amp: retain progress events in chronological order with empty input,Functional,High,"Non-production tenant or isolated local fixture; synthetic records only; Use an empty source or namespace and verify defined empty-result behavior. Safety boundary: Use disposable synthetic repositories and mock integrations only. Never expose real credentials, modify production repositories, or publish/merge changes during a test run.","1. Create a disposable, versioned synthetic fixture: Use an empty source or namespace and verify defined empty-result behavior. 2. Execute the platform workflow to retain progress events in chronological order. 3. Capture the committed result, resource version, or run status. 4. Compare the result with the source fixture and the declared invariant. 5. Repeat or recover the operation when applicable; verify access, audit evidence, and side effects.","The platform must correctly retain progress events in chronological order; the empty input condition follows the configured contract; valid state is preserved, invalid or unauthorized work is rejected or quarantined without silent loss, retries do not duplicate side effects, lineage and audit evidence remain available, and no production records or credentials are used. Safety boundary: Use disposable synthetic repositories and mock integrations only. Never expose real credentials, modify production repositories, or publish/merge changes during a test run.",Playwright + platform UI/API,"sourcegraph-amp,market-platform,synthetic-data,long_running,empty-input"
Sourcegraph Amp,Long-running Work and Notifications,SAMP-LONG_RUN-00019,Long-running Work and Notifications: expire completed test orbs according to retention settings (empty input),Sourcegraph Amp: expire completed test orbs according to retention settings with empty input,Functional,High,"Non-production tenant or isolated local fixture; synthetic records only; Use an empty source or namespace and verify defined empty-result behavior. Safety boundary: Use disposable synthetic repositories and mock integrations only. Never expose real credentials, modify production repositories, or publish/merge changes during a test run.","1. Create a disposable, versioned synthetic fixture: Use an empty source or namespace and verify defined empty-result behavior. 2. Execute the platform workflow to expire completed test orbs according to retention settings. 3. Capture the committed result, resource version, or run status. 4. Compare the result with the source fixture and the declared invariant. 5. Repeat or recover the operation when applicable; verify access, audit evidence, and side effects.","The platform must correctly expire completed test orbs according to retention settings; the empty input condition follows the configured contract; valid state is preserved, invalid or unauthorized work is rejected or quarantined without silent loss, retries do not duplicate side effects, lineage and audit evidence remain available, and no production records or credentials are used. Safety boundary: Use disposable synthetic repositories and mock integrations only. Never expose real credentials, modify production repositories, or publish/merge changes during a test run.",Playwright + platform UI/API,"sourcegraph-amp,market-platform,synthetic-data,long_running,empty-input"
Sourcegraph Amp,Long-running Work and Notifications,SAMP-LONG_RUN-00020,Long-running Work and Notifications: audit background task and notification actions (empty input),Sourcegraph Amp: audit background task and notification actions with empty input,Functional,High,"Non-production tenant or isolated local fixture; synthetic records only; Use an empty source or namespace and verify defined empty-result behavior. Safety boundary: Use disposable synthetic repositories and mock integrations only. Never expose real credentials, modify production repositories, or publish/merge changes during a test run.","1. Create a disposable, versioned synthetic fixture: Use an empty source or namespace and verify defined empty-result behavior. 2. Execute the platform workflow to audit background task and notification actions. 3. Capture the committed result, resource version, or run status. 4. Compare the result with the source fixture and the declared invariant. 5. Repeat or recover the operation when applicable; verify access, audit evidence, and side effects.","The platform must correctly audit background task and notification actions; the empty input condition follows the configured contract; valid state is preserved, invalid or unauthorized work is rejected or quarantined without silent loss, retries do not duplicate side effects, lineage and audit evidence remain available, and no production records or credentials are used. Safety boundary: Use disposable synthetic repositories and mock integrations only. Never expose real credentials, modify production repositories, or publish/merge changes during a test run.",Playwright + platform UI/API,"sourcegraph-amp,market-platform,synthetic-data,long_running,empty-input"
Sourcegraph Amp,Long-running Work and Notifications,SAMP-LONG_RUN-00021,Long-running Work and Notifications: continue an approved task after the client disconnects (single record),Sourcegraph Amp: continue an approved task after the client disconnects with single record,Functional,Medium,"Non-production tenant or isolated local fixture; synthetic records only; Use one valid synthetic record and verify the smallest non-empty result. Safety boundary: Use disposable synthetic repositories and mock integrations only. Never expose real credentials, modify production repositories, or publish/merge changes during a test run.","1. Create a disposable, versioned synthetic fixture: Use one valid synthetic record and verify the smallest non-empty result. 2. Execute the platform workflow to continue an approved task after the client disconnects. 3. Capture the committed result, resource version, or run status. 4. Compare the result with the source fixture and the declared invariant. 5. Repeat or recover the operation when applicable; verify access, audit evidence, and side effects.","The platform must correctly continue an approved task after the client disconnects; the single record condition follows the configured contract; valid state is preserved, invalid or unauthorized work is rejected or quarantined without silent loss, retries do not duplicate side effects, lineage and audit evidence remain available, and no production records or credentials are used. Safety boundary: Use disposable synthetic repositories and mock integrations only. Never expose real credentials, modify production repositories, or publish/merge changes during a test run.",Playwright + platform UI/API,"sourcegraph-amp,market-platform,synthetic-data,long_running,single-record"
Sourcegraph Amp,Long-running Work and Notifications,SAMP-LONG_RUN-00022,Long-running Work and Notifications: send a completion notification to the mock user channel (single record),Sourcegraph Amp: send a completion notification to the mock user channel with single record,Functional,High,"Non-production tenant or isolated local fixture; synthetic records only; Use one valid synthetic record and verify the smallest non-empty result. Safety boundary: Use disposable synthetic repositories and mock integrations only. Never expose real credentials, modify production repositories, or publish/merge changes during a test run.","1. Create a disposable, versioned synthetic fixture: Use one valid synthetic record and verify the smallest non-empty result. 2. Execute the platform workflow to send a completion notification to the mock user channel. 3. Capture the committed result, resource version, or run status. 4. Compare the result with the source fixture and the declared invariant. 5. Repeat or recover the operation when applicable; verify access, audit evidence, and side effects.","The platform must correctly send a completion notification to the mock user channel; the single record condition follows the configured contract; valid state is preserved, invalid or unauthorized work is rejected or quarantined without silent loss, retries do not duplicate side effects, lineage and audit evidence remain available, and no production records or credentials are used. Safety boundary: Use disposable synthetic repositories and mock integrations only. Never expose real credentials, modify production repositories, or publish/merge changes during a test run.",Playwright + platform UI/API,"sourcegraph-amp,market-platform,synthetic-data,long_running,single-record"
Sourcegraph Amp,Long-running Work and Notifications,SAMP-LONG_RUN-00023,Long-running Work and Notifications: suppress repeated notifications for the same thread result (single record),Sourcegraph Amp: suppress repeated notifications for the same thread result with single record,Functional,High,"Non-production tenant or isolated local fixture; synthetic records only; Use one valid synthetic record and verify the smallest non-empty result. Safety boundary: Use disposable synthetic repositories and mock integrations only. Never expose real credentials, modify production repositories, or publish/merge changes during a test run.","1. Create a disposable, versioned synthetic fixture: Use one valid synthetic record and verify the smallest non-empty result. 2. Execute the platform workflow to suppress repeated notifications for the same thread result. 3. Capture the committed result, resource version, or run status. 4. Compare the result with the source fixture and the declared invariant. 5. Repeat or recover the operation when applicable; verify access, audit evidence, and side effects.","The platform must correctly suppress repeated notifications for the same thread result; the single record condition follows the configured contract; valid state is preserved, invalid or unauthorized work is rejected or quarantined without silent loss, retries do not duplicate side effects, lineage and audit evidence remain available, and no production records or credentials are used. Safety boundary: Use disposable synthetic repositories and mock integrations only. Never expose real credentials, modify production repositories, or publish/merge changes during a test run.",Playwright + platform UI/API,"sourcegraph-amp,market-platform,synthetic-data,long_running,single-record"
Sourcegraph Amp,Long-running Work and Notifications,SAMP-LONG_RUN-00024,Long-running Work and Notifications: pause an orb after its configured idle timeout (single record),Sourcegraph Amp: pause an orb after its configured idle timeout with single record,Functional,High,"Non-production tenant or isolated local fixture; synthetic records only; Use one valid synthetic record and verify the smallest non-empty result. Safety boundary: Use disposable synthetic repositories and mock integrations only. Never expose real credentials, modify production repositories, or publish/merge changes during a test run.","1. Create a disposable, versioned synthetic fixture: Use one valid synthetic record and verify the smallest non-empty result. 2. Execute the platform workflow to pause an orb after its configured idle timeout. 3. Capture the committed result, resource version, or run status. 4. Compare the result with the source fixture and the declared invariant. 5. Repeat or recover the operation when applicable; verify access, audit evidence, and side effects.","The platform must correctly pause an orb after its configured idle timeout; the single record condition follows the configured contract; valid state is preserved, invalid or unauthorized work is rejected or quarantined without silent loss, retries do not duplicate side effects, lineage and audit evidence remain available, and no production records or credentials are used. Safety boundary: Use disposable synthetic repositories and mock integrations only. Never expose real credentials, modify production repositories, or publish/merge changes during a test run.",Playwright + platform UI/API,"sourcegraph-amp,market-platform,synthetic-data,long_running,single-record"
Sourcegraph Amp,Long-running Work and Notifications,SAMP-LONG_RUN-00025,Long-running Work and Notifications: resume pending work from the last durable thread event (single record),Sourcegraph Amp: resume pending work from the last durable thread event with single record,Functional,Medium,"Non-production tenant or isolated local fixture; synthetic records only; Use one valid synthetic record and verify the smallest non-empty result. Safety boundary: Use disposable synthetic repositories and mock integrations only. Never expose real credentials, modify production repositories, or publish/merge changes during a test run.","1. Create a disposable, versioned synthetic fixture: Use one valid synthetic record and verify the smallest non-empty result. 2. Execute the platform workflow to resume pending work from the last durable thread event. 3. Capture the committed result, resource version, or run status. 4. Compare the result with the source fixture and the declared invariant. 5. Repeat or recover the operation when applicable; verify access, audit evidence, and side effects.","The platform must correctly resume pending work from the last durable thread event; the single record condition follows the configured contract; valid state is preserved, invalid or unauthorized work is rejected or quarantined without silent loss, retries do not duplicate side effects, lineage and audit evidence remain available, and no production records or credentials are used. Safety boundary: Use disposable synthetic repositories and mock integrations only. Never expose real credentials, modify production repositories, or publish/merge changes during a test run.",Playwright + platform UI/API,"sourcegraph-amp,market-platform,synthetic-data,long_running,single-record"
Sourcegraph Amp,Long-running Work and Notifications,SAMP-LONG_RUN-00026,Long-running Work and Notifications: cancel a long-running task and stop new commands (single record),Sourcegraph Amp: cancel a long-running task and stop new commands with single record,Functional,High,"Non-production tenant or isolated local fixture; synthetic records only; Use one valid synthetic record and verify the smallest non-empty result. Safety boundary: Use disposable synthetic repositories and mock integrations only. Never expose real credentials, modify production repositories, or publish/merge changes during a test run.","1. Create a disposable, versioned synthetic fixture: Use one valid synthetic record and verify the smallest non-empty result. 2. Execute the platform workflow to cancel a long-running task and stop new commands. 3. Capture the committed result, resource version, or run status. 4. Compare the result with the source fixture and the declared invariant. 5. Repeat or recover the operation when applicable; verify access, audit evidence, and side effects.","The platform must correctly cancel a long-running task and stop new commands; the single record condition follows the configured contract; valid state is preserved, invalid or unauthorized work is rejected or quarantined without silent loss, retries do not duplicate side effects, lineage and audit evidence remain available, and no production records or credentials are used. Safety boundary: Use disposable synthetic repositories and mock integrations only. Never expose real credentials, modify production repositories, or publish/merge changes during a test run.",Playwright + platform UI/API,"sourcegraph-amp,market-platform,synthetic-data,long_running,single-record"
Sourcegraph Amp,Long-running Work and Notifications,SAMP-LONG_RUN-00027,Long-running Work and Notifications: report a task requiring user input as waiting (single record),Sourcegraph Amp: report a task requiring user input as waiting with single record,Functional,High,"Non-production tenant or isolated local fixture; synthetic records only; Use one valid synthetic record and verify the smallest non-empty result. Safety boundary: Use disposable synthetic repositories and mock integrations only. Never expose real credentials, modify production repositories, or publish/merge changes during a test run.","1. Create a disposable, versioned synthetic fixture: Use one valid synthetic record and verify the smallest non-empty result. 2. Execute the platform workflow to report a task requiring user input as waiting. 3. Capture the committed result, resource version, or run status. 4. Compare the result with the source fixture and the declared invariant. 5. Repeat or recover the operation when applicable; verify access, audit evidence, and side effects.","The platform must correctly report a task requiring user input as waiting; the single record condition follows the configured contract; valid state is preserved, invalid or unauthorized work is rejected or quarantined without silent loss, retries do not duplicate side effects, lineage and audit evidence remain available, and no production records or credentials are used. Safety boundary: Use disposable synthetic repositories and mock integrations only. Never expose real credentials, modify production repositories, or publish/merge changes during a test run.",Playwright + platform UI/API,"sourcegraph-amp,market-platform,synthetic-data,long_running,single-record"
Sourcegraph Amp,Long-running Work and Notifications,SAMP-LONG_RUN-00028,Long-running Work and Notifications: retain progress events in chronological order (single record),Sourcegraph Amp: retain progress events in chronological order with single record,Functional,High,"Non-production tenant or isolated local fixture; synthetic records only; Use one valid synthetic record and verify the smallest non-empty result. Safety boundary: Use disposable synthetic repositories and mock integrations only. Never expose real credentials, modify production repositories, or publish/merge changes during a test run.","1. Create a disposable, versioned synthetic fixture: Use one valid synthetic record and verify the smallest non-empty result. 2. Execute the platform workflow to retain progress events in chronological order. 3. Capture the committed result, resource version, or run status. 4. Compare the result with the source fixture and the declared invariant. 5. Repeat or recover the operation when applicable; verify access, audit evidence, and side effects.","The platform must correctly retain progress events in chronological order; the single record condition follows the configured contract; valid state is preserved, invalid or unauthorized work is rejected or quarantined without silent loss, retries do not duplicate side effects, lineage and audit evidence remain available, and no production records or credentials are used. Safety boundary: Use disposable synthetic repositories and mock integrations only. Never expose real credentials, modify production repositories, or publish/merge changes during a test run.",Playwright + platform UI/API,"sourcegraph-amp,market-platform,synthetic-data,long_running,single-record"
Sourcegraph Amp,Long-running Work and Notifications,SAMP-LONG_RUN-00029,Long-running Work and Notifications: expire completed test orbs according to retention settings (single record),Sourcegraph Amp: expire completed test orbs according to retention settings with single record,Functional,Medium,"Non-production tenant or isolated local fixture; synthetic records only; Use one valid synthetic record and verify the smallest non-empty result. Safety boundary: Use disposable synthetic repositories and mock integrations only. Never expose real credentials, modify production repositories, or publish/merge changes during a test run.","1. Create a disposable, versioned synthetic fixture: Use one valid synthetic record and verify the smallest non-empty result. 2. Execute the platform workflow to expire completed test orbs according to retention settings. 3. Capture the committed result, resource version, or run status. 4. Compare the result with the source fixture and the declared invariant. 5. Repeat or recover the operation when applicable; verify access, audit evidence, and side effects.","The platform must correctly expire completed test orbs according to retention settings; the single record condition follows the configured contract; valid state is preserved, invalid or unauthorized work is rejected or quarantined without silent loss, retries do not duplicate side effects, lineage and audit evidence remain available, and no production records or credentials are used. Safety boundary: Use disposable synthetic repositories and mock integrations only. Never expose real credentials, modify production repositories, or publish/merge changes during a test run.",Playwright + platform UI/API,"sourcegraph-amp,market-platform,synthetic-data,long_running,single-record"
Sourcegraph Amp,Long-running Work and Notifications,SAMP-LONG_RUN-00030,Long-running Work and Notifications: audit background task and notification actions (single record),Sourcegraph Amp: audit background task and notification actions with single record,Functional,High,"Non-production tenant or isolated local fixture; synthetic records only; Use one valid synthetic record and verify the smallest non-empty result. Safety boundary: Use disposable synthetic repositories and mock integrations only. Never expose real credentials, modify production repositories, or publish/merge changes during a test run.","1. Create a disposable, versioned synthetic fixture: Use one valid synthetic record and verify the smallest non-empty result. 2. Execute the platform workflow to audit background task and notification actions. 3. Capture the committed result, resource version, or run status. 4. Compare the result with the source fixture and the declared invariant. 5. Repeat or recover the operation when applicable; verify access, audit evidence, and side effects.","The platform must correctly audit background task and notification actions; the single record condition follows the configured contract; valid state is preserved, invalid or unauthorized work is rejected or quarantined without silent loss, retries do not duplicate side effects, lineage and audit evidence remain available, and no production records or credentials are used. Safety boundary: Use disposable synthetic repositories and mock integrations only. Never expose real credentials, modify production repositories, or publish/merge changes during a test run.",Playwright + platform UI/API,"sourcegraph-amp,market-platform,synthetic-data,long_running,single-record"
Sourcegraph Amp,Long-running Work and Notifications,SAMP-LONG_RUN-00031,Long-running Work and Notifications: continue an approved task after the client disconnects (duplicate key),Sourcegraph Amp: continue an approved task after the client disconnects with duplicate key,Functional,High,"Non-production tenant or isolated local fixture; synthetic records only; Submit a duplicate business key and verify the declared deduplication or rejection rule. Safety boundary: Use disposable synthetic repositories and mock integrations only. Never expose real credentials, modify production repositories, or publish/merge changes during a test run.","1. Create a disposable, versioned synthetic fixture: Submit a duplicate business key and verify the declared deduplication or rejection rule. 2. Execute the platform workflow to continue an approved task after the client disconnects. 3. Capture the committed result, resource version, or run status. 4. Compare the result with the source fixture and the declared invariant. 5. Repeat or recover the operation when applicable; verify access, audit evidence, and side effects.","The platform must correctly continue an approved task after the client disconnects; the duplicate key condition follows the configured contract; valid state is preserved, invalid or unauthorized work is rejected or quarantined without silent loss, retries do not duplicate side effects, lineage and audit evidence remain available, and no production records or credentials are used. Safety boundary: Use disposable synthetic repositories and mock integrations only. Never expose real credentials, modify production repositories, or publish/merge changes during a test run.",Playwright + platform UI/API,"sourcegraph-amp,market-platform,synthetic-data,long_running,duplicate-key"
Sourcegraph Amp,Long-running Work and Notifications,SAMP-LONG_RUN-00032,Long-running Work and Notifications: send a completion notification to the mock user channel (duplicate key),Sourcegraph Amp: send a completion notification to the mock user channel with duplicate key,Functional,High,"Non-production tenant or isolated local fixture; synthetic records only; Submit a duplicate business key and verify the declared deduplication or rejection rule. Safety boundary: Use disposable synthetic repositories and mock integrations only. Never expose real credentials, modify production repositories, or publish/merge changes during a test run.","1. Create a disposable, versioned synthetic fixture: Submit a duplicate business key and verify the declared deduplication or rejection rule. 2. Execute the platform workflow to send a completion notification to the mock user channel. 3. Capture the committed result, resource version, or run status. 4. Compare the result with the source fixture and the declared invariant. 5. Repeat or recover the operation when applicable; verify access, audit evidence, and side effects.","The platform must correctly send a completion notification to the mock user channel; the duplicate key condition follows the configured contract; valid state is preserved, invalid or unauthorized work is rejected or quarantined without silent loss, retries do not duplicate side effects, lineage and audit evidence remain available, and no production records or credentials are used. Safety boundary: Use disposable synthetic repositories and mock integrations only. Never expose real credentials, modify production repositories, or publish/merge changes during a test run.",Playwright + platform UI/API,"sourcegraph-amp,market-platform,synthetic-data,long_running,duplicate-key"
Sourcegraph Amp,Long-running Work and Notifications,SAMP-LONG_RUN-00033,Long-running Work and Notifications: suppress repeated notifications for the same thread result (duplicate key),Sourcegraph Amp: suppress repeated notifications for the same thread result with duplicate key,Functional,Medium,"Non-production tenant or isolated local fixture; synthetic records only; Submit a duplicate business key and verify the declared deduplication or rejection rule. Safety boundary: Use disposable synthetic repositories and mock integrations only. Never expose real credentials, modify production repositories, or publish/merge changes during a test run.","1. Create a disposable, versioned synthetic fixture: Submit a duplicate business key and verify the declared deduplication or rejection rule. 2. Execute the platform workflow to suppress repeated notifications for the same thread result. 3. Capture the committed result, resource version, or run status. 4. Compare the result with the source fixture and the declared invariant. 5. Repeat or recover the operation when applicable; verify access, audit evidence, and side effects.","The platform must correctly suppress repeated notifications for the same thread result; the duplicate key condition follows the configured contract; valid state is preserved, invalid or unauthorized work is rejected or quarantined without silent loss, retries do not duplicate side effects, lineage and audit evidence remain available, and no production records or credentials are used. Safety boundary: Use disposable synthetic repositories and mock integrations only. Never expose real credentials, modify production repositories, or publish/merge changes during a test run.",Playwright + platform UI/API,"sourcegraph-amp,market-platform,synthetic-data,long_running,duplicate-key"
Sourcegraph Amp,Long-running Work and Notifications,SAMP-LONG_RUN-00034,Long-running Work and Notifications: pause an orb after its configured idle timeout (duplicate key),Sourcegraph Amp: pause an orb after its configured idle timeout with duplicate key,Functional,High,"Non-production tenant or isolated local fixture; synthetic records only; Submit a duplicate business key and verify the declared deduplication or rejection rule. Safety boundary: Use disposable synthetic repositories and mock integrations only. Never expose real credentials, modify production repositories, or publish/merge changes during a test run.","1. Create a disposable, versioned synthetic fixture: Submit a duplicate business key and verify the declared deduplication or rejection rule. 2. Execute the platform workflow to pause an orb after its configured idle timeout. 3. Capture the committed result, resource version, or run status. 4. Compare the result with the source fixture and the declared invariant. 5. Repeat or recover the operation when applicable; verify access, audit evidence, and side effects.","The platform must correctly pause an orb after its configured idle timeout; the duplicate key condition follows the configured contract; valid state is preserved, invalid or unauthorized work is rejected or quarantined without silent loss, retries do not duplicate side effects, lineage and audit evidence remain available, and no production records or credentials are used. Safety boundary: Use disposable synthetic repositories and mock integrations only. Never expose real credentials, modify production repositories, or publish/merge changes during a test run.",Playwright + platform UI/API,"sourcegraph-amp,market-platform,synthetic-data,long_running,duplicate-key"
Sourcegraph Amp,Long-running Work and Notifications,SAMP-LONG_RUN-00035,Long-running Work and Notifications: resume pending work from the last durable thread event (duplicate key),Sourcegraph Amp: resume pending work from the last durable thread event with duplicate key,Functional,High,"Non-production tenant or isolated local fixture; synthetic records only; Submit a duplicate business key and verify the declared deduplication or rejection rule. Safety boundary: Use disposable synthetic repositories and mock integrations only. Never expose real credentials, modify production repositories, or publish/merge changes during a test run.","1. Create a disposable, versioned synthetic fixture: Submit a duplicate business key and verify the declared deduplication or rejection rule. 2. Execute the platform workflow to resume pending work from the last durable thread event. 3. Capture the committed result, resource version, or run status. 4. Compare the result with the source fixture and the declared invariant. 5. Repeat or recover the operation when applicable; verify access, audit evidence, and side effects.","The platform must correctly resume pending work from the last durable thread event; the duplicate key condition follows the configured contract; valid state is preserved, invalid or unauthorized work is rejected or quarantined without silent loss, retries do not duplicate side effects, lineage and audit evidence remain available, and no production records or credentials are used. Safety boundary: Use disposable synthetic repositories and mock integrations only. Never expose real credentials, modify production repositories, or publish/merge changes during a test run.",Playwright + platform UI/API,"sourcegraph-amp,market-platform,synthetic-data,long_running,duplicate-key"
Sourcegraph Amp,Long-running Work and Notifications,SAMP-LONG_RUN-00036,Long-running Work and Notifications: cancel a long-running task and stop new commands (duplicate key),Sourcegraph Amp: cancel a long-running task and stop new commands with duplicate key,Functional,High,"Non-production tenant or isolated local fixture; synthetic records only; Submit a duplicate business key and verify the declared deduplication or rejection rule. Safety boundary: Use disposable synthetic repositories and mock integrations only. Never expose real credentials, modify production repositories, or publish/merge changes during a test run.","1. Create a disposable, versioned synthetic fixture: Submit a duplicate business key and verify the declared deduplication or rejection rule. 2. Execute the platform workflow to cancel a long-running task and stop new commands. 3. Capture the committed result, resource version, or run status. 4. Compare the result with the source fixture and the declared invariant. 5. Repeat or recover the operation when applicable; verify access, audit evidence, and side effects.","The platform must correctly cancel a long-running task and stop new commands; the duplicate key condition follows the configured contract; valid state is preserved, invalid or unauthorized work is rejected or quarantined without silent loss, retries do not duplicate side effects, lineage and audit evidence remain available, and no production records or credentials are used. Safety boundary: Use disposable synthetic repositories and mock integrations only. Never expose real credentials, modify production repositories, or publish/merge changes during a test run.",Playwright + platform UI/API,"sourcegraph-amp,market-platform,synthetic-data,long_running,duplicate-key"
Sourcegraph Amp,Long-running Work and Notifications,SAMP-LONG_RUN-00037,Long-running Work and Notifications: report a task requiring user input as waiting (duplicate key),Sourcegraph Amp: report a task requiring user input as waiting with duplicate key,Functional,Medium,"Non-production tenant or isolated local fixture; synthetic records only; Submit a duplicate business key and verify the declared deduplication or rejection rule. Safety boundary: Use disposable synthetic repositories and mock integrations only. Never expose real credentials, modify production repositories, or publish/merge changes during a test run.","1. Create a disposable, versioned synthetic fixture: Submit a duplicate business key and verify the declared deduplication or rejection rule. 2. Execute the platform workflow to report a task requiring user input as waiting. 3. Capture the committed result, resource version, or run status. 4. Compare the result with the source fixture and the declared invariant. 5. Repeat or recover the operation when applicable; verify access, audit evidence, and side effects.","The platform must correctly report a task requiring user input as waiting; the duplicate key condition follows the configured contract; valid state is preserved, invalid or unauthorized work is rejected or quarantined without silent loss, retries do not duplicate side effects, lineage and audit evidence remain available, and no production records or credentials are used. Safety boundary: Use disposable synthetic repositories and mock integrations only. Never expose real credentials, modify production repositories, or publish/merge changes during a test run.",Playwright + platform UI/API,"sourcegraph-amp,market-platform,synthetic-data,long_running,duplicate-key"
Sourcegraph Amp,Long-running Work and Notifications,SAMP-LONG_RUN-00038,Long-running Work and Notifications: retain progress events in chronological order (duplicate key),Sourcegraph Amp: retain progress events in chronological order with duplicate key,Functional,High,"Non-production tenant or isolated local fixture; synthetic records only; Submit a duplicate business key and verify the declared deduplication or rejection rule. Safety boundary: Use disposable synthetic repositories and mock integrations only. Never expose real credentials, modify production repositories, or publish/merge changes during a test run.","1. Create a disposable, versioned synthetic fixture: Submit a duplicate business key and verify the declared deduplication or rejection rule. 2. Execute the platform workflow to retain progress events in chronological order. 3. Capture the committed result, resource version, or run status. 4. Compare the result with the source fixture and the declared invariant. 5. Repeat or recover the operation when applicable; verify access, audit evidence, and side effects.","The platform must correctly retain progress events in chronological order; the duplicate key condition follows the configured contract; valid state is preserved, invalid or unauthorized work is rejected or quarantined without silent loss, retries do not duplicate side effects, lineage and audit evidence remain available, and no production records or credentials are used. Safety boundary: Use disposable synthetic repositories and mock integrations only. Never expose real credentials, modify production repositories, or publish/merge changes during a test run.",Playwright + platform UI/API,"sourcegraph-amp,market-platform,synthetic-data,long_running,duplicate-key"
Sourcegraph Amp,Long-running Work and Notifications,SAMP-LONG_RUN-00039,Long-running Work and Notifications: expire completed test orbs according to retention settings (duplicate key),Sourcegraph Amp: expire completed test orbs according to retention settings with duplicate key,Functional,High,"Non-production tenant or isolated local fixture; synthetic records only; Submit a duplicate business key and verify the declared deduplication or rejection rule. Safety boundary: Use disposable synthetic repositories and mock integrations only. Never expose real credentials, modify production repositories, or publish/merge changes during a test run.","1. Create a disposable, versioned synthetic fixture: Submit a duplicate business key and verify the declared deduplication or rejection rule. 2. Execute the platform workflow to expire completed test orbs according to retention settings. 3. Capture the committed result, resource version, or run status. 4. Compare the result with the source fixture and the declared invariant. 5. Repeat or recover the operation when applicable; verify access, audit evidence, and side effects.","The platform must correctly expire completed test orbs according to retention settings; the duplicate key condition follows the configured contract; valid state is preserved, invalid or unauthorized work is rejected or quarantined without silent loss, retries do not duplicate side effects, lineage and audit evidence remain available, and no production records or credentials are used. Safety boundary: Use disposable synthetic repositories and mock integrations only. Never expose real credentials, modify production repositories, or publish/merge changes during a test run.",Playwright + platform UI/API,"sourcegraph-amp,market-platform,synthetic-data,long_running,duplicate-key"
Sourcegraph Amp,Long-running Work and Notifications,SAMP-LONG_RUN-00040,Long-running Work and Notifications: audit background task and notification actions (duplicate key),Sourcegraph Amp: audit background task and notification actions with duplicate key,Functional,High,"Non-production tenant or isolated local fixture; synthetic records only; Submit a duplicate business key and verify the declared deduplication or rejection rule. Safety boundary: Use disposable synthetic repositories and mock integrations only. Never expose real credentials, modify production repositories, or publish/merge changes during a test run.","1. Create a disposable, versioned synthetic fixture: Submit a duplicate business key and verify the declared deduplication or rejection rule. 2. Execute the platform workflow to audit background task and notification actions. 3. Capture the committed result, resource version, or run status. 4. Compare the result with the source fixture and the declared invariant. 5. Repeat or recover the operation when applicable; verify access, audit evidence, and side effects.","The platform must correctly audit background task and notification actions; the duplicate key condition follows the configured contract; valid state is preserved, invalid or unauthorized work is rejected or quarantined without silent loss, retries do not duplicate side effects, lineage and audit evidence remain available, and no production records or credentials are used. Safety boundary: Use disposable synthetic repositories and mock integrations only. Never expose real credentials, modify production repositories, or publish/merge changes during a test run.",Playwright + platform UI/API,"sourcegraph-amp,market-platform,synthetic-data,long_running,duplicate-key"
Sourcegraph Amp,Long-running Work and Notifications,SAMP-LONG_RUN-00041,Long-running Work and Notifications: continue an approved task after the client disconnects (nullable optional field),Sourcegraph Amp: continue an approved task after the client disconnects with nullable optional field,Functional,Medium,"Non-production tenant or isolated local fixture; synthetic records only; Set optional fields to null while retaining all required identifiers. Safety boundary: Use disposable synthetic repositories and mock integrations only. Never expose real credentials, modify production repositories, or publish/merge changes during a test run.","1. Create a disposable, versioned synthetic fixture: Set optional fields to null while retaining all required identifiers. 2. Execute the platform workflow to continue an approved task after the client disconnects. 3. Capture the committed result, resource version, or run status. 4. Compare the result with the source fixture and the declared invariant. 5. Repeat or recover the operation when applicable; verify access, audit evidence, and side effects.","The platform must correctly continue an approved task after the client disconnects; the nullable optional field condition follows the configured contract; valid state is preserved, invalid or unauthorized work is rejected or quarantined without silent loss, retries do not duplicate side effects, lineage and audit evidence remain available, and no production records or credentials are used. Safety boundary: Use disposable synthetic repositories and mock integrations only. Never expose real credentials, modify production repositories, or publish/merge changes during a test run.",Playwright + platform UI/API,"sourcegraph-amp,market-platform,synthetic-data,long_running,nullable-optional-field"
Sourcegraph Amp,Long-running Work and Notifications,SAMP-LONG_RUN-00042,Long-running Work and Notifications: send a completion notification to the mock user channel (nullable optional field),Sourcegraph Amp: send a completion notification to the mock user channel with nullable optional field,Functional,High,"Non-production tenant or isolated local fixture; synthetic records only; Set optional fields to null while retaining all required identifiers. Safety boundary: Use disposable synthetic repositories and mock integrations only. Never expose real credentials, modify production repositories, or publish/merge changes during a test run.","1. Create a disposable, versioned synthetic fixture: Set optional fields to null while retaining all required identifiers. 2. Execute the platform workflow to send a completion notification to the mock user channel. 3. Capture the committed result, resource version, or run status. 4. Compare the result with the source fixture and the declared invariant. 5. Repeat or recover the operation when applicable; verify access, audit evidence, and side effects.","The platform must correctly send a completion notification to the mock user channel; the nullable optional field condition follows the configured contract; valid state is preserved, invalid or unauthorized work is rejected or quarantined without silent loss, retries do not duplicate side effects, lineage and audit evidence remain available, and no production records or credentials are used. Safety boundary: Use disposable synthetic repositories and mock integrations only. Never expose real credentials, modify production repositories, or publish/merge changes during a test run.",Playwright + platform UI/API,"sourcegraph-amp,market-platform,synthetic-data,long_running,nullable-optional-field"
Sourcegraph Amp,Long-running Work and Notifications,SAMP-LONG_RUN-00043,Long-running Work and Notifications: suppress repeated notifications for the same thread result (nullable optional field),Sourcegraph Amp: suppress repeated notifications for the same thread result with nullable optional field,Functional,High,"Non-production tenant or isolated local fixture; synthetic records only; Set optional fields to null while retaining all required identifiers. Safety boundary: Use disposable synthetic repositories and mock integrations only. Never expose real credentials, modify production repositories, or publish/merge changes during a test run.","1. Create a disposable, versioned synthetic fixture: Set optional fields to null while retaining all required identifiers. 2. Execute the platform workflow to suppress repeated notifications for the same thread result. 3. Capture the committed result, resource version, or run status. 4. Compare the result with the source fixture and the declared invariant. 5. Repeat or recover the operation when applicable; verify access, audit evidence, and side effects.","The platform must correctly suppress repeated notifications for the same thread result; the nullable optional field condition follows the configured contract; valid state is preserved, invalid or unauthorized work is rejected or quarantined without silent loss, retries do not duplicate side effects, lineage and audit evidence remain available, and no production records or credentials are used. Safety boundary: Use disposable synthetic repositories and mock integrations only. Never expose real credentials, modify production repositories, or publish/merge changes during a test run.",Playwright + platform UI/API,"sourcegraph-amp,market-platform,synthetic-data,long_running,nullable-optional-field"
Sourcegraph Amp,Long-running Work and Notifications,SAMP-LONG_RUN-00044,Long-running Work and Notifications: pause an orb after its configured idle timeout (nullable optional field),Sourcegraph Amp: pause an orb after its configured idle timeout with nullable optional field,Functional,High,"Non-production tenant or isolated local fixture; synthetic records only; Set optional fields to null while retaining all required identifiers. Safety boundary: Use disposable synthetic repositories and mock integrations only. Never expose real credentials, modify production repositories, or publish/merge changes during a test run.","1. Create a disposable, versioned synthetic fixture: Set optional fields to null while retaining all required identifiers. 2. Execute the platform workflow to pause an orb after its configured idle timeout. 3. Capture the committed result, resource version, or run status. 4. Compare the result with the source fixture and the declared invariant. 5. Repeat or recover the operation when applicable; verify access, audit evidence, and side effects.","The platform must correctly pause an orb after its configured idle timeout; the nullable optional field condition follows the configured contract; valid state is preserved, invalid or unauthorized work is rejected or quarantined without silent loss, retries do not duplicate side effects, lineage and audit evidence remain available, and no production records or credentials are used. Safety boundary: Use disposable synthetic repositories and mock integrations only. Never expose real credentials, modify production repositories, or publish/merge changes during a test run.",Playwright + platform UI/API,"sourcegraph-amp,market-platform,synthetic-data,long_running,nullable-optional-field"
Sourcegraph Amp,Long-running Work and Notifications,SAMP-LONG_RUN-00045,Long-running Work and Notifications: resume pending work from the last durable thread event (nullable optional field),Sourcegraph Amp: resume pending work from the last durable thread event with nullable optional field,Functional,Medium,"Non-production tenant or isolated local fixture; synthetic records only; Set optional fields to null while retaining all required identifiers. Safety boundary: Use disposable synthetic repositories and mock integrations only. Never expose real credentials, modify production repositories, or publish/merge changes during a test run.","1. Create a disposable, versioned synthetic fixture: Set optional fields to null while retaining all required identifiers. 2. Execute the platform workflow to resume pending work from the last durable thread event. 3. Capture the committed result, resource version, or run status. 4. Compare the result with the source fixture and the declared invariant. 5. Repeat or recover the operation when applicable; verify access, audit evidence, and side effects.","The platform must correctly resume pending work from the last durable thread event; the nullable optional field condition follows the configured contract; valid state is preserved, invalid or unauthorized work is rejected or quarantined without silent loss, retries do not duplicate side effects, lineage and audit evidence remain available, and no production records or credentials are used. Safety boundary: Use disposable synthetic repositories and mock integrations only. Never expose real credentials, modify production repositories, or publish/merge changes during a test run.",Playwright + platform UI/API,"sourcegraph-amp,market-platform,synthetic-data,long_running,nullable-optional-field"
Sourcegraph Amp,Long-running Work and Notifications,SAMP-LONG_RUN-00046,Long-running Work and Notifications: cancel a long-running task and stop new commands (nullable optional field),Sourcegraph Amp: cancel a long-running task and stop new commands with nullable optional field,Functional,High,"Non-production tenant or isolated local fixture; synthetic records only; Set optional fields to null while retaining all required identifiers. Safety boundary: Use disposable synthetic repositories and mock integrations only. Never expose real credentials, modify production repositories, or publish/merge changes during a test run.","1. Create a disposable, versioned synthetic fixture: Set optional fields to null while retaining all required identifiers. 2. Execute the platform workflow to cancel a long-running task and stop new commands. 3. Capture the committed result, resource version, or run status. 4. Compare the result with the source fixture and the declared invariant. 5. Repeat or recover the operation when applicable; verify access, audit evidence, and side effects.","The platform must correctly cancel a long-running task and stop new commands; the nullable optional field condition follows the configured contract; valid state is preserved, invalid or unauthorized work is rejected or quarantined without silent loss, retries do not duplicate side effects, lineage and audit evidence remain available, and no production records or credentials are used. Safety boundary: Use disposable synthetic repositories and mock integrations only. Never expose real credentials, modify production repositories, or publish/merge changes during a test run.",Playwright + platform UI/API,"sourcegraph-amp,market-platform,synthetic-data,long_running,nullable-optional-field"
Sourcegraph Amp,Long-running Work and Notifications,SAMP-LONG_RUN-00047,Long-running Work and Notifications: report a task requiring user input as waiting (nullable optional field),Sourcegraph Amp: report a task requiring user input as waiting with nullable optional field,Functional,High,"Non-production tenant or isolated local fixture; synthetic records only; Set optional fields to null while retaining all required identifiers. Safety boundary: Use disposable synthetic repositories and mock integrations only. Never expose real credentials, modify production repositories, or publish/merge changes during a test run.","1. Create a disposable, versioned synthetic fixture: Set optional fields to null while retaining all required identifiers. 2. Execute the platform workflow to report a task requiring user input as waiting. 3. Capture the committed result, resource version, or run status. 4. Compare the result with the source fixture and the declared invariant. 5. Repeat or recover the operation when applicable; verify access, audit evidence, and side effects.","The platform must correctly report a task requiring user input as waiting; the nullable optional field condition follows the configured contract; valid state is preserved, invalid or unauthorized work is rejected or quarantined without silent loss, retries do not duplicate side effects, lineage and audit evidence remain available, and no production records or credentials are used. Safety boundary: Use disposable synthetic repositories and mock integrations only. Never expose real credentials, modify production repositories, or publish/merge changes during a test run.",Playwright + platform UI/API,"sourcegraph-amp,market-platform,synthetic-data,long_running,nullable-optional-field"
Sourcegraph Amp,Long-running Work and Notifications,SAMP-LONG_RUN-00048,Long-running Work and Notifications: retain progress events in chronological order (nullable optional field),Sourcegraph Amp: retain progress events in chronological order with nullable optional field,Functional,High,"Non-production tenant or isolated local fixture; synthetic records only; Set optional fields to null while retaining all required identifiers. Safety boundary: Use disposable synthetic repositories and mock integrations only. Never expose real credentials, modify production repositories, or publish/merge changes during a test run.","1. Create a disposable, versioned synthetic fixture: Set optional fields to null while retaining all required identifiers. 2. Execute the platform workflow to retain progress events in chronological order. 3. Capture the committed result, resource version, or run status. 4. Compare the result with the source fixture and the declared invariant. 5. Repeat or recover the operation when applicable; verify access, audit evidence, and side effects.","The platform must correctly retain progress events in chronological order; the nullable optional field condition follows the configured contract; valid state is preserved, invalid or unauthorized work is rejected or quarantined without silent loss, retries do not duplicate side effects, lineage and audit evidence remain available, and no production records or credentials are used. Safety boundary: Use disposable synthetic repositories and mock integrations only. Never expose real credentials, modify production repositories, or publish/merge changes during a test run.",Playwright + platform UI/API,"sourcegraph-amp,market-platform,synthetic-data,long_running,nullable-optional-field"
Sourcegraph Amp,Long-running Work and Notifications,SAMP-LONG_RUN-00049,Long-running Work and Notifications: expire completed test orbs according to retention settings (nullable optional field),Sourcegraph Amp: expire completed test orbs according to retention settings with nullable optional field,Functional,Medium,"Non-production tenant or isolated local fixture; synthetic records only; Set optional fields to null while retaining all required identifiers. Safety boundary: Use disposable synthetic repositories and mock integrations only. Never expose real credentials, modify production repositories, or publish/merge changes during a test run.","1. Create a disposable, versioned synthetic fixture: Set optional fields to null while retaining all required identifiers. 2. Execute the platform workflow to expire completed test orbs according to retention settings. 3. Capture the committed result, resource version, or run status. 4. Compare the result with the source fixture and the declared invariant. 5. Repeat or recover the operation when applicable; verify access, audit evidence, and side effects.","The platform must correctly expire completed test orbs according to retention settings; the nullable optional field condition follows the configured contract; valid state is preserved, invalid or unauthorized work is rejected or quarantined without silent loss, retries do not duplicate side effects, lineage and audit evidence remain available, and no production records or credentials are used. Safety boundary: Use disposable synthetic repositories and mock integrations only. Never expose real credentials, modify production repositories, or publish/merge changes during a test run.",Playwright + platform UI/API,"sourcegraph-amp,market-platform,synthetic-data,long_running,nullable-optional-field"
Sourcegraph Amp,Long-running Work and Notifications,SAMP-LONG_RUN-00050,Long-running Work and Notifications: audit background task and notification actions (nullable optional field),Sourcegraph Amp: audit background task and notification actions with nullable optional field,Functional,High,"Non-production tenant or isolated local fixture; synthetic records only; Set optional fields to null while retaining all required identifiers. Safety boundary: Use disposable synthetic repositories and mock integrations only. Never expose real credentials, modify production repositories, or publish/merge changes during a test run.","1. Create a disposable, versioned synthetic fixture: Set optional fields to null while retaining all required identifiers. 2. Execute the platform workflow to audit background task and notification actions. 3. Capture the committed result, resource version, or run status. 4. Compare the result with the source fixture and the declared invariant. 5. Repeat or recover the operation when applicable; verify access, audit evidence, and side effects.","The platform must correctly audit background task and notification actions; the nullable optional field condition follows the configured contract; valid state is preserved, invalid or unauthorized work is rejected or quarantined without silent loss, retries do not duplicate side effects, lineage and audit evidence remain available, and no production records or credentials are used. Safety boundary: Use disposable synthetic repositories and mock integrations only. Never expose real credentials, modify production repositories, or publish/merge changes during a test run.",Playwright + platform UI/API,"sourcegraph-amp,market-platform,synthetic-data,long_running,nullable-optional-field"
Sourcegraph Amp,Long-running Work and Notifications,SAMP-LONG_RUN-00051,Long-running Work and Notifications: continue an approved task after the client disconnects (boundary values),Sourcegraph Amp: continue an approved task after the client disconnects with boundary values,Functional,High,"Non-production tenant or isolated local fixture; synthetic records only; Exercise documented minimum, maximum, and just-outside limits. Safety boundary: Use disposable synthetic repositories and mock integrations only. Never expose real credentials, modify production repositories, or publish/merge changes during a test run.","1. Create a disposable, versioned synthetic fixture: Exercise documented minimum, maximum, and just-outside limits. 2. Execute the platform workflow to continue an approved task after the client disconnects. 3. Capture the committed result, resource version, or run status. 4. Compare the result with the source fixture and the declared invariant. 5. Repeat or recover the operation when applicable; verify access, audit evidence, and side effects.","The platform must correctly continue an approved task after the client disconnects; the boundary values condition follows the configured contract; valid state is preserved, invalid or unauthorized work is rejected or quarantined without silent loss, retries do not duplicate side effects, lineage and audit evidence remain available, and no production records or credentials are used. Safety boundary: Use disposable synthetic repositories and mock integrations only. Never expose real credentials, modify production repositories, or publish/merge changes during a test run.",Playwright + platform UI/API,"sourcegraph-amp,market-platform,synthetic-data,long_running,boundary-values"
Sourcegraph Amp,Long-running Work and Notifications,SAMP-LONG_RUN-00052,Long-running Work and Notifications: send a completion notification to the mock user channel (boundary values),Sourcegraph Amp: send a completion notification to the mock user channel with boundary values,Functional,High,"Non-production tenant or isolated local fixture; synthetic records only; Exercise documented minimum, maximum, and just-outside limits. Safety boundary: Use disposable synthetic repositories and mock integrations only. Never expose real credentials, modify production repositories, or publish/merge changes during a test run.","1. Create a disposable, versioned synthetic fixture: Exercise documented minimum, maximum, and just-outside limits. 2. Execute the platform workflow to send a completion notification to the mock user channel. 3. Capture the committed result, resource version, or run status. 4. Compare the result with the source fixture and the declared invariant. 5. Repeat or recover the operation when applicable; verify access, audit evidence, and side effects.","The platform must correctly send a completion notification to the mock user channel; the boundary values condition follows the configured contract; valid state is preserved, invalid or unauthorized work is rejected or quarantined without silent loss, retries do not duplicate side effects, lineage and audit evidence remain available, and no production records or credentials are used. Safety boundary: Use disposable synthetic repositories and mock integrations only. Never expose real credentials, modify production repositories, or publish/merge changes during a test run.",Playwright + platform UI/API,"sourcegraph-amp,market-platform,synthetic-data,long_running,boundary-values"
Sourcegraph Amp,Long-running Work and Notifications,SAMP-LONG_RUN-00053,Long-running Work and Notifications: suppress repeated notifications for the same thread result (boundary values),Sourcegraph Amp: suppress repeated notifications for the same thread result with boundary values,Functional,Medium,"Non-production tenant or isolated local fixture; synthetic records only; Exercise documented minimum, maximum, and just-outside limits. Safety boundary: Use disposable synthetic repositories and mock integrations only. Never expose real credentials, modify production repositories, or publish/merge changes during a test run.","1. Create a disposable, versioned synthetic fixture: Exercise documented minimum, maximum, and just-outside limits. 2. Execute the platform workflow to suppress repeated notifications for the same thread result. 3. Capture the committed result, resource version, or run status. 4. Compare the result with the source fixture and the declared invariant. 5. Repeat or recover the operation when applicable; verify access, audit evidence, and side effects.","The platform must correctly suppress repeated notifications for the same thread result; the boundary values condition follows the configured contract; valid state is preserved, invalid or unauthorized work is rejected or quarantined without silent loss, retries do not duplicate side effects, lineage and audit evidence remain available, and no production records or credentials are used. Safety boundary: Use disposable synthetic repositories and mock integrations only. Never expose real credentials, modify production repositories, or publish/merge changes during a test run.",Playwright + platform UI/API,"sourcegraph-amp,market-platform,synthetic-data,long_running,boundary-values"
Sourcegraph Amp,Long-running Work and Notifications,SAMP-LONG_RUN-00054,Long-running Work and Notifications: pause an orb after its configured idle timeout (boundary values),Sourcegraph Amp: pause an orb after its configured idle timeout with boundary values,Functional,High,"Non-production tenant or isolated local fixture; synthetic records only; Exercise documented minimum, maximum, and just-outside limits. Safety boundary: Use disposable synthetic repositories and mock integrations only. Never expose real credentials, modify production repositories, or publish/merge changes during a test run.","1. Create a disposable, versioned synthetic fixture: Exercise documented minimum, maximum, and just-outside limits. 2. Execute the platform workflow to pause an orb after its configured idle timeout. 3. Capture the committed result, resource version, or run status. 4. Compare the result with the source fixture and the declared invariant. 5. Repeat or recover the operation when applicable; verify access, audit evidence, and side effects.","The platform must correctly pause an orb after its configured idle timeout; the boundary values condition follows the configured contract; valid state is preserved, invalid or unauthorized work is rejected or quarantined without silent loss, retries do not duplicate side effects, lineage and audit evidence remain available, and no production records or credentials are used. Safety boundary: Use disposable synthetic repositories and mock integrations only. Never expose real credentials, modify production repositories, or publish/merge changes during a test run.",Playwright + platform UI/API,"sourcegraph-amp,market-platform,synthetic-data,long_running,boundary-values"
Sourcegraph Amp,Long-running Work and Notifications,SAMP-LONG_RUN-00055,Long-running Work and Notifications: resume pending work from the last durable thread event (boundary values),Sourcegraph Amp: resume pending work from the last durable thread event with boundary values,Functional,High,"Non-production tenant or isolated local fixture; synthetic records only; Exercise documented minimum, maximum, and just-outside limits. Safety boundary: Use disposable synthetic repositories and mock integrations only. Never expose real credentials, modify production repositories, or publish/merge changes during a test run.","1. Create a disposable, versioned synthetic fixture: Exercise documented minimum, maximum, and just-outside limits. 2. Execute the platform workflow to resume pending work from the last durable thread event. 3. Capture the committed result, resource version, or run status. 4. Compare the result with the source fixture and the declared invariant. 5. Repeat or recover the operation when applicable; verify access, audit evidence, and side effects.","The platform must correctly resume pending work from the last durable thread event; the boundary values condition follows the configured contract; valid state is preserved, invalid or unauthorized work is rejected or quarantined without silent loss, retries do not duplicate side effects, lineage and audit evidence remain available, and no production records or credentials are used. Safety boundary: Use disposable synthetic repositories and mock integrations only. Never expose real credentials, modify production repositories, or publish/merge changes during a test run.",Playwright + platform UI/API,"sourcegraph-amp,market-platform,synthetic-data,long_running,boundary-values"
Sourcegraph Amp,Long-running Work and Notifications,SAMP-LONG_RUN-00056,Long-running Work and Notifications: cancel a long-running task and stop new commands (boundary values),Sourcegraph Amp: cancel a long-running task and stop new commands with boundary values,Functional,High,"Non-production tenant or isolated local fixture; synthetic records only; Exercise documented minimum, maximum, and just-outside limits. Safety boundary: Use disposable synthetic repositories and mock integrations only. Never expose real credentials, modify production repositories, or publish/merge changes during a test run.","1. Create a disposable, versioned synthetic fixture: Exercise documented minimum, maximum, and just-outside limits. 2. Execute the platform workflow to cancel a long-running task and stop new commands. 3. Capture the committed result, resource version, or run status. 4. Compare the result with the source fixture and the declared invariant. 5. Repeat or recover the operation when applicable; verify access, audit evidence, and side effects.","The platform must correctly cancel a long-running task and stop new commands; the boundary values condition follows the configured contract; valid state is preserved, invalid or unauthorized work is rejected or quarantined without silent loss, retries do not duplicate side effects, lineage and audit evidence remain available, and no production records or credentials are used. Safety boundary: Use disposable synthetic repositories and mock integrations only. Never expose real credentials, modify production repositories, or publish/merge changes during a test run.",Playwright + platform UI/API,"sourcegraph-amp,market-platform,synthetic-data,long_running,boundary-values"
Sourcegraph Amp,Long-running Work and Notifications,SAMP-LONG_RUN-00057,Long-running Work and Notifications: report a task requiring user input as waiting (boundary values),Sourcegraph Amp: report a task requiring user input as waiting with boundary values,Functional,Medium,"Non-production tenant or isolated local fixture; synthetic records only; Exercise documented minimum, maximum, and just-outside limits. Safety boundary: Use disposable synthetic repositories and mock integrations only. Never expose real credentials, modify production repositories, or publish/merge changes during a test run.","1. Create a disposable, versioned synthetic fixture: Exercise documented minimum, maximum, and just-outside limits. 2. Execute the platform workflow to report a task requiring user input as waiting. 3. Capture the committed result, resource version, or run status. 4. Compare the result with the source fixture and the declared invariant. 5. Repeat or recover the operation when applicable; verify access, audit evidence, and side effects.","The platform must correctly report a task requiring user input as waiting; the boundary values condition follows the configured contract; valid state is preserved, invalid or unauthorized work is rejected or quarantined without silent loss, retries do not duplicate side effects, lineage and audit evidence remain available, and no production records or credentials are used. Safety boundary: Use disposable synthetic repositories and mock integrations only. Never expose real credentials, modify production repositories, or publish/merge changes during a test run.",Playwright + platform UI/API,"sourcegraph-amp,market-platform,synthetic-data,long_running,boundary-values"
Sourcegraph Amp,Long-running Work and Notifications,SAMP-LONG_RUN-00058,Long-running Work and Notifications: retain progress events in chronological order (boundary values),Sourcegraph Amp: retain progress events in chronological order with boundary values,Functional,High,"Non-production tenant or isolated local fixture; synthetic records only; Exercise documented minimum, maximum, and just-outside limits. Safety boundary: Use disposable synthetic repositories and mock integrations only. Never expose real credentials, modify production repositories, or publish/merge changes during a test run.","1. Create a disposable, versioned synthetic fixture: Exercise documented minimum, maximum, and just-outside limits. 2. Execute the platform workflow to retain progress events in chronological order. 3. Capture the committed result, resource version, or run status. 4. Compare the result with the source fixture and the declared invariant. 5. Repeat or recover the operation when applicable; verify access, audit evidence, and side effects.","The platform must correctly retain progress events in chronological order; the boundary values condition follows the configured contract; valid state is preserved, invalid or unauthorized work is rejected or quarantined without silent loss, retries do not duplicate side effects, lineage and audit evidence remain available, and no production records or credentials are used. Safety boundary: Use disposable synthetic repositories and mock integrations only. Never expose real credentials, modify production repositories, or publish/merge changes during a test run.",Playwright + platform UI/API,"sourcegraph-amp,market-platform,synthetic-data,long_running,boundary-values"
Sourcegraph Amp,Long-running Work and Notifications,SAMP-LONG_RUN-00059,Long-running Work and Notifications: expire completed test orbs according to retention settings (boundary values),Sourcegraph Amp: expire completed test orbs according to retention settings with boundary values,Functional,High,"Non-production tenant or isolated local fixture; synthetic records only; Exercise documented minimum, maximum, and just-outside limits. Safety boundary: Use disposable synthetic repositories and mock integrations only. Never expose real credentials, modify production repositories, or publish/merge changes during a test run.","1. Create a disposable, versioned synthetic fixture: Exercise documented minimum, maximum, and just-outside limits. 2. Execute the platform workflow to expire completed test orbs according to retention settings. 3. Capture the committed result, resource version, or run status. 4. Compare the result with the source fixture and the declared invariant. 5. Repeat or recover the operation when applicable; verify access, audit evidence, and side effects.","The platform must correctly expire completed test orbs according to retention settings; the boundary values condition follows the configured contract; valid state is preserved, invalid or unauthorized work is rejected or quarantined without silent loss, retries do not duplicate side effects, lineage and audit evidence remain available, and no production records or credentials are used. Safety boundary: Use disposable synthetic repositories and mock integrations only. Never expose real credentials, modify production repositories, or publish/merge changes during a test run.",Playwright + platform UI/API,"sourcegraph-amp,market-platform,synthetic-data,long_running,boundary-values"
Sourcegraph Amp,Long-running Work and Notifications,SAMP-LONG_RUN-00060,Long-running Work and Notifications: audit background task and notification actions (boundary values),Sourcegraph Amp: audit background task and notification actions with boundary values,Functional,High,"Non-production tenant or isolated local fixture; synthetic records only; Exercise documented minimum, maximum, and just-outside limits. Safety boundary: Use disposable synthetic repositories and mock integrations only. Never expose real credentials, modify production repositories, or publish/merge changes during a test run.","1. Create a disposable, versioned synthetic fixture: Exercise documented minimum, maximum, and just-outside limits. 2. Execute the platform workflow to audit background task and notification actions. 3. Capture the committed result, resource version, or run status. 4. Compare the result with the source fixture and the declared invariant. 5. Repeat or recover the operation when applicable; verify access, audit evidence, and side effects.","The platform must correctly audit background task and notification actions; the boundary values condition follows the configured contract; valid state is preserved, invalid or unauthorized work is rejected or quarantined without silent loss, retries do not duplicate side effects, lineage and audit evidence remain available, and no production records or credentials are used. Safety boundary: Use disposable synthetic repositories and mock integrations only. Never expose real credentials, modify production repositories, or publish/merge changes during a test run.",Playwright + platform UI/API,"sourcegraph-amp,market-platform,synthetic-data,long_running,boundary-values"
Sourcegraph Amp,Long-running Work and Notifications,SAMP-LONG_RUN-00061,Long-running Work and Notifications: continue an approved task after the client disconnects (late arriving data),Sourcegraph Amp: continue an approved task after the client disconnects with late arriving data,Functional,Medium,"Non-production tenant or isolated local fixture; synthetic records only; Deliver an older event after a newer watermark or processing window has advanced. Safety boundary: Use disposable synthetic repositories and mock integrations only. Never expose real credentials, modify production repositories, or publish/merge changes during a test run.","1. Create a disposable, versioned synthetic fixture: Deliver an older event after a newer watermark or processing window has advanced. 2. Execute the platform workflow to continue an approved task after the client disconnects. 3. Capture the committed result, resource version, or run status. 4. Compare the result with the source fixture and the declared invariant. 5. Repeat or recover the operation when applicable; verify access, audit evidence, and side effects.","The platform must correctly continue an approved task after the client disconnects; the late arriving data condition follows the configured contract; valid state is preserved, invalid or unauthorized work is rejected or quarantined without silent loss, retries do not duplicate side effects, lineage and audit evidence remain available, and no production records or credentials are used. Safety boundary: Use disposable synthetic repositories and mock integrations only. Never expose real credentials, modify production repositories, or publish/merge changes during a test run.",Playwright + platform UI/API,"sourcegraph-amp,market-platform,synthetic-data,long_running,late-arriving-data"
Sourcegraph Amp,Long-running Work and Notifications,SAMP-LONG_RUN-00062,Long-running Work and Notifications: send a completion notification to the mock user channel (late arriving data),Sourcegraph Amp: send a completion notification to the mock user channel with late arriving data,Functional,High,"Non-production tenant or isolated local fixture; synthetic records only; Deliver an older event after a newer watermark or processing window has advanced. Safety boundary: Use disposable synthetic repositories and mock integrations only. Never expose real credentials, modify production repositories, or publish/merge changes during a test run.","1. Create a disposable, versioned synthetic fixture: Deliver an older event after a newer watermark or processing window has advanced. 2. Execute the platform workflow to send a completion notification to the mock user channel. 3. Capture the committed result, resource version, or run status. 4. Compare the result with the source fixture and the declared invariant. 5. Repeat or recover the operation when applicable; verify access, audit evidence, and side effects.","The platform must correctly send a completion notification to the mock user channel; the late arriving data condition follows the configured contract; valid state is preserved, invalid or unauthorized work is rejected or quarantined without silent loss, retries do not duplicate side effects, lineage and audit evidence remain available, and no production records or credentials are used. Safety boundary: Use disposable synthetic repositories and mock integrations only. Never expose real credentials, modify production repositories, or publish/merge changes during a test run.",Playwright + platform UI/API,"sourcegraph-amp,market-platform,synthetic-data,long_running,late-arriving-data"
Sourcegraph Amp,Long-running Work and Notifications,SAMP-LONG_RUN-00063,Long-running Work and Notifications: suppress repeated notifications for the same thread result (late arriving data),Sourcegraph Amp: suppress repeated notifications for the same thread result with late arriving data,Functional,High,"Non-production tenant or isolated local fixture; synthetic records only; Deliver an older event after a newer watermark or processing window has advanced. Safety boundary: Use disposable synthetic repositories and mock integrations only. Never expose real credentials, modify production repositories, or publish/merge changes during a test run.","1. Create a disposable, versioned synthetic fixture: Deliver an older event after a newer watermark or processing window has advanced. 2. Execute the platform workflow to suppress repeated notifications for the same thread result. 3. Capture the committed result, resource version, or run status. 4. Compare the result with the source fixture and the declared invariant. 5. Repeat or recover the operation when applicable; verify access, audit evidence, and side effects.","The platform must correctly suppress repeated notifications for the same thread result; the late arriving data condition follows the configured contract; valid state is preserved, invalid or unauthorized work is rejected or quarantined without silent loss, retries do not duplicate side effects, lineage and audit evidence remain available, and no production records or credentials are used. Safety boundary: Use disposable synthetic repositories and mock integrations only. Never expose real credentials, modify production repositories, or publish/merge changes during a test run.",Playwright + platform UI/API,"sourcegraph-amp,market-platform,synthetic-data,long_running,late-arriving-data"
Sourcegraph Amp,Long-running Work and Notifications,SAMP-LONG_RUN-00064,Long-running Work and Notifications: pause an orb after its configured idle timeout (late arriving data),Sourcegraph Amp: pause an orb after its configured idle timeout with late arriving data,Functional,High,"Non-production tenant or isolated local fixture; synthetic records only; Deliver an older event after a newer watermark or processing window has advanced. Safety boundary: Use disposable synthetic repositories and mock integrations only. Never expose real credentials, modify production repositories, or publish/merge changes during a test run.","1. Create a disposable, versioned synthetic fixture: Deliver an older event after a newer watermark or processing window has advanced. 2. Execute the platform workflow to pause an orb after its configured idle timeout. 3. Capture the committed result, resource version, or run status. 4. Compare the result with the source fixture and the declared invariant. 5. Repeat or recover the operation when applicable; verify access, audit evidence, and side effects.","The platform must correctly pause an orb after its configured idle timeout; the late arriving data condition follows the configured contract; valid state is preserved, invalid or unauthorized work is rejected or quarantined without silent loss, retries do not duplicate side effects, lineage and audit evidence remain available, and no production records or credentials are used. Safety boundary: Use disposable synthetic repositories and mock integrations only. Never expose real credentials, modify production repositories, or publish/merge changes during a test run.",Playwright + platform UI/API,"sourcegraph-amp,market-platform,synthetic-data,long_running,late-arriving-data"
Sourcegraph Amp,Long-running Work and Notifications,SAMP-LONG_RUN-00065,Long-running Work and Notifications: resume pending work from the last durable thread event (late arriving data),Sourcegraph Amp: resume pending work from the last durable thread event with late arriving data,Functional,Medium,"Non-production tenant or isolated local fixture; synthetic records only; Deliver an older event after a newer watermark or processing window has advanced. Safety boundary: Use disposable synthetic repositories and mock integrations only. Never expose real credentials, modify production repositories, or publish/merge changes during a test run.","1. Create a disposable, versioned synthetic fixture: Deliver an older event after a newer watermark or processing window has advanced. 2. Execute the platform workflow to resume pending work from the last durable thread event. 3. Capture the committed result, resource version, or run status. 4. Compare the result with the source fixture and the declared invariant. 5. Repeat or recover the operation when applicable; verify access, audit evidence, and side effects.","The platform must correctly resume pending work from the last durable thread event; the late arriving data condition follows the configured contract; valid state is preserved, invalid or unauthorized work is rejected or quarantined without silent loss, retries do not duplicate side effects, lineage and audit evidence remain available, and no production records or credentials are used. Safety boundary: Use disposable synthetic repositories and mock integrations only. Never expose real credentials, modify production repositories, or publish/merge changes during a test run.",Playwright + platform UI/API,"sourcegraph-amp,market-platform,synthetic-data,long_running,late-arriving-data"
Sourcegraph Amp,Long-running Work and Notifications,SAMP-LONG_RUN-00066,Long-running Work and Notifications: cancel a long-running task and stop new commands (late arriving data),Sourcegraph Amp: cancel a long-running task and stop new commands with late arriving data,Functional,High,"Non-production tenant or isolated local fixture; synthetic records only; Deliver an older event after a newer watermark or processing window has advanced. Safety boundary: Use disposable synthetic repositories and mock integrations only. Never expose real credentials, modify production repositories, or publish/merge changes during a test run.","1. Create a disposable, versioned synthetic fixture: Deliver an older event after a newer watermark or processing window has advanced. 2. Execute the platform workflow to cancel a long-running task and stop new commands. 3. Capture the committed result, resource version, or run status. 4. Compare the result with the source fixture and the declared invariant. 5. Repeat or recover the operation when applicable; verify access, audit evidence, and side effects.","The platform must correctly cancel a long-running task and stop new commands; the late arriving data condition follows the configured contract; valid state is preserved, invalid or unauthorized work is rejected or quarantined without silent loss, retries do not duplicate side effects, lineage and audit evidence remain available, and no production records or credentials are used. Safety boundary: Use disposable synthetic repositories and mock integrations only. Never expose real credentials, modify production repositories, or publish/merge changes during a test run.",Playwright + platform UI/API,"sourcegraph-amp,market-platform,synthetic-data,long_running,late-arriving-data"
Sourcegraph Amp,Long-running Work and Notifications,SAMP-LONG_RUN-00067,Long-running Work and Notifications: report a task requiring user input as waiting (late arriving data),Sourcegraph Amp: report a task requiring user input as waiting with late arriving data,Functional,High,"Non-production tenant or isolated local fixture; synthetic records only; Deliver an older event after a newer watermark or processing window has advanced. Safety boundary: Use disposable synthetic repositories and mock integrations only. Never expose real credentials, modify production repositories, or publish/merge changes during a test run.","1. Create a disposable, versioned synthetic fixture: Deliver an older event after a newer watermark or processing window has advanced. 2. Execute the platform workflow to report a task requiring user input as waiting. 3. Capture the committed result, resource version, or run status. 4. Compare the result with the source fixture and the declared invariant. 5. Repeat or recover the operation when applicable; verify access, audit evidence, and side effects.","The platform must correctly report a task requiring user input as waiting; the late arriving data condition follows the configured contract; valid state is preserved, invalid or unauthorized work is rejected or quarantined without silent loss, retries do not duplicate side effects, lineage and audit evidence remain available, and no production records or credentials are used. Safety boundary: Use disposable synthetic repositories and mock integrations only. Never expose real credentials, modify production repositories, or publish/merge changes during a test run.",Playwright + platform UI/API,"sourcegraph-amp,market-platform,synthetic-data,long_running,late-arriving-data"
Sourcegraph Amp,Long-running Work and Notifications,SAMP-LONG_RUN-00068,Long-running Work and Notifications: retain progress events in chronological order (late arriving data),Sourcegraph Amp: retain progress events in chronological order with late arriving data,Functional,High,"Non-production tenant or isolated local fixture; synthetic records only; Deliver an older event after a newer watermark or processing window has advanced. Safety boundary: Use disposable synthetic repositories and mock integrations only. Never expose real credentials, modify production repositories, or publish/merge changes during a test run.","1. Create a disposable, versioned synthetic fixture: Deliver an older event after a newer watermark or processing window has advanced. 2. Execute the platform workflow to retain progress events in chronological order. 3. Capture the committed result, resource version, or run status. 4. Compare the result with the source fixture and the declared invariant. 5. Repeat or recover the operation when applicable; verify access, audit evidence, and side effects.","The platform must correctly retain progress events in chronological order; the late arriving data condition follows the configured contract; valid state is preserved, invalid or unauthorized work is rejected or quarantined without silent loss, retries do not duplicate side effects, lineage and audit evidence remain available, and no production records or credentials are used. Safety boundary: Use disposable synthetic repositories and mock integrations only. Never expose real credentials, modify production repositories, or publish/merge changes during a test run.",Playwright + platform UI/API,"sourcegraph-amp,market-platform,synthetic-data,long_running,late-arriving-data"
Sourcegraph Amp,Long-running Work and Notifications,SAMP-LONG_RUN-00069,Long-running Work and Notifications: expire completed test orbs according to retention settings (late arriving data),Sourcegraph Amp: expire completed test orbs according to retention settings with late arriving data,Functional,Medium,"Non-production tenant or isolated local fixture; synthetic records only; Deliver an older event after a newer watermark or processing window has advanced. Safety boundary: Use disposable synthetic repositories and mock integrations only. Never expose real credentials, modify production repositories, or publish/merge changes during a test run.","1. Create a disposable, versioned synthetic fixture: Deliver an older event after a newer watermark or processing window has advanced. 2. Execute the platform workflow to expire completed test orbs according to retention settings. 3. Capture the committed result, resource version, or run status. 4. Compare the result with the source fixture and the declared invariant. 5. Repeat or recover the operation when applicable; verify access, audit evidence, and side effects.","The platform must correctly expire completed test orbs according to retention settings; the late arriving data condition follows the configured contract; valid state is preserved, invalid or unauthorized work is rejected or quarantined without silent loss, retries do not duplicate side effects, lineage and audit evidence remain available, and no production records or credentials are used. Safety boundary: Use disposable synthetic repositories and mock integrations only. Never expose real credentials, modify production repositories, or publish/merge changes during a test run.",Playwright + platform UI/API,"sourcegraph-amp,market-platform,synthetic-data,long_running,late-arriving-data"
Sourcegraph Amp,Long-running Work and Notifications,SAMP-LONG_RUN-00070,Long-running Work and Notifications: audit background task and notification actions (late arriving data),Sourcegraph Amp: audit background task and notification actions with late arriving data,Functional,High,"Non-production tenant or isolated local fixture; synthetic records only; Deliver an older event after a newer watermark or processing window has advanced. Safety boundary: Use disposable synthetic repositories and mock integrations only. Never expose real credentials, modify production repositories, or publish/merge changes during a test run.","1. Create a disposable, versioned synthetic fixture: Deliver an older event after a newer watermark or processing window has advanced. 2. Execute the platform workflow to audit background task and notification actions. 3. Capture the committed result, resource version, or run status. 4. Compare the result with the source fixture and the declared invariant. 5. Repeat or recover the operation when applicable; verify access, audit evidence, and side effects.","The platform must correctly audit background task and notification actions; the late arriving data condition follows the configured contract; valid state is preserved, invalid or unauthorized work is rejected or quarantined without silent loss, retries do not duplicate side effects, lineage and audit evidence remain available, and no production records or credentials are used. Safety boundary: Use disposable synthetic repositories and mock integrations only. Never expose real credentials, modify production repositories, or publish/merge changes during a test run.",Playwright + platform UI/API,"sourcegraph-amp,market-platform,synthetic-data,long_running,late-arriving-data"
Sourcegraph Amp,Long-running Work and Notifications,SAMP-LONG_RUN-00071,Long-running Work and Notifications: continue an approved task after the client disconnects (out-of-order events),Sourcegraph Amp: continue an approved task after the client disconnects with out-of-order events,Functional,High,"Non-production tenant or isolated local fixture; synthetic records only; Shuffle event or commit order while preserving source event-time values. Safety boundary: Use disposable synthetic repositories and mock integrations only. Never expose real credentials, modify production repositories, or publish/merge changes during a test run.","1. Create a disposable, versioned synthetic fixture: Shuffle event or commit order while preserving source event-time values. 2. Execute the platform workflow to continue an approved task after the client disconnects. 3. Capture the committed result, resource version, or run status. 4. Compare the result with the source fixture and the declared invariant. 5. Repeat or recover the operation when applicable; verify access, audit evidence, and side effects.","The platform must correctly continue an approved task after the client disconnects; the out-of-order events condition follows the configured contract; valid state is preserved, invalid or unauthorized work is rejected or quarantined without silent loss, retries do not duplicate side effects, lineage and audit evidence remain available, and no production records or credentials are used. Safety boundary: Use disposable synthetic repositories and mock integrations only. Never expose real credentials, modify production repositories, or publish/merge changes during a test run.",Playwright + platform UI/API,"sourcegraph-amp,market-platform,synthetic-data,long_running,out-of-order-events"
Sourcegraph Amp,Long-running Work and Notifications,SAMP-LONG_RUN-00072,Long-running Work and Notifications: send a completion notification to the mock user channel (out-of-order events),Sourcegraph Amp: send a completion notification to the mock user channel with out-of-order events,Functional,High,"Non-production tenant or isolated local fixture; synthetic records only; Shuffle event or commit order while preserving source event-time values. Safety boundary: Use disposable synthetic repositories and mock integrations only. Never expose real credentials, modify production repositories, or publish/merge changes during a test run.","1. Create a disposable, versioned synthetic fixture: Shuffle event or commit order while preserving source event-time values. 2. Execute the platform workflow to send a completion notification to the mock user channel. 3. Capture the committed result, resource version, or run status. 4. Compare the result with the source fixture and the declared invariant. 5. Repeat or recover the operation when applicable; verify access, audit evidence, and side effects.","The platform must correctly send a completion notification to the mock user channel; the out-of-order events condition follows the configured contract; valid state is preserved, invalid or unauthorized work is rejected or quarantined without silent loss, retries do not duplicate side effects, lineage and audit evidence remain available, and no production records or credentials are used. Safety boundary: Use disposable synthetic repositories and mock integrations only. Never expose real credentials, modify production repositories, or publish/merge changes during a test run.",Playwright + platform UI/API,"sourcegraph-amp,market-platform,synthetic-data,long_running,out-of-order-events"
Sourcegraph Amp,Long-running Work and Notifications,SAMP-LONG_RUN-00073,Long-running Work and Notifications: suppress repeated notifications for the same thread result (out-of-order events),Sourcegraph Amp: suppress repeated notifications for the same thread result with out-of-order events,Functional,Medium,"Non-production tenant or isolated local fixture; synthetic records only; Shuffle event or commit order while preserving source event-time values. Safety boundary: Use disposable synthetic repositories and mock integrations only. Never expose real credentials, modify production repositories, or publish/merge changes during a test run.","1. Create a disposable, versioned synthetic fixture: Shuffle event or commit order while preserving source event-time values. 2. Execute the platform workflow to suppress repeated notifications for the same thread result. 3. Capture the committed result, resource version, or run status. 4. Compare the result with the source fixture and the declared invariant. 5. Repeat or recover the operation when applicable; verify access, audit evidence, and side effects.","The platform must correctly suppress repeated notifications for the same thread result; the out-of-order events condition follows the configured contract; valid state is preserved, invalid or unauthorized work is rejected or quarantined without silent loss, retries do not duplicate side effects, lineage and audit evidence remain available, and no production records or credentials are used. Safety boundary: Use disposable synthetic repositories and mock integrations only. Never expose real credentials, modify production repositories, or publish/merge changes during a test run.",Playwright + platform UI/API,"sourcegraph-amp,market-platform,synthetic-data,long_running,out-of-order-events"
Sourcegraph Amp,Long-running Work and Notifications,SAMP-LONG_RUN-00074,Long-running Work and Notifications: pause an orb after its configured idle timeout (out-of-order events),Sourcegraph Amp: pause an orb after its configured idle timeout with out-of-order events,Functional,High,"Non-production tenant or isolated local fixture; synthetic records only; Shuffle event or commit order while preserving source event-time values. Safety boundary: Use disposable synthetic repositories and mock integrations only. Never expose real credentials, modify production repositories, or publish/merge changes during a test run.","1. Create a disposable, versioned synthetic fixture: Shuffle event or commit order while preserving source event-time values. 2. Execute the platform workflow to pause an orb after its configured idle timeout. 3. Capture the committed result, resource version, or run status. 4. Compare the result with the source fixture and the declared invariant. 5. Repeat or recover the operation when applicable; verify access, audit evidence, and side effects.","The platform must correctly pause an orb after its configured idle timeout; the out-of-order events condition follows the configured contract; valid state is preserved, invalid or unauthorized work is rejected or quarantined without silent loss, retries do not duplicate side effects, lineage and audit evidence remain available, and no production records or credentials are used. Safety boundary: Use disposable synthetic repositories and mock integrations only. Never expose real credentials, modify production repositories, or publish/merge changes during a test run.",Playwright + platform UI/API,"sourcegraph-amp,market-platform,synthetic-data,long_running,out-of-order-events"
Sourcegraph Amp,Long-running Work and Notifications,SAMP-LONG_RUN-00075,Long-running Work and Notifications: resume pending work from the last durable thread event (out-of-order events),Sourcegraph Amp: resume pending work from the last durable thread event with out-of-order events,Functional,High,"Non-production tenant or isolated local fixture; synthetic records only; Shuffle event or commit order while preserving source event-time values. Safety boundary: Use disposable synthetic repositories and mock integrations only. Never expose real credentials, modify production repositories, or publish/merge changes during a test run.","1. Create a disposable, versioned synthetic fixture: Shuffle event or commit order while preserving source event-time values. 2. Execute the platform workflow to resume pending work from the last durable thread event. 3. Capture the committed result, resource version, or run status. 4. Compare the result with the source fixture and the declared invariant. 5. Repeat or recover the operation when applicable; verify access, audit evidence, and side effects.","The platform must correctly resume pending work from the last durable thread event; the out-of-order events condition follows the configured contract; valid state is preserved, invalid or unauthorized work is rejected or quarantined without silent loss, retries do not duplicate side effects, lineage and audit evidence remain available, and no production records or credentials are used. Safety boundary: Use disposable synthetic repositories and mock integrations only. Never expose real credentials, modify production repositories, or publish/merge changes during a test run.",Playwright + platform UI/API,"sourcegraph-amp,market-platform,synthetic-data,long_running,out-of-order-events"
Sourcegraph Amp,Long-running Work and Notifications,SAMP-LONG_RUN-00076,Long-running Work and Notifications: cancel a long-running task and stop new commands (out-of-order events),Sourcegraph Amp: cancel a long-running task and stop new commands with out-of-order events,Functional,High,"Non-production tenant or isolated local fixture; synthetic records only; Shuffle event or commit order while preserving source event-time values. Safety boundary: Use disposable synthetic repositories and mock integrations only. Never expose real credentials, modify production repositories, or publish/merge changes during a test run.","1. Create a disposable, versioned synthetic fixture: Shuffle event or commit order while preserving source event-time values. 2. Execute the platform workflow to cancel a long-running task and stop new commands. 3. Capture the committed result, resource version, or run status. 4. Compare the result with the source fixture and the declared invariant. 5. Repeat or recover the operation when applicable; verify access, audit evidence, and side effects.","The platform must correctly cancel a long-running task and stop new commands; the out-of-order events condition follows the configured contract; valid state is preserved, invalid or unauthorized work is rejected or quarantined without silent loss, retries do not duplicate side effects, lineage and audit evidence remain available, and no production records or credentials are used. Safety boundary: Use disposable synthetic repositories and mock integrations only. Never expose real credentials, modify production repositories, or publish/merge changes during a test run.",Playwright + platform UI/API,"sourcegraph-amp,market-platform,synthetic-data,long_running,out-of-order-events"
Sourcegraph Amp,Long-running Work and Notifications,SAMP-LONG_RUN-00077,Long-running Work and Notifications: report a task requiring user input as waiting (out-of-order events),Sourcegraph Amp: report a task requiring user input as waiting with out-of-order events,Functional,Medium,"Non-production tenant or isolated local fixture; synthetic records only; Shuffle event or commit order while preserving source event-time values. Safety boundary: Use disposable synthetic repositories and mock integrations only. Never expose real credentials, modify production repositories, or publish/merge changes during a test run.","1. Create a disposable, versioned synthetic fixture: Shuffle event or commit order while preserving source event-time values. 2. Execute the platform workflow to report a task requiring user input as waiting. 3. Capture the committed result, resource version, or run status. 4. Compare the result with the source fixture and the declared invariant. 5. Repeat or recover the operation when applicable; verify access, audit evidence, and side effects.","The platform must correctly report a task requiring user input as waiting; the out-of-order events condition follows the configured contract; valid state is preserved, invalid or unauthorized work is rejected or quarantined without silent loss, retries do not duplicate side effects, lineage and audit evidence remain available, and no production records or credentials are used. Safety boundary: Use disposable synthetic repositories and mock integrations only. Never expose real credentials, modify production repositories, or publish/merge changes during a test run.",Playwright + platform UI/API,"sourcegraph-amp,market-platform,synthetic-data,long_running,out-of-order-events"
Sourcegraph Amp,Long-running Work and Notifications,SAMP-LONG_RUN-00078,Long-running Work and Notifications: retain progress events in chronological order (out-of-order events),Sourcegraph Amp: retain progress events in chronological order with out-of-order events,Functional,High,"Non-production tenant or isolated local fixture; synthetic records only; Shuffle event or commit order while preserving source event-time values. Safety boundary: Use disposable synthetic repositories and mock integrations only. Never expose real credentials, modify production repositories, or publish/merge changes during a test run.","1. Create a disposable, versioned synthetic fixture: Shuffle event or commit order while preserving source event-time values. 2. Execute the platform workflow to retain progress events in chronological order. 3. Capture the committed result, resource version, or run status. 4. Compare the result with the source fixture and the declared invariant. 5. Repeat or recover the operation when applicable; verify access, audit evidence, and side effects.","The platform must correctly retain progress events in chronological order; the out-of-order events condition follows the configured contract; valid state is preserved, invalid or unauthorized work is rejected or quarantined without silent loss, retries do not duplicate side effects, lineage and audit evidence remain available, and no production records or credentials are used. Safety boundary: Use disposable synthetic repositories and mock integrations only. Never expose real credentials, modify production repositories, or publish/merge changes during a test run.",Playwright + platform UI/API,"sourcegraph-amp,market-platform,synthetic-data,long_running,out-of-order-events"
Sourcegraph Amp,Long-running Work and Notifications,SAMP-LONG_RUN-00079,Long-running Work and Notifications: expire completed test orbs according to retention settings (out-of-order events),Sourcegraph Amp: expire completed test orbs according to retention settings with out-of-order events,Functional,High,"Non-production tenant or isolated local fixture; synthetic records only; Shuffle event or commit order while preserving source event-time values. Safety boundary: Use disposable synthetic repositories and mock integrations only. Never expose real credentials, modify production repositories, or publish/merge changes during a test run.","1. Create a disposable, versioned synthetic fixture: Shuffle event or commit order while preserving source event-time values. 2. Execute the platform workflow to expire completed test orbs according to retention settings. 3. Capture the committed result, resource version, or run status. 4. Compare the result with the source fixture and the declared invariant. 5. Repeat or recover the operation when applicable; verify access, audit evidence, and side effects.","The platform must correctly expire completed test orbs according to retention settings; the out-of-order events condition follows the configured contract; valid state is preserved, invalid or unauthorized work is rejected or quarantined without silent loss, retries do not duplicate side effects, lineage and audit evidence remain available, and no production records or credentials are used. Safety boundary: Use disposable synthetic repositories and mock integrations only. Never expose real credentials, modify production repositories, or publish/merge changes during a test run.",Playwright + platform UI/API,"sourcegraph-amp,market-platform,synthetic-data,long_running,out-of-order-events"
Sourcegraph Amp,Long-running Work and Notifications,SAMP-LONG_RUN-00080,Long-running Work and Notifications: audit background task and notification actions (out-of-order events),Sourcegraph Amp: audit background task and notification actions with out-of-order events,Functional,High,"Non-production tenant or isolated local fixture; synthetic records only; Shuffle event or commit order while preserving source event-time values. Safety boundary: Use disposable synthetic repositories and mock integrations only. Never expose real credentials, modify production repositories, or publish/merge changes during a test run.","1. Create a disposable, versioned synthetic fixture: Shuffle event or commit order while preserving source event-time values. 2. Execute the platform workflow to audit background task and notification actions. 3. Capture the committed result, resource version, or run status. 4. Compare the result with the source fixture and the declared invariant. 5. Repeat or recover the operation when applicable; verify access, audit evidence, and side effects.","The platform must correctly audit background task and notification actions; the out-of-order events condition follows the configured contract; valid state is preserved, invalid or unauthorized work is rejected or quarantined without silent loss, retries do not duplicate side effects, lineage and audit evidence remain available, and no production records or credentials are used. Safety boundary: Use disposable synthetic repositories and mock integrations only. Never expose real credentials, modify production repositories, or publish/merge changes during a test run.",Playwright + platform UI/API,"sourcegraph-amp,market-platform,synthetic-data,long_running,out-of-order-events"
Sourcegraph Amp,Long-running Work and Notifications,SAMP-LONG_RUN-00081,Long-running Work and Notifications: continue an approved task after the client disconnects (compatible schema change),Sourcegraph Amp: continue an approved task after the client disconnects with compatible schema change,Functional,Medium,"Non-production tenant or isolated local fixture; synthetic records only; Add a nullable field while existing readers and stored versions remain active. Safety boundary: Use disposable synthetic repositories and mock integrations only. Never expose real credentials, modify production repositories, or publish/merge changes during a test run.","1. Create a disposable, versioned synthetic fixture: Add a nullable field while existing readers and stored versions remain active. 2. Execute the platform workflow to continue an approved task after the client disconnects. 3. Capture the committed result, resource version, or run status. 4. Compare the result with the source fixture and the declared invariant. 5. Repeat or recover the operation when applicable; verify access, audit evidence, and side effects.","The platform must correctly continue an approved task after the client disconnects; the compatible schema change condition follows the configured contract; valid state is preserved, invalid or unauthorized work is rejected or quarantined without silent loss, retries do not duplicate side effects, lineage and audit evidence remain available, and no production records or credentials are used. Safety boundary: Use disposable synthetic repositories and mock integrations only. Never expose real credentials, modify production repositories, or publish/merge changes during a test run.",Playwright + platform UI/API,"sourcegraph-amp,market-platform,synthetic-data,long_running,compatible-schema-change"
Sourcegraph Amp,Long-running Work and Notifications,SAMP-LONG_RUN-00082,Long-running Work and Notifications: send a completion notification to the mock user channel (compatible schema change),Sourcegraph Amp: send a completion notification to the mock user channel with compatible schema change,Functional,High,"Non-production tenant or isolated local fixture; synthetic records only; Add a nullable field while existing readers and stored versions remain active. Safety boundary: Use disposable synthetic repositories and mock integrations only. Never expose real credentials, modify production repositories, or publish/merge changes during a test run.","1. Create a disposable, versioned synthetic fixture: Add a nullable field while existing readers and stored versions remain active. 2. Execute the platform workflow to send a completion notification to the mock user channel. 3. Capture the committed result, resource version, or run status. 4. Compare the result with the source fixture and the declared invariant. 5. Repeat or recover the operation when applicable; verify access, audit evidence, and side effects.","The platform must correctly send a completion notification to the mock user channel; the compatible schema change condition follows the configured contract; valid state is preserved, invalid or unauthorized work is rejected or quarantined without silent loss, retries do not duplicate side effects, lineage and audit evidence remain available, and no production records or credentials are used. Safety boundary: Use disposable synthetic repositories and mock integrations only. Never expose real credentials, modify production repositories, or publish/merge changes during a test run.",Playwright + platform UI/API,"sourcegraph-amp,market-platform,synthetic-data,long_running,compatible-schema-change"
Sourcegraph Amp,Long-running Work and Notifications,SAMP-LONG_RUN-00083,Long-running Work and Notifications: suppress repeated notifications for the same thread result (compatible schema change),Sourcegraph Amp: suppress repeated notifications for the same thread result with compatible schema change,Functional,High,"Non-production tenant or isolated local fixture; synthetic records only; Add a nullable field while existing readers and stored versions remain active. Safety boundary: Use disposable synthetic repositories and mock integrations only. Never expose real credentials, modify production repositories, or publish/merge changes during a test run.","1. Create a disposable, versioned synthetic fixture: Add a nullable field while existing readers and stored versions remain active. 2. Execute the platform workflow to suppress repeated notifications for the same thread result. 3. Capture the committed result, resource version, or run status. 4. Compare the result with the source fixture and the declared invariant. 5. Repeat or recover the operation when applicable; verify access, audit evidence, and side effects.","The platform must correctly suppress repeated notifications for the same thread result; the compatible schema change condition follows the configured contract; valid state is preserved, invalid or unauthorized work is rejected or quarantined without silent loss, retries do not duplicate side effects, lineage and audit evidence remain available, and no production records or credentials are used. Safety boundary: Use disposable synthetic repositories and mock integrations only. Never expose real credentials, modify production repositories, or publish/merge changes during a test run.",Playwright + platform UI/API,"sourcegraph-amp,market-platform,synthetic-data,long_running,compatible-schema-change"
Sourcegraph Amp,Long-running Work and Notifications,SAMP-LONG_RUN-00084,Long-running Work and Notifications: pause an orb after its configured idle timeout (compatible schema change),Sourcegraph Amp: pause an orb after its configured idle timeout with compatible schema change,Functional,High,"Non-production tenant or isolated local fixture; synthetic records only; Add a nullable field while existing readers and stored versions remain active. Safety boundary: Use disposable synthetic repositories and mock integrations only. Never expose real credentials, modify production repositories, or publish/merge changes during a test run.","1. Create a disposable, versioned synthetic fixture: Add a nullable field while existing readers and stored versions remain active. 2. Execute the platform workflow to pause an orb after its configured idle timeout. 3. Capture the committed result, resource version, or run status. 4. Compare the result with the source fixture and the declared invariant. 5. Repeat or recover the operation when applicable; verify access, audit evidence, and side effects.","The platform must correctly pause an orb after its configured idle timeout; the compatible schema change condition follows the configured contract; valid state is preserved, invalid or unauthorized work is rejected or quarantined without silent loss, retries do not duplicate side effects, lineage and audit evidence remain available, and no production records or credentials are used. Safety boundary: Use disposable synthetic repositories and mock integrations only. Never expose real credentials, modify production repositories, or publish/merge changes during a test run.",Playwright + platform UI/API,"sourcegraph-amp,market-platform,synthetic-data,long_running,compatible-schema-change"
Sourcegraph Amp,Long-running Work and Notifications,SAMP-LONG_RUN-00085,Long-running Work and Notifications: resume pending work from the last durable thread event (compatible schema change),Sourcegraph Amp: resume pending work from the last durable thread event with compatible schema change,Functional,Medium,"Non-production tenant or isolated local fixture; synthetic records only; Add a nullable field while existing readers and stored versions remain active. Safety boundary: Use disposable synthetic repositories and mock integrations only. Never expose real credentials, modify production repositories, or publish/merge changes during a test run.","1. Create a disposable, versioned synthetic fixture: Add a nullable field while existing readers and stored versions remain active. 2. Execute the platform workflow to resume pending work from the last durable thread event. 3. Capture the committed result, resource version, or run status. 4. Compare the result with the source fixture and the declared invariant. 5. Repeat or recover the operation when applicable; verify access, audit evidence, and side effects.","The platform must correctly resume pending work from the last durable thread event; the compatible schema change condition follows the configured contract; valid state is preserved, invalid or unauthorized work is rejected or quarantined without silent loss, retries do not duplicate side effects, lineage and audit evidence remain available, and no production records or credentials are used. Safety boundary: Use disposable synthetic repositories and mock integrations only. Never expose real credentials, modify production repositories, or publish/merge changes during a test run.",Playwright + platform UI/API,"sourcegraph-amp,market-platform,synthetic-data,long_running,compatible-schema-change"
Sourcegraph Amp,Long-running Work and Notifications,SAMP-LONG_RUN-00086,Long-running Work and Notifications: cancel a long-running task and stop new commands (compatible schema change),Sourcegraph Amp: cancel a long-running task and stop new commands with compatible schema change,Functional,High,"Non-production tenant or isolated local fixture; synthetic records only; Add a nullable field while existing readers and stored versions remain active. Safety boundary: Use disposable synthetic repositories and mock integrations only. Never expose real credentials, modify production repositories, or publish/merge changes during a test run.","1. Create a disposable, versioned synthetic fixture: Add a nullable field while existing readers and stored versions remain active. 2. Execute the platform workflow to cancel a long-running task and stop new commands. 3. Capture the committed result, resource version, or run status. 4. Compare the result with the source fixture and the declared invariant. 5. Repeat or recover the operation when applicable; verify access, audit evidence, and side effects.","The platform must correctly cancel a long-running task and stop new commands; the compatible schema change condition follows the configured contract; valid state is preserved, invalid or unauthorized work is rejected or quarantined without silent loss, retries do not duplicate side effects, lineage and audit evidence remain available, and no production records or credentials are used. Safety boundary: Use disposable synthetic repositories and mock integrations only. Never expose real credentials, modify production repositories, or publish/merge changes during a test run.",Playwright + platform UI/API,"sourcegraph-amp,market-platform,synthetic-data,long_running,compatible-schema-change"
Sourcegraph Amp,Long-running Work and Notifications,SAMP-LONG_RUN-00087,Long-running Work and Notifications: report a task requiring user input as waiting (compatible schema change),Sourcegraph Amp: report a task requiring user input as waiting with compatible schema change,Functional,High,"Non-production tenant or isolated local fixture; synthetic records only; Add a nullable field while existing readers and stored versions remain active. Safety boundary: Use disposable synthetic repositories and mock integrations only. Never expose real credentials, modify production repositories, or publish/merge changes during a test run.","1. Create a disposable, versioned synthetic fixture: Add a nullable field while existing readers and stored versions remain active. 2. Execute the platform workflow to report a task requiring user input as waiting. 3. Capture the committed result, resource version, or run status. 4. Compare the result with the source fixture and the declared invariant. 5. Repeat or recover the operation when applicable; verify access, audit evidence, and side effects.","The platform must correctly report a task requiring user input as waiting; the compatible schema change condition follows the configured contract; valid state is preserved, invalid or unauthorized work is rejected or quarantined without silent loss, retries do not duplicate side effects, lineage and audit evidence remain available, and no production records or credentials are used. Safety boundary: Use disposable synthetic repositories and mock integrations only. Never expose real credentials, modify production repositories, or publish/merge changes during a test run.",Playwright + platform UI/API,"sourcegraph-amp,market-platform,synthetic-data,long_running,compatible-schema-change"
Sourcegraph Amp,Long-running Work and Notifications,SAMP-LONG_RUN-00088,Long-running Work and Notifications: retain progress events in chronological order (compatible schema change),Sourcegraph Amp: retain progress events in chronological order with compatible schema change,Functional,High,"Non-production tenant or isolated local fixture; synthetic records only; Add a nullable field while existing readers and stored versions remain active. Safety boundary: Use disposable synthetic repositories and mock integrations only. Never expose real credentials, modify production repositories, or publish/merge changes during a test run.","1. Create a disposable, versioned synthetic fixture: Add a nullable field while existing readers and stored versions remain active. 2. Execute the platform workflow to retain progress events in chronological order. 3. Capture the committed result, resource version, or run status. 4. Compare the result with the source fixture and the declared invariant. 5. Repeat or recover the operation when applicable; verify access, audit evidence, and side effects.","The platform must correctly retain progress events in chronological order; the compatible schema change condition follows the configured contract; valid state is preserved, invalid or unauthorized work is rejected or quarantined without silent loss, retries do not duplicate side effects, lineage and audit evidence remain available, and no production records or credentials are used. Safety boundary: Use disposable synthetic repositories and mock integrations only. Never expose real credentials, modify production repositories, or publish/merge changes during a test run.",Playwright + platform UI/API,"sourcegraph-amp,market-platform,synthetic-data,long_running,compatible-schema-change"
Sourcegraph Amp,Long-running Work and Notifications,SAMP-LONG_RUN-00089,Long-running Work and Notifications: expire completed test orbs according to retention settings (compatible schema change),Sourcegraph Amp: expire completed test orbs according to retention settings with compatible schema change,Functional,Medium,"Non-production tenant or isolated local fixture; synthetic records only; Add a nullable field while existing readers and stored versions remain active. Safety boundary: Use disposable synthetic repositories and mock integrations only. Never expose real credentials, modify production repositories, or publish/merge changes during a test run.","1. Create a disposable, versioned synthetic fixture: Add a nullable field while existing readers and stored versions remain active. 2. Execute the platform workflow to expire completed test orbs according to retention settings. 3. Capture the committed result, resource version, or run status. 4. Compare the result with the source fixture and the declared invariant. 5. Repeat or recover the operation when applicable; verify access, audit evidence, and side effects.","The platform must correctly expire completed test orbs according to retention settings; the compatible schema change condition follows the configured contract; valid state is preserved, invalid or unauthorized work is rejected or quarantined without silent loss, retries do not duplicate side effects, lineage and audit evidence remain available, and no production records or credentials are used. Safety boundary: Use disposable synthetic repositories and mock integrations only. Never expose real credentials, modify production repositories, or publish/merge changes during a test run.",Playwright + platform UI/API,"sourcegraph-amp,market-platform,synthetic-data,long_running,compatible-schema-change"
Sourcegraph Amp,Long-running Work and Notifications,SAMP-LONG_RUN-00090,Long-running Work and Notifications: audit background task and notification actions (compatible schema change),Sourcegraph Amp: audit background task and notification actions with compatible schema change,Functional,High,"Non-production tenant or isolated local fixture; synthetic records only; Add a nullable field while existing readers and stored versions remain active. Safety boundary: Use disposable synthetic repositories and mock integrations only. Never expose real credentials, modify production repositories, or publish/merge changes during a test run.","1. Create a disposable, versioned synthetic fixture: Add a nullable field while existing readers and stored versions remain active. 2. Execute the platform workflow to audit background task and notification actions. 3. Capture the committed result, resource version, or run status. 4. Compare the result with the source fixture and the declared invariant. 5. Repeat or recover the operation when applicable; verify access, audit evidence, and side effects.","The platform must correctly audit background task and notification actions; the compatible schema change condition follows the configured contract; valid state is preserved, invalid or unauthorized work is rejected or quarantined without silent loss, retries do not duplicate side effects, lineage and audit evidence remain available, and no production records or credentials are used. Safety boundary: Use disposable synthetic repositories and mock integrations only. Never expose real credentials, modify production repositories, or publish/merge changes during a test run.",Playwright + platform UI/API,"sourcegraph-amp,market-platform,synthetic-data,long_running,compatible-schema-change"
Sourcegraph Amp,Long-running Work and Notifications,SAMP-LONG_RUN-00091,Long-running Work and Notifications: continue an approved task after the client disconnects (field rename),Sourcegraph Amp: continue an approved task after the client disconnects with field rename,Functional,High,"Non-production tenant or isolated local fixture; synthetic records only; Rename a field using the supported migration path and inspect historical reads. Safety boundary: Use disposable synthetic repositories and mock integrations only. Never expose real credentials, modify production repositories, or publish/merge changes during a test run.","1. Create a disposable, versioned synthetic fixture: Rename a field using the supported migration path and inspect historical reads. 2. Execute the platform workflow to continue an approved task after the client disconnects. 3. Capture the committed result, resource version, or run status. 4. Compare the result with the source fixture and the declared invariant. 5. Repeat or recover the operation when applicable; verify access, audit evidence, and side effects.","The platform must correctly continue an approved task after the client disconnects; the field rename condition follows the configured contract; valid state is preserved, invalid or unauthorized work is rejected or quarantined without silent loss, retries do not duplicate side effects, lineage and audit evidence remain available, and no production records or credentials are used. Safety boundary: Use disposable synthetic repositories and mock integrations only. Never expose real credentials, modify production repositories, or publish/merge changes during a test run.",Playwright + platform UI/API,"sourcegraph-amp,market-platform,synthetic-data,long_running,field-rename"
Sourcegraph Amp,Long-running Work and Notifications,SAMP-LONG_RUN-00092,Long-running Work and Notifications: send a completion notification to the mock user channel (field rename),Sourcegraph Amp: send a completion notification to the mock user channel with field rename,Functional,High,"Non-production tenant or isolated local fixture; synthetic records only; Rename a field using the supported migration path and inspect historical reads. Safety boundary: Use disposable synthetic repositories and mock integrations only. Never expose real credentials, modify production repositories, or publish/merge changes during a test run.","1. Create a disposable, versioned synthetic fixture: Rename a field using the supported migration path and inspect historical reads. 2. Execute the platform workflow to send a completion notification to the mock user channel. 3. Capture the committed result, resource version, or run status. 4. Compare the result with the source fixture and the declared invariant. 5. Repeat or recover the operation when applicable; verify access, audit evidence, and side effects.","The platform must correctly send a completion notification to the mock user channel; the field rename condition follows the configured contract; valid state is preserved, invalid or unauthorized work is rejected or quarantined without silent loss, retries do not duplicate side effects, lineage and audit evidence remain available, and no production records or credentials are used. Safety boundary: Use disposable synthetic repositories and mock integrations only. Never expose real credentials, modify production repositories, or publish/merge changes during a test run.",Playwright + platform UI/API,"sourcegraph-amp,market-platform,synthetic-data,long_running,field-rename"
Sourcegraph Amp,Long-running Work and Notifications,SAMP-LONG_RUN-00093,Long-running Work and Notifications: suppress repeated notifications for the same thread result (field rename),Sourcegraph Amp: suppress repeated notifications for the same thread result with field rename,Functional,Medium,"Non-production tenant or isolated local fixture; synthetic records only; Rename a field using the supported migration path and inspect historical reads. Safety boundary: Use disposable synthetic repositories and mock integrations only. Never expose real credentials, modify production repositories, or publish/merge changes during a test run.","1. Create a disposable, versioned synthetic fixture: Rename a field using the supported migration path and inspect historical reads. 2. Execute the platform workflow to suppress repeated notifications for the same thread result. 3. Capture the committed result, resource version, or run status. 4. Compare the result with the source fixture and the declared invariant. 5. Repeat or recover the operation when applicable; verify access, audit evidence, and side effects.","The platform must correctly suppress repeated notifications for the same thread result; the field rename condition follows the configured contract; valid state is preserved, invalid or unauthorized work is rejected or quarantined without silent loss, retries do not duplicate side effects, lineage and audit evidence remain available, and no production records or credentials are used. Safety boundary: Use disposable synthetic repositories and mock integrations only. Never expose real credentials, modify production repositories, or publish/merge changes during a test run.",Playwright + platform UI/API,"sourcegraph-amp,market-platform,synthetic-data,long_running,field-rename"
Sourcegraph Amp,Long-running Work and Notifications,SAMP-LONG_RUN-00094,Long-running Work and Notifications: pause an orb after its configured idle timeout (field rename),Sourcegraph Amp: pause an orb after its configured idle timeout with field rename,Functional,High,"Non-production tenant or isolated local fixture; synthetic records only; Rename a field using the supported migration path and inspect historical reads. Safety boundary: Use disposable synthetic repositories and mock integrations only. Never expose real credentials, modify production repositories, or publish/merge changes during a test run.","1. Create a disposable, versioned synthetic fixture: Rename a field using the supported migration path and inspect historical reads. 2. Execute the platform workflow to pause an orb after its configured idle timeout. 3. Capture the committed result, resource version, or run status. 4. Compare the result with the source fixture and the declared invariant. 5. Repeat or recover the operation when applicable; verify access, audit evidence, and side effects.","The platform must correctly pause an orb after its configured idle timeout; the field rename condition follows the configured contract; valid state is preserved, invalid or unauthorized work is rejected or quarantined without silent loss, retries do not duplicate side effects, lineage and audit evidence remain available, and no production records or credentials are used. Safety boundary: Use disposable synthetic repositories and mock integrations only. Never expose real credentials, modify production repositories, or publish/merge changes during a test run.",Playwright + platform UI/API,"sourcegraph-amp,market-platform,synthetic-data,long_running,field-rename"
Sourcegraph Amp,Long-running Work and Notifications,SAMP-LONG_RUN-00095,Long-running Work and Notifications: resume pending work from the last durable thread event (field rename),Sourcegraph Amp: resume pending work from the last durable thread event with field rename,Functional,High,"Non-production tenant or isolated local fixture; synthetic records only; Rename a field using the supported migration path and inspect historical reads. Safety boundary: Use disposable synthetic repositories and mock integrations only. Never expose real credentials, modify production repositories, or publish/merge changes during a test run.","1. Create a disposable, versioned synthetic fixture: Rename a field using the supported migration path and inspect historical reads. 2. Execute the platform workflow to resume pending work from the last durable thread event. 3. Capture the committed result, resource version, or run status. 4. Compare the result with the source fixture and the declared invariant. 5. Repeat or recover the operation when applicable; verify access, audit evidence, and side effects.","The platform must correctly resume pending work from the last durable thread event; the field rename condition follows the configured contract; valid state is preserved, invalid or unauthorized work is rejected or quarantined without silent loss, retries do not duplicate side effects, lineage and audit evidence remain available, and no production records or credentials are used. Safety boundary: Use disposable synthetic repositories and mock integrations only. Never expose real credentials, modify production repositories, or publish/merge changes during a test run.",Playwright + platform UI/API,"sourcegraph-amp,market-platform,synthetic-data,long_running,field-rename"
Sourcegraph Amp,Long-running Work and Notifications,SAMP-LONG_RUN-00096,Long-running Work and Notifications: cancel a long-running task and stop new commands (field rename),Sourcegraph Amp: cancel a long-running task and stop new commands with field rename,Functional,High,"Non-production tenant or isolated local fixture; synthetic records only; Rename a field using the supported migration path and inspect historical reads. Safety boundary: Use disposable synthetic repositories and mock integrations only. Never expose real credentials, modify production repositories, or publish/merge changes during a test run.","1. Create a disposable, versioned synthetic fixture: Rename a field using the supported migration path and inspect historical reads. 2. Execute the platform workflow to cancel a long-running task and stop new commands. 3. Capture the committed result, resource version, or run status. 4. Compare the result with the source fixture and the declared invariant. 5. Repeat or recover the operation when applicable; verify access, audit evidence, and side effects.","The platform must correctly cancel a long-running task and stop new commands; the field rename condition follows the configured contract; valid state is preserved, invalid or unauthorized work is rejected or quarantined without silent loss, retries do not duplicate side effects, lineage and audit evidence remain available, and no production records or credentials are used. Safety boundary: Use disposable synthetic repositories and mock integrations only. Never expose real credentials, modify production repositories, or publish/merge changes during a test run.",Playwright + platform UI/API,"sourcegraph-amp,market-platform,synthetic-data,long_running,field-rename"
Sourcegraph Amp,Long-running Work and Notifications,SAMP-LONG_RUN-00097,Long-running Work and Notifications: report a task requiring user input as waiting (field rename),Sourcegraph Amp: report a task requiring user input as waiting with field rename,Functional,Medium,"Non-production tenant or isolated local fixture; synthetic records only; Rename a field using the supported migration path and inspect historical reads. Safety boundary: Use disposable synthetic repositories and mock integrations only. Never expose real credentials, modify production repositories, or publish/merge changes during a test run.","1. Create a disposable, versioned synthetic fixture: Rename a field using the supported migration path and inspect historical reads. 2. Execute the platform workflow to report a task requiring user input as waiting. 3. Capture the committed result, resource version, or run status. 4. Compare the result with the source fixture and the declared invariant. 5. Repeat or recover the operation when applicable; verify access, audit evidence, and side effects.","The platform must correctly report a task requiring user input as waiting; the field rename condition follows the configured contract; valid state is preserved, invalid or unauthorized work is rejected or quarantined without silent loss, retries do not duplicate side effects, lineage and audit evidence remain available, and no production records or credentials are used. Safety boundary: Use disposable synthetic repositories and mock integrations only. Never expose real credentials, modify production repositories, or publish/merge changes during a test run.",Playwright + platform UI/API,"sourcegraph-amp,market-platform,synthetic-data,long_running,field-rename"
Sourcegraph Amp,Long-running Work and Notifications,SAMP-LONG_RUN-00098,Long-running Work and Notifications: retain progress events in chronological order (field rename),Sourcegraph Amp: retain progress events in chronological order with field rename,Functional,High,"Non-production tenant or isolated local fixture; synthetic records only; Rename a field using the supported migration path and inspect historical reads. Safety boundary: Use disposable synthetic repositories and mock integrations only. Never expose real credentials, modify production repositories, or publish/merge changes during a test run.","1. Create a disposable, versioned synthetic fixture: Rename a field using the supported migration path and inspect historical reads. 2. Execute the platform workflow to retain progress events in chronological order. 3. Capture the committed result, resource version, or run status. 4. Compare the result with the source fixture and the declared invariant. 5. Repeat or recover the operation when applicable; verify access, audit evidence, and side effects.","The platform must correctly retain progress events in chronological order; the field rename condition follows the configured contract; valid state is preserved, invalid or unauthorized work is rejected or quarantined without silent loss, retries do not duplicate side effects, lineage and audit evidence remain available, and no production records or credentials are used. Safety boundary: Use disposable synthetic repositories and mock integrations only. Never expose real credentials, modify production repositories, or publish/merge changes during a test run.",Playwright + platform UI/API,"sourcegraph-amp,market-platform,synthetic-data,long_running,field-rename"
Sourcegraph Amp,Long-running Work and Notifications,SAMP-LONG_RUN-00099,Long-running Work and Notifications: expire completed test orbs according to retention settings (field rename),Sourcegraph Amp: expire completed test orbs according to retention settings with field rename,Functional,High,"Non-production tenant or isolated local fixture; synthetic records only; Rename a field using the supported migration path and inspect historical reads. Safety boundary: Use disposable synthetic repositories and mock integrations only. Never expose real credentials, modify production repositories, or publish/merge changes during a test run.","1. Create a disposable, versioned synthetic fixture: Rename a field using the supported migration path and inspect historical reads. 2. Execute the platform workflow to expire completed test orbs according to retention settings. 3. Capture the committed result, resource version, or run status. 4. Compare the result with the source fixture and the declared invariant. 5. Repeat or recover the operation when applicable; verify access, audit evidence, and side effects.","The platform must correctly expire completed test orbs according to retention settings; the field rename condition follows the configured contract; valid state is preserved, invalid or unauthorized work is rejected or quarantined without silent loss, retries do not duplicate side effects, lineage and audit evidence remain available, and no production records or credentials are used. Safety boundary: Use disposable synthetic repositories and mock integrations only. Never expose real credentials, modify production repositories, or publish/merge changes during a test run.",Playwright + platform UI/API,"sourcegraph-amp,market-platform,synthetic-data,long_running,field-rename"
Sourcegraph Amp,Long-running Work and Notifications,SAMP-LONG_RUN-00100,Long-running Work and Notifications: audit background task and notification actions (field rename),Sourcegraph Amp: audit background task and notification actions with field rename,Functional,High,"Non-production tenant or isolated local fixture; synthetic records only; Rename a field using the supported migration path and inspect historical reads. Safety boundary: Use disposable synthetic repositories and mock integrations only. Never expose real credentials, modify production repositories, or publish/merge changes during a test run.","1. Create a disposable, versioned synthetic fixture: Rename a field using the supported migration path and inspect historical reads. 2. Execute the platform workflow to audit background task and notification actions. 3. Capture the committed result, resource version, or run status. 4. Compare the result with the source fixture and the declared invariant. 5. Repeat or recover the operation when applicable; verify access, audit evidence, and side effects.","The platform must correctly audit background task and notification actions; the field rename condition follows the configured contract; valid state is preserved, invalid or unauthorized work is rejected or quarantined without silent loss, retries do not duplicate side effects, lineage and audit evidence remain available, and no production records or credentials are used. Safety boundary: Use disposable synthetic repositories and mock integrations only. Never expose real credentials, modify production repositories, or publish/merge changes during a test run.",Playwright + platform UI/API,"sourcegraph-amp,market-platform,synthetic-data,long_running,field-rename"
Sourcegraph Amp,Long-running Work and Notifications,SAMP-LONG_RUN-00101,Long-running Work and Notifications: continue an approved task after the client disconnects (worker restart),Sourcegraph Amp: continue an approved task after the client disconnects with worker restart,Resilience,Medium,"Non-production tenant or isolated local fixture; synthetic records only; Restart a worker after processing input but before final checkpoint or commit. Safety boundary: Use disposable synthetic repositories and mock integrations only. Never expose real credentials, modify production repositories, or publish/merge changes during a test run.","1. Create a disposable, versioned synthetic fixture: Restart a worker after processing input but before final checkpoint or commit. 2. Execute the platform workflow to continue an approved task after the client disconnects. 3. Capture the committed result, resource version, or run status. 4. Compare the result with the source fixture and the declared invariant. 5. Repeat or recover the operation when applicable; verify access, audit evidence, and side effects.","The platform must correctly continue an approved task after the client disconnects; the worker restart condition follows the configured contract; valid state is preserved, invalid or unauthorized work is rejected or quarantined without silent loss, retries do not duplicate side effects, lineage and audit evidence remain available, and no production records or credentials are used. Safety boundary: Use disposable synthetic repositories and mock integrations only. Never expose real credentials, modify production repositories, or publish/merge changes during a test run.",Playwright + platform UI/API,"sourcegraph-amp,market-platform,synthetic-data,long_running,worker-restart"
Sourcegraph Amp,Long-running Work and Notifications,SAMP-LONG_RUN-00102,Long-running Work and Notifications: send a completion notification to the mock user channel (worker restart),Sourcegraph Amp: send a completion notification to the mock user channel with worker restart,Resilience,High,"Non-production tenant or isolated local fixture; synthetic records only; Restart a worker after processing input but before final checkpoint or commit. Safety boundary: Use disposable synthetic repositories and mock integrations only. Never expose real credentials, modify production repositories, or publish/merge changes during a test run.","1. Create a disposable, versioned synthetic fixture: Restart a worker after processing input but before final checkpoint or commit. 2. Execute the platform workflow to send a completion notification to the mock user channel. 3. Capture the committed result, resource version, or run status. 4. Compare the result with the source fixture and the declared invariant. 5. Repeat or recover the operation when applicable; verify access, audit evidence, and side effects.","The platform must correctly send a completion notification to the mock user channel; the worker restart condition follows the configured contract; valid state is preserved, invalid or unauthorized work is rejected or quarantined without silent loss, retries do not duplicate side effects, lineage and audit evidence remain available, and no production records or credentials are used. Safety boundary: Use disposable synthetic repositories and mock integrations only. Never expose real credentials, modify production repositories, or publish/merge changes during a test run.",Playwright + platform UI/API,"sourcegraph-amp,market-platform,synthetic-data,long_running,worker-restart"
Sourcegraph Amp,Long-running Work and Notifications,SAMP-LONG_RUN-00103,Long-running Work and Notifications: suppress repeated notifications for the same thread result (worker restart),Sourcegraph Amp: suppress repeated notifications for the same thread result with worker restart,Resilience,High,"Non-production tenant or isolated local fixture; synthetic records only; Restart a worker after processing input but before final checkpoint or commit. Safety boundary: Use disposable synthetic repositories and mock integrations only. Never expose real credentials, modify production repositories, or publish/merge changes during a test run.","1. Create a disposable, versioned synthetic fixture: Restart a worker after processing input but before final checkpoint or commit. 2. Execute the platform workflow to suppress repeated notifications for the same thread result. 3. Capture the committed result, resource version, or run status. 4. Compare the result with the source fixture and the declared invariant. 5. Repeat or recover the operation when applicable; verify access, audit evidence, and side effects.","The platform must correctly suppress repeated notifications for the same thread result; the worker restart condition follows the configured contract; valid state is preserved, invalid or unauthorized work is rejected or quarantined without silent loss, retries do not duplicate side effects, lineage and audit evidence remain available, and no production records or credentials are used. Safety boundary: Use disposable synthetic repositories and mock integrations only. Never expose real credentials, modify production repositories, or publish/merge changes during a test run.",Playwright + platform UI/API,"sourcegraph-amp,market-platform,synthetic-data,long_running,worker-restart"
Sourcegraph Amp,Long-running Work and Notifications,SAMP-LONG_RUN-00104,Long-running Work and Notifications: pause an orb after its configured idle timeout (worker restart),Sourcegraph Amp: pause an orb after its configured idle timeout with worker restart,Resilience,High,"Non-production tenant or isolated local fixture; synthetic records only; Restart a worker after processing input but before final checkpoint or commit. Safety boundary: Use disposable synthetic repositories and mock integrations only. Never expose real credentials, modify production repositories, or publish/merge changes during a test run.","1. Create a disposable, versioned synthetic fixture: Restart a worker after processing input but before final checkpoint or commit. 2. Execute the platform workflow to pause an orb after its configured idle timeout. 3. Capture the committed result, resource version, or run status. 4. Compare the result with the source fixture and the declared invariant. 5. Repeat or recover the operation when applicable; verify access, audit evidence, and side effects.","The platform must correctly pause an orb after its configured idle timeout; the worker restart condition follows the configured contract; valid state is preserved, invalid or unauthorized work is rejected or quarantined without silent loss, retries do not duplicate side effects, lineage and audit evidence remain available, and no production records or credentials are used. Safety boundary: Use disposable synthetic repositories and mock integrations only. Never expose real credentials, modify production repositories, or publish/merge changes during a test run.",Playwright + platform UI/API,"sourcegraph-amp,market-platform,synthetic-data,long_running,worker-restart"
Sourcegraph Amp,Long-running Work and Notifications,SAMP-LONG_RUN-00105,Long-running Work and Notifications: resume pending work from the last durable thread event (worker restart),Sourcegraph Amp: resume pending work from the last durable thread event with worker restart,Resilience,Medium,"Non-production tenant or isolated local fixture; synthetic records only; Restart a worker after processing input but before final checkpoint or commit. Safety boundary: Use disposable synthetic repositories and mock integrations only. Never expose real credentials, modify production repositories, or publish/merge changes during a test run.","1. Create a disposable, versioned synthetic fixture: Restart a worker after processing input but before final checkpoint or commit. 2. Execute the platform workflow to resume pending work from the last durable thread event. 3. Capture the committed result, resource version, or run status. 4. Compare the result with the source fixture and the declared invariant. 5. Repeat or recover the operation when applicable; verify access, audit evidence, and side effects.","The platform must correctly resume pending work from the last durable thread event; the worker restart condition follows the configured contract; valid state is preserved, invalid or unauthorized work is rejected or quarantined without silent loss, retries do not duplicate side effects, lineage and audit evidence remain available, and no production records or credentials are used. Safety boundary: Use disposable synthetic repositories and mock integrations only. Never expose real credentials, modify production repositories, or publish/merge changes during a test run.",Playwright + platform UI/API,"sourcegraph-amp,market-platform,synthetic-data,long_running,worker-restart"
Sourcegraph Amp,Long-running Work and Notifications,SAMP-LONG_RUN-00106,Long-running Work and Notifications: cancel a long-running task and stop new commands (worker restart),Sourcegraph Amp: cancel a long-running task and stop new commands with worker restart,Resilience,High,"Non-production tenant or isolated local fixture; synthetic records only; Restart a worker after processing input but before final checkpoint or commit. Safety boundary: Use disposable synthetic repositories and mock integrations only. Never expose real credentials, modify production repositories, or publish/merge changes during a test run.","1. Create a disposable, versioned synthetic fixture: Restart a worker after processing input but before final checkpoint or commit. 2. Execute the platform workflow to cancel a long-running task and stop new commands. 3. Capture the committed result, resource version, or run status. 4. Compare the result with the source fixture and the declared invariant. 5. Repeat or recover the operation when applicable; verify access, audit evidence, and side effects.","The platform must correctly cancel a long-running task and stop new commands; the worker restart condition follows the configured contract; valid state is preserved, invalid or unauthorized work is rejected or quarantined without silent loss, retries do not duplicate side effects, lineage and audit evidence remain available, and no production records or credentials are used. Safety boundary: Use disposable synthetic repositories and mock integrations only. Never expose real credentials, modify production repositories, or publish/merge changes during a test run.",Playwright + platform UI/API,"sourcegraph-amp,market-platform,synthetic-data,long_running,worker-restart"
Sourcegraph Amp,Long-running Work and Notifications,SAMP-LONG_RUN-00107,Long-running Work and Notifications: report a task requiring user input as waiting (worker restart),Sourcegraph Amp: report a task requiring user input as waiting with worker restart,Resilience,High,"Non-production tenant or isolated local fixture; synthetic records only; Restart a worker after processing input but before final checkpoint or commit. Safety boundary: Use disposable synthetic repositories and mock integrations only. Never expose real credentials, modify production repositories, or publish/merge changes during a test run.","1. Create a disposable, versioned synthetic fixture: Restart a worker after processing input but before final checkpoint or commit. 2. Execute the platform workflow to report a task requiring user input as waiting. 3. Capture the committed result, resource version, or run status. 4. Compare the result with the source fixture and the declared invariant. 5. Repeat or recover the operation when applicable; verify access, audit evidence, and side effects.","The platform must correctly report a task requiring user input as waiting; the worker restart condition follows the configured contract; valid state is preserved, invalid or unauthorized work is rejected or quarantined without silent loss, retries do not duplicate side effects, lineage and audit evidence remain available, and no production records or credentials are used. Safety boundary: Use disposable synthetic repositories and mock integrations only. Never expose real credentials, modify production repositories, or publish/merge changes during a test run.",Playwright + platform UI/API,"sourcegraph-amp,market-platform,synthetic-data,long_running,worker-restart"
Sourcegraph Amp,Long-running Work and Notifications,SAMP-LONG_RUN-00108,Long-running Work and Notifications: retain progress events in chronological order (worker restart),Sourcegraph Amp: retain progress events in chronological order with worker restart,Resilience,High,"Non-production tenant or isolated local fixture; synthetic records only; Restart a worker after processing input but before final checkpoint or commit. Safety boundary: Use disposable synthetic repositories and mock integrations only. Never expose real credentials, modify production repositories, or publish/merge changes during a test run.","1. Create a disposable, versioned synthetic fixture: Restart a worker after processing input but before final checkpoint or commit. 2. Execute the platform workflow to retain progress events in chronological order. 3. Capture the committed result, resource version, or run status. 4. Compare the result with the source fixture and the declared invariant. 5. Repeat or recover the operation when applicable; verify access, audit evidence, and side effects.","The platform must correctly retain progress events in chronological order; the worker restart condition follows the configured contract; valid state is preserved, invalid or unauthorized work is rejected or quarantined without silent loss, retries do not duplicate side effects, lineage and audit evidence remain available, and no production records or credentials are used. Safety boundary: Use disposable synthetic repositories and mock integrations only. Never expose real credentials, modify production repositories, or publish/merge changes during a test run.",Playwright + platform UI/API,"sourcegraph-amp,market-platform,synthetic-data,long_running,worker-restart"
Sourcegraph Amp,Long-running Work and Notifications,SAMP-LONG_RUN-00109,Long-running Work and Notifications: expire completed test orbs according to retention settings (worker restart),Sourcegraph Amp: expire completed test orbs according to retention settings with worker restart,Resilience,Medium,"Non-production tenant or isolated local fixture; synthetic records only; Restart a worker after processing input but before final checkpoint or commit. Safety boundary: Use disposable synthetic repositories and mock integrations only. Never expose real credentials, modify production repositories, or publish/merge changes during a test run.","1. Create a disposable, versioned synthetic fixture: Restart a worker after processing input but before final checkpoint or commit. 2. Execute the platform workflow to expire completed test orbs according to retention settings. 3. Capture the committed result, resource version, or run status. 4. Compare the result with the source fixture and the declared invariant. 5. Repeat or recover the operation when applicable; verify access, audit evidence, and side effects.","The platform must correctly expire completed test orbs according to retention settings; the worker restart condition follows the configured contract; valid state is preserved, invalid or unauthorized work is rejected or quarantined without silent loss, retries do not duplicate side effects, lineage and audit evidence remain available, and no production records or credentials are used. Safety boundary: Use disposable synthetic repositories and mock integrations only. Never expose real credentials, modify production repositories, or publish/merge changes during a test run.",Playwright + platform UI/API,"sourcegraph-amp,market-platform,synthetic-data,long_running,worker-restart"
Sourcegraph Amp,Long-running Work and Notifications,SAMP-LONG_RUN-00110,Long-running Work and Notifications: audit background task and notification actions (worker restart),Sourcegraph Amp: audit background task and notification actions with worker restart,Resilience,High,"Non-production tenant or isolated local fixture; synthetic records only; Restart a worker after processing input but before final checkpoint or commit. Safety boundary: Use disposable synthetic repositories and mock integrations only. Never expose real credentials, modify production repositories, or publish/merge changes during a test run.","1. Create a disposable, versioned synthetic fixture: Restart a worker after processing input but before final checkpoint or commit. 2. Execute the platform workflow to audit background task and notification actions. 3. Capture the committed result, resource version, or run status. 4. Compare the result with the source fixture and the declared invariant. 5. Repeat or recover the operation when applicable; verify access, audit evidence, and side effects.","The platform must correctly audit background task and notification actions; the worker restart condition follows the configured contract; valid state is preserved, invalid or unauthorized work is rejected or quarantined without silent loss, retries do not duplicate side effects, lineage and audit evidence remain available, and no production records or credentials are used. Safety boundary: Use disposable synthetic repositories and mock integrations only. Never expose real credentials, modify production repositories, or publish/merge changes during a test run.",Playwright + platform UI/API,"sourcegraph-amp,market-platform,synthetic-data,long_running,worker-restart"
Sourcegraph Amp,Long-running Work and Notifications,SAMP-LONG_RUN-00111,Long-running Work and Notifications: continue an approved task after the client disconnects (least privilege),Sourcegraph Amp: continue an approved task after the client disconnects with least privilege,Security,Critical,"Non-production tenant or isolated local fixture; synthetic records only; Compare the authorized role with a role missing the required grant. Safety boundary: Use disposable synthetic repositories and mock integrations only. Never expose real credentials, modify production repositories, or publish/merge changes during a test run.","1. Create a disposable, versioned synthetic fixture: Compare the authorized role with a role missing the required grant. 2. Execute the platform workflow to continue an approved task after the client disconnects. 3. Capture the committed result, resource version, or run status. 4. Compare the result with the source fixture and the declared invariant. 5. Repeat or recover the operation when applicable; verify access, audit evidence, and side effects.","The platform must correctly continue an approved task after the client disconnects; the least privilege condition follows the configured contract; valid state is preserved, invalid or unauthorized work is rejected or quarantined without silent loss, retries do not duplicate side effects, lineage and audit evidence remain available, and no production records or credentials are used. Safety boundary: Use disposable synthetic repositories and mock integrations only. Never expose real credentials, modify production repositories, or publish/merge changes during a test run.",Playwright + platform UI/API,"sourcegraph-amp,market-platform,synthetic-data,long_running,least-privilege"
Sourcegraph Amp,Long-running Work and Notifications,SAMP-LONG_RUN-00112,Long-running Work and Notifications: send a completion notification to the mock user channel (least privilege),Sourcegraph Amp: send a completion notification to the mock user channel with least privilege,Security,Critical,"Non-production tenant or isolated local fixture; synthetic records only; Compare the authorized role with a role missing the required grant. Safety boundary: Use disposable synthetic repositories and mock integrations only. Never expose real credentials, modify production repositories, or publish/merge changes during a test run.","1. Create a disposable, versioned synthetic fixture: Compare the authorized role with a role missing the required grant. 2. Execute the platform workflow to send a completion notification to the mock user channel. 3. Capture the committed result, resource version, or run status. 4. Compare the result with the source fixture and the declared invariant. 5. Repeat or recover the operation when applicable; verify access, audit evidence, and side effects.","The platform must correctly send a completion notification to the mock user channel; the least privilege condition follows the configured contract; valid state is preserved, invalid or unauthorized work is rejected or quarantined without silent loss, retries do not duplicate side effects, lineage and audit evidence remain available, and no production records or credentials are used. Safety boundary: Use disposable synthetic repositories and mock integrations only. Never expose real credentials, modify production repositories, or publish/merge changes during a test run.",Playwright + platform UI/API,"sourcegraph-amp,market-platform,synthetic-data,long_running,least-privilege"
Sourcegraph Amp,Long-running Work and Notifications,SAMP-LONG_RUN-00113,Long-running Work and Notifications: suppress repeated notifications for the same thread result (least privilege),Sourcegraph Amp: suppress repeated notifications for the same thread result with least privilege,Security,Critical,"Non-production tenant or isolated local fixture; synthetic records only; Compare the authorized role with a role missing the required grant. Safety boundary: Use disposable synthetic repositories and mock integrations only. Never expose real credentials, modify production repositories, or publish/merge changes during a test run.","1. Create a disposable, versioned synthetic fixture: Compare the authorized role with a role missing the required grant. 2. Execute the platform workflow to suppress repeated notifications for the same thread result. 3. Capture the committed result, resource version, or run status. 4. Compare the result with the source fixture and the declared invariant. 5. Repeat or recover the operation when applicable; verify access, audit evidence, and side effects.","The platform must correctly suppress repeated notifications for the same thread result; the least privilege condition follows the configured contract; valid state is preserved, invalid or unauthorized work is rejected or quarantined without silent loss, retries do not duplicate side effects, lineage and audit evidence remain available, and no production records or credentials are used. Safety boundary: Use disposable synthetic repositories and mock integrations only. Never expose real credentials, modify production repositories, or publish/merge changes during a test run.",Playwright + platform UI/API,"sourcegraph-amp,market-platform,synthetic-data,long_running,least-privilege"
Sourcegraph Amp,Long-running Work and Notifications,SAMP-LONG_RUN-00114,Long-running Work and Notifications: pause an orb after its configured idle timeout (least privilege),Sourcegraph Amp: pause an orb after its configured idle timeout with least privilege,Security,Critical,"Non-production tenant or isolated local fixture; synthetic records only; Compare the authorized role with a role missing the required grant. Safety boundary: Use disposable synthetic repositories and mock integrations only. Never expose real credentials, modify production repositories, or publish/merge changes during a test run.","1. Create a disposable, versioned synthetic fixture: Compare the authorized role with a role missing the required grant. 2. Execute the platform workflow to pause an orb after its configured idle timeout. 3. Capture the committed result, resource version, or run status. 4. Compare the result with the source fixture and the declared invariant. 5. Repeat or recover the operation when applicable; verify access, audit evidence, and side effects.","The platform must correctly pause an orb after its configured idle timeout; the least privilege condition follows the configured contract; valid state is preserved, invalid or unauthorized work is rejected or quarantined without silent loss, retries do not duplicate side effects, lineage and audit evidence remain available, and no production records or credentials are used. Safety boundary: Use disposable synthetic repositories and mock integrations only. Never expose real credentials, modify production repositories, or publish/merge changes during a test run.",Playwright + platform UI/API,"sourcegraph-amp,market-platform,synthetic-data,long_running,least-privilege"
Sourcegraph Amp,Long-running Work and Notifications,SAMP-LONG_RUN-00115,Long-running Work and Notifications: resume pending work from the last durable thread event (least privilege),Sourcegraph Amp: resume pending work from the last durable thread event with least privilege,Security,Critical,"Non-production tenant or isolated local fixture; synthetic records only; Compare the authorized role with a role missing the required grant. Safety boundary: Use disposable synthetic repositories and mock integrations only. Never expose real credentials, modify production repositories, or publish/merge changes during a test run.","1. Create a disposable, versioned synthetic fixture: Compare the authorized role with a role missing the required grant. 2. Execute the platform workflow to resume pending work from the last durable thread event. 3. Capture the committed result, resource version, or run status. 4. Compare the result with the source fixture and the declared invariant. 5. Repeat or recover the operation when applicable; verify access, audit evidence, and side effects.","The platform must correctly resume pending work from the last durable thread event; the least privilege condition follows the configured contract; valid state is preserved, invalid or unauthorized work is rejected or quarantined without silent loss, retries do not duplicate side effects, lineage and audit evidence remain available, and no production records or credentials are used. Safety boundary: Use disposable synthetic repositories and mock integrations only. Never expose real credentials, modify production repositories, or publish/merge changes during a test run.",Playwright + platform UI/API,"sourcegraph-amp,market-platform,synthetic-data,long_running,least-privilege"
Sourcegraph Amp,Long-running Work and Notifications,SAMP-LONG_RUN-00116,Long-running Work and Notifications: cancel a long-running task and stop new commands (least privilege),Sourcegraph Amp: cancel a long-running task and stop new commands with least privilege,Security,Critical,"Non-production tenant or isolated local fixture; synthetic records only; Compare the authorized role with a role missing the required grant. Safety boundary: Use disposable synthetic repositories and mock integrations only. Never expose real credentials, modify production repositories, or publish/merge changes during a test run.","1. Create a disposable, versioned synthetic fixture: Compare the authorized role with a role missing the required grant. 2. Execute the platform workflow to cancel a long-running task and stop new commands. 3. Capture the committed result, resource version, or run status. 4. Compare the result with the source fixture and the declared invariant. 5. Repeat or recover the operation when applicable; verify access, audit evidence, and side effects.","The platform must correctly cancel a long-running task and stop new commands; the least privilege condition follows the configured contract; valid state is preserved, invalid or unauthorized work is rejected or quarantined without silent loss, retries do not duplicate side effects, lineage and audit evidence remain available, and no production records or credentials are used. Safety boundary: Use disposable synthetic repositories and mock integrations only. Never expose real credentials, modify production repositories, or publish/merge changes during a test run.",Playwright + platform UI/API,"sourcegraph-amp,market-platform,synthetic-data,long_running,least-privilege"
Sourcegraph Amp,Long-running Work and Notifications,SAMP-LONG_RUN-00117,Long-running Work and Notifications: report a task requiring user input as waiting (least privilege),Sourcegraph Amp: report a task requiring user input as waiting with least privilege,Security,Critical,"Non-production tenant or isolated local fixture; synthetic records only; Compare the authorized role with a role missing the required grant. Safety boundary: Use disposable synthetic repositories and mock integrations only. Never expose real credentials, modify production repositories, or publish/merge changes during a test run.","1. Create a disposable, versioned synthetic fixture: Compare the authorized role with a role missing the required grant. 2. Execute the platform workflow to report a task requiring user input as waiting. 3. Capture the committed result, resource version, or run status. 4. Compare the result with the source fixture and the declared invariant. 5. Repeat or recover the operation when applicable; verify access, audit evidence, and side effects.","The platform must correctly report a task requiring user input as waiting; the least privilege condition follows the configured contract; valid state is preserved, invalid or unauthorized work is rejected or quarantined without silent loss, retries do not duplicate side effects, lineage and audit evidence remain available, and no production records or credentials are used. Safety boundary: Use disposable synthetic repositories and mock integrations only. Never expose real credentials, modify production repositories, or publish/merge changes during a test run.",Playwright + platform UI/API,"sourcegraph-amp,market-platform,synthetic-data,long_running,least-privilege"
Sourcegraph Amp,Long-running Work and Notifications,SAMP-LONG_RUN-00118,Long-running Work and Notifications: retain progress events in chronological order (least privilege),Sourcegraph Amp: retain progress events in chronological order with least privilege,Security,Critical,"Non-production tenant or isolated local fixture; synthetic records only; Compare the authorized role with a role missing the required grant. Safety boundary: Use disposable synthetic repositories and mock integrations only. Never expose real credentials, modify production repositories, or publish/merge changes during a test run.","1. Create a disposable, versioned synthetic fixture: Compare the authorized role with a role missing the required grant. 2. Execute the platform workflow to retain progress events in chronological order. 3. Capture the committed result, resource version, or run status. 4. Compare the result with the source fixture and the declared invariant. 5. Repeat or recover the operation when applicable; verify access, audit evidence, and side effects.","The platform must correctly retain progress events in chronological order; the least privilege condition follows the configured contract; valid state is preserved, invalid or unauthorized work is rejected or quarantined without silent loss, retries do not duplicate side effects, lineage and audit evidence remain available, and no production records or credentials are used. Safety boundary: Use disposable synthetic repositories and mock integrations only. Never expose real credentials, modify production repositories, or publish/merge changes during a test run.",Playwright + platform UI/API,"sourcegraph-amp,market-platform,synthetic-data,long_running,least-privilege"
Sourcegraph Amp,Long-running Work and Notifications,SAMP-LONG_RUN-00119,Long-running Work and Notifications: expire completed test orbs according to retention settings (least privilege),Sourcegraph Amp: expire completed test orbs according to retention settings with least privilege,Security,Critical,"Non-production tenant or isolated local fixture; synthetic records only; Compare the authorized role with a role missing the required grant. Safety boundary: Use disposable synthetic repositories and mock integrations only. Never expose real credentials, modify production repositories, or publish/merge changes during a test run.","1. Create a disposable, versioned synthetic fixture: Compare the authorized role with a role missing the required grant. 2. Execute the platform workflow to expire completed test orbs according to retention settings. 3. Capture the committed result, resource version, or run status. 4. Compare the result with the source fixture and the declared invariant. 5. Repeat or recover the operation when applicable; verify access, audit evidence, and side effects.","The platform must correctly expire completed test orbs according to retention settings; the least privilege condition follows the configured contract; valid state is preserved, invalid or unauthorized work is rejected or quarantined without silent loss, retries do not duplicate side effects, lineage and audit evidence remain available, and no production records or credentials are used. Safety boundary: Use disposable synthetic repositories and mock integrations only. Never expose real credentials, modify production repositories, or publish/merge changes during a test run.",Playwright + platform UI/API,"sourcegraph-amp,market-platform,synthetic-data,long_running,least-privilege"
Sourcegraph Amp,Long-running Work and Notifications,SAMP-LONG_RUN-00120,Long-running Work and Notifications: audit background task and notification actions (least privilege),Sourcegraph Amp: audit background task and notification actions with least privilege,Security,Critical,"Non-production tenant or isolated local fixture; synthetic records only; Compare the authorized role with a role missing the required grant. Safety boundary: Use disposable synthetic repositories and mock integrations only. Never expose real credentials, modify production repositories, or publish/merge changes during a test run.","1. Create a disposable, versioned synthetic fixture: Compare the authorized role with a role missing the required grant. 2. Execute the platform workflow to audit background task and notification actions. 3. Capture the committed result, resource version, or run status. 4. Compare the result with the source fixture and the declared invariant. 5. Repeat or recover the operation when applicable; verify access, audit evidence, and side effects.","The platform must correctly audit background task and notification actions; the least privilege condition follows the configured contract; valid state is preserved, invalid or unauthorized work is rejected or quarantined without silent loss, retries do not duplicate side effects, lineage and audit evidence remain available, and no production records or credentials are used. Safety boundary: Use disposable synthetic repositories and mock integrations only. Never expose real credentials, modify production repositories, or publish/merge changes during a test run.",Playwright + platform UI/API,"sourcegraph-amp,market-platform,synthetic-data,long_running,least-privilege"
Sourcegraph Amp,Long-running Work and Notifications,SAMP-LONG_RUN-00121,Long-running Work and Notifications: continue an approved task after the client disconnects (concurrent writers),Sourcegraph Amp: continue an approved task after the client disconnects with concurrent writers,Functional,Medium,"Non-production tenant or isolated local fixture; synthetic records only; Run two valid writers against overlapping logical data at the same time. Safety boundary: Use disposable synthetic repositories and mock integrations only. Never expose real credentials, modify production repositories, or publish/merge changes during a test run.","1. Create a disposable, versioned synthetic fixture: Run two valid writers against overlapping logical data at the same time. 2. Execute the platform workflow to continue an approved task after the client disconnects. 3. Capture the committed result, resource version, or run status. 4. Compare the result with the source fixture and the declared invariant. 5. Repeat or recover the operation when applicable; verify access, audit evidence, and side effects.","The platform must correctly continue an approved task after the client disconnects; the concurrent writers condition follows the configured contract; valid state is preserved, invalid or unauthorized work is rejected or quarantined without silent loss, retries do not duplicate side effects, lineage and audit evidence remain available, and no production records or credentials are used. Safety boundary: Use disposable synthetic repositories and mock integrations only. Never expose real credentials, modify production repositories, or publish/merge changes during a test run.",Playwright + platform UI/API,"sourcegraph-amp,market-platform,synthetic-data,long_running,concurrent-writers"
Sourcegraph Amp,Long-running Work and Notifications,SAMP-LONG_RUN-00122,Long-running Work and Notifications: send a completion notification to the mock user channel (concurrent writers),Sourcegraph Amp: send a completion notification to the mock user channel with concurrent writers,Functional,High,"Non-production tenant or isolated local fixture; synthetic records only; Run two valid writers against overlapping logical data at the same time. Safety boundary: Use disposable synthetic repositories and mock integrations only. Never expose real credentials, modify production repositories, or publish/merge changes during a test run.","1. Create a disposable, versioned synthetic fixture: Run two valid writers against overlapping logical data at the same time. 2. Execute the platform workflow to send a completion notification to the mock user channel. 3. Capture the committed result, resource version, or run status. 4. Compare the result with the source fixture and the declared invariant. 5. Repeat or recover the operation when applicable; verify access, audit evidence, and side effects.","The platform must correctly send a completion notification to the mock user channel; the concurrent writers condition follows the configured contract; valid state is preserved, invalid or unauthorized work is rejected or quarantined without silent loss, retries do not duplicate side effects, lineage and audit evidence remain available, and no production records or credentials are used. Safety boundary: Use disposable synthetic repositories and mock integrations only. Never expose real credentials, modify production repositories, or publish/merge changes during a test run.",Playwright + platform UI/API,"sourcegraph-amp,market-platform,synthetic-data,long_running,concurrent-writers"
Sourcegraph Amp,Long-running Work and Notifications,SAMP-LONG_RUN-00123,Long-running Work and Notifications: suppress repeated notifications for the same thread result (concurrent writers),Sourcegraph Amp: suppress repeated notifications for the same thread result with concurrent writers,Functional,High,"Non-production tenant or isolated local fixture; synthetic records only; Run two valid writers against overlapping logical data at the same time. Safety boundary: Use disposable synthetic repositories and mock integrations only. Never expose real credentials, modify production repositories, or publish/merge changes during a test run.","1. Create a disposable, versioned synthetic fixture: Run two valid writers against overlapping logical data at the same time. 2. Execute the platform workflow to suppress repeated notifications for the same thread result. 3. Capture the committed result, resource version, or run status. 4. Compare the result with the source fixture and the declared invariant. 5. Repeat or recover the operation when applicable; verify access, audit evidence, and side effects.","The platform must correctly suppress repeated notifications for the same thread result; the concurrent writers condition follows the configured contract; valid state is preserved, invalid or unauthorized work is rejected or quarantined without silent loss, retries do not duplicate side effects, lineage and audit evidence remain available, and no production records or credentials are used. Safety boundary: Use disposable synthetic repositories and mock integrations only. Never expose real credentials, modify production repositories, or publish/merge changes during a test run.",Playwright + platform UI/API,"sourcegraph-amp,market-platform,synthetic-data,long_running,concurrent-writers"
Sourcegraph Amp,Long-running Work and Notifications,SAMP-LONG_RUN-00124,Long-running Work and Notifications: pause an orb after its configured idle timeout (concurrent writers),Sourcegraph Amp: pause an orb after its configured idle timeout with concurrent writers,Functional,High,"Non-production tenant or isolated local fixture; synthetic records only; Run two valid writers against overlapping logical data at the same time. Safety boundary: Use disposable synthetic repositories and mock integrations only. Never expose real credentials, modify production repositories, or publish/merge changes during a test run.","1. Create a disposable, versioned synthetic fixture: Run two valid writers against overlapping logical data at the same time. 2. Execute the platform workflow to pause an orb after its configured idle timeout. 3. Capture the committed result, resource version, or run status. 4. Compare the result with the source fixture and the declared invariant. 5. Repeat or recover the operation when applicable; verify access, audit evidence, and side effects.","The platform must correctly pause an orb after its configured idle timeout; the concurrent writers condition follows the configured contract; valid state is preserved, invalid or unauthorized work is rejected or quarantined without silent loss, retries do not duplicate side effects, lineage and audit evidence remain available, and no production records or credentials are used. Safety boundary: Use disposable synthetic repositories and mock integrations only. Never expose real credentials, modify production repositories, or publish/merge changes during a test run.",Playwright + platform UI/API,"sourcegraph-amp,market-platform,synthetic-data,long_running,concurrent-writers"
Sourcegraph Amp,Long-running Work and Notifications,SAMP-LONG_RUN-00125,Long-running Work and Notifications: resume pending work from the last durable thread event (concurrent writers),Sourcegraph Amp: resume pending work from the last durable thread event with concurrent writers,Functional,Medium,"Non-production tenant or isolated local fixture; synthetic records only; Run two valid writers against overlapping logical data at the same time. Safety boundary: Use disposable synthetic repositories and mock integrations only. Never expose real credentials, modify production repositories, or publish/merge changes during a test run.","1. Create a disposable, versioned synthetic fixture: Run two valid writers against overlapping logical data at the same time. 2. Execute the platform workflow to resume pending work from the last durable thread event. 3. Capture the committed result, resource version, or run status. 4. Compare the result with the source fixture and the declared invariant. 5. Repeat or recover the operation when applicable; verify access, audit evidence, and side effects.","The platform must correctly resume pending work from the last durable thread event; the concurrent writers condition follows the configured contract; valid state is preserved, invalid or unauthorized work is rejected or quarantined without silent loss, retries do not duplicate side effects, lineage and audit evidence remain available, and no production records or credentials are used. Safety boundary: Use disposable synthetic repositories and mock integrations only. Never expose real credentials, modify production repositories, or publish/merge changes during a test run.",Playwright + platform UI/API,"sourcegraph-amp,market-platform,synthetic-data,long_running,concurrent-writers"
Sourcegraph Amp,Long-running Work and Notifications,SAMP-LONG_RUN-00126,Long-running Work and Notifications: cancel a long-running task and stop new commands (concurrent writers),Sourcegraph Amp: cancel a long-running task and stop new commands with concurrent writers,Functional,High,"Non-production tenant or isolated local fixture; synthetic records only; Run two valid writers against overlapping logical data at the same time. Safety boundary: Use disposable synthetic repositories and mock integrations only. Never expose real credentials, modify production repositories, or publish/merge changes during a test run.","1. Create a disposable, versioned synthetic fixture: Run two valid writers against overlapping logical data at the same time. 2. Execute the platform workflow to cancel a long-running task and stop new commands. 3. Capture the committed result, resource version, or run status. 4. Compare the result with the source fixture and the declared invariant. 5. Repeat or recover the operation when applicable; verify access, audit evidence, and side effects.","The platform must correctly cancel a long-running task and stop new commands; the concurrent writers condition follows the configured contract; valid state is preserved, invalid or unauthorized work is rejected or quarantined without silent loss, retries do not duplicate side effects, lineage and audit evidence remain available, and no production records or credentials are used. Safety boundary: Use disposable synthetic repositories and mock integrations only. Never expose real credentials, modify production repositories, or publish/merge changes during a test run.",Playwright + platform UI/API,"sourcegraph-amp,market-platform,synthetic-data,long_running,concurrent-writers"
Sourcegraph Amp,Long-running Work and Notifications,SAMP-LONG_RUN-00127,Long-running Work and Notifications: report a task requiring user input as waiting (concurrent writers),Sourcegraph Amp: report a task requiring user input as waiting with concurrent writers,Functional,High,"Non-production tenant or isolated local fixture; synthetic records only; Run two valid writers against overlapping logical data at the same time. Safety boundary: Use disposable synthetic repositories and mock integrations only. Never expose real credentials, modify production repositories, or publish/merge changes during a test run.","1. Create a disposable, versioned synthetic fixture: Run two valid writers against overlapping logical data at the same time. 2. Execute the platform workflow to report a task requiring user input as waiting. 3. Capture the committed result, resource version, or run status. 4. Compare the result with the source fixture and the declared invariant. 5. Repeat or recover the operation when applicable; verify access, audit evidence, and side effects.","The platform must correctly report a task requiring user input as waiting; the concurrent writers condition follows the configured contract; valid state is preserved, invalid or unauthorized work is rejected or quarantined without silent loss, retries do not duplicate side effects, lineage and audit evidence remain available, and no production records or credentials are used. Safety boundary: Use disposable synthetic repositories and mock integrations only. Never expose real credentials, modify production repositories, or publish/merge changes during a test run.",Playwright + platform UI/API,"sourcegraph-amp,market-platform,synthetic-data,long_running,concurrent-writers"
Sourcegraph Amp,Long-running Work and Notifications,SAMP-LONG_RUN-00128,Long-running Work and Notifications: retain progress events in chronological order (concurrent writers),Sourcegraph Amp: retain progress events in chronological order with concurrent writers,Functional,High,"Non-production tenant or isolated local fixture; synthetic records only; Run two valid writers against overlapping logical data at the same time. Safety boundary: Use disposable synthetic repositories and mock integrations only. Never expose real credentials, modify production repositories, or publish/merge changes during a test run.","1. Create a disposable, versioned synthetic fixture: Run two valid writers against overlapping logical data at the same time. 2. Execute the platform workflow to retain progress events in chronological order. 3. Capture the committed result, resource version, or run status. 4. Compare the result with the source fixture and the declared invariant. 5. Repeat or recover the operation when applicable; verify access, audit evidence, and side effects.","The platform must correctly retain progress events in chronological order; the concurrent writers condition follows the configured contract; valid state is preserved, invalid or unauthorized work is rejected or quarantined without silent loss, retries do not duplicate side effects, lineage and audit evidence remain available, and no production records or credentials are used. Safety boundary: Use disposable synthetic repositories and mock integrations only. Never expose real credentials, modify production repositories, or publish/merge changes during a test run.",Playwright + platform UI/API,"sourcegraph-amp,market-platform,synthetic-data,long_running,concurrent-writers"
Sourcegraph Amp,Long-running Work and Notifications,SAMP-LONG_RUN-00129,Long-running Work and Notifications: expire completed test orbs according to retention settings (concurrent writers),Sourcegraph Amp: expire completed test orbs according to retention settings with concurrent writers,Functional,Medium,"Non-production tenant or isolated local fixture; synthetic records only; Run two valid writers against overlapping logical data at the same time. Safety boundary: Use disposable synthetic repositories and mock integrations only. Never expose real credentials, modify production repositories, or publish/merge changes during a test run.","1. Create a disposable, versioned synthetic fixture: Run two valid writers against overlapping logical data at the same time. 2. Execute the platform workflow to expire completed test orbs according to retention settings. 3. Capture the committed result, resource version, or run status. 4. Compare the result with the source fixture and the declared invariant. 5. Repeat or recover the operation when applicable; verify access, audit evidence, and side effects.","The platform must correctly expire completed test orbs according to retention settings; the concurrent writers condition follows the configured contract; valid state is preserved, invalid or unauthorized work is rejected or quarantined without silent loss, retries do not duplicate side effects, lineage and audit evidence remain available, and no production records or credentials are used. Safety boundary: Use disposable synthetic repositories and mock integrations only. Never expose real credentials, modify production repositories, or publish/merge changes during a test run.",Playwright + platform UI/API,"sourcegraph-amp,market-platform,synthetic-data,long_running,concurrent-writers"
Sourcegraph Amp,Long-running Work and Notifications,SAMP-LONG_RUN-00130,Long-running Work and Notifications: audit background task and notification actions (concurrent writers),Sourcegraph Amp: audit background task and notification actions with concurrent writers,Functional,High,"Non-production tenant or isolated local fixture; synthetic records only; Run two valid writers against overlapping logical data at the same time. Safety boundary: Use disposable synthetic repositories and mock integrations only. Never expose real credentials, modify production repositories, or publish/merge changes during a test run.","1. Create a disposable, versioned synthetic fixture: Run two valid writers against overlapping logical data at the same time. 2. Execute the platform workflow to audit background task and notification actions. 3. Capture the committed result, resource version, or run status. 4. Compare the result with the source fixture and the declared invariant. 5. Repeat or recover the operation when applicable; verify access, audit evidence, and side effects.","The platform must correctly audit background task and notification actions; the concurrent writers condition follows the configured contract; valid state is preserved, invalid or unauthorized work is rejected or quarantined without silent loss, retries do not duplicate side effects, lineage and audit evidence remain available, and no production records or credentials are used. Safety boundary: Use disposable synthetic repositories and mock integrations only. Never expose real credentials, modify production repositories, or publish/merge changes during a test run.",Playwright + platform UI/API,"sourcegraph-amp,market-platform,synthetic-data,long_running,concurrent-writers"
Sourcegraph Amp,Long-running Work and Notifications,SAMP-LONG_RUN-00131,Long-running Work and Notifications: continue an approved task after the client disconnects (transient retry),Sourcegraph Amp: continue an approved task after the client disconnects with transient retry,Resilience,High,"Non-production tenant or isolated local fixture; synthetic records only; Inject one transient service failure, restore the dependency, and retry. Safety boundary: Use disposable synthetic repositories and mock integrations only. Never expose real credentials, modify production repositories, or publish/merge changes during a test run.","1. Create a disposable, versioned synthetic fixture: Inject one transient service failure, restore the dependency, and retry. 2. Execute the platform workflow to continue an approved task after the client disconnects. 3. Capture the committed result, resource version, or run status. 4. Compare the result with the source fixture and the declared invariant. 5. Repeat or recover the operation when applicable; verify access, audit evidence, and side effects.","The platform must correctly continue an approved task after the client disconnects; the transient retry condition follows the configured contract; valid state is preserved, invalid or unauthorized work is rejected or quarantined without silent loss, retries do not duplicate side effects, lineage and audit evidence remain available, and no production records or credentials are used. Safety boundary: Use disposable synthetic repositories and mock integrations only. Never expose real credentials, modify production repositories, or publish/merge changes during a test run.",Playwright + platform UI/API,"sourcegraph-amp,market-platform,synthetic-data,long_running,transient-retry"
Sourcegraph Amp,Long-running Work and Notifications,SAMP-LONG_RUN-00132,Long-running Work and Notifications: send a completion notification to the mock user channel (transient retry),Sourcegraph Amp: send a completion notification to the mock user channel with transient retry,Resilience,High,"Non-production tenant or isolated local fixture; synthetic records only; Inject one transient service failure, restore the dependency, and retry. Safety boundary: Use disposable synthetic repositories and mock integrations only. Never expose real credentials, modify production repositories, or publish/merge changes during a test run.","1. Create a disposable, versioned synthetic fixture: Inject one transient service failure, restore the dependency, and retry. 2. Execute the platform workflow to send a completion notification to the mock user channel. 3. Capture the committed result, resource version, or run status. 4. Compare the result with the source fixture and the declared invariant. 5. Repeat or recover the operation when applicable; verify access, audit evidence, and side effects.","The platform must correctly send a completion notification to the mock user channel; the transient retry condition follows the configured contract; valid state is preserved, invalid or unauthorized work is rejected or quarantined without silent loss, retries do not duplicate side effects, lineage and audit evidence remain available, and no production records or credentials are used. Safety boundary: Use disposable synthetic repositories and mock integrations only. Never expose real credentials, modify production repositories, or publish/merge changes during a test run.",Playwright + platform UI/API,"sourcegraph-amp,market-platform,synthetic-data,long_running,transient-retry"
Sourcegraph Amp,Long-running Work and Notifications,SAMP-LONG_RUN-00133,Long-running Work and Notifications: suppress repeated notifications for the same thread result (transient retry),Sourcegraph Amp: suppress repeated notifications for the same thread result with transient retry,Resilience,Medium,"Non-production tenant or isolated local fixture; synthetic records only; Inject one transient service failure, restore the dependency, and retry. Safety boundary: Use disposable synthetic repositories and mock integrations only. Never expose real credentials, modify production repositories, or publish/merge changes during a test run.","1. Create a disposable, versioned synthetic fixture: Inject one transient service failure, restore the dependency, and retry. 2. Execute the platform workflow to suppress repeated notifications for the same thread result. 3. Capture the committed result, resource version, or run status. 4. Compare the result with the source fixture and the declared invariant. 5. Repeat or recover the operation when applicable; verify access, audit evidence, and side effects.","The platform must correctly suppress repeated notifications for the same thread result; the transient retry condition follows the configured contract; valid state is preserved, invalid or unauthorized work is rejected or quarantined without silent loss, retries do not duplicate side effects, lineage and audit evidence remain available, and no production records or credentials are used. Safety boundary: Use disposable synthetic repositories and mock integrations only. Never expose real credentials, modify production repositories, or publish/merge changes during a test run.",Playwright + platform UI/API,"sourcegraph-amp,market-platform,synthetic-data,long_running,transient-retry"
Sourcegraph Amp,Long-running Work and Notifications,SAMP-LONG_RUN-00134,Long-running Work and Notifications: pause an orb after its configured idle timeout (transient retry),Sourcegraph Amp: pause an orb after its configured idle timeout with transient retry,Resilience,High,"Non-production tenant or isolated local fixture; synthetic records only; Inject one transient service failure, restore the dependency, and retry. Safety boundary: Use disposable synthetic repositories and mock integrations only. Never expose real credentials, modify production repositories, or publish/merge changes during a test run.","1. Create a disposable, versioned synthetic fixture: Inject one transient service failure, restore the dependency, and retry. 2. Execute the platform workflow to pause an orb after its configured idle timeout. 3. Capture the committed result, resource version, or run status. 4. Compare the result with the source fixture and the declared invariant. 5. Repeat or recover the operation when applicable; verify access, audit evidence, and side effects.","The platform must correctly pause an orb after its configured idle timeout; the transient retry condition follows the configured contract; valid state is preserved, invalid or unauthorized work is rejected or quarantined without silent loss, retries do not duplicate side effects, lineage and audit evidence remain available, and no production records or credentials are used. Safety boundary: Use disposable synthetic repositories and mock integrations only. Never expose real credentials, modify production repositories, or publish/merge changes during a test run.",Playwright + platform UI/API,"sourcegraph-amp,market-platform,synthetic-data,long_running,transient-retry"
Sourcegraph Amp,Long-running Work and Notifications,SAMP-LONG_RUN-00135,Long-running Work and Notifications: resume pending work from the last durable thread event (transient retry),Sourcegraph Amp: resume pending work from the last durable thread event with transient retry,Resilience,High,"Non-production tenant or isolated local fixture; synthetic records only; Inject one transient service failure, restore the dependency, and retry. Safety boundary: Use disposable synthetic repositories and mock integrations only. Never expose real credentials, modify production repositories, or publish/merge changes during a test run.","1. Create a disposable, versioned synthetic fixture: Inject one transient service failure, restore the dependency, and retry. 2. Execute the platform workflow to resume pending work from the last durable thread event. 3. Capture the committed result, resource version, or run status. 4. Compare the result with the source fixture and the declared invariant. 5. Repeat or recover the operation when applicable; verify access, audit evidence, and side effects.","The platform must correctly resume pending work from the last durable thread event; the transient retry condition follows the configured contract; valid state is preserved, invalid or unauthorized work is rejected or quarantined without silent loss, retries do not duplicate side effects, lineage and audit evidence remain available, and no production records or credentials are used. Safety boundary: Use disposable synthetic repositories and mock integrations only. Never expose real credentials, modify production repositories, or publish/merge changes during a test run.",Playwright + platform UI/API,"sourcegraph-amp,market-platform,synthetic-data,long_running,transient-retry"
Sourcegraph Amp,Long-running Work and Notifications,SAMP-LONG_RUN-00136,Long-running Work and Notifications: cancel a long-running task and stop new commands (transient retry),Sourcegraph Amp: cancel a long-running task and stop new commands with transient retry,Resilience,High,"Non-production tenant or isolated local fixture; synthetic records only; Inject one transient service failure, restore the dependency, and retry. Safety boundary: Use disposable synthetic repositories and mock integrations only. Never expose real credentials, modify production repositories, or publish/merge changes during a test run.","1. Create a disposable, versioned synthetic fixture: Inject one transient service failure, restore the dependency, and retry. 2. Execute the platform workflow to cancel a long-running task and stop new commands. 3. Capture the committed result, resource version, or run status. 4. Compare the result with the source fixture and the declared invariant. 5. Repeat or recover the operation when applicable; verify access, audit evidence, and side effects.","The platform must correctly cancel a long-running task and stop new commands; the transient retry condition follows the configured contract; valid state is preserved, invalid or unauthorized work is rejected or quarantined without silent loss, retries do not duplicate side effects, lineage and audit evidence remain available, and no production records or credentials are used. Safety boundary: Use disposable synthetic repositories and mock integrations only. Never expose real credentials, modify production repositories, or publish/merge changes during a test run.",Playwright + platform UI/API,"sourcegraph-amp,market-platform,synthetic-data,long_running,transient-retry"
Sourcegraph Amp,Long-running Work and Notifications,SAMP-LONG_RUN-00137,Long-running Work and Notifications: report a task requiring user input as waiting (transient retry),Sourcegraph Amp: report a task requiring user input as waiting with transient retry,Resilience,Medium,"Non-production tenant or isolated local fixture; synthetic records only; Inject one transient service failure, restore the dependency, and retry. Safety boundary: Use disposable synthetic repositories and mock integrations only. Never expose real credentials, modify production repositories, or publish/merge changes during a test run.","1. Create a disposable, versioned synthetic fixture: Inject one transient service failure, restore the dependency, and retry. 2. Execute the platform workflow to report a task requiring user input as waiting. 3. Capture the committed result, resource version, or run status. 4. Compare the result with the source fixture and the declared invariant. 5. Repeat or recover the operation when applicable; verify access, audit evidence, and side effects.","The platform must correctly report a task requiring user input as waiting; the transient retry condition follows the configured contract; valid state is preserved, invalid or unauthorized work is rejected or quarantined without silent loss, retries do not duplicate side effects, lineage and audit evidence remain available, and no production records or credentials are used. Safety boundary: Use disposable synthetic repositories and mock integrations only. Never expose real credentials, modify production repositories, or publish/merge changes during a test run.",Playwright + platform UI/API,"sourcegraph-amp,market-platform,synthetic-data,long_running,transient-retry"
Sourcegraph Amp,Long-running Work and Notifications,SAMP-LONG_RUN-00138,Long-running Work and Notifications: retain progress events in chronological order (transient retry),Sourcegraph Amp: retain progress events in chronological order with transient retry,Resilience,High,"Non-production tenant or isolated local fixture; synthetic records only; Inject one transient service failure, restore the dependency, and retry. Safety boundary: Use disposable synthetic repositories and mock integrations only. Never expose real credentials, modify production repositories, or publish/merge changes during a test run.","1. Create a disposable, versioned synthetic fixture: Inject one transient service failure, restore the dependency, and retry. 2. Execute the platform workflow to retain progress events in chronological order. 3. Capture the committed result, resource version, or run status. 4. Compare the result with the source fixture and the declared invariant. 5. Repeat or recover the operation when applicable; verify access, audit evidence, and side effects.","The platform must correctly retain progress events in chronological order; the transient retry condition follows the configured contract; valid state is preserved, invalid or unauthorized work is rejected or quarantined without silent loss, retries do not duplicate side effects, lineage and audit evidence remain available, and no production records or credentials are used. Safety boundary: Use disposable synthetic repositories and mock integrations only. Never expose real credentials, modify production repositories, or publish/merge changes during a test run.",Playwright + platform UI/API,"sourcegraph-amp,market-platform,synthetic-data,long_running,transient-retry"
Sourcegraph Amp,Long-running Work and Notifications,SAMP-LONG_RUN-00139,Long-running Work and Notifications: expire completed test orbs according to retention settings (transient retry),Sourcegraph Amp: expire completed test orbs according to retention settings with transient retry,Resilience,High,"Non-production tenant or isolated local fixture; synthetic records only; Inject one transient service failure, restore the dependency, and retry. Safety boundary: Use disposable synthetic repositories and mock integrations only. Never expose real credentials, modify production repositories, or publish/merge changes during a test run.","1. Create a disposable, versioned synthetic fixture: Inject one transient service failure, restore the dependency, and retry. 2. Execute the platform workflow to expire completed test orbs according to retention settings. 3. Capture the committed result, resource version, or run status. 4. Compare the result with the source fixture and the declared invariant. 5. Repeat or recover the operation when applicable; verify access, audit evidence, and side effects.","The platform must correctly expire completed test orbs according to retention settings; the transient retry condition follows the configured contract; valid state is preserved, invalid or unauthorized work is rejected or quarantined without silent loss, retries do not duplicate side effects, lineage and audit evidence remain available, and no production records or credentials are used. Safety boundary: Use disposable synthetic repositories and mock integrations only. Never expose real credentials, modify production repositories, or publish/merge changes during a test run.",Playwright + platform UI/API,"sourcegraph-amp,market-platform,synthetic-data,long_running,transient-retry"
Sourcegraph Amp,Long-running Work and Notifications,SAMP-LONG_RUN-00140,Long-running Work and Notifications: audit background task and notification actions (transient retry),Sourcegraph Amp: audit background task and notification actions with transient retry,Resilience,High,"Non-production tenant or isolated local fixture; synthetic records only; Inject one transient service failure, restore the dependency, and retry. Safety boundary: Use disposable synthetic repositories and mock integrations only. Never expose real credentials, modify production repositories, or publish/merge changes during a test run.","1. Create a disposable, versioned synthetic fixture: Inject one transient service failure, restore the dependency, and retry. 2. Execute the platform workflow to audit background task and notification actions. 3. Capture the committed result, resource version, or run status. 4. Compare the result with the source fixture and the declared invariant. 5. Repeat or recover the operation when applicable; verify access, audit evidence, and side effects.","The platform must correctly audit background task and notification actions; the transient retry condition follows the configured contract; valid state is preserved, invalid or unauthorized work is rejected or quarantined without silent loss, retries do not duplicate side effects, lineage and audit evidence remain available, and no production records or credentials are used. Safety boundary: Use disposable synthetic repositories and mock integrations only. Never expose real credentials, modify production repositories, or publish/merge changes during a test run.",Playwright + platform UI/API,"sourcegraph-amp,market-platform,synthetic-data,long_running,transient-retry"
Sourcegraph Amp,Long-running Work and Notifications,SAMP-LONG_RUN-00141,Long-running Work and Notifications: continue an approved task after the client disconnects (commit conflict),Sourcegraph Amp: continue an approved task after the client disconnects with commit conflict,Functional,Medium,"Non-production tenant or isolated local fixture; synthetic records only; Advance the resource version between read and write to create an optimistic conflict. Safety boundary: Use disposable synthetic repositories and mock integrations only. Never expose real credentials, modify production repositories, or publish/merge changes during a test run.","1. Create a disposable, versioned synthetic fixture: Advance the resource version between read and write to create an optimistic conflict. 2. Execute the platform workflow to continue an approved task after the client disconnects. 3. Capture the committed result, resource version, or run status. 4. Compare the result with the source fixture and the declared invariant. 5. Repeat or recover the operation when applicable; verify access, audit evidence, and side effects.","The platform must correctly continue an approved task after the client disconnects; the commit conflict condition follows the configured contract; valid state is preserved, invalid or unauthorized work is rejected or quarantined without silent loss, retries do not duplicate side effects, lineage and audit evidence remain available, and no production records or credentials are used. Safety boundary: Use disposable synthetic repositories and mock integrations only. Never expose real credentials, modify production repositories, or publish/merge changes during a test run.",Playwright + platform UI/API,"sourcegraph-amp,market-platform,synthetic-data,long_running,commit-conflict"
Sourcegraph Amp,Long-running Work and Notifications,SAMP-LONG_RUN-00142,Long-running Work and Notifications: send a completion notification to the mock user channel (commit conflict),Sourcegraph Amp: send a completion notification to the mock user channel with commit conflict,Functional,High,"Non-production tenant or isolated local fixture; synthetic records only; Advance the resource version between read and write to create an optimistic conflict. Safety boundary: Use disposable synthetic repositories and mock integrations only. Never expose real credentials, modify production repositories, or publish/merge changes during a test run.","1. Create a disposable, versioned synthetic fixture: Advance the resource version between read and write to create an optimistic conflict. 2. Execute the platform workflow to send a completion notification to the mock user channel. 3. Capture the committed result, resource version, or run status. 4. Compare the result with the source fixture and the declared invariant. 5. Repeat or recover the operation when applicable; verify access, audit evidence, and side effects.","The platform must correctly send a completion notification to the mock user channel; the commit conflict condition follows the configured contract; valid state is preserved, invalid or unauthorized work is rejected or quarantined without silent loss, retries do not duplicate side effects, lineage and audit evidence remain available, and no production records or credentials are used. Safety boundary: Use disposable synthetic repositories and mock integrations only. Never expose real credentials, modify production repositories, or publish/merge changes during a test run.",Playwright + platform UI/API,"sourcegraph-amp,market-platform,synthetic-data,long_running,commit-conflict"
Sourcegraph Amp,Long-running Work and Notifications,SAMP-LONG_RUN-00143,Long-running Work and Notifications: suppress repeated notifications for the same thread result (commit conflict),Sourcegraph Amp: suppress repeated notifications for the same thread result with commit conflict,Functional,High,"Non-production tenant or isolated local fixture; synthetic records only; Advance the resource version between read and write to create an optimistic conflict. Safety boundary: Use disposable synthetic repositories and mock integrations only. Never expose real credentials, modify production repositories, or publish/merge changes during a test run.","1. Create a disposable, versioned synthetic fixture: Advance the resource version between read and write to create an optimistic conflict. 2. Execute the platform workflow to suppress repeated notifications for the same thread result. 3. Capture the committed result, resource version, or run status. 4. Compare the result with the source fixture and the declared invariant. 5. Repeat or recover the operation when applicable; verify access, audit evidence, and side effects.","The platform must correctly suppress repeated notifications for the same thread result; the commit conflict condition follows the configured contract; valid state is preserved, invalid or unauthorized work is rejected or quarantined without silent loss, retries do not duplicate side effects, lineage and audit evidence remain available, and no production records or credentials are used. Safety boundary: Use disposable synthetic repositories and mock integrations only. Never expose real credentials, modify production repositories, or publish/merge changes during a test run.",Playwright + platform UI/API,"sourcegraph-amp,market-platform,synthetic-data,long_running,commit-conflict"
Sourcegraph Amp,Long-running Work and Notifications,SAMP-LONG_RUN-00144,Long-running Work and Notifications: pause an orb after its configured idle timeout (commit conflict),Sourcegraph Amp: pause an orb after its configured idle timeout with commit conflict,Functional,High,"Non-production tenant or isolated local fixture; synthetic records only; Advance the resource version between read and write to create an optimistic conflict. Safety boundary: Use disposable synthetic repositories and mock integrations only. Never expose real credentials, modify production repositories, or publish/merge changes during a test run.","1. Create a disposable, versioned synthetic fixture: Advance the resource version between read and write to create an optimistic conflict. 2. Execute the platform workflow to pause an orb after its configured idle timeout. 3. Capture the committed result, resource version, or run status. 4. Compare the result with the source fixture and the declared invariant. 5. Repeat or recover the operation when applicable; verify access, audit evidence, and side effects.","The platform must correctly pause an orb after its configured idle timeout; the commit conflict condition follows the configured contract; valid state is preserved, invalid or unauthorized work is rejected or quarantined without silent loss, retries do not duplicate side effects, lineage and audit evidence remain available, and no production records or credentials are used. Safety boundary: Use disposable synthetic repositories and mock integrations only. Never expose real credentials, modify production repositories, or publish/merge changes during a test run.",Playwright + platform UI/API,"sourcegraph-amp,market-platform,synthetic-data,long_running,commit-conflict"
Sourcegraph Amp,Long-running Work and Notifications,SAMP-LONG_RUN-00145,Long-running Work and Notifications: resume pending work from the last durable thread event (commit conflict),Sourcegraph Amp: resume pending work from the last durable thread event with commit conflict,Functional,Medium,"Non-production tenant or isolated local fixture; synthetic records only; Advance the resource version between read and write to create an optimistic conflict. Safety boundary: Use disposable synthetic repositories and mock integrations only. Never expose real credentials, modify production repositories, or publish/merge changes during a test run.","1. Create a disposable, versioned synthetic fixture: Advance the resource version between read and write to create an optimistic conflict. 2. Execute the platform workflow to resume pending work from the last durable thread event. 3. Capture the committed result, resource version, or run status. 4. Compare the result with the source fixture and the declared invariant. 5. Repeat or recover the operation when applicable; verify access, audit evidence, and side effects.","The platform must correctly resume pending work from the last durable thread event; the commit conflict condition follows the configured contract; valid state is preserved, invalid or unauthorized work is rejected or quarantined without silent loss, retries do not duplicate side effects, lineage and audit evidence remain available, and no production records or credentials are used. Safety boundary: Use disposable synthetic repositories and mock integrations only. Never expose real credentials, modify production repositories, or publish/merge changes during a test run.",Playwright + platform UI/API,"sourcegraph-amp,market-platform,synthetic-data,long_running,commit-conflict"
Sourcegraph Amp,Long-running Work and Notifications,SAMP-LONG_RUN-00146,Long-running Work and Notifications: cancel a long-running task and stop new commands (commit conflict),Sourcegraph Amp: cancel a long-running task and stop new commands with commit conflict,Functional,High,"Non-production tenant or isolated local fixture; synthetic records only; Advance the resource version between read and write to create an optimistic conflict. Safety boundary: Use disposable synthetic repositories and mock integrations only. Never expose real credentials, modify production repositories, or publish/merge changes during a test run.","1. Create a disposable, versioned synthetic fixture: Advance the resource version between read and write to create an optimistic conflict. 2. Execute the platform workflow to cancel a long-running task and stop new commands. 3. Capture the committed result, resource version, or run status. 4. Compare the result with the source fixture and the declared invariant. 5. Repeat or recover the operation when applicable; verify access, audit evidence, and side effects.","The platform must correctly cancel a long-running task and stop new commands; the commit conflict condition follows the configured contract; valid state is preserved, invalid or unauthorized work is rejected or quarantined without silent loss, retries do not duplicate side effects, lineage and audit evidence remain available, and no production records or credentials are used. Safety boundary: Use disposable synthetic repositories and mock integrations only. Never expose real credentials, modify production repositories, or publish/merge changes during a test run.",Playwright + platform UI/API,"sourcegraph-amp,market-platform,synthetic-data,long_running,commit-conflict"
Sourcegraph Amp,Long-running Work and Notifications,SAMP-LONG_RUN-00147,Long-running Work and Notifications: report a task requiring user input as waiting (commit conflict),Sourcegraph Amp: report a task requiring user input as waiting with commit conflict,Functional,High,"Non-production tenant or isolated local fixture; synthetic records only; Advance the resource version between read and write to create an optimistic conflict. Safety boundary: Use disposable synthetic repositories and mock integrations only. Never expose real credentials, modify production repositories, or publish/merge changes during a test run.","1. Create a disposable, versioned synthetic fixture: Advance the resource version between read and write to create an optimistic conflict. 2. Execute the platform workflow to report a task requiring user input as waiting. 3. Capture the committed result, resource version, or run status. 4. Compare the result with the source fixture and the declared invariant. 5. Repeat or recover the operation when applicable; verify access, audit evidence, and side effects.","The platform must correctly report a task requiring user input as waiting; the commit conflict condition follows the configured contract; valid state is preserved, invalid or unauthorized work is rejected or quarantined without silent loss, retries do not duplicate side effects, lineage and audit evidence remain available, and no production records or credentials are used. Safety boundary: Use disposable synthetic repositories and mock integrations only. Never expose real credentials, modify production repositories, or publish/merge changes during a test run.",Playwright + platform UI/API,"sourcegraph-amp,market-platform,synthetic-data,long_running,commit-conflict"
Sourcegraph Amp,Long-running Work and Notifications,SAMP-LONG_RUN-00148,Long-running Work and Notifications: retain progress events in chronological order (commit conflict),Sourcegraph Amp: retain progress events in chronological order with commit conflict,Functional,High,"Non-production tenant or isolated local fixture; synthetic records only; Advance the resource version between read and write to create an optimistic conflict. Safety boundary: Use disposable synthetic repositories and mock integrations only. Never expose real credentials, modify production repositories, or publish/merge changes during a test run.","1. Create a disposable, versioned synthetic fixture: Advance the resource version between read and write to create an optimistic conflict. 2. Execute the platform workflow to retain progress events in chronological order. 3. Capture the committed result, resource version, or run status. 4. Compare the result with the source fixture and the declared invariant. 5. Repeat or recover the operation when applicable; verify access, audit evidence, and side effects.","The platform must correctly retain progress events in chronological order; the commit conflict condition follows the configured contract; valid state is preserved, invalid or unauthorized work is rejected or quarantined without silent loss, retries do not duplicate side effects, lineage and audit evidence remain available, and no production records or credentials are used. Safety boundary: Use disposable synthetic repositories and mock integrations only. Never expose real credentials, modify production repositories, or publish/merge changes during a test run.",Playwright + platform UI/API,"sourcegraph-amp,market-platform,synthetic-data,long_running,commit-conflict"
Sourcegraph Amp,Long-running Work and Notifications,SAMP-LONG_RUN-00149,Long-running Work and Notifications: expire completed test orbs according to retention settings (commit conflict),Sourcegraph Amp: expire completed test orbs according to retention settings with commit conflict,Functional,Medium,"Non-production tenant or isolated local fixture; synthetic records only; Advance the resource version between read and write to create an optimistic conflict. Safety boundary: Use disposable synthetic repositories and mock integrations only. Never expose real credentials, modify production repositories, or publish/merge changes during a test run.","1. Create a disposable, versioned synthetic fixture: Advance the resource version between read and write to create an optimistic conflict. 2. Execute the platform workflow to expire completed test orbs according to retention settings. 3. Capture the committed result, resource version, or run status. 4. Compare the result with the source fixture and the declared invariant. 5. Repeat or recover the operation when applicable; verify access, audit evidence, and side effects.","The platform must correctly expire completed test orbs according to retention settings; the commit conflict condition follows the configured contract; valid state is preserved, invalid or unauthorized work is rejected or quarantined without silent loss, retries do not duplicate side effects, lineage and audit evidence remain available, and no production records or credentials are used. Safety boundary: Use disposable synthetic repositories and mock integrations only. Never expose real credentials, modify production repositories, or publish/merge changes during a test run.",Playwright + platform UI/API,"sourcegraph-amp,market-platform,synthetic-data,long_running,commit-conflict"
Sourcegraph Amp,Long-running Work and Notifications,SAMP-LONG_RUN-00150,Long-running Work and Notifications: audit background task and notification actions (commit conflict),Sourcegraph Amp: audit background task and notification actions with commit conflict,Functional,High,"Non-production tenant or isolated local fixture; synthetic records only; Advance the resource version between read and write to create an optimistic conflict. Safety boundary: Use disposable synthetic repositories and mock integrations only. Never expose real credentials, modify production repositories, or publish/merge changes during a test run.","1. Create a disposable, versioned synthetic fixture: Advance the resource version between read and write to create an optimistic conflict. 2. Execute the platform workflow to audit background task and notification actions. 3. Capture the committed result, resource version, or run status. 4. Compare the result with the source fixture and the declared invariant. 5. Repeat or recover the operation when applicable; verify access, audit evidence, and side effects.","The platform must correctly audit background task and notification actions; the commit conflict condition follows the configured contract; valid state is preserved, invalid or unauthorized work is rejected or quarantined without silent loss, retries do not duplicate side effects, lineage and audit evidence remain available, and no production records or credentials are used. Safety boundary: Use disposable synthetic repositories and mock integrations only. Never expose real credentials, modify production repositories, or publish/merge changes during a test run.",Playwright + platform UI/API,"sourcegraph-amp,market-platform,synthetic-data,long_running,commit-conflict"
Sourcegraph Amp,Long-running Work and Notifications,SAMP-LONG_RUN-00151,Long-running Work and Notifications: continue an approved task after the client disconnects (rollback and replay),Sourcegraph Amp: continue an approved task after the client disconnects with rollback and replay,Functional,High,"Non-production tenant or isolated local fixture; synthetic records only; Restore a prior version in a disposable fixture and replay the same operation. Safety boundary: Use disposable synthetic repositories and mock integrations only. Never expose real credentials, modify production repositories, or publish/merge changes during a test run.","1. Create a disposable, versioned synthetic fixture: Restore a prior version in a disposable fixture and replay the same operation. 2. Execute the platform workflow to continue an approved task after the client disconnects. 3. Capture the committed result, resource version, or run status. 4. Compare the result with the source fixture and the declared invariant. 5. Repeat or recover the operation when applicable; verify access, audit evidence, and side effects.","The platform must correctly continue an approved task after the client disconnects; the rollback and replay condition follows the configured contract; valid state is preserved, invalid or unauthorized work is rejected or quarantined without silent loss, retries do not duplicate side effects, lineage and audit evidence remain available, and no production records or credentials are used. Safety boundary: Use disposable synthetic repositories and mock integrations only. Never expose real credentials, modify production repositories, or publish/merge changes during a test run.",Playwright + platform UI/API,"sourcegraph-amp,market-platform,synthetic-data,long_running,rollback-and-replay"
Sourcegraph Amp,Long-running Work and Notifications,SAMP-LONG_RUN-00152,Long-running Work and Notifications: send a completion notification to the mock user channel (rollback and replay),Sourcegraph Amp: send a completion notification to the mock user channel with rollback and replay,Functional,High,"Non-production tenant or isolated local fixture; synthetic records only; Restore a prior version in a disposable fixture and replay the same operation. Safety boundary: Use disposable synthetic repositories and mock integrations only. Never expose real credentials, modify production repositories, or publish/merge changes during a test run.","1. Create a disposable, versioned synthetic fixture: Restore a prior version in a disposable fixture and replay the same operation. 2. Execute the platform workflow to send a completion notification to the mock user channel. 3. Capture the committed result, resource version, or run status. 4. Compare the result with the source fixture and the declared invariant. 5. Repeat or recover the operation when applicable; verify access, audit evidence, and side effects.","The platform must correctly send a completion notification to the mock user channel; the rollback and replay condition follows the configured contract; valid state is preserved, invalid or unauthorized work is rejected or quarantined without silent loss, retries do not duplicate side effects, lineage and audit evidence remain available, and no production records or credentials are used. Safety boundary: Use disposable synthetic repositories and mock integrations only. Never expose real credentials, modify production repositories, or publish/merge changes during a test run.",Playwright + platform UI/API,"sourcegraph-amp,market-platform,synthetic-data,long_running,rollback-and-replay"
Sourcegraph Amp,Long-running Work and Notifications,SAMP-LONG_RUN-00153,Long-running Work and Notifications: suppress repeated notifications for the same thread result (rollback and replay),Sourcegraph Amp: suppress repeated notifications for the same thread result with rollback and replay,Functional,Medium,"Non-production tenant or isolated local fixture; synthetic records only; Restore a prior version in a disposable fixture and replay the same operation. Safety boundary: Use disposable synthetic repositories and mock integrations only. Never expose real credentials, modify production repositories, or publish/merge changes during a test run.","1. Create a disposable, versioned synthetic fixture: Restore a prior version in a disposable fixture and replay the same operation. 2. Execute the platform workflow to suppress repeated notifications for the same thread result. 3. Capture the committed result, resource version, or run status. 4. Compare the result with the source fixture and the declared invariant. 5. Repeat or recover the operation when applicable; verify access, audit evidence, and side effects.","The platform must correctly suppress repeated notifications for the same thread result; the rollback and replay condition follows the configured contract; valid state is preserved, invalid or unauthorized work is rejected or quarantined without silent loss, retries do not duplicate side effects, lineage and audit evidence remain available, and no production records or credentials are used. Safety boundary: Use disposable synthetic repositories and mock integrations only. Never expose real credentials, modify production repositories, or publish/merge changes during a test run.",Playwright + platform UI/API,"sourcegraph-amp,market-platform,synthetic-data,long_running,rollback-and-replay"
Sourcegraph Amp,Long-running Work and Notifications,SAMP-LONG_RUN-00154,Long-running Work and Notifications: pause an orb after its configured idle timeout (rollback and replay),Sourcegraph Amp: pause an orb after its configured idle timeout with rollback and replay,Functional,High,"Non-production tenant or isolated local fixture; synthetic records only; Restore a prior version in a disposable fixture and replay the same operation. Safety boundary: Use disposable synthetic repositories and mock integrations only. Never expose real credentials, modify production repositories, or publish/merge changes during a test run.","1. Create a disposable, versioned synthetic fixture: Restore a prior version in a disposable fixture and replay the same operation. 2. Execute the platform workflow to pause an orb after its configured idle timeout. 3. Capture the committed result, resource version, or run status. 4. Compare the result with the source fixture and the declared invariant. 5. Repeat or recover the operation when applicable; verify access, audit evidence, and side effects.","The platform must correctly pause an orb after its configured idle timeout; the rollback and replay condition follows the configured contract; valid state is preserved, invalid or unauthorized work is rejected or quarantined without silent loss, retries do not duplicate side effects, lineage and audit evidence remain available, and no production records or credentials are used. Safety boundary: Use disposable synthetic repositories and mock integrations only. Never expose real credentials, modify production repositories, or publish/merge changes during a test run.",Playwright + platform UI/API,"sourcegraph-amp,market-platform,synthetic-data,long_running,rollback-and-replay"
Sourcegraph Amp,Long-running Work and Notifications,SAMP-LONG_RUN-00155,Long-running Work and Notifications: resume pending work from the last durable thread event (rollback and replay),Sourcegraph Amp: resume pending work from the last durable thread event with rollback and replay,Functional,High,"Non-production tenant or isolated local fixture; synthetic records only; Restore a prior version in a disposable fixture and replay the same operation. Safety boundary: Use disposable synthetic repositories and mock integrations only. Never expose real credentials, modify production repositories, or publish/merge changes during a test run.","1. Create a disposable, versioned synthetic fixture: Restore a prior version in a disposable fixture and replay the same operation. 2. Execute the platform workflow to resume pending work from the last durable thread event. 3. Capture the committed result, resource version, or run status. 4. Compare the result with the source fixture and the declared invariant. 5. Repeat or recover the operation when applicable; verify access, audit evidence, and side effects.","The platform must correctly resume pending work from the last durable thread event; the rollback and replay condition follows the configured contract; valid state is preserved, invalid or unauthorized work is rejected or quarantined without silent loss, retries do not duplicate side effects, lineage and audit evidence remain available, and no production records or credentials are used. Safety boundary: Use disposable synthetic repositories and mock integrations only. Never expose real credentials, modify production repositories, or publish/merge changes during a test run.",Playwright + platform UI/API,"sourcegraph-amp,market-platform,synthetic-data,long_running,rollback-and-replay"
Sourcegraph Amp,Long-running Work and Notifications,SAMP-LONG_RUN-00156,Long-running Work and Notifications: cancel a long-running task and stop new commands (rollback and replay),Sourcegraph Amp: cancel a long-running task and stop new commands with rollback and replay,Functional,High,"Non-production tenant or isolated local fixture; synthetic records only; Restore a prior version in a disposable fixture and replay the same operation. Safety boundary: Use disposable synthetic repositories and mock integrations only. Never expose real credentials, modify production repositories, or publish/merge changes during a test run.","1. Create a disposable, versioned synthetic fixture: Restore a prior version in a disposable fixture and replay the same operation. 2. Execute the platform workflow to cancel a long-running task and stop new commands. 3. Capture the committed result, resource version, or run status. 4. Compare the result with the source fixture and the declared invariant. 5. Repeat or recover the operation when applicable; verify access, audit evidence, and side effects.","The platform must correctly cancel a long-running task and stop new commands; the rollback and replay condition follows the configured contract; valid state is preserved, invalid or unauthorized work is rejected or quarantined without silent loss, retries do not duplicate side effects, lineage and audit evidence remain available, and no production records or credentials are used. Safety boundary: Use disposable synthetic repositories and mock integrations only. Never expose real credentials, modify production repositories, or publish/merge changes during a test run.",Playwright + platform UI/API,"sourcegraph-amp,market-platform,synthetic-data,long_running,rollback-and-replay"
Sourcegraph Amp,Long-running Work and Notifications,SAMP-LONG_RUN-00157,Long-running Work and Notifications: report a task requiring user input as waiting (rollback and replay),Sourcegraph Amp: report a task requiring user input as waiting with rollback and replay,Functional,Medium,"Non-production tenant or isolated local fixture; synthetic records only; Restore a prior version in a disposable fixture and replay the same operation. Safety boundary: Use disposable synthetic repositories and mock integrations only. Never expose real credentials, modify production repositories, or publish/merge changes during a test run.","1. Create a disposable, versioned synthetic fixture: Restore a prior version in a disposable fixture and replay the same operation. 2. Execute the platform workflow to report a task requiring user input as waiting. 3. Capture the committed result, resource version, or run status. 4. Compare the result with the source fixture and the declared invariant. 5. Repeat or recover the operation when applicable; verify access, audit evidence, and side effects.","The platform must correctly report a task requiring user input as waiting; the rollback and replay condition follows the configured contract; valid state is preserved, invalid or unauthorized work is rejected or quarantined without silent loss, retries do not duplicate side effects, lineage and audit evidence remain available, and no production records or credentials are used. Safety boundary: Use disposable synthetic repositories and mock integrations only. Never expose real credentials, modify production repositories, or publish/merge changes during a test run.",Playwright + platform UI/API,"sourcegraph-amp,market-platform,synthetic-data,long_running,rollback-and-replay"
Sourcegraph Amp,Long-running Work and Notifications,SAMP-LONG_RUN-00158,Long-running Work and Notifications: retain progress events in chronological order (rollback and replay),Sourcegraph Amp: retain progress events in chronological order with rollback and replay,Functional,High,"Non-production tenant or isolated local fixture; synthetic records only; Restore a prior version in a disposable fixture and replay the same operation. Safety boundary: Use disposable synthetic repositories and mock integrations only. Never expose real credentials, modify production repositories, or publish/merge changes during a test run.","1. Create a disposable, versioned synthetic fixture: Restore a prior version in a disposable fixture and replay the same operation. 2. Execute the platform workflow to retain progress events in chronological order. 3. Capture the committed result, resource version, or run status. 4. Compare the result with the source fixture and the declared invariant. 5. Repeat or recover the operation when applicable; verify access, audit evidence, and side effects.","The platform must correctly retain progress events in chronological order; the rollback and replay condition follows the configured contract; valid state is preserved, invalid or unauthorized work is rejected or quarantined without silent loss, retries do not duplicate side effects, lineage and audit evidence remain available, and no production records or credentials are used. Safety boundary: Use disposable synthetic repositories and mock integrations only. Never expose real credentials, modify production repositories, or publish/merge changes during a test run.",Playwright + platform UI/API,"sourcegraph-amp,market-platform,synthetic-data,long_running,rollback-and-replay"
Sourcegraph Amp,Long-running Work and Notifications,SAMP-LONG_RUN-00159,Long-running Work and Notifications: expire completed test orbs according to retention settings (rollback and replay),Sourcegraph Amp: expire completed test orbs according to retention settings with rollback and replay,Functional,High,"Non-production tenant or isolated local fixture; synthetic records only; Restore a prior version in a disposable fixture and replay the same operation. Safety boundary: Use disposable synthetic repositories and mock integrations only. Never expose real credentials, modify production repositories, or publish/merge changes during a test run.","1. Create a disposable, versioned synthetic fixture: Restore a prior version in a disposable fixture and replay the same operation. 2. Execute the platform workflow to expire completed test orbs according to retention settings. 3. Capture the committed result, resource version, or run status. 4. Compare the result with the source fixture and the declared invariant. 5. Repeat or recover the operation when applicable; verify access, audit evidence, and side effects.","The platform must correctly expire completed test orbs according to retention settings; the rollback and replay condition follows the configured contract; valid state is preserved, invalid or unauthorized work is rejected or quarantined without silent loss, retries do not duplicate side effects, lineage and audit evidence remain available, and no production records or credentials are used. Safety boundary: Use disposable synthetic repositories and mock integrations only. Never expose real credentials, modify production repositories, or publish/merge changes during a test run.",Playwright + platform UI/API,"sourcegraph-amp,market-platform,synthetic-data,long_running,rollback-and-replay"
Sourcegraph Amp,Long-running Work and Notifications,SAMP-LONG_RUN-00160,Long-running Work and Notifications: audit background task and notification actions (rollback and replay),Sourcegraph Amp: audit background task and notification actions with rollback and replay,Functional,High,"Non-production tenant or isolated local fixture; synthetic records only; Restore a prior version in a disposable fixture and replay the same operation. Safety boundary: Use disposable synthetic repositories and mock integrations only. Never expose real credentials, modify production repositories, or publish/merge changes during a test run.","1. Create a disposable, versioned synthetic fixture: Restore a prior version in a disposable fixture and replay the same operation. 2. Execute the platform workflow to audit background task and notification actions. 3. Capture the committed result, resource version, or run status. 4. Compare the result with the source fixture and the declared invariant. 5. Repeat or recover the operation when applicable; verify access, audit evidence, and side effects.","The platform must correctly audit background task and notification actions; the rollback and replay condition follows the configured contract; valid state is preserved, invalid or unauthorized work is rejected or quarantined without silent loss, retries do not duplicate side effects, lineage and audit evidence remain available, and no production records or credentials are used. Safety boundary: Use disposable synthetic repositories and mock integrations only. Never expose real credentials, modify production repositories, or publish/merge changes during a test run.",Playwright + platform UI/API,"sourcegraph-amp,market-platform,synthetic-data,long_running,rollback-and-replay"
Sourcegraph Amp,Long-running Work and Notifications,SAMP-LONG_RUN-00161,Long-running Work and Notifications: continue an approved task after the client disconnects (Unicode identifiers),Sourcegraph Amp: continue an approved task after the client disconnects with Unicode identifiers,Functional,Medium,"Non-production tenant or isolated local fixture; synthetic records only; Use Unicode in safe project, model, table, index, and synthetic account labels. Safety boundary: Use disposable synthetic repositories and mock integrations only. Never expose real credentials, modify production repositories, or publish/merge changes during a test run.","1. Create a disposable, versioned synthetic fixture: Use Unicode in safe project, model, table, index, and synthetic account labels. 2. Execute the platform workflow to continue an approved task after the client disconnects. 3. Capture the committed result, resource version, or run status. 4. Compare the result with the source fixture and the declared invariant. 5. Repeat or recover the operation when applicable; verify access, audit evidence, and side effects.","The platform must correctly continue an approved task after the client disconnects; the Unicode identifiers condition follows the configured contract; valid state is preserved, invalid or unauthorized work is rejected or quarantined without silent loss, retries do not duplicate side effects, lineage and audit evidence remain available, and no production records or credentials are used. Safety boundary: Use disposable synthetic repositories and mock integrations only. Never expose real credentials, modify production repositories, or publish/merge changes during a test run.",Playwright + platform UI/API,"sourcegraph-amp,market-platform,synthetic-data,long_running,Unicode-identifiers"
Sourcegraph Amp,Long-running Work and Notifications,SAMP-LONG_RUN-00162,Long-running Work and Notifications: send a completion notification to the mock user channel (Unicode identifiers),Sourcegraph Amp: send a completion notification to the mock user channel with Unicode identifiers,Functional,High,"Non-production tenant or isolated local fixture; synthetic records only; Use Unicode in safe project, model, table, index, and synthetic account labels. Safety boundary: Use disposable synthetic repositories and mock integrations only. Never expose real credentials, modify production repositories, or publish/merge changes during a test run.","1. Create a disposable, versioned synthetic fixture: Use Unicode in safe project, model, table, index, and synthetic account labels. 2. Execute the platform workflow to send a completion notification to the mock user channel. 3. Capture the committed result, resource version, or run status. 4. Compare the result with the source fixture and the declared invariant. 5. Repeat or recover the operation when applicable; verify access, audit evidence, and side effects.","The platform must correctly send a completion notification to the mock user channel; the Unicode identifiers condition follows the configured contract; valid state is preserved, invalid or unauthorized work is rejected or quarantined without silent loss, retries do not duplicate side effects, lineage and audit evidence remain available, and no production records or credentials are used. Safety boundary: Use disposable synthetic repositories and mock integrations only. Never expose real credentials, modify production repositories, or publish/merge changes during a test run.",Playwright + platform UI/API,"sourcegraph-amp,market-platform,synthetic-data,long_running,Unicode-identifiers"
Sourcegraph Amp,Long-running Work and Notifications,SAMP-LONG_RUN-00163,Long-running Work and Notifications: suppress repeated notifications for the same thread result (Unicode identifiers),Sourcegraph Amp: suppress repeated notifications for the same thread result with Unicode identifiers,Functional,High,"Non-production tenant or isolated local fixture; synthetic records only; Use Unicode in safe project, model, table, index, and synthetic account labels. Safety boundary: Use disposable synthetic repositories and mock integrations only. Never expose real credentials, modify production repositories, or publish/merge changes during a test run.","1. Create a disposable, versioned synthetic fixture: Use Unicode in safe project, model, table, index, and synthetic account labels. 2. Execute the platform workflow to suppress repeated notifications for the same thread result. 3. Capture the committed result, resource version, or run status. 4. Compare the result with the source fixture and the declared invariant. 5. Repeat or recover the operation when applicable; verify access, audit evidence, and side effects.","The platform must correctly suppress repeated notifications for the same thread result; the Unicode identifiers condition follows the configured contract; valid state is preserved, invalid or unauthorized work is rejected or quarantined without silent loss, retries do not duplicate side effects, lineage and audit evidence remain available, and no production records or credentials are used. Safety boundary: Use disposable synthetic repositories and mock integrations only. Never expose real credentials, modify production repositories, or publish/merge changes during a test run.",Playwright + platform UI/API,"sourcegraph-amp,market-platform,synthetic-data,long_running,Unicode-identifiers"
Sourcegraph Amp,Long-running Work and Notifications,SAMP-LONG_RUN-00164,Long-running Work and Notifications: pause an orb after its configured idle timeout (Unicode identifiers),Sourcegraph Amp: pause an orb after its configured idle timeout with Unicode identifiers,Functional,High,"Non-production tenant or isolated local fixture; synthetic records only; Use Unicode in safe project, model, table, index, and synthetic account labels. Safety boundary: Use disposable synthetic repositories and mock integrations only. Never expose real credentials, modify production repositories, or publish/merge changes during a test run.","1. Create a disposable, versioned synthetic fixture: Use Unicode in safe project, model, table, index, and synthetic account labels. 2. Execute the platform workflow to pause an orb after its configured idle timeout. 3. Capture the committed result, resource version, or run status. 4. Compare the result with the source fixture and the declared invariant. 5. Repeat or recover the operation when applicable; verify access, audit evidence, and side effects.","The platform must correctly pause an orb after its configured idle timeout; the Unicode identifiers condition follows the configured contract; valid state is preserved, invalid or unauthorized work is rejected or quarantined without silent loss, retries do not duplicate side effects, lineage and audit evidence remain available, and no production records or credentials are used. Safety boundary: Use disposable synthetic repositories and mock integrations only. Never expose real credentials, modify production repositories, or publish/merge changes during a test run.",Playwright + platform UI/API,"sourcegraph-amp,market-platform,synthetic-data,long_running,Unicode-identifiers"
Sourcegraph Amp,Long-running Work and Notifications,SAMP-LONG_RUN-00165,Long-running Work and Notifications: resume pending work from the last durable thread event (Unicode identifiers),Sourcegraph Amp: resume pending work from the last durable thread event with Unicode identifiers,Functional,Medium,"Non-production tenant or isolated local fixture; synthetic records only; Use Unicode in safe project, model, table, index, and synthetic account labels. Safety boundary: Use disposable synthetic repositories and mock integrations only. Never expose real credentials, modify production repositories, or publish/merge changes during a test run.","1. Create a disposable, versioned synthetic fixture: Use Unicode in safe project, model, table, index, and synthetic account labels. 2. Execute the platform workflow to resume pending work from the last durable thread event. 3. Capture the committed result, resource version, or run status. 4. Compare the result with the source fixture and the declared invariant. 5. Repeat or recover the operation when applicable; verify access, audit evidence, and side effects.","The platform must correctly resume pending work from the last durable thread event; the Unicode identifiers condition follows the configured contract; valid state is preserved, invalid or unauthorized work is rejected or quarantined without silent loss, retries do not duplicate side effects, lineage and audit evidence remain available, and no production records or credentials are used. Safety boundary: Use disposable synthetic repositories and mock integrations only. Never expose real credentials, modify production repositories, or publish/merge changes during a test run.",Playwright + platform UI/API,"sourcegraph-amp,market-platform,synthetic-data,long_running,Unicode-identifiers"
Sourcegraph Amp,Long-running Work and Notifications,SAMP-LONG_RUN-00166,Long-running Work and Notifications: cancel a long-running task and stop new commands (Unicode identifiers),Sourcegraph Amp: cancel a long-running task and stop new commands with Unicode identifiers,Functional,High,"Non-production tenant or isolated local fixture; synthetic records only; Use Unicode in safe project, model, table, index, and synthetic account labels. Safety boundary: Use disposable synthetic repositories and mock integrations only. Never expose real credentials, modify production repositories, or publish/merge changes during a test run.","1. Create a disposable, versioned synthetic fixture: Use Unicode in safe project, model, table, index, and synthetic account labels. 2. Execute the platform workflow to cancel a long-running task and stop new commands. 3. Capture the committed result, resource version, or run status. 4. Compare the result with the source fixture and the declared invariant. 5. Repeat or recover the operation when applicable; verify access, audit evidence, and side effects.","The platform must correctly cancel a long-running task and stop new commands; the Unicode identifiers condition follows the configured contract; valid state is preserved, invalid or unauthorized work is rejected or quarantined without silent loss, retries do not duplicate side effects, lineage and audit evidence remain available, and no production records or credentials are used. Safety boundary: Use disposable synthetic repositories and mock integrations only. Never expose real credentials, modify production repositories, or publish/merge changes during a test run.",Playwright + platform UI/API,"sourcegraph-amp,market-platform,synthetic-data,long_running,Unicode-identifiers"
Sourcegraph Amp,Long-running Work and Notifications,SAMP-LONG_RUN-00167,Long-running Work and Notifications: report a task requiring user input as waiting (Unicode identifiers),Sourcegraph Amp: report a task requiring user input as waiting with Unicode identifiers,Functional,High,"Non-production tenant or isolated local fixture; synthetic records only; Use Unicode in safe project, model, table, index, and synthetic account labels. Safety boundary: Use disposable synthetic repositories and mock integrations only. Never expose real credentials, modify production repositories, or publish/merge changes during a test run.","1. Create a disposable, versioned synthetic fixture: Use Unicode in safe project, model, table, index, and synthetic account labels. 2. Execute the platform workflow to report a task requiring user input as waiting. 3. Capture the committed result, resource version, or run status. 4. Compare the result with the source fixture and the declared invariant. 5. Repeat or recover the operation when applicable; verify access, audit evidence, and side effects.","The platform must correctly report a task requiring user input as waiting; the Unicode identifiers condition follows the configured contract; valid state is preserved, invalid or unauthorized work is rejected or quarantined without silent loss, retries do not duplicate side effects, lineage and audit evidence remain available, and no production records or credentials are used. Safety boundary: Use disposable synthetic repositories and mock integrations only. Never expose real credentials, modify production repositories, or publish/merge changes during a test run.",Playwright + platform UI/API,"sourcegraph-amp,market-platform,synthetic-data,long_running,Unicode-identifiers"
Sourcegraph Amp,Long-running Work and Notifications,SAMP-LONG_RUN-00168,Long-running Work and Notifications: retain progress events in chronological order (Unicode identifiers),Sourcegraph Amp: retain progress events in chronological order with Unicode identifiers,Functional,High,"Non-production tenant or isolated local fixture; synthetic records only; Use Unicode in safe project, model, table, index, and synthetic account labels. Safety boundary: Use disposable synthetic repositories and mock integrations only. Never expose real credentials, modify production repositories, or publish/merge changes during a test run.","1. Create a disposable, versioned synthetic fixture: Use Unicode in safe project, model, table, index, and synthetic account labels. 2. Execute the platform workflow to retain progress events in chronological order. 3. Capture the committed result, resource version, or run status. 4. Compare the result with the source fixture and the declared invariant. 5. Repeat or recover the operation when applicable; verify access, audit evidence, and side effects.","The platform must correctly retain progress events in chronological order; the Unicode identifiers condition follows the configured contract; valid state is preserved, invalid or unauthorized work is rejected or quarantined without silent loss, retries do not duplicate side effects, lineage and audit evidence remain available, and no production records or credentials are used. Safety boundary: Use disposable synthetic repositories and mock integrations only. Never expose real credentials, modify production repositories, or publish/merge changes during a test run.",Playwright + platform UI/API,"sourcegraph-amp,market-platform,synthetic-data,long_running,Unicode-identifiers"
Sourcegraph Amp,Long-running Work and Notifications,SAMP-LONG_RUN-00169,Long-running Work and Notifications: expire completed test orbs according to retention settings (Unicode identifiers),Sourcegraph Amp: expire completed test orbs according to retention settings with Unicode identifiers,Functional,Medium,"Non-production tenant or isolated local fixture; synthetic records only; Use Unicode in safe project, model, table, index, and synthetic account labels. Safety boundary: Use disposable synthetic repositories and mock integrations only. Never expose real credentials, modify production repositories, or publish/merge changes during a test run.","1. Create a disposable, versioned synthetic fixture: Use Unicode in safe project, model, table, index, and synthetic account labels. 2. Execute the platform workflow to expire completed test orbs according to retention settings. 3. Capture the committed result, resource version, or run status. 4. Compare the result with the source fixture and the declared invariant. 5. Repeat or recover the operation when applicable; verify access, audit evidence, and side effects.","The platform must correctly expire completed test orbs according to retention settings; the Unicode identifiers condition follows the configured contract; valid state is preserved, invalid or unauthorized work is rejected or quarantined without silent loss, retries do not duplicate side effects, lineage and audit evidence remain available, and no production records or credentials are used. Safety boundary: Use disposable synthetic repositories and mock integrations only. Never expose real credentials, modify production repositories, or publish/merge changes during a test run.",Playwright + platform UI/API,"sourcegraph-amp,market-platform,synthetic-data,long_running,Unicode-identifiers"
Sourcegraph Amp,Long-running Work and Notifications,SAMP-LONG_RUN-00170,Long-running Work and Notifications: audit background task and notification actions (Unicode identifiers),Sourcegraph Amp: audit background task and notification actions with Unicode identifiers,Functional,High,"Non-production tenant or isolated local fixture; synthetic records only; Use Unicode in safe project, model, table, index, and synthetic account labels. Safety boundary: Use disposable synthetic repositories and mock integrations only. Never expose real credentials, modify production repositories, or publish/merge changes during a test run.","1. Create a disposable, versioned synthetic fixture: Use Unicode in safe project, model, table, index, and synthetic account labels. 2. Execute the platform workflow to audit background task and notification actions. 3. Capture the committed result, resource version, or run status. 4. Compare the result with the source fixture and the declared invariant. 5. Repeat or recover the operation when applicable; verify access, audit evidence, and side effects.","The platform must correctly audit background task and notification actions; the Unicode identifiers condition follows the configured contract; valid state is preserved, invalid or unauthorized work is rejected or quarantined without silent loss, retries do not duplicate side effects, lineage and audit evidence remain available, and no production records or credentials are used. Safety boundary: Use disposable synthetic repositories and mock integrations only. Never expose real credentials, modify production repositories, or publish/merge changes during a test run.",Playwright + platform UI/API,"sourcegraph-amp,market-platform,synthetic-data,long_running,Unicode-identifiers"
Sourcegraph Amp,Long-running Work and Notifications,SAMP-LONG_RUN-00171,Long-running Work and Notifications: continue an approved task after the client disconnects (time-zone boundary),Sourcegraph Amp: continue an approved task after the client disconnects with time-zone boundary,Functional,High,"Non-production tenant or isolated local fixture; synthetic records only; Place timestamps around local midnight and a daylight-saving transition. Safety boundary: Use disposable synthetic repositories and mock integrations only. Never expose real credentials, modify production repositories, or publish/merge changes during a test run.","1. Create a disposable, versioned synthetic fixture: Place timestamps around local midnight and a daylight-saving transition. 2. Execute the platform workflow to continue an approved task after the client disconnects. 3. Capture the committed result, resource version, or run status. 4. Compare the result with the source fixture and the declared invariant. 5. Repeat or recover the operation when applicable; verify access, audit evidence, and side effects.","The platform must correctly continue an approved task after the client disconnects; the time-zone boundary condition follows the configured contract; valid state is preserved, invalid or unauthorized work is rejected or quarantined without silent loss, retries do not duplicate side effects, lineage and audit evidence remain available, and no production records or credentials are used. Safety boundary: Use disposable synthetic repositories and mock integrations only. Never expose real credentials, modify production repositories, or publish/merge changes during a test run.",Playwright + platform UI/API,"sourcegraph-amp,market-platform,synthetic-data,long_running,time-zone-boundary"
Sourcegraph Amp,Long-running Work and Notifications,SAMP-LONG_RUN-00172,Long-running Work and Notifications: send a completion notification to the mock user channel (time-zone boundary),Sourcegraph Amp: send a completion notification to the mock user channel with time-zone boundary,Functional,High,"Non-production tenant or isolated local fixture; synthetic records only; Place timestamps around local midnight and a daylight-saving transition. Safety boundary: Use disposable synthetic repositories and mock integrations only. Never expose real credentials, modify production repositories, or publish/merge changes during a test run.","1. Create a disposable, versioned synthetic fixture: Place timestamps around local midnight and a daylight-saving transition. 2. Execute the platform workflow to send a completion notification to the mock user channel. 3. Capture the committed result, resource version, or run status. 4. Compare the result with the source fixture and the declared invariant. 5. Repeat or recover the operation when applicable; verify access, audit evidence, and side effects.","The platform must correctly send a completion notification to the mock user channel; the time-zone boundary condition follows the configured contract; valid state is preserved, invalid or unauthorized work is rejected or quarantined without silent loss, retries do not duplicate side effects, lineage and audit evidence remain available, and no production records or credentials are used. Safety boundary: Use disposable synthetic repositories and mock integrations only. Never expose real credentials, modify production repositories, or publish/merge changes during a test run.",Playwright + platform UI/API,"sourcegraph-amp,market-platform,synthetic-data,long_running,time-zone-boundary"
Sourcegraph Amp,Long-running Work and Notifications,SAMP-LONG_RUN-00173,Long-running Work and Notifications: suppress repeated notifications for the same thread result (time-zone boundary),Sourcegraph Amp: suppress repeated notifications for the same thread result with time-zone boundary,Functional,Medium,"Non-production tenant or isolated local fixture; synthetic records only; Place timestamps around local midnight and a daylight-saving transition. Safety boundary: Use disposable synthetic repositories and mock integrations only. Never expose real credentials, modify production repositories, or publish/merge changes during a test run.","1. Create a disposable, versioned synthetic fixture: Place timestamps around local midnight and a daylight-saving transition. 2. Execute the platform workflow to suppress repeated notifications for the same thread result. 3. Capture the committed result, resource version, or run status. 4. Compare the result with the source fixture and the declared invariant. 5. Repeat or recover the operation when applicable; verify access, audit evidence, and side effects.","The platform must correctly suppress repeated notifications for the same thread result; the time-zone boundary condition follows the configured contract; valid state is preserved, invalid or unauthorized work is rejected or quarantined without silent loss, retries do not duplicate side effects, lineage and audit evidence remain available, and no production records or credentials are used. Safety boundary: Use disposable synthetic repositories and mock integrations only. Never expose real credentials, modify production repositories, or publish/merge changes during a test run.",Playwright + platform UI/API,"sourcegraph-amp,market-platform,synthetic-data,long_running,time-zone-boundary"
Sourcegraph Amp,Long-running Work and Notifications,SAMP-LONG_RUN-00174,Long-running Work and Notifications: pause an orb after its configured idle timeout (time-zone boundary),Sourcegraph Amp: pause an orb after its configured idle timeout with time-zone boundary,Functional,High,"Non-production tenant or isolated local fixture; synthetic records only; Place timestamps around local midnight and a daylight-saving transition. Safety boundary: Use disposable synthetic repositories and mock integrations only. Never expose real credentials, modify production repositories, or publish/merge changes during a test run.","1. Create a disposable, versioned synthetic fixture: Place timestamps around local midnight and a daylight-saving transition. 2. Execute the platform workflow to pause an orb after its configured idle timeout. 3. Capture the committed result, resource version, or run status. 4. Compare the result with the source fixture and the declared invariant. 5. Repeat or recover the operation when applicable; verify access, audit evidence, and side effects.","The platform must correctly pause an orb after its configured idle timeout; the time-zone boundary condition follows the configured contract; valid state is preserved, invalid or unauthorized work is rejected or quarantined without silent loss, retries do not duplicate side effects, lineage and audit evidence remain available, and no production records or credentials are used. Safety boundary: Use disposable synthetic repositories and mock integrations only. Never expose real credentials, modify production repositories, or publish/merge changes during a test run.",Playwright + platform UI/API,"sourcegraph-amp,market-platform,synthetic-data,long_running,time-zone-boundary"
Sourcegraph Amp,Long-running Work and Notifications,SAMP-LONG_RUN-00175,Long-running Work and Notifications: resume pending work from the last durable thread event (time-zone boundary),Sourcegraph Amp: resume pending work from the last durable thread event with time-zone boundary,Functional,High,"Non-production tenant or isolated local fixture; synthetic records only; Place timestamps around local midnight and a daylight-saving transition. Safety boundary: Use disposable synthetic repositories and mock integrations only. Never expose real credentials, modify production repositories, or publish/merge changes during a test run.","1. Create a disposable, versioned synthetic fixture: Place timestamps around local midnight and a daylight-saving transition. 2. Execute the platform workflow to resume pending work from the last durable thread event. 3. Capture the committed result, resource version, or run status. 4. Compare the result with the source fixture and the declared invariant. 5. Repeat or recover the operation when applicable; verify access, audit evidence, and side effects.","The platform must correctly resume pending work from the last durable thread event; the time-zone boundary condition follows the configured contract; valid state is preserved, invalid or unauthorized work is rejected or quarantined without silent loss, retries do not duplicate side effects, lineage and audit evidence remain available, and no production records or credentials are used. Safety boundary: Use disposable synthetic repositories and mock integrations only. Never expose real credentials, modify production repositories, or publish/merge changes during a test run.",Playwright + platform UI/API,"sourcegraph-amp,market-platform,synthetic-data,long_running,time-zone-boundary"
Sourcegraph Amp,Long-running Work and Notifications,SAMP-LONG_RUN-00176,Long-running Work and Notifications: cancel a long-running task and stop new commands (time-zone boundary),Sourcegraph Amp: cancel a long-running task and stop new commands with time-zone boundary,Functional,High,"Non-production tenant or isolated local fixture; synthetic records only; Place timestamps around local midnight and a daylight-saving transition. Safety boundary: Use disposable synthetic repositories and mock integrations only. Never expose real credentials, modify production repositories, or publish/merge changes during a test run.","1. Create a disposable, versioned synthetic fixture: Place timestamps around local midnight and a daylight-saving transition. 2. Execute the platform workflow to cancel a long-running task and stop new commands. 3. Capture the committed result, resource version, or run status. 4. Compare the result with the source fixture and the declared invariant. 5. Repeat or recover the operation when applicable; verify access, audit evidence, and side effects.","The platform must correctly cancel a long-running task and stop new commands; the time-zone boundary condition follows the configured contract; valid state is preserved, invalid or unauthorized work is rejected or quarantined without silent loss, retries do not duplicate side effects, lineage and audit evidence remain available, and no production records or credentials are used. Safety boundary: Use disposable synthetic repositories and mock integrations only. Never expose real credentials, modify production repositories, or publish/merge changes during a test run.",Playwright + platform UI/API,"sourcegraph-amp,market-platform,synthetic-data,long_running,time-zone-boundary"
Sourcegraph Amp,Long-running Work and Notifications,SAMP-LONG_RUN-00177,Long-running Work and Notifications: report a task requiring user input as waiting (time-zone boundary),Sourcegraph Amp: report a task requiring user input as waiting with time-zone boundary,Functional,Medium,"Non-production tenant or isolated local fixture; synthetic records only; Place timestamps around local midnight and a daylight-saving transition. Safety boundary: Use disposable synthetic repositories and mock integrations only. Never expose real credentials, modify production repositories, or publish/merge changes during a test run.","1. Create a disposable, versioned synthetic fixture: Place timestamps around local midnight and a daylight-saving transition. 2. Execute the platform workflow to report a task requiring user input as waiting. 3. Capture the committed result, resource version, or run status. 4. Compare the result with the source fixture and the declared invariant. 5. Repeat or recover the operation when applicable; verify access, audit evidence, and side effects.","The platform must correctly report a task requiring user input as waiting; the time-zone boundary condition follows the configured contract; valid state is preserved, invalid or unauthorized work is rejected or quarantined without silent loss, retries do not duplicate side effects, lineage and audit evidence remain available, and no production records or credentials are used. Safety boundary: Use disposable synthetic repositories and mock integrations only. Never expose real credentials, modify production repositories, or publish/merge changes during a test run.",Playwright + platform UI/API,"sourcegraph-amp,market-platform,synthetic-data,long_running,time-zone-boundary"
Sourcegraph Amp,Long-running Work and Notifications,SAMP-LONG_RUN-00178,Long-running Work and Notifications: retain progress events in chronological order (time-zone boundary),Sourcegraph Amp: retain progress events in chronological order with time-zone boundary,Functional,High,"Non-production tenant or isolated local fixture; synthetic records only; Place timestamps around local midnight and a daylight-saving transition. Safety boundary: Use disposable synthetic repositories and mock integrations only. Never expose real credentials, modify production repositories, or publish/merge changes during a test run.","1. Create a disposable, versioned synthetic fixture: Place timestamps around local midnight and a daylight-saving transition. 2. Execute the platform workflow to retain progress events in chronological order. 3. Capture the committed result, resource version, or run status. 4. Compare the result with the source fixture and the declared invariant. 5. Repeat or recover the operation when applicable; verify access, audit evidence, and side effects.","The platform must correctly retain progress events in chronological order; the time-zone boundary condition follows the configured contract; valid state is preserved, invalid or unauthorized work is rejected or quarantined without silent loss, retries do not duplicate side effects, lineage and audit evidence remain available, and no production records or credentials are used. Safety boundary: Use disposable synthetic repositories and mock integrations only. Never expose real credentials, modify production repositories, or publish/merge changes during a test run.",Playwright + platform UI/API,"sourcegraph-amp,market-platform,synthetic-data,long_running,time-zone-boundary"
Sourcegraph Amp,Long-running Work and Notifications,SAMP-LONG_RUN-00179,Long-running Work and Notifications: expire completed test orbs according to retention settings (time-zone boundary),Sourcegraph Amp: expire completed test orbs according to retention settings with time-zone boundary,Functional,High,"Non-production tenant or isolated local fixture; synthetic records only; Place timestamps around local midnight and a daylight-saving transition. Safety boundary: Use disposable synthetic repositories and mock integrations only. Never expose real credentials, modify production repositories, or publish/merge changes during a test run.","1. Create a disposable, versioned synthetic fixture: Place timestamps around local midnight and a daylight-saving transition. 2. Execute the platform workflow to expire completed test orbs according to retention settings. 3. Capture the committed result, resource version, or run status. 4. Compare the result with the source fixture and the declared invariant. 5. Repeat or recover the operation when applicable; verify access, audit evidence, and side effects.","The platform must correctly expire completed test orbs according to retention settings; the time-zone boundary condition follows the configured contract; valid state is preserved, invalid or unauthorized work is rejected or quarantined without silent loss, retries do not duplicate side effects, lineage and audit evidence remain available, and no production records or credentials are used. Safety boundary: Use disposable synthetic repositories and mock integrations only. Never expose real credentials, modify production repositories, or publish/merge changes during a test run.",Playwright + platform UI/API,"sourcegraph-amp,market-platform,synthetic-data,long_running,time-zone-boundary"
Sourcegraph Amp,Long-running Work and Notifications,SAMP-LONG_RUN-00180,Long-running Work and Notifications: audit background task and notification actions (time-zone boundary),Sourcegraph Amp: audit background task and notification actions with time-zone boundary,Functional,High,"Non-production tenant or isolated local fixture; synthetic records only; Place timestamps around local midnight and a daylight-saving transition. Safety boundary: Use disposable synthetic repositories and mock integrations only. Never expose real credentials, modify production repositories, or publish/merge changes during a test run.","1. Create a disposable, versioned synthetic fixture: Place timestamps around local midnight and a daylight-saving transition. 2. Execute the platform workflow to audit background task and notification actions. 3. Capture the committed result, resource version, or run status. 4. Compare the result with the source fixture and the declared invariant. 5. Repeat or recover the operation when applicable; verify access, audit evidence, and side effects.","The platform must correctly audit background task and notification actions; the time-zone boundary condition follows the configured contract; valid state is preserved, invalid or unauthorized work is rejected or quarantined without silent loss, retries do not duplicate side effects, lineage and audit evidence remain available, and no production records or credentials are used. Safety boundary: Use disposable synthetic repositories and mock integrations only. Never expose real credentials, modify production repositories, or publish/merge changes during a test run.",Playwright + platform UI/API,"sourcegraph-amp,market-platform,synthetic-data,long_running,time-zone-boundary"
Sourcegraph Amp,Long-running Work and Notifications,SAMP-LONG_RUN-00181,Long-running Work and Notifications: continue an approved task after the client disconnects (skewed high volume),Sourcegraph Amp: continue an approved task after the client disconnects with skewed high volume,Functional,Medium,"Non-production tenant or isolated local fixture; synthetic records only; Use a large synthetic fixture with one intentionally skewed key or partition. Safety boundary: Use disposable synthetic repositories and mock integrations only. Never expose real credentials, modify production repositories, or publish/merge changes during a test run.","1. Create a disposable, versioned synthetic fixture: Use a large synthetic fixture with one intentionally skewed key or partition. 2. Execute the platform workflow to continue an approved task after the client disconnects. 3. Capture the committed result, resource version, or run status. 4. Compare the result with the source fixture and the declared invariant. 5. Repeat or recover the operation when applicable; verify access, audit evidence, and side effects.","The platform must correctly continue an approved task after the client disconnects; the skewed high volume condition follows the configured contract; valid state is preserved, invalid or unauthorized work is rejected or quarantined without silent loss, retries do not duplicate side effects, lineage and audit evidence remain available, and no production records or credentials are used. Safety boundary: Use disposable synthetic repositories and mock integrations only. Never expose real credentials, modify production repositories, or publish/merge changes during a test run.",Playwright + platform UI/API,"sourcegraph-amp,market-platform,synthetic-data,long_running,skewed-high-volume"
Sourcegraph Amp,Long-running Work and Notifications,SAMP-LONG_RUN-00182,Long-running Work and Notifications: send a completion notification to the mock user channel (skewed high volume),Sourcegraph Amp: send a completion notification to the mock user channel with skewed high volume,Functional,High,"Non-production tenant or isolated local fixture; synthetic records only; Use a large synthetic fixture with one intentionally skewed key or partition. Safety boundary: Use disposable synthetic repositories and mock integrations only. Never expose real credentials, modify production repositories, or publish/merge changes during a test run.","1. Create a disposable, versioned synthetic fixture: Use a large synthetic fixture with one intentionally skewed key or partition. 2. Execute the platform workflow to send a completion notification to the mock user channel. 3. Capture the committed result, resource version, or run status. 4. Compare the result with the source fixture and the declared invariant. 5. Repeat or recover the operation when applicable; verify access, audit evidence, and side effects.","The platform must correctly send a completion notification to the mock user channel; the skewed high volume condition follows the configured contract; valid state is preserved, invalid or unauthorized work is rejected or quarantined without silent loss, retries do not duplicate side effects, lineage and audit evidence remain available, and no production records or credentials are used. Safety boundary: Use disposable synthetic repositories and mock integrations only. Never expose real credentials, modify production repositories, or publish/merge changes during a test run.",Playwright + platform UI/API,"sourcegraph-amp,market-platform,synthetic-data,long_running,skewed-high-volume"
Sourcegraph Amp,Long-running Work and Notifications,SAMP-LONG_RUN-00183,Long-running Work and Notifications: suppress repeated notifications for the same thread result (skewed high volume),Sourcegraph Amp: suppress repeated notifications for the same thread result with skewed high volume,Functional,High,"Non-production tenant or isolated local fixture; synthetic records only; Use a large synthetic fixture with one intentionally skewed key or partition. Safety boundary: Use disposable synthetic repositories and mock integrations only. Never expose real credentials, modify production repositories, or publish/merge changes during a test run.","1. Create a disposable, versioned synthetic fixture: Use a large synthetic fixture with one intentionally skewed key or partition. 2. Execute the platform workflow to suppress repeated notifications for the same thread result. 3. Capture the committed result, resource version, or run status. 4. Compare the result with the source fixture and the declared invariant. 5. Repeat or recover the operation when applicable; verify access, audit evidence, and side effects.","The platform must correctly suppress repeated notifications for the same thread result; the skewed high volume condition follows the configured contract; valid state is preserved, invalid or unauthorized work is rejected or quarantined without silent loss, retries do not duplicate side effects, lineage and audit evidence remain available, and no production records or credentials are used. Safety boundary: Use disposable synthetic repositories and mock integrations only. Never expose real credentials, modify production repositories, or publish/merge changes during a test run.",Playwright + platform UI/API,"sourcegraph-amp,market-platform,synthetic-data,long_running,skewed-high-volume"
Sourcegraph Amp,Long-running Work and Notifications,SAMP-LONG_RUN-00184,Long-running Work and Notifications: pause an orb after its configured idle timeout (skewed high volume),Sourcegraph Amp: pause an orb after its configured idle timeout with skewed high volume,Functional,High,"Non-production tenant or isolated local fixture; synthetic records only; Use a large synthetic fixture with one intentionally skewed key or partition. Safety boundary: Use disposable synthetic repositories and mock integrations only. Never expose real credentials, modify production repositories, or publish/merge changes during a test run.","1. Create a disposable, versioned synthetic fixture: Use a large synthetic fixture with one intentionally skewed key or partition. 2. Execute the platform workflow to pause an orb after its configured idle timeout. 3. Capture the committed result, resource version, or run status. 4. Compare the result with the source fixture and the declared invariant. 5. Repeat or recover the operation when applicable; verify access, audit evidence, and side effects.","The platform must correctly pause an orb after its configured idle timeout; the skewed high volume condition follows the configured contract; valid state is preserved, invalid or unauthorized work is rejected or quarantined without silent loss, retries do not duplicate side effects, lineage and audit evidence remain available, and no production records or credentials are used. Safety boundary: Use disposable synthetic repositories and mock integrations only. Never expose real credentials, modify production repositories, or publish/merge changes during a test run.",Playwright + platform UI/API,"sourcegraph-amp,market-platform,synthetic-data,long_running,skewed-high-volume"
Sourcegraph Amp,Long-running Work and Notifications,SAMP-LONG_RUN-00185,Long-running Work and Notifications: resume pending work from the last durable thread event (skewed high volume),Sourcegraph Amp: resume pending work from the last durable thread event with skewed high volume,Functional,Medium,"Non-production tenant or isolated local fixture; synthetic records only; Use a large synthetic fixture with one intentionally skewed key or partition. Safety boundary: Use disposable synthetic repositories and mock integrations only. Never expose real credentials, modify production repositories, or publish/merge changes during a test run.","1. Create a disposable, versioned synthetic fixture: Use a large synthetic fixture with one intentionally skewed key or partition. 2. Execute the platform workflow to resume pending work from the last durable thread event. 3. Capture the committed result, resource version, or run status. 4. Compare the result with the source fixture and the declared invariant. 5. Repeat or recover the operation when applicable; verify access, audit evidence, and side effects.","The platform must correctly resume pending work from the last durable thread event; the skewed high volume condition follows the configured contract; valid state is preserved, invalid or unauthorized work is rejected or quarantined without silent loss, retries do not duplicate side effects, lineage and audit evidence remain available, and no production records or credentials are used. Safety boundary: Use disposable synthetic repositories and mock integrations only. Never expose real credentials, modify production repositories, or publish/merge changes during a test run.",Playwright + platform UI/API,"sourcegraph-amp,market-platform,synthetic-data,long_running,skewed-high-volume"
Sourcegraph Amp,Long-running Work and Notifications,SAMP-LONG_RUN-00186,Long-running Work and Notifications: cancel a long-running task and stop new commands (skewed high volume),Sourcegraph Amp: cancel a long-running task and stop new commands with skewed high volume,Functional,High,"Non-production tenant or isolated local fixture; synthetic records only; Use a large synthetic fixture with one intentionally skewed key or partition. Safety boundary: Use disposable synthetic repositories and mock integrations only. Never expose real credentials, modify production repositories, or publish/merge changes during a test run.","1. Create a disposable, versioned synthetic fixture: Use a large synthetic fixture with one intentionally skewed key or partition. 2. Execute the platform workflow to cancel a long-running task and stop new commands. 3. Capture the committed result, resource version, or run status. 4. Compare the result with the source fixture and the declared invariant. 5. Repeat or recover the operation when applicable; verify access, audit evidence, and side effects.","The platform must correctly cancel a long-running task and stop new commands; the skewed high volume condition follows the configured contract; valid state is preserved, invalid or unauthorized work is rejected or quarantined without silent loss, retries do not duplicate side effects, lineage and audit evidence remain available, and no production records or credentials are used. Safety boundary: Use disposable synthetic repositories and mock integrations only. Never expose real credentials, modify production repositories, or publish/merge changes during a test run.",Playwright + platform UI/API,"sourcegraph-amp,market-platform,synthetic-data,long_running,skewed-high-volume"
Sourcegraph Amp,Long-running Work and Notifications,SAMP-LONG_RUN-00187,Long-running Work and Notifications: report a task requiring user input as waiting (skewed high volume),Sourcegraph Amp: report a task requiring user input as waiting with skewed high volume,Functional,High,"Non-production tenant or isolated local fixture; synthetic records only; Use a large synthetic fixture with one intentionally skewed key or partition. Safety boundary: Use disposable synthetic repositories and mock integrations only. Never expose real credentials, modify production repositories, or publish/merge changes during a test run.","1. Create a disposable, versioned synthetic fixture: Use a large synthetic fixture with one intentionally skewed key or partition. 2. Execute the platform workflow to report a task requiring user input as waiting. 3. Capture the committed result, resource version, or run status. 4. Compare the result with the source fixture and the declared invariant. 5. Repeat or recover the operation when applicable; verify access, audit evidence, and side effects.","The platform must correctly report a task requiring user input as waiting; the skewed high volume condition follows the configured contract; valid state is preserved, invalid or unauthorized work is rejected or quarantined without silent loss, retries do not duplicate side effects, lineage and audit evidence remain available, and no production records or credentials are used. Safety boundary: Use disposable synthetic repositories and mock integrations only. Never expose real credentials, modify production repositories, or publish/merge changes during a test run.",Playwright + platform UI/API,"sourcegraph-amp,market-platform,synthetic-data,long_running,skewed-high-volume"
Sourcegraph Amp,Long-running Work and Notifications,SAMP-LONG_RUN-00188,Long-running Work and Notifications: retain progress events in chronological order (skewed high volume),Sourcegraph Amp: retain progress events in chronological order with skewed high volume,Functional,High,"Non-production tenant or isolated local fixture; synthetic records only; Use a large synthetic fixture with one intentionally skewed key or partition. Safety boundary: Use disposable synthetic repositories and mock integrations only. Never expose real credentials, modify production repositories, or publish/merge changes during a test run.","1. Create a disposable, versioned synthetic fixture: Use a large synthetic fixture with one intentionally skewed key or partition. 2. Execute the platform workflow to retain progress events in chronological order. 3. Capture the committed result, resource version, or run status. 4. Compare the result with the source fixture and the declared invariant. 5. Repeat or recover the operation when applicable; verify access, audit evidence, and side effects.","The platform must correctly retain progress events in chronological order; the skewed high volume condition follows the configured contract; valid state is preserved, invalid or unauthorized work is rejected or quarantined without silent loss, retries do not duplicate side effects, lineage and audit evidence remain available, and no production records or credentials are used. Safety boundary: Use disposable synthetic repositories and mock integrations only. Never expose real credentials, modify production repositories, or publish/merge changes during a test run.",Playwright + platform UI/API,"sourcegraph-amp,market-platform,synthetic-data,long_running,skewed-high-volume"
Sourcegraph Amp,Long-running Work and Notifications,SAMP-LONG_RUN-00189,Long-running Work and Notifications: expire completed test orbs according to retention settings (skewed high volume),Sourcegraph Amp: expire completed test orbs according to retention settings with skewed high volume,Functional,Medium,"Non-production tenant or isolated local fixture; synthetic records only; Use a large synthetic fixture with one intentionally skewed key or partition. Safety boundary: Use disposable synthetic repositories and mock integrations only. Never expose real credentials, modify production repositories, or publish/merge changes during a test run.","1. Create a disposable, versioned synthetic fixture: Use a large synthetic fixture with one intentionally skewed key or partition. 2. Execute the platform workflow to expire completed test orbs according to retention settings. 3. Capture the committed result, resource version, or run status. 4. Compare the result with the source fixture and the declared invariant. 5. Repeat or recover the operation when applicable; verify access, audit evidence, and side effects.","The platform must correctly expire completed test orbs according to retention settings; the skewed high volume condition follows the configured contract; valid state is preserved, invalid or unauthorized work is rejected or quarantined without silent loss, retries do not duplicate side effects, lineage and audit evidence remain available, and no production records or credentials are used. Safety boundary: Use disposable synthetic repositories and mock integrations only. Never expose real credentials, modify production repositories, or publish/merge changes during a test run.",Playwright + platform UI/API,"sourcegraph-amp,market-platform,synthetic-data,long_running,skewed-high-volume"
Sourcegraph Amp,Long-running Work and Notifications,SAMP-LONG_RUN-00190,Long-running Work and Notifications: audit background task and notification actions (skewed high volume),Sourcegraph Amp: audit background task and notification actions with skewed high volume,Functional,High,"Non-production tenant or isolated local fixture; synthetic records only; Use a large synthetic fixture with one intentionally skewed key or partition. Safety boundary: Use disposable synthetic repositories and mock integrations only. Never expose real credentials, modify production repositories, or publish/merge changes during a test run.","1. Create a disposable, versioned synthetic fixture: Use a large synthetic fixture with one intentionally skewed key or partition. 2. Execute the platform workflow to audit background task and notification actions. 3. Capture the committed result, resource version, or run status. 4. Compare the result with the source fixture and the declared invariant. 5. Repeat or recover the operation when applicable; verify access, audit evidence, and side effects.","The platform must correctly audit background task and notification actions; the skewed high volume condition follows the configured contract; valid state is preserved, invalid or unauthorized work is rejected or quarantined without silent loss, retries do not duplicate side effects, lineage and audit evidence remain available, and no production records or credentials are used. Safety boundary: Use disposable synthetic repositories and mock integrations only. Never expose real credentials, modify production repositories, or publish/merge changes during a test run.",Playwright + platform UI/API,"sourcegraph-amp,market-platform,synthetic-data,long_running,skewed-high-volume"
Sourcegraph Amp,Long-running Work and Notifications,SAMP-LONG_RUN-00191,Long-running Work and Notifications: continue an approved task after the client disconnects (corrupt input),Sourcegraph Amp: continue an approved task after the client disconnects with corrupt input,Functional,High,"Non-production tenant or isolated local fixture; synthetic records only; Include one malformed record and verify quarantine or clear failure without silent loss. Safety boundary: Use disposable synthetic repositories and mock integrations only. Never expose real credentials, modify production repositories, or publish/merge changes during a test run.","1. Create a disposable, versioned synthetic fixture: Include one malformed record and verify quarantine or clear failure without silent loss. 2. Execute the platform workflow to continue an approved task after the client disconnects. 3. Capture the committed result, resource version, or run status. 4. Compare the result with the source fixture and the declared invariant. 5. Repeat or recover the operation when applicable; verify access, audit evidence, and side effects.","The platform must correctly continue an approved task after the client disconnects; the corrupt input condition follows the configured contract; valid state is preserved, invalid or unauthorized work is rejected or quarantined without silent loss, retries do not duplicate side effects, lineage and audit evidence remain available, and no production records or credentials are used. Safety boundary: Use disposable synthetic repositories and mock integrations only. Never expose real credentials, modify production repositories, or publish/merge changes during a test run.",Playwright + platform UI/API,"sourcegraph-amp,market-platform,synthetic-data,long_running,corrupt-input"
Sourcegraph Amp,Long-running Work and Notifications,SAMP-LONG_RUN-00192,Long-running Work and Notifications: send a completion notification to the mock user channel (corrupt input),Sourcegraph Amp: send a completion notification to the mock user channel with corrupt input,Functional,High,"Non-production tenant or isolated local fixture; synthetic records only; Include one malformed record and verify quarantine or clear failure without silent loss. Safety boundary: Use disposable synthetic repositories and mock integrations only. Never expose real credentials, modify production repositories, or publish/merge changes during a test run.","1. Create a disposable, versioned synthetic fixture: Include one malformed record and verify quarantine or clear failure without silent loss. 2. Execute the platform workflow to send a completion notification to the mock user channel. 3. Capture the committed result, resource version, or run status. 4. Compare the result with the source fixture and the declared invariant. 5. Repeat or recover the operation when applicable; verify access, audit evidence, and side effects.","The platform must correctly send a completion notification to the mock user channel; the corrupt input condition follows the configured contract; valid state is preserved, invalid or unauthorized work is rejected or quarantined without silent loss, retries do not duplicate side effects, lineage and audit evidence remain available, and no production records or credentials are used. Safety boundary: Use disposable synthetic repositories and mock integrations only. Never expose real credentials, modify production repositories, or publish/merge changes during a test run.",Playwright + platform UI/API,"sourcegraph-amp,market-platform,synthetic-data,long_running,corrupt-input"
Sourcegraph Amp,Long-running Work and Notifications,SAMP-LONG_RUN-00193,Long-running Work and Notifications: suppress repeated notifications for the same thread result (corrupt input),Sourcegraph Amp: suppress repeated notifications for the same thread result with corrupt input,Functional,Medium,"Non-production tenant or isolated local fixture; synthetic records only; Include one malformed record and verify quarantine or clear failure without silent loss. Safety boundary: Use disposable synthetic repositories and mock integrations only. Never expose real credentials, modify production repositories, or publish/merge changes during a test run.","1. Create a disposable, versioned synthetic fixture: Include one malformed record and verify quarantine or clear failure without silent loss. 2. Execute the platform workflow to suppress repeated notifications for the same thread result. 3. Capture the committed result, resource version, or run status. 4. Compare the result with the source fixture and the declared invariant. 5. Repeat or recover the operation when applicable; verify access, audit evidence, and side effects.","The platform must correctly suppress repeated notifications for the same thread result; the corrupt input condition follows the configured contract; valid state is preserved, invalid or unauthorized work is rejected or quarantined without silent loss, retries do not duplicate side effects, lineage and audit evidence remain available, and no production records or credentials are used. Safety boundary: Use disposable synthetic repositories and mock integrations only. Never expose real credentials, modify production repositories, or publish/merge changes during a test run.",Playwright + platform UI/API,"sourcegraph-amp,market-platform,synthetic-data,long_running,corrupt-input"
Sourcegraph Amp,Long-running Work and Notifications,SAMP-LONG_RUN-00194,Long-running Work and Notifications: pause an orb after its configured idle timeout (corrupt input),Sourcegraph Amp: pause an orb after its configured idle timeout with corrupt input,Functional,High,"Non-production tenant or isolated local fixture; synthetic records only; Include one malformed record and verify quarantine or clear failure without silent loss. Safety boundary: Use disposable synthetic repositories and mock integrations only. Never expose real credentials, modify production repositories, or publish/merge changes during a test run.","1. Create a disposable, versioned synthetic fixture: Include one malformed record and verify quarantine or clear failure without silent loss. 2. Execute the platform workflow to pause an orb after its configured idle timeout. 3. Capture the committed result, resource version, or run status. 4. Compare the result with the source fixture and the declared invariant. 5. Repeat or recover the operation when applicable; verify access, audit evidence, and side effects.","The platform must correctly pause an orb after its configured idle timeout; the corrupt input condition follows the configured contract; valid state is preserved, invalid or unauthorized work is rejected or quarantined without silent loss, retries do not duplicate side effects, lineage and audit evidence remain available, and no production records or credentials are used. Safety boundary: Use disposable synthetic repositories and mock integrations only. Never expose real credentials, modify production repositories, or publish/merge changes during a test run.",Playwright + platform UI/API,"sourcegraph-amp,market-platform,synthetic-data,long_running,corrupt-input"
Sourcegraph Amp,Long-running Work and Notifications,SAMP-LONG_RUN-00195,Long-running Work and Notifications: resume pending work from the last durable thread event (corrupt input),Sourcegraph Amp: resume pending work from the last durable thread event with corrupt input,Functional,High,"Non-production tenant or isolated local fixture; synthetic records only; Include one malformed record and verify quarantine or clear failure without silent loss. Safety boundary: Use disposable synthetic repositories and mock integrations only. Never expose real credentials, modify production repositories, or publish/merge changes during a test run.","1. Create a disposable, versioned synthetic fixture: Include one malformed record and verify quarantine or clear failure without silent loss. 2. Execute the platform workflow to resume pending work from the last durable thread event. 3. Capture the committed result, resource version, or run status. 4. Compare the result with the source fixture and the declared invariant. 5. Repeat or recover the operation when applicable; verify access, audit evidence, and side effects.","The platform must correctly resume pending work from the last durable thread event; the corrupt input condition follows the configured contract; valid state is preserved, invalid or unauthorized work is rejected or quarantined without silent loss, retries do not duplicate side effects, lineage and audit evidence remain available, and no production records or credentials are used. Safety boundary: Use disposable synthetic repositories and mock integrations only. Never expose real credentials, modify production repositories, or publish/merge changes during a test run.",Playwright + platform UI/API,"sourcegraph-amp,market-platform,synthetic-data,long_running,corrupt-input"
Sourcegraph Amp,Long-running Work and Notifications,SAMP-LONG_RUN-00196,Long-running Work and Notifications: cancel a long-running task and stop new commands (corrupt input),Sourcegraph Amp: cancel a long-running task and stop new commands with corrupt input,Functional,High,"Non-production tenant or isolated local fixture; synthetic records only; Include one malformed record and verify quarantine or clear failure without silent loss. Safety boundary: Use disposable synthetic repositories and mock integrations only. Never expose real credentials, modify production repositories, or publish/merge changes during a test run.","1. Create a disposable, versioned synthetic fixture: Include one malformed record and verify quarantine or clear failure without silent loss. 2. Execute the platform workflow to cancel a long-running task and stop new commands. 3. Capture the committed result, resource version, or run status. 4. Compare the result with the source fixture and the declared invariant. 5. Repeat or recover the operation when applicable; verify access, audit evidence, and side effects.","The platform must correctly cancel a long-running task and stop new commands; the corrupt input condition follows the configured contract; valid state is preserved, invalid or unauthorized work is rejected or quarantined without silent loss, retries do not duplicate side effects, lineage and audit evidence remain available, and no production records or credentials are used. Safety boundary: Use disposable synthetic repositories and mock integrations only. Never expose real credentials, modify production repositories, or publish/merge changes during a test run.",Playwright + platform UI/API,"sourcegraph-amp,market-platform,synthetic-data,long_running,corrupt-input"
Sourcegraph Amp,Long-running Work and Notifications,SAMP-LONG_RUN-00197,Long-running Work and Notifications: report a task requiring user input as waiting (corrupt input),Sourcegraph Amp: report a task requiring user input as waiting with corrupt input,Functional,Medium,"Non-production tenant or isolated local fixture; synthetic records only; Include one malformed record and verify quarantine or clear failure without silent loss. Safety boundary: Use disposable synthetic repositories and mock integrations only. Never expose real credentials, modify production repositories, or publish/merge changes during a test run.","1. Create a disposable, versioned synthetic fixture: Include one malformed record and verify quarantine or clear failure without silent loss. 2. Execute the platform workflow to report a task requiring user input as waiting. 3. Capture the committed result, resource version, or run status. 4. Compare the result with the source fixture and the declared invariant. 5. Repeat or recover the operation when applicable; verify access, audit evidence, and side effects.","The platform must correctly report a task requiring user input as waiting; the corrupt input condition follows the configured contract; valid state is preserved, invalid or unauthorized work is rejected or quarantined without silent loss, retries do not duplicate side effects, lineage and audit evidence remain available, and no production records or credentials are used. Safety boundary: Use disposable synthetic repositories and mock integrations only. Never expose real credentials, modify production repositories, or publish/merge changes during a test run.",Playwright + platform UI/API,"sourcegraph-amp,market-platform,synthetic-data,long_running,corrupt-input"
Sourcegraph Amp,Long-running Work and Notifications,SAMP-LONG_RUN-00198,Long-running Work and Notifications: retain progress events in chronological order (corrupt input),Sourcegraph Amp: retain progress events in chronological order with corrupt input,Functional,High,"Non-production tenant or isolated local fixture; synthetic records only; Include one malformed record and verify quarantine or clear failure without silent loss. Safety boundary: Use disposable synthetic repositories and mock integrations only. Never expose real credentials, modify production repositories, or publish/merge changes during a test run.","1. Create a disposable, versioned synthetic fixture: Include one malformed record and verify quarantine or clear failure without silent loss. 2. Execute the platform workflow to retain progress events in chronological order. 3. Capture the committed result, resource version, or run status. 4. Compare the result with the source fixture and the declared invariant. 5. Repeat or recover the operation when applicable; verify access, audit evidence, and side effects.","The platform must correctly retain progress events in chronological order; the corrupt input condition follows the configured contract; valid state is preserved, invalid or unauthorized work is rejected or quarantined without silent loss, retries do not duplicate side effects, lineage and audit evidence remain available, and no production records or credentials are used. Safety boundary: Use disposable synthetic repositories and mock integrations only. Never expose real credentials, modify production repositories, or publish/merge changes during a test run.",Playwright + platform UI/API,"sourcegraph-amp,market-platform,synthetic-data,long_running,corrupt-input"
Sourcegraph Amp,Long-running Work and Notifications,SAMP-LONG_RUN-00199,Long-running Work and Notifications: expire completed test orbs according to retention settings (corrupt input),Sourcegraph Amp: expire completed test orbs according to retention settings with corrupt input,Functional,High,"Non-production tenant or isolated local fixture; synthetic records only; Include one malformed record and verify quarantine or clear failure without silent loss. Safety boundary: Use disposable synthetic repositories and mock integrations only. Never expose real credentials, modify production repositories, or publish/merge changes during a test run.","1. Create a disposable, versioned synthetic fixture: Include one malformed record and verify quarantine or clear failure without silent loss. 2. Execute the platform workflow to expire completed test orbs according to retention settings. 3. Capture the committed result, resource version, or run status. 4. Compare the result with the source fixture and the declared invariant. 5. Repeat or recover the operation when applicable; verify access, audit evidence, and side effects.","The platform must correctly expire completed test orbs according to retention settings; the corrupt input condition follows the configured contract; valid state is preserved, invalid or unauthorized work is rejected or quarantined without silent loss, retries do not duplicate side effects, lineage and audit evidence remain available, and no production records or credentials are used. Safety boundary: Use disposable synthetic repositories and mock integrations only. Never expose real credentials, modify production repositories, or publish/merge changes during a test run.",Playwright + platform UI/API,"sourcegraph-amp,market-platform,synthetic-data,long_running,corrupt-input"
Sourcegraph Amp,Long-running Work and Notifications,SAMP-LONG_RUN-00200,Long-running Work and Notifications: audit background task and notification actions (corrupt input),Sourcegraph Amp: audit background task and notification actions with corrupt input,Functional,High,"Non-production tenant or isolated local fixture; synthetic records only; Include one malformed record and verify quarantine or clear failure without silent loss. Safety boundary: Use disposable synthetic repositories and mock integrations only. Never expose real credentials, modify production repositories, or publish/merge changes during a test run.","1. Create a disposable, versioned synthetic fixture: Include one malformed record and verify quarantine or clear failure without silent loss. 2. Execute the platform workflow to audit background task and notification actions. 3. Capture the committed result, resource version, or run status. 4. Compare the result with the source fixture and the declared invariant. 5. Repeat or recover the operation when applicable; verify access, audit evidence, and side effects.","The platform must correctly audit background task and notification actions; the corrupt input condition follows the configured contract; valid state is preserved, invalid or unauthorized work is rejected or quarantined without silent loss, retries do not duplicate side effects, lineage and audit evidence remain available, and no production records or credentials are used. Safety boundary: Use disposable synthetic repositories and mock integrations only. Never expose real credentials, modify production repositories, or publish/merge changes during a test run.",Playwright + platform UI/API,"sourcegraph-amp,market-platform,synthetic-data,long_running,corrupt-input"
