product,module,test_case_id,test_scenario,test_case_name,test_type,priority,preconditions,test_steps,expected_result,automation_framework,tags
n8n,Workflows and Nodes,N8N-WORKFLOW-00001,Workflows and Nodes: create connected nodes with valid execution order (clean baseline),n8n: create connected nodes with valid execution order with clean baseline,Functional,Medium,"Non-production tenant or isolated local fixture; synthetic records only; Use a disposable workspace, tenant, project, and versioned synthetic fixture. ","1. Create a disposable, versioned synthetic fixture: Use a disposable workspace, tenant, project, and versioned synthetic fixture. 2. Execute the platform workflow to create connected nodes with valid execution order. 3. Capture the committed result, resource version, or run status. 4. Compare the result with the source fixture and the declared invariant. 5. Repeat or recover the operation when applicable; verify access, audit evidence, and side effects.","The platform must correctly create connected nodes with valid execution order; the clean baseline condition follows the configured contract; valid state is preserved, invalid or unauthorized work is rejected or quarantined without silent loss, retries do not duplicate side effects, lineage and audit evidence remain available, and no production records or credentials are used.",Playwright + platform UI/API,"n8n,market-platform,synthetic-data,workflows,clean-baseline"
n8n,Workflows and Nodes,N8N-WORKFLOW-00002,Workflows and Nodes: validate required node parameters before activation (clean baseline),n8n: validate required node parameters before activation with clean baseline,Functional,High,"Non-production tenant or isolated local fixture; synthetic records only; Use a disposable workspace, tenant, project, and versioned synthetic fixture. ","1. Create a disposable, versioned synthetic fixture: Use a disposable workspace, tenant, project, and versioned synthetic fixture. 2. Execute the platform workflow to validate required node parameters before activation. 3. Capture the committed result, resource version, or run status. 4. Compare the result with the source fixture and the declared invariant. 5. Repeat or recover the operation when applicable; verify access, audit evidence, and side effects.","The platform must correctly validate required node parameters before activation; the clean baseline condition follows the configured contract; valid state is preserved, invalid or unauthorized work is rejected or quarantined without silent loss, retries do not duplicate side effects, lineage and audit evidence remain available, and no production records or credentials are used.",Playwright + platform UI/API,"n8n,market-platform,synthetic-data,workflows,clean-baseline"
n8n,Workflows and Nodes,N8N-WORKFLOW-00003,Workflows and Nodes: preserve settings after workflow duplication (clean baseline),n8n: preserve settings after workflow duplication with clean baseline,Functional,High,"Non-production tenant or isolated local fixture; synthetic records only; Use a disposable workspace, tenant, project, and versioned synthetic fixture. ","1. Create a disposable, versioned synthetic fixture: Use a disposable workspace, tenant, project, and versioned synthetic fixture. 2. Execute the platform workflow to preserve settings after workflow duplication. 3. Capture the committed result, resource version, or run status. 4. Compare the result with the source fixture and the declared invariant. 5. Repeat or recover the operation when applicable; verify access, audit evidence, and side effects.","The platform must correctly preserve settings after workflow duplication; the clean baseline condition follows the configured contract; valid state is preserved, invalid or unauthorized work is rejected or quarantined without silent loss, retries do not duplicate side effects, lineage and audit evidence remain available, and no production records or credentials are used.",Playwright + platform UI/API,"n8n,market-platform,synthetic-data,workflows,clean-baseline"
n8n,Workflows and Nodes,N8N-WORKFLOW-00004,Workflows and Nodes: run with deterministic synthetic input (clean baseline),n8n: run with deterministic synthetic input with clean baseline,Functional,High,"Non-production tenant or isolated local fixture; synthetic records only; Use a disposable workspace, tenant, project, and versioned synthetic fixture. ","1. Create a disposable, versioned synthetic fixture: Use a disposable workspace, tenant, project, and versioned synthetic fixture. 2. Execute the platform workflow to run with deterministic synthetic input. 3. Capture the committed result, resource version, or run status. 4. Compare the result with the source fixture and the declared invariant. 5. Repeat or recover the operation when applicable; verify access, audit evidence, and side effects.","The platform must correctly run with deterministic synthetic input; the clean baseline condition follows the configured contract; valid state is preserved, invalid or unauthorized work is rejected or quarantined without silent loss, retries do not duplicate side effects, lineage and audit evidence remain available, and no production records or credentials are used.",Playwright + platform UI/API,"n8n,market-platform,synthetic-data,workflows,clean-baseline"
n8n,Workflows and Nodes,N8N-WORKFLOW-00005,Workflows and Nodes: disable a node and expose downstream behavior (clean baseline),n8n: disable a node and expose downstream behavior with clean baseline,Functional,Medium,"Non-production tenant or isolated local fixture; synthetic records only; Use a disposable workspace, tenant, project, and versioned synthetic fixture. ","1. Create a disposable, versioned synthetic fixture: Use a disposable workspace, tenant, project, and versioned synthetic fixture. 2. Execute the platform workflow to disable a node and expose downstream behavior. 3. Capture the committed result, resource version, or run status. 4. Compare the result with the source fixture and the declared invariant. 5. Repeat or recover the operation when applicable; verify access, audit evidence, and side effects.","The platform must correctly disable a node and expose downstream behavior; the clean baseline condition follows the configured contract; valid state is preserved, invalid or unauthorized work is rejected or quarantined without silent loss, retries do not duplicate side effects, lineage and audit evidence remain available, and no production records or credentials are used.",Playwright + platform UI/API,"n8n,market-platform,synthetic-data,workflows,clean-baseline"
n8n,Workflows and Nodes,N8N-WORKFLOW-00006,Workflows and Nodes: handle node output with an empty collection (clean baseline),n8n: handle node output with an empty collection with clean baseline,Functional,High,"Non-production tenant or isolated local fixture; synthetic records only; Use a disposable workspace, tenant, project, and versioned synthetic fixture. ","1. Create a disposable, versioned synthetic fixture: Use a disposable workspace, tenant, project, and versioned synthetic fixture. 2. Execute the platform workflow to handle node output with an empty collection. 3. Capture the committed result, resource version, or run status. 4. Compare the result with the source fixture and the declared invariant. 5. Repeat or recover the operation when applicable; verify access, audit evidence, and side effects.","The platform must correctly handle node output with an empty collection; the clean baseline condition follows the configured contract; valid state is preserved, invalid or unauthorized work is rejected or quarantined without silent loss, retries do not duplicate side effects, lineage and audit evidence remain available, and no production records or credentials are used.",Playwright + platform UI/API,"n8n,market-platform,synthetic-data,workflows,clean-baseline"
n8n,Workflows and Nodes,N8N-WORKFLOW-00007,Workflows and Nodes: reject invalid expressions before execution (clean baseline),n8n: reject invalid expressions before execution with clean baseline,Functional,High,"Non-production tenant or isolated local fixture; synthetic records only; Use a disposable workspace, tenant, project, and versioned synthetic fixture. ","1. Create a disposable, versioned synthetic fixture: Use a disposable workspace, tenant, project, and versioned synthetic fixture. 2. Execute the platform workflow to reject invalid expressions before execution. 3. Capture the committed result, resource version, or run status. 4. Compare the result with the source fixture and the declared invariant. 5. Repeat or recover the operation when applicable; verify access, audit evidence, and side effects.","The platform must correctly reject invalid expressions before execution; the clean baseline condition follows the configured contract; valid state is preserved, invalid or unauthorized work is rejected or quarantined without silent loss, retries do not duplicate side effects, lineage and audit evidence remain available, and no production records or credentials are used.",Playwright + platform UI/API,"n8n,market-platform,synthetic-data,workflows,clean-baseline"
n8n,Workflows and Nodes,N8N-WORKFLOW-00008,Workflows and Nodes: restore a prior workflow revision (clean baseline),n8n: restore a prior workflow revision with clean baseline,Functional,High,"Non-production tenant or isolated local fixture; synthetic records only; Use a disposable workspace, tenant, project, and versioned synthetic fixture. ","1. Create a disposable, versioned synthetic fixture: Use a disposable workspace, tenant, project, and versioned synthetic fixture. 2. Execute the platform workflow to restore a prior workflow revision. 3. Capture the committed result, resource version, or run status. 4. Compare the result with the source fixture and the declared invariant. 5. Repeat or recover the operation when applicable; verify access, audit evidence, and side effects.","The platform must correctly restore a prior workflow revision; the clean baseline condition follows the configured contract; valid state is preserved, invalid or unauthorized work is rejected or quarantined without silent loss, retries do not duplicate side effects, lineage and audit evidence remain available, and no production records or credentials are used.",Playwright + platform UI/API,"n8n,market-platform,synthetic-data,workflows,clean-baseline"
n8n,Workflows and Nodes,N8N-WORKFLOW-00009,Workflows and Nodes: verify node output shape at connections (clean baseline),n8n: verify node output shape at connections with clean baseline,Functional,Medium,"Non-production tenant or isolated local fixture; synthetic records only; Use a disposable workspace, tenant, project, and versioned synthetic fixture. ","1. Create a disposable, versioned synthetic fixture: Use a disposable workspace, tenant, project, and versioned synthetic fixture. 2. Execute the platform workflow to verify node output shape at connections. 3. Capture the committed result, resource version, or run status. 4. Compare the result with the source fixture and the declared invariant. 5. Repeat or recover the operation when applicable; verify access, audit evidence, and side effects.","The platform must correctly verify node output shape at connections; the clean baseline condition follows the configured contract; valid state is preserved, invalid or unauthorized work is rejected or quarantined without silent loss, retries do not duplicate side effects, lineage and audit evidence remain available, and no production records or credentials are used.",Playwright + platform UI/API,"n8n,market-platform,synthetic-data,workflows,clean-baseline"
n8n,Workflows and Nodes,N8N-WORKFLOW-00010,Workflows and Nodes: record edits with the correct editor identity (clean baseline),n8n: record edits with the correct editor identity with clean baseline,Functional,High,"Non-production tenant or isolated local fixture; synthetic records only; Use a disposable workspace, tenant, project, and versioned synthetic fixture. ","1. Create a disposable, versioned synthetic fixture: Use a disposable workspace, tenant, project, and versioned synthetic fixture. 2. Execute the platform workflow to record edits with the correct editor identity. 3. Capture the committed result, resource version, or run status. 4. Compare the result with the source fixture and the declared invariant. 5. Repeat or recover the operation when applicable; verify access, audit evidence, and side effects.","The platform must correctly record edits with the correct editor identity; the clean baseline condition follows the configured contract; valid state is preserved, invalid or unauthorized work is rejected or quarantined without silent loss, retries do not duplicate side effects, lineage and audit evidence remain available, and no production records or credentials are used.",Playwright + platform UI/API,"n8n,market-platform,synthetic-data,workflows,clean-baseline"
n8n,Workflows and Nodes,N8N-WORKFLOW-00011,Workflows and Nodes: create connected nodes with valid execution order (empty input),n8n: create connected nodes with valid execution order with empty input,Functional,High,Non-production tenant or isolated local fixture; synthetic records only; Use an empty source or namespace and verify defined empty-result behavior. ,"1. Create a disposable, versioned synthetic fixture: Use an empty source or namespace and verify defined empty-result behavior. 2. Execute the platform workflow to create connected nodes with valid execution order. 3. Capture the committed result, resource version, or run status. 4. Compare the result with the source fixture and the declared invariant. 5. Repeat or recover the operation when applicable; verify access, audit evidence, and side effects.","The platform must correctly create connected nodes with valid execution order; the empty input condition follows the configured contract; valid state is preserved, invalid or unauthorized work is rejected or quarantined without silent loss, retries do not duplicate side effects, lineage and audit evidence remain available, and no production records or credentials are used.",Playwright + platform UI/API,"n8n,market-platform,synthetic-data,workflows,empty-input"
n8n,Workflows and Nodes,N8N-WORKFLOW-00012,Workflows and Nodes: validate required node parameters before activation (empty input),n8n: validate required node parameters before activation with empty input,Functional,High,Non-production tenant or isolated local fixture; synthetic records only; Use an empty source or namespace and verify defined empty-result behavior. ,"1. Create a disposable, versioned synthetic fixture: Use an empty source or namespace and verify defined empty-result behavior. 2. Execute the platform workflow to validate required node parameters before activation. 3. Capture the committed result, resource version, or run status. 4. Compare the result with the source fixture and the declared invariant. 5. Repeat or recover the operation when applicable; verify access, audit evidence, and side effects.","The platform must correctly validate required node parameters before activation; the empty input condition follows the configured contract; valid state is preserved, invalid or unauthorized work is rejected or quarantined without silent loss, retries do not duplicate side effects, lineage and audit evidence remain available, and no production records or credentials are used.",Playwright + platform UI/API,"n8n,market-platform,synthetic-data,workflows,empty-input"
n8n,Workflows and Nodes,N8N-WORKFLOW-00013,Workflows and Nodes: preserve settings after workflow duplication (empty input),n8n: preserve settings after workflow duplication with empty input,Functional,Medium,Non-production tenant or isolated local fixture; synthetic records only; Use an empty source or namespace and verify defined empty-result behavior. ,"1. Create a disposable, versioned synthetic fixture: Use an empty source or namespace and verify defined empty-result behavior. 2. Execute the platform workflow to preserve settings after workflow duplication. 3. Capture the committed result, resource version, or run status. 4. Compare the result with the source fixture and the declared invariant. 5. Repeat or recover the operation when applicable; verify access, audit evidence, and side effects.","The platform must correctly preserve settings after workflow duplication; the empty input condition follows the configured contract; valid state is preserved, invalid or unauthorized work is rejected or quarantined without silent loss, retries do not duplicate side effects, lineage and audit evidence remain available, and no production records or credentials are used.",Playwright + platform UI/API,"n8n,market-platform,synthetic-data,workflows,empty-input"
n8n,Workflows and Nodes,N8N-WORKFLOW-00014,Workflows and Nodes: run with deterministic synthetic input (empty input),n8n: run with deterministic synthetic input with empty input,Functional,High,Non-production tenant or isolated local fixture; synthetic records only; Use an empty source or namespace and verify defined empty-result behavior. ,"1. Create a disposable, versioned synthetic fixture: Use an empty source or namespace and verify defined empty-result behavior. 2. Execute the platform workflow to run with deterministic synthetic input. 3. Capture the committed result, resource version, or run status. 4. Compare the result with the source fixture and the declared invariant. 5. Repeat or recover the operation when applicable; verify access, audit evidence, and side effects.","The platform must correctly run with deterministic synthetic input; the empty input condition follows the configured contract; valid state is preserved, invalid or unauthorized work is rejected or quarantined without silent loss, retries do not duplicate side effects, lineage and audit evidence remain available, and no production records or credentials are used.",Playwright + platform UI/API,"n8n,market-platform,synthetic-data,workflows,empty-input"
n8n,Workflows and Nodes,N8N-WORKFLOW-00015,Workflows and Nodes: disable a node and expose downstream behavior (empty input),n8n: disable a node and expose downstream behavior with empty input,Functional,High,Non-production tenant or isolated local fixture; synthetic records only; Use an empty source or namespace and verify defined empty-result behavior. ,"1. Create a disposable, versioned synthetic fixture: Use an empty source or namespace and verify defined empty-result behavior. 2. Execute the platform workflow to disable a node and expose downstream behavior. 3. Capture the committed result, resource version, or run status. 4. Compare the result with the source fixture and the declared invariant. 5. Repeat or recover the operation when applicable; verify access, audit evidence, and side effects.","The platform must correctly disable a node and expose downstream behavior; the empty input condition follows the configured contract; valid state is preserved, invalid or unauthorized work is rejected or quarantined without silent loss, retries do not duplicate side effects, lineage and audit evidence remain available, and no production records or credentials are used.",Playwright + platform UI/API,"n8n,market-platform,synthetic-data,workflows,empty-input"
n8n,Workflows and Nodes,N8N-WORKFLOW-00016,Workflows and Nodes: handle node output with an empty collection (empty input),n8n: handle node output with an empty collection with empty input,Functional,High,Non-production tenant or isolated local fixture; synthetic records only; Use an empty source or namespace and verify defined empty-result behavior. ,"1. Create a disposable, versioned synthetic fixture: Use an empty source or namespace and verify defined empty-result behavior. 2. Execute the platform workflow to handle node output with an empty collection. 3. Capture the committed result, resource version, or run status. 4. Compare the result with the source fixture and the declared invariant. 5. Repeat or recover the operation when applicable; verify access, audit evidence, and side effects.","The platform must correctly handle node output with an empty collection; the empty input condition follows the configured contract; valid state is preserved, invalid or unauthorized work is rejected or quarantined without silent loss, retries do not duplicate side effects, lineage and audit evidence remain available, and no production records or credentials are used.",Playwright + platform UI/API,"n8n,market-platform,synthetic-data,workflows,empty-input"
n8n,Workflows and Nodes,N8N-WORKFLOW-00017,Workflows and Nodes: reject invalid expressions before execution (empty input),n8n: reject invalid expressions before execution with empty input,Functional,Medium,Non-production tenant or isolated local fixture; synthetic records only; Use an empty source or namespace and verify defined empty-result behavior. ,"1. Create a disposable, versioned synthetic fixture: Use an empty source or namespace and verify defined empty-result behavior. 2. Execute the platform workflow to reject invalid expressions before execution. 3. Capture the committed result, resource version, or run status. 4. Compare the result with the source fixture and the declared invariant. 5. Repeat or recover the operation when applicable; verify access, audit evidence, and side effects.","The platform must correctly reject invalid expressions before execution; the empty input condition follows the configured contract; valid state is preserved, invalid or unauthorized work is rejected or quarantined without silent loss, retries do not duplicate side effects, lineage and audit evidence remain available, and no production records or credentials are used.",Playwright + platform UI/API,"n8n,market-platform,synthetic-data,workflows,empty-input"
n8n,Workflows and Nodes,N8N-WORKFLOW-00018,Workflows and Nodes: restore a prior workflow revision (empty input),n8n: restore a prior workflow revision with empty input,Functional,High,Non-production tenant or isolated local fixture; synthetic records only; Use an empty source or namespace and verify defined empty-result behavior. ,"1. Create a disposable, versioned synthetic fixture: Use an empty source or namespace and verify defined empty-result behavior. 2. Execute the platform workflow to restore a prior workflow revision. 3. Capture the committed result, resource version, or run status. 4. Compare the result with the source fixture and the declared invariant. 5. Repeat or recover the operation when applicable; verify access, audit evidence, and side effects.","The platform must correctly restore a prior workflow revision; the empty input condition follows the configured contract; valid state is preserved, invalid or unauthorized work is rejected or quarantined without silent loss, retries do not duplicate side effects, lineage and audit evidence remain available, and no production records or credentials are used.",Playwright + platform UI/API,"n8n,market-platform,synthetic-data,workflows,empty-input"
n8n,Workflows and Nodes,N8N-WORKFLOW-00019,Workflows and Nodes: verify node output shape at connections (empty input),n8n: verify node output shape at connections with empty input,Functional,High,Non-production tenant or isolated local fixture; synthetic records only; Use an empty source or namespace and verify defined empty-result behavior. ,"1. Create a disposable, versioned synthetic fixture: Use an empty source or namespace and verify defined empty-result behavior. 2. Execute the platform workflow to verify node output shape at connections. 3. Capture the committed result, resource version, or run status. 4. Compare the result with the source fixture and the declared invariant. 5. Repeat or recover the operation when applicable; verify access, audit evidence, and side effects.","The platform must correctly verify node output shape at connections; the empty input condition follows the configured contract; valid state is preserved, invalid or unauthorized work is rejected or quarantined without silent loss, retries do not duplicate side effects, lineage and audit evidence remain available, and no production records or credentials are used.",Playwright + platform UI/API,"n8n,market-platform,synthetic-data,workflows,empty-input"
n8n,Workflows and Nodes,N8N-WORKFLOW-00020,Workflows and Nodes: record edits with the correct editor identity (empty input),n8n: record edits with the correct editor identity with empty input,Functional,High,Non-production tenant or isolated local fixture; synthetic records only; Use an empty source or namespace and verify defined empty-result behavior. ,"1. Create a disposable, versioned synthetic fixture: Use an empty source or namespace and verify defined empty-result behavior. 2. Execute the platform workflow to record edits with the correct editor identity. 3. Capture the committed result, resource version, or run status. 4. Compare the result with the source fixture and the declared invariant. 5. Repeat or recover the operation when applicable; verify access, audit evidence, and side effects.","The platform must correctly record edits with the correct editor identity; the empty input condition follows the configured contract; valid state is preserved, invalid or unauthorized work is rejected or quarantined without silent loss, retries do not duplicate side effects, lineage and audit evidence remain available, and no production records or credentials are used.",Playwright + platform UI/API,"n8n,market-platform,synthetic-data,workflows,empty-input"
n8n,Workflows and Nodes,N8N-WORKFLOW-00021,Workflows and Nodes: create connected nodes with valid execution order (single record),n8n: create connected nodes with valid execution order with single record,Functional,Medium,Non-production tenant or isolated local fixture; synthetic records only; Use one valid synthetic record and verify the smallest non-empty result. ,"1. Create a disposable, versioned synthetic fixture: Use one valid synthetic record and verify the smallest non-empty result. 2. Execute the platform workflow to create connected nodes with valid execution order. 3. Capture the committed result, resource version, or run status. 4. Compare the result with the source fixture and the declared invariant. 5. Repeat or recover the operation when applicable; verify access, audit evidence, and side effects.","The platform must correctly create connected nodes with valid execution order; the single record condition follows the configured contract; valid state is preserved, invalid or unauthorized work is rejected or quarantined without silent loss, retries do not duplicate side effects, lineage and audit evidence remain available, and no production records or credentials are used.",Playwright + platform UI/API,"n8n,market-platform,synthetic-data,workflows,single-record"
n8n,Workflows and Nodes,N8N-WORKFLOW-00022,Workflows and Nodes: validate required node parameters before activation (single record),n8n: validate required node parameters before activation with single record,Functional,High,Non-production tenant or isolated local fixture; synthetic records only; Use one valid synthetic record and verify the smallest non-empty result. ,"1. Create a disposable, versioned synthetic fixture: Use one valid synthetic record and verify the smallest non-empty result. 2. Execute the platform workflow to validate required node parameters before activation. 3. Capture the committed result, resource version, or run status. 4. Compare the result with the source fixture and the declared invariant. 5. Repeat or recover the operation when applicable; verify access, audit evidence, and side effects.","The platform must correctly validate required node parameters before activation; the single record condition follows the configured contract; valid state is preserved, invalid or unauthorized work is rejected or quarantined without silent loss, retries do not duplicate side effects, lineage and audit evidence remain available, and no production records or credentials are used.",Playwright + platform UI/API,"n8n,market-platform,synthetic-data,workflows,single-record"
n8n,Workflows and Nodes,N8N-WORKFLOW-00023,Workflows and Nodes: preserve settings after workflow duplication (single record),n8n: preserve settings after workflow duplication with single record,Functional,High,Non-production tenant or isolated local fixture; synthetic records only; Use one valid synthetic record and verify the smallest non-empty result. ,"1. Create a disposable, versioned synthetic fixture: Use one valid synthetic record and verify the smallest non-empty result. 2. Execute the platform workflow to preserve settings after workflow duplication. 3. Capture the committed result, resource version, or run status. 4. Compare the result with the source fixture and the declared invariant. 5. Repeat or recover the operation when applicable; verify access, audit evidence, and side effects.","The platform must correctly preserve settings after workflow duplication; the single record condition follows the configured contract; valid state is preserved, invalid or unauthorized work is rejected or quarantined without silent loss, retries do not duplicate side effects, lineage and audit evidence remain available, and no production records or credentials are used.",Playwright + platform UI/API,"n8n,market-platform,synthetic-data,workflows,single-record"
n8n,Workflows and Nodes,N8N-WORKFLOW-00024,Workflows and Nodes: run with deterministic synthetic input (single record),n8n: run with deterministic synthetic input with single record,Functional,High,Non-production tenant or isolated local fixture; synthetic records only; Use one valid synthetic record and verify the smallest non-empty result. ,"1. Create a disposable, versioned synthetic fixture: Use one valid synthetic record and verify the smallest non-empty result. 2. Execute the platform workflow to run with deterministic synthetic input. 3. Capture the committed result, resource version, or run status. 4. Compare the result with the source fixture and the declared invariant. 5. Repeat or recover the operation when applicable; verify access, audit evidence, and side effects.","The platform must correctly run with deterministic synthetic input; the single record condition follows the configured contract; valid state is preserved, invalid or unauthorized work is rejected or quarantined without silent loss, retries do not duplicate side effects, lineage and audit evidence remain available, and no production records or credentials are used.",Playwright + platform UI/API,"n8n,market-platform,synthetic-data,workflows,single-record"
n8n,Workflows and Nodes,N8N-WORKFLOW-00025,Workflows and Nodes: disable a node and expose downstream behavior (single record),n8n: disable a node and expose downstream behavior with single record,Functional,Medium,Non-production tenant or isolated local fixture; synthetic records only; Use one valid synthetic record and verify the smallest non-empty result. ,"1. Create a disposable, versioned synthetic fixture: Use one valid synthetic record and verify the smallest non-empty result. 2. Execute the platform workflow to disable a node and expose downstream behavior. 3. Capture the committed result, resource version, or run status. 4. Compare the result with the source fixture and the declared invariant. 5. Repeat or recover the operation when applicable; verify access, audit evidence, and side effects.","The platform must correctly disable a node and expose downstream behavior; the single record condition follows the configured contract; valid state is preserved, invalid or unauthorized work is rejected or quarantined without silent loss, retries do not duplicate side effects, lineage and audit evidence remain available, and no production records or credentials are used.",Playwright + platform UI/API,"n8n,market-platform,synthetic-data,workflows,single-record"
n8n,Workflows and Nodes,N8N-WORKFLOW-00026,Workflows and Nodes: handle node output with an empty collection (single record),n8n: handle node output with an empty collection with single record,Functional,High,Non-production tenant or isolated local fixture; synthetic records only; Use one valid synthetic record and verify the smallest non-empty result. ,"1. Create a disposable, versioned synthetic fixture: Use one valid synthetic record and verify the smallest non-empty result. 2. Execute the platform workflow to handle node output with an empty collection. 3. Capture the committed result, resource version, or run status. 4. Compare the result with the source fixture and the declared invariant. 5. Repeat or recover the operation when applicable; verify access, audit evidence, and side effects.","The platform must correctly handle node output with an empty collection; the single record condition follows the configured contract; valid state is preserved, invalid or unauthorized work is rejected or quarantined without silent loss, retries do not duplicate side effects, lineage and audit evidence remain available, and no production records or credentials are used.",Playwright + platform UI/API,"n8n,market-platform,synthetic-data,workflows,single-record"
n8n,Workflows and Nodes,N8N-WORKFLOW-00027,Workflows and Nodes: reject invalid expressions before execution (single record),n8n: reject invalid expressions before execution with single record,Functional,High,Non-production tenant or isolated local fixture; synthetic records only; Use one valid synthetic record and verify the smallest non-empty result. ,"1. Create a disposable, versioned synthetic fixture: Use one valid synthetic record and verify the smallest non-empty result. 2. Execute the platform workflow to reject invalid expressions before execution. 3. Capture the committed result, resource version, or run status. 4. Compare the result with the source fixture and the declared invariant. 5. Repeat or recover the operation when applicable; verify access, audit evidence, and side effects.","The platform must correctly reject invalid expressions before execution; the single record condition follows the configured contract; valid state is preserved, invalid or unauthorized work is rejected or quarantined without silent loss, retries do not duplicate side effects, lineage and audit evidence remain available, and no production records or credentials are used.",Playwright + platform UI/API,"n8n,market-platform,synthetic-data,workflows,single-record"
n8n,Workflows and Nodes,N8N-WORKFLOW-00028,Workflows and Nodes: restore a prior workflow revision (single record),n8n: restore a prior workflow revision with single record,Functional,High,Non-production tenant or isolated local fixture; synthetic records only; Use one valid synthetic record and verify the smallest non-empty result. ,"1. Create a disposable, versioned synthetic fixture: Use one valid synthetic record and verify the smallest non-empty result. 2. Execute the platform workflow to restore a prior workflow revision. 3. Capture the committed result, resource version, or run status. 4. Compare the result with the source fixture and the declared invariant. 5. Repeat or recover the operation when applicable; verify access, audit evidence, and side effects.","The platform must correctly restore a prior workflow revision; the single record condition follows the configured contract; valid state is preserved, invalid or unauthorized work is rejected or quarantined without silent loss, retries do not duplicate side effects, lineage and audit evidence remain available, and no production records or credentials are used.",Playwright + platform UI/API,"n8n,market-platform,synthetic-data,workflows,single-record"
n8n,Workflows and Nodes,N8N-WORKFLOW-00029,Workflows and Nodes: verify node output shape at connections (single record),n8n: verify node output shape at connections with single record,Functional,Medium,Non-production tenant or isolated local fixture; synthetic records only; Use one valid synthetic record and verify the smallest non-empty result. ,"1. Create a disposable, versioned synthetic fixture: Use one valid synthetic record and verify the smallest non-empty result. 2. Execute the platform workflow to verify node output shape at connections. 3. Capture the committed result, resource version, or run status. 4. Compare the result with the source fixture and the declared invariant. 5. Repeat or recover the operation when applicable; verify access, audit evidence, and side effects.","The platform must correctly verify node output shape at connections; the single record condition follows the configured contract; valid state is preserved, invalid or unauthorized work is rejected or quarantined without silent loss, retries do not duplicate side effects, lineage and audit evidence remain available, and no production records or credentials are used.",Playwright + platform UI/API,"n8n,market-platform,synthetic-data,workflows,single-record"
n8n,Workflows and Nodes,N8N-WORKFLOW-00030,Workflows and Nodes: record edits with the correct editor identity (single record),n8n: record edits with the correct editor identity with single record,Functional,High,Non-production tenant or isolated local fixture; synthetic records only; Use one valid synthetic record and verify the smallest non-empty result. ,"1. Create a disposable, versioned synthetic fixture: Use one valid synthetic record and verify the smallest non-empty result. 2. Execute the platform workflow to record edits with the correct editor identity. 3. Capture the committed result, resource version, or run status. 4. Compare the result with the source fixture and the declared invariant. 5. Repeat or recover the operation when applicable; verify access, audit evidence, and side effects.","The platform must correctly record edits with the correct editor identity; the single record condition follows the configured contract; valid state is preserved, invalid or unauthorized work is rejected or quarantined without silent loss, retries do not duplicate side effects, lineage and audit evidence remain available, and no production records or credentials are used.",Playwright + platform UI/API,"n8n,market-platform,synthetic-data,workflows,single-record"
n8n,Workflows and Nodes,N8N-WORKFLOW-00031,Workflows and Nodes: create connected nodes with valid execution order (duplicate key),n8n: create connected nodes with valid execution order with duplicate key,Functional,High,Non-production tenant or isolated local fixture; synthetic records only; Submit a duplicate business key and verify the declared deduplication or rejection rule. ,"1. Create a disposable, versioned synthetic fixture: Submit a duplicate business key and verify the declared deduplication or rejection rule. 2. Execute the platform workflow to create connected nodes with valid execution order. 3. Capture the committed result, resource version, or run status. 4. Compare the result with the source fixture and the declared invariant. 5. Repeat or recover the operation when applicable; verify access, audit evidence, and side effects.","The platform must correctly create connected nodes with valid execution order; the duplicate key condition follows the configured contract; valid state is preserved, invalid or unauthorized work is rejected or quarantined without silent loss, retries do not duplicate side effects, lineage and audit evidence remain available, and no production records or credentials are used.",Playwright + platform UI/API,"n8n,market-platform,synthetic-data,workflows,duplicate-key"
n8n,Workflows and Nodes,N8N-WORKFLOW-00032,Workflows and Nodes: validate required node parameters before activation (duplicate key),n8n: validate required node parameters before activation with duplicate key,Functional,High,Non-production tenant or isolated local fixture; synthetic records only; Submit a duplicate business key and verify the declared deduplication or rejection rule. ,"1. Create a disposable, versioned synthetic fixture: Submit a duplicate business key and verify the declared deduplication or rejection rule. 2. Execute the platform workflow to validate required node parameters before activation. 3. Capture the committed result, resource version, or run status. 4. Compare the result with the source fixture and the declared invariant. 5. Repeat or recover the operation when applicable; verify access, audit evidence, and side effects.","The platform must correctly validate required node parameters before activation; the duplicate key condition follows the configured contract; valid state is preserved, invalid or unauthorized work is rejected or quarantined without silent loss, retries do not duplicate side effects, lineage and audit evidence remain available, and no production records or credentials are used.",Playwright + platform UI/API,"n8n,market-platform,synthetic-data,workflows,duplicate-key"
n8n,Workflows and Nodes,N8N-WORKFLOW-00033,Workflows and Nodes: preserve settings after workflow duplication (duplicate key),n8n: preserve settings after workflow duplication with duplicate key,Functional,Medium,Non-production tenant or isolated local fixture; synthetic records only; Submit a duplicate business key and verify the declared deduplication or rejection rule. ,"1. Create a disposable, versioned synthetic fixture: Submit a duplicate business key and verify the declared deduplication or rejection rule. 2. Execute the platform workflow to preserve settings after workflow duplication. 3. Capture the committed result, resource version, or run status. 4. Compare the result with the source fixture and the declared invariant. 5. Repeat or recover the operation when applicable; verify access, audit evidence, and side effects.","The platform must correctly preserve settings after workflow duplication; the duplicate key condition follows the configured contract; valid state is preserved, invalid or unauthorized work is rejected or quarantined without silent loss, retries do not duplicate side effects, lineage and audit evidence remain available, and no production records or credentials are used.",Playwright + platform UI/API,"n8n,market-platform,synthetic-data,workflows,duplicate-key"
n8n,Workflows and Nodes,N8N-WORKFLOW-00034,Workflows and Nodes: run with deterministic synthetic input (duplicate key),n8n: run with deterministic synthetic input with duplicate key,Functional,High,Non-production tenant or isolated local fixture; synthetic records only; Submit a duplicate business key and verify the declared deduplication or rejection rule. ,"1. Create a disposable, versioned synthetic fixture: Submit a duplicate business key and verify the declared deduplication or rejection rule. 2. Execute the platform workflow to run with deterministic synthetic input. 3. Capture the committed result, resource version, or run status. 4. Compare the result with the source fixture and the declared invariant. 5. Repeat or recover the operation when applicable; verify access, audit evidence, and side effects.","The platform must correctly run with deterministic synthetic input; the duplicate key condition follows the configured contract; valid state is preserved, invalid or unauthorized work is rejected or quarantined without silent loss, retries do not duplicate side effects, lineage and audit evidence remain available, and no production records or credentials are used.",Playwright + platform UI/API,"n8n,market-platform,synthetic-data,workflows,duplicate-key"
n8n,Workflows and Nodes,N8N-WORKFLOW-00035,Workflows and Nodes: disable a node and expose downstream behavior (duplicate key),n8n: disable a node and expose downstream behavior with duplicate key,Functional,High,Non-production tenant or isolated local fixture; synthetic records only; Submit a duplicate business key and verify the declared deduplication or rejection rule. ,"1. Create a disposable, versioned synthetic fixture: Submit a duplicate business key and verify the declared deduplication or rejection rule. 2. Execute the platform workflow to disable a node and expose downstream behavior. 3. Capture the committed result, resource version, or run status. 4. Compare the result with the source fixture and the declared invariant. 5. Repeat or recover the operation when applicable; verify access, audit evidence, and side effects.","The platform must correctly disable a node and expose downstream behavior; the duplicate key condition follows the configured contract; valid state is preserved, invalid or unauthorized work is rejected or quarantined without silent loss, retries do not duplicate side effects, lineage and audit evidence remain available, and no production records or credentials are used.",Playwright + platform UI/API,"n8n,market-platform,synthetic-data,workflows,duplicate-key"
n8n,Workflows and Nodes,N8N-WORKFLOW-00036,Workflows and Nodes: handle node output with an empty collection (duplicate key),n8n: handle node output with an empty collection with duplicate key,Functional,High,Non-production tenant or isolated local fixture; synthetic records only; Submit a duplicate business key and verify the declared deduplication or rejection rule. ,"1. Create a disposable, versioned synthetic fixture: Submit a duplicate business key and verify the declared deduplication or rejection rule. 2. Execute the platform workflow to handle node output with an empty collection. 3. Capture the committed result, resource version, or run status. 4. Compare the result with the source fixture and the declared invariant. 5. Repeat or recover the operation when applicable; verify access, audit evidence, and side effects.","The platform must correctly handle node output with an empty collection; the duplicate key condition follows the configured contract; valid state is preserved, invalid or unauthorized work is rejected or quarantined without silent loss, retries do not duplicate side effects, lineage and audit evidence remain available, and no production records or credentials are used.",Playwright + platform UI/API,"n8n,market-platform,synthetic-data,workflows,duplicate-key"
n8n,Workflows and Nodes,N8N-WORKFLOW-00037,Workflows and Nodes: reject invalid expressions before execution (duplicate key),n8n: reject invalid expressions before execution with duplicate key,Functional,Medium,Non-production tenant or isolated local fixture; synthetic records only; Submit a duplicate business key and verify the declared deduplication or rejection rule. ,"1. Create a disposable, versioned synthetic fixture: Submit a duplicate business key and verify the declared deduplication or rejection rule. 2. Execute the platform workflow to reject invalid expressions before execution. 3. Capture the committed result, resource version, or run status. 4. Compare the result with the source fixture and the declared invariant. 5. Repeat or recover the operation when applicable; verify access, audit evidence, and side effects.","The platform must correctly reject invalid expressions before execution; the duplicate key condition follows the configured contract; valid state is preserved, invalid or unauthorized work is rejected or quarantined without silent loss, retries do not duplicate side effects, lineage and audit evidence remain available, and no production records or credentials are used.",Playwright + platform UI/API,"n8n,market-platform,synthetic-data,workflows,duplicate-key"
n8n,Workflows and Nodes,N8N-WORKFLOW-00038,Workflows and Nodes: restore a prior workflow revision (duplicate key),n8n: restore a prior workflow revision with duplicate key,Functional,High,Non-production tenant or isolated local fixture; synthetic records only; Submit a duplicate business key and verify the declared deduplication or rejection rule. ,"1. Create a disposable, versioned synthetic fixture: Submit a duplicate business key and verify the declared deduplication or rejection rule. 2. Execute the platform workflow to restore a prior workflow revision. 3. Capture the committed result, resource version, or run status. 4. Compare the result with the source fixture and the declared invariant. 5. Repeat or recover the operation when applicable; verify access, audit evidence, and side effects.","The platform must correctly restore a prior workflow revision; the duplicate key condition follows the configured contract; valid state is preserved, invalid or unauthorized work is rejected or quarantined without silent loss, retries do not duplicate side effects, lineage and audit evidence remain available, and no production records or credentials are used.",Playwright + platform UI/API,"n8n,market-platform,synthetic-data,workflows,duplicate-key"
n8n,Workflows and Nodes,N8N-WORKFLOW-00039,Workflows and Nodes: verify node output shape at connections (duplicate key),n8n: verify node output shape at connections with duplicate key,Functional,High,Non-production tenant or isolated local fixture; synthetic records only; Submit a duplicate business key and verify the declared deduplication or rejection rule. ,"1. Create a disposable, versioned synthetic fixture: Submit a duplicate business key and verify the declared deduplication or rejection rule. 2. Execute the platform workflow to verify node output shape at connections. 3. Capture the committed result, resource version, or run status. 4. Compare the result with the source fixture and the declared invariant. 5. Repeat or recover the operation when applicable; verify access, audit evidence, and side effects.","The platform must correctly verify node output shape at connections; the duplicate key condition follows the configured contract; valid state is preserved, invalid or unauthorized work is rejected or quarantined without silent loss, retries do not duplicate side effects, lineage and audit evidence remain available, and no production records or credentials are used.",Playwright + platform UI/API,"n8n,market-platform,synthetic-data,workflows,duplicate-key"
n8n,Workflows and Nodes,N8N-WORKFLOW-00040,Workflows and Nodes: record edits with the correct editor identity (duplicate key),n8n: record edits with the correct editor identity with duplicate key,Functional,High,Non-production tenant or isolated local fixture; synthetic records only; Submit a duplicate business key and verify the declared deduplication or rejection rule. ,"1. Create a disposable, versioned synthetic fixture: Submit a duplicate business key and verify the declared deduplication or rejection rule. 2. Execute the platform workflow to record edits with the correct editor identity. 3. Capture the committed result, resource version, or run status. 4. Compare the result with the source fixture and the declared invariant. 5. Repeat or recover the operation when applicable; verify access, audit evidence, and side effects.","The platform must correctly record edits with the correct editor identity; the duplicate key condition follows the configured contract; valid state is preserved, invalid or unauthorized work is rejected or quarantined without silent loss, retries do not duplicate side effects, lineage and audit evidence remain available, and no production records or credentials are used.",Playwright + platform UI/API,"n8n,market-platform,synthetic-data,workflows,duplicate-key"
n8n,Workflows and Nodes,N8N-WORKFLOW-00041,Workflows and Nodes: create connected nodes with valid execution order (nullable optional field),n8n: create connected nodes with valid execution order with nullable optional field,Functional,Medium,Non-production tenant or isolated local fixture; synthetic records only; Set optional fields to null while retaining all required identifiers. ,"1. Create a disposable, versioned synthetic fixture: Set optional fields to null while retaining all required identifiers. 2. Execute the platform workflow to create connected nodes with valid execution order. 3. Capture the committed result, resource version, or run status. 4. Compare the result with the source fixture and the declared invariant. 5. Repeat or recover the operation when applicable; verify access, audit evidence, and side effects.","The platform must correctly create connected nodes with valid execution order; the nullable optional field condition follows the configured contract; valid state is preserved, invalid or unauthorized work is rejected or quarantined without silent loss, retries do not duplicate side effects, lineage and audit evidence remain available, and no production records or credentials are used.",Playwright + platform UI/API,"n8n,market-platform,synthetic-data,workflows,nullable-optional-field"
n8n,Workflows and Nodes,N8N-WORKFLOW-00042,Workflows and Nodes: validate required node parameters before activation (nullable optional field),n8n: validate required node parameters before activation with nullable optional field,Functional,High,Non-production tenant or isolated local fixture; synthetic records only; Set optional fields to null while retaining all required identifiers. ,"1. Create a disposable, versioned synthetic fixture: Set optional fields to null while retaining all required identifiers. 2. Execute the platform workflow to validate required node parameters before activation. 3. Capture the committed result, resource version, or run status. 4. Compare the result with the source fixture and the declared invariant. 5. Repeat or recover the operation when applicable; verify access, audit evidence, and side effects.","The platform must correctly validate required node parameters before activation; the nullable optional field condition follows the configured contract; valid state is preserved, invalid or unauthorized work is rejected or quarantined without silent loss, retries do not duplicate side effects, lineage and audit evidence remain available, and no production records or credentials are used.",Playwright + platform UI/API,"n8n,market-platform,synthetic-data,workflows,nullable-optional-field"
n8n,Workflows and Nodes,N8N-WORKFLOW-00043,Workflows and Nodes: preserve settings after workflow duplication (nullable optional field),n8n: preserve settings after workflow duplication with nullable optional field,Functional,High,Non-production tenant or isolated local fixture; synthetic records only; Set optional fields to null while retaining all required identifiers. ,"1. Create a disposable, versioned synthetic fixture: Set optional fields to null while retaining all required identifiers. 2. Execute the platform workflow to preserve settings after workflow duplication. 3. Capture the committed result, resource version, or run status. 4. Compare the result with the source fixture and the declared invariant. 5. Repeat or recover the operation when applicable; verify access, audit evidence, and side effects.","The platform must correctly preserve settings after workflow duplication; the nullable optional field condition follows the configured contract; valid state is preserved, invalid or unauthorized work is rejected or quarantined without silent loss, retries do not duplicate side effects, lineage and audit evidence remain available, and no production records or credentials are used.",Playwright + platform UI/API,"n8n,market-platform,synthetic-data,workflows,nullable-optional-field"
n8n,Workflows and Nodes,N8N-WORKFLOW-00044,Workflows and Nodes: run with deterministic synthetic input (nullable optional field),n8n: run with deterministic synthetic input with nullable optional field,Functional,High,Non-production tenant or isolated local fixture; synthetic records only; Set optional fields to null while retaining all required identifiers. ,"1. Create a disposable, versioned synthetic fixture: Set optional fields to null while retaining all required identifiers. 2. Execute the platform workflow to run with deterministic synthetic input. 3. Capture the committed result, resource version, or run status. 4. Compare the result with the source fixture and the declared invariant. 5. Repeat or recover the operation when applicable; verify access, audit evidence, and side effects.","The platform must correctly run with deterministic synthetic input; the nullable optional field condition follows the configured contract; valid state is preserved, invalid or unauthorized work is rejected or quarantined without silent loss, retries do not duplicate side effects, lineage and audit evidence remain available, and no production records or credentials are used.",Playwright + platform UI/API,"n8n,market-platform,synthetic-data,workflows,nullable-optional-field"
n8n,Workflows and Nodes,N8N-WORKFLOW-00045,Workflows and Nodes: disable a node and expose downstream behavior (nullable optional field),n8n: disable a node and expose downstream behavior with nullable optional field,Functional,Medium,Non-production tenant or isolated local fixture; synthetic records only; Set optional fields to null while retaining all required identifiers. ,"1. Create a disposable, versioned synthetic fixture: Set optional fields to null while retaining all required identifiers. 2. Execute the platform workflow to disable a node and expose downstream behavior. 3. Capture the committed result, resource version, or run status. 4. Compare the result with the source fixture and the declared invariant. 5. Repeat or recover the operation when applicable; verify access, audit evidence, and side effects.","The platform must correctly disable a node and expose downstream behavior; the nullable optional field condition follows the configured contract; valid state is preserved, invalid or unauthorized work is rejected or quarantined without silent loss, retries do not duplicate side effects, lineage and audit evidence remain available, and no production records or credentials are used.",Playwright + platform UI/API,"n8n,market-platform,synthetic-data,workflows,nullable-optional-field"
n8n,Workflows and Nodes,N8N-WORKFLOW-00046,Workflows and Nodes: handle node output with an empty collection (nullable optional field),n8n: handle node output with an empty collection with nullable optional field,Functional,High,Non-production tenant or isolated local fixture; synthetic records only; Set optional fields to null while retaining all required identifiers. ,"1. Create a disposable, versioned synthetic fixture: Set optional fields to null while retaining all required identifiers. 2. Execute the platform workflow to handle node output with an empty collection. 3. Capture the committed result, resource version, or run status. 4. Compare the result with the source fixture and the declared invariant. 5. Repeat or recover the operation when applicable; verify access, audit evidence, and side effects.","The platform must correctly handle node output with an empty collection; the nullable optional field condition follows the configured contract; valid state is preserved, invalid or unauthorized work is rejected or quarantined without silent loss, retries do not duplicate side effects, lineage and audit evidence remain available, and no production records or credentials are used.",Playwright + platform UI/API,"n8n,market-platform,synthetic-data,workflows,nullable-optional-field"
n8n,Workflows and Nodes,N8N-WORKFLOW-00047,Workflows and Nodes: reject invalid expressions before execution (nullable optional field),n8n: reject invalid expressions before execution with nullable optional field,Functional,High,Non-production tenant or isolated local fixture; synthetic records only; Set optional fields to null while retaining all required identifiers. ,"1. Create a disposable, versioned synthetic fixture: Set optional fields to null while retaining all required identifiers. 2. Execute the platform workflow to reject invalid expressions before execution. 3. Capture the committed result, resource version, or run status. 4. Compare the result with the source fixture and the declared invariant. 5. Repeat or recover the operation when applicable; verify access, audit evidence, and side effects.","The platform must correctly reject invalid expressions before execution; the nullable optional field condition follows the configured contract; valid state is preserved, invalid or unauthorized work is rejected or quarantined without silent loss, retries do not duplicate side effects, lineage and audit evidence remain available, and no production records or credentials are used.",Playwright + platform UI/API,"n8n,market-platform,synthetic-data,workflows,nullable-optional-field"
n8n,Workflows and Nodes,N8N-WORKFLOW-00048,Workflows and Nodes: restore a prior workflow revision (nullable optional field),n8n: restore a prior workflow revision with nullable optional field,Functional,High,Non-production tenant or isolated local fixture; synthetic records only; Set optional fields to null while retaining all required identifiers. ,"1. Create a disposable, versioned synthetic fixture: Set optional fields to null while retaining all required identifiers. 2. Execute the platform workflow to restore a prior workflow revision. 3. Capture the committed result, resource version, or run status. 4. Compare the result with the source fixture and the declared invariant. 5. Repeat or recover the operation when applicable; verify access, audit evidence, and side effects.","The platform must correctly restore a prior workflow revision; the nullable optional field condition follows the configured contract; valid state is preserved, invalid or unauthorized work is rejected or quarantined without silent loss, retries do not duplicate side effects, lineage and audit evidence remain available, and no production records or credentials are used.",Playwright + platform UI/API,"n8n,market-platform,synthetic-data,workflows,nullable-optional-field"
n8n,Workflows and Nodes,N8N-WORKFLOW-00049,Workflows and Nodes: verify node output shape at connections (nullable optional field),n8n: verify node output shape at connections with nullable optional field,Functional,Medium,Non-production tenant or isolated local fixture; synthetic records only; Set optional fields to null while retaining all required identifiers. ,"1. Create a disposable, versioned synthetic fixture: Set optional fields to null while retaining all required identifiers. 2. Execute the platform workflow to verify node output shape at connections. 3. Capture the committed result, resource version, or run status. 4. Compare the result with the source fixture and the declared invariant. 5. Repeat or recover the operation when applicable; verify access, audit evidence, and side effects.","The platform must correctly verify node output shape at connections; the nullable optional field condition follows the configured contract; valid state is preserved, invalid or unauthorized work is rejected or quarantined without silent loss, retries do not duplicate side effects, lineage and audit evidence remain available, and no production records or credentials are used.",Playwright + platform UI/API,"n8n,market-platform,synthetic-data,workflows,nullable-optional-field"
n8n,Workflows and Nodes,N8N-WORKFLOW-00050,Workflows and Nodes: record edits with the correct editor identity (nullable optional field),n8n: record edits with the correct editor identity with nullable optional field,Functional,High,Non-production tenant or isolated local fixture; synthetic records only; Set optional fields to null while retaining all required identifiers. ,"1. Create a disposable, versioned synthetic fixture: Set optional fields to null while retaining all required identifiers. 2. Execute the platform workflow to record edits with the correct editor identity. 3. Capture the committed result, resource version, or run status. 4. Compare the result with the source fixture and the declared invariant. 5. Repeat or recover the operation when applicable; verify access, audit evidence, and side effects.","The platform must correctly record edits with the correct editor identity; the nullable optional field condition follows the configured contract; valid state is preserved, invalid or unauthorized work is rejected or quarantined without silent loss, retries do not duplicate side effects, lineage and audit evidence remain available, and no production records or credentials are used.",Playwright + platform UI/API,"n8n,market-platform,synthetic-data,workflows,nullable-optional-field"
n8n,Workflows and Nodes,N8N-WORKFLOW-00051,Workflows and Nodes: create connected nodes with valid execution order (boundary values),n8n: create connected nodes with valid execution order with boundary values,Functional,High,"Non-production tenant or isolated local fixture; synthetic records only; Exercise documented minimum, maximum, and just-outside limits. ","1. Create a disposable, versioned synthetic fixture: Exercise documented minimum, maximum, and just-outside limits. 2. Execute the platform workflow to create connected nodes with valid execution order. 3. Capture the committed result, resource version, or run status. 4. Compare the result with the source fixture and the declared invariant. 5. Repeat or recover the operation when applicable; verify access, audit evidence, and side effects.","The platform must correctly create connected nodes with valid execution order; the boundary values condition follows the configured contract; valid state is preserved, invalid or unauthorized work is rejected or quarantined without silent loss, retries do not duplicate side effects, lineage and audit evidence remain available, and no production records or credentials are used.",Playwright + platform UI/API,"n8n,market-platform,synthetic-data,workflows,boundary-values"
n8n,Workflows and Nodes,N8N-WORKFLOW-00052,Workflows and Nodes: validate required node parameters before activation (boundary values),n8n: validate required node parameters before activation with boundary values,Functional,High,"Non-production tenant or isolated local fixture; synthetic records only; Exercise documented minimum, maximum, and just-outside limits. ","1. Create a disposable, versioned synthetic fixture: Exercise documented minimum, maximum, and just-outside limits. 2. Execute the platform workflow to validate required node parameters before activation. 3. Capture the committed result, resource version, or run status. 4. Compare the result with the source fixture and the declared invariant. 5. Repeat or recover the operation when applicable; verify access, audit evidence, and side effects.","The platform must correctly validate required node parameters before activation; the boundary values condition follows the configured contract; valid state is preserved, invalid or unauthorized work is rejected or quarantined without silent loss, retries do not duplicate side effects, lineage and audit evidence remain available, and no production records or credentials are used.",Playwright + platform UI/API,"n8n,market-platform,synthetic-data,workflows,boundary-values"
n8n,Workflows and Nodes,N8N-WORKFLOW-00053,Workflows and Nodes: preserve settings after workflow duplication (boundary values),n8n: preserve settings after workflow duplication with boundary values,Functional,Medium,"Non-production tenant or isolated local fixture; synthetic records only; Exercise documented minimum, maximum, and just-outside limits. ","1. Create a disposable, versioned synthetic fixture: Exercise documented minimum, maximum, and just-outside limits. 2. Execute the platform workflow to preserve settings after workflow duplication. 3. Capture the committed result, resource version, or run status. 4. Compare the result with the source fixture and the declared invariant. 5. Repeat or recover the operation when applicable; verify access, audit evidence, and side effects.","The platform must correctly preserve settings after workflow duplication; the boundary values condition follows the configured contract; valid state is preserved, invalid or unauthorized work is rejected or quarantined without silent loss, retries do not duplicate side effects, lineage and audit evidence remain available, and no production records or credentials are used.",Playwright + platform UI/API,"n8n,market-platform,synthetic-data,workflows,boundary-values"
n8n,Workflows and Nodes,N8N-WORKFLOW-00054,Workflows and Nodes: run with deterministic synthetic input (boundary values),n8n: run with deterministic synthetic input with boundary values,Functional,High,"Non-production tenant or isolated local fixture; synthetic records only; Exercise documented minimum, maximum, and just-outside limits. ","1. Create a disposable, versioned synthetic fixture: Exercise documented minimum, maximum, and just-outside limits. 2. Execute the platform workflow to run with deterministic synthetic input. 3. Capture the committed result, resource version, or run status. 4. Compare the result with the source fixture and the declared invariant. 5. Repeat or recover the operation when applicable; verify access, audit evidence, and side effects.","The platform must correctly run with deterministic synthetic input; the boundary values condition follows the configured contract; valid state is preserved, invalid or unauthorized work is rejected or quarantined without silent loss, retries do not duplicate side effects, lineage and audit evidence remain available, and no production records or credentials are used.",Playwright + platform UI/API,"n8n,market-platform,synthetic-data,workflows,boundary-values"
n8n,Workflows and Nodes,N8N-WORKFLOW-00055,Workflows and Nodes: disable a node and expose downstream behavior (boundary values),n8n: disable a node and expose downstream behavior with boundary values,Functional,High,"Non-production tenant or isolated local fixture; synthetic records only; Exercise documented minimum, maximum, and just-outside limits. ","1. Create a disposable, versioned synthetic fixture: Exercise documented minimum, maximum, and just-outside limits. 2. Execute the platform workflow to disable a node and expose downstream behavior. 3. Capture the committed result, resource version, or run status. 4. Compare the result with the source fixture and the declared invariant. 5. Repeat or recover the operation when applicable; verify access, audit evidence, and side effects.","The platform must correctly disable a node and expose downstream behavior; the boundary values condition follows the configured contract; valid state is preserved, invalid or unauthorized work is rejected or quarantined without silent loss, retries do not duplicate side effects, lineage and audit evidence remain available, and no production records or credentials are used.",Playwright + platform UI/API,"n8n,market-platform,synthetic-data,workflows,boundary-values"
n8n,Workflows and Nodes,N8N-WORKFLOW-00056,Workflows and Nodes: handle node output with an empty collection (boundary values),n8n: handle node output with an empty collection with boundary values,Functional,High,"Non-production tenant or isolated local fixture; synthetic records only; Exercise documented minimum, maximum, and just-outside limits. ","1. Create a disposable, versioned synthetic fixture: Exercise documented minimum, maximum, and just-outside limits. 2. Execute the platform workflow to handle node output with an empty collection. 3. Capture the committed result, resource version, or run status. 4. Compare the result with the source fixture and the declared invariant. 5. Repeat or recover the operation when applicable; verify access, audit evidence, and side effects.","The platform must correctly handle node output with an empty collection; the boundary values condition follows the configured contract; valid state is preserved, invalid or unauthorized work is rejected or quarantined without silent loss, retries do not duplicate side effects, lineage and audit evidence remain available, and no production records or credentials are used.",Playwright + platform UI/API,"n8n,market-platform,synthetic-data,workflows,boundary-values"
n8n,Workflows and Nodes,N8N-WORKFLOW-00057,Workflows and Nodes: reject invalid expressions before execution (boundary values),n8n: reject invalid expressions before execution with boundary values,Functional,Medium,"Non-production tenant or isolated local fixture; synthetic records only; Exercise documented minimum, maximum, and just-outside limits. ","1. Create a disposable, versioned synthetic fixture: Exercise documented minimum, maximum, and just-outside limits. 2. Execute the platform workflow to reject invalid expressions before execution. 3. Capture the committed result, resource version, or run status. 4. Compare the result with the source fixture and the declared invariant. 5. Repeat or recover the operation when applicable; verify access, audit evidence, and side effects.","The platform must correctly reject invalid expressions before execution; the boundary values condition follows the configured contract; valid state is preserved, invalid or unauthorized work is rejected or quarantined without silent loss, retries do not duplicate side effects, lineage and audit evidence remain available, and no production records or credentials are used.",Playwright + platform UI/API,"n8n,market-platform,synthetic-data,workflows,boundary-values"
n8n,Workflows and Nodes,N8N-WORKFLOW-00058,Workflows and Nodes: restore a prior workflow revision (boundary values),n8n: restore a prior workflow revision with boundary values,Functional,High,"Non-production tenant or isolated local fixture; synthetic records only; Exercise documented minimum, maximum, and just-outside limits. ","1. Create a disposable, versioned synthetic fixture: Exercise documented minimum, maximum, and just-outside limits. 2. Execute the platform workflow to restore a prior workflow revision. 3. Capture the committed result, resource version, or run status. 4. Compare the result with the source fixture and the declared invariant. 5. Repeat or recover the operation when applicable; verify access, audit evidence, and side effects.","The platform must correctly restore a prior workflow revision; the boundary values condition follows the configured contract; valid state is preserved, invalid or unauthorized work is rejected or quarantined without silent loss, retries do not duplicate side effects, lineage and audit evidence remain available, and no production records or credentials are used.",Playwright + platform UI/API,"n8n,market-platform,synthetic-data,workflows,boundary-values"
n8n,Workflows and Nodes,N8N-WORKFLOW-00059,Workflows and Nodes: verify node output shape at connections (boundary values),n8n: verify node output shape at connections with boundary values,Functional,High,"Non-production tenant or isolated local fixture; synthetic records only; Exercise documented minimum, maximum, and just-outside limits. ","1. Create a disposable, versioned synthetic fixture: Exercise documented minimum, maximum, and just-outside limits. 2. Execute the platform workflow to verify node output shape at connections. 3. Capture the committed result, resource version, or run status. 4. Compare the result with the source fixture and the declared invariant. 5. Repeat or recover the operation when applicable; verify access, audit evidence, and side effects.","The platform must correctly verify node output shape at connections; the boundary values condition follows the configured contract; valid state is preserved, invalid or unauthorized work is rejected or quarantined without silent loss, retries do not duplicate side effects, lineage and audit evidence remain available, and no production records or credentials are used.",Playwright + platform UI/API,"n8n,market-platform,synthetic-data,workflows,boundary-values"
n8n,Workflows and Nodes,N8N-WORKFLOW-00060,Workflows and Nodes: record edits with the correct editor identity (boundary values),n8n: record edits with the correct editor identity with boundary values,Functional,High,"Non-production tenant or isolated local fixture; synthetic records only; Exercise documented minimum, maximum, and just-outside limits. ","1. Create a disposable, versioned synthetic fixture: Exercise documented minimum, maximum, and just-outside limits. 2. Execute the platform workflow to record edits with the correct editor identity. 3. Capture the committed result, resource version, or run status. 4. Compare the result with the source fixture and the declared invariant. 5. Repeat or recover the operation when applicable; verify access, audit evidence, and side effects.","The platform must correctly record edits with the correct editor identity; the boundary values condition follows the configured contract; valid state is preserved, invalid or unauthorized work is rejected or quarantined without silent loss, retries do not duplicate side effects, lineage and audit evidence remain available, and no production records or credentials are used.",Playwright + platform UI/API,"n8n,market-platform,synthetic-data,workflows,boundary-values"
n8n,Workflows and Nodes,N8N-WORKFLOW-00061,Workflows and Nodes: create connected nodes with valid execution order (late arriving data),n8n: create connected nodes with valid execution order with late arriving data,Functional,Medium,Non-production tenant or isolated local fixture; synthetic records only; Deliver an older event after a newer watermark or processing window has advanced. ,"1. Create a disposable, versioned synthetic fixture: Deliver an older event after a newer watermark or processing window has advanced. 2. Execute the platform workflow to create connected nodes with valid execution order. 3. Capture the committed result, resource version, or run status. 4. Compare the result with the source fixture and the declared invariant. 5. Repeat or recover the operation when applicable; verify access, audit evidence, and side effects.","The platform must correctly create connected nodes with valid execution order; the late arriving data condition follows the configured contract; valid state is preserved, invalid or unauthorized work is rejected or quarantined without silent loss, retries do not duplicate side effects, lineage and audit evidence remain available, and no production records or credentials are used.",Playwright + platform UI/API,"n8n,market-platform,synthetic-data,workflows,late-arriving-data"
n8n,Workflows and Nodes,N8N-WORKFLOW-00062,Workflows and Nodes: validate required node parameters before activation (late arriving data),n8n: validate required node parameters before activation with late arriving data,Functional,High,Non-production tenant or isolated local fixture; synthetic records only; Deliver an older event after a newer watermark or processing window has advanced. ,"1. Create a disposable, versioned synthetic fixture: Deliver an older event after a newer watermark or processing window has advanced. 2. Execute the platform workflow to validate required node parameters before activation. 3. Capture the committed result, resource version, or run status. 4. Compare the result with the source fixture and the declared invariant. 5. Repeat or recover the operation when applicable; verify access, audit evidence, and side effects.","The platform must correctly validate required node parameters before activation; the late arriving data condition follows the configured contract; valid state is preserved, invalid or unauthorized work is rejected or quarantined without silent loss, retries do not duplicate side effects, lineage and audit evidence remain available, and no production records or credentials are used.",Playwright + platform UI/API,"n8n,market-platform,synthetic-data,workflows,late-arriving-data"
n8n,Workflows and Nodes,N8N-WORKFLOW-00063,Workflows and Nodes: preserve settings after workflow duplication (late arriving data),n8n: preserve settings after workflow duplication with late arriving data,Functional,High,Non-production tenant or isolated local fixture; synthetic records only; Deliver an older event after a newer watermark or processing window has advanced. ,"1. Create a disposable, versioned synthetic fixture: Deliver an older event after a newer watermark or processing window has advanced. 2. Execute the platform workflow to preserve settings after workflow duplication. 3. Capture the committed result, resource version, or run status. 4. Compare the result with the source fixture and the declared invariant. 5. Repeat or recover the operation when applicable; verify access, audit evidence, and side effects.","The platform must correctly preserve settings after workflow duplication; the late arriving data condition follows the configured contract; valid state is preserved, invalid or unauthorized work is rejected or quarantined without silent loss, retries do not duplicate side effects, lineage and audit evidence remain available, and no production records or credentials are used.",Playwright + platform UI/API,"n8n,market-platform,synthetic-data,workflows,late-arriving-data"
n8n,Workflows and Nodes,N8N-WORKFLOW-00064,Workflows and Nodes: run with deterministic synthetic input (late arriving data),n8n: run with deterministic synthetic input with late arriving data,Functional,High,Non-production tenant or isolated local fixture; synthetic records only; Deliver an older event after a newer watermark or processing window has advanced. ,"1. Create a disposable, versioned synthetic fixture: Deliver an older event after a newer watermark or processing window has advanced. 2. Execute the platform workflow to run with deterministic synthetic input. 3. Capture the committed result, resource version, or run status. 4. Compare the result with the source fixture and the declared invariant. 5. Repeat or recover the operation when applicable; verify access, audit evidence, and side effects.","The platform must correctly run with deterministic synthetic input; the late arriving data condition follows the configured contract; valid state is preserved, invalid or unauthorized work is rejected or quarantined without silent loss, retries do not duplicate side effects, lineage and audit evidence remain available, and no production records or credentials are used.",Playwright + platform UI/API,"n8n,market-platform,synthetic-data,workflows,late-arriving-data"
n8n,Workflows and Nodes,N8N-WORKFLOW-00065,Workflows and Nodes: disable a node and expose downstream behavior (late arriving data),n8n: disable a node and expose downstream behavior with late arriving data,Functional,Medium,Non-production tenant or isolated local fixture; synthetic records only; Deliver an older event after a newer watermark or processing window has advanced. ,"1. Create a disposable, versioned synthetic fixture: Deliver an older event after a newer watermark or processing window has advanced. 2. Execute the platform workflow to disable a node and expose downstream behavior. 3. Capture the committed result, resource version, or run status. 4. Compare the result with the source fixture and the declared invariant. 5. Repeat or recover the operation when applicable; verify access, audit evidence, and side effects.","The platform must correctly disable a node and expose downstream behavior; the late arriving data condition follows the configured contract; valid state is preserved, invalid or unauthorized work is rejected or quarantined without silent loss, retries do not duplicate side effects, lineage and audit evidence remain available, and no production records or credentials are used.",Playwright + platform UI/API,"n8n,market-platform,synthetic-data,workflows,late-arriving-data"
n8n,Workflows and Nodes,N8N-WORKFLOW-00066,Workflows and Nodes: handle node output with an empty collection (late arriving data),n8n: handle node output with an empty collection with late arriving data,Functional,High,Non-production tenant or isolated local fixture; synthetic records only; Deliver an older event after a newer watermark or processing window has advanced. ,"1. Create a disposable, versioned synthetic fixture: Deliver an older event after a newer watermark or processing window has advanced. 2. Execute the platform workflow to handle node output with an empty collection. 3. Capture the committed result, resource version, or run status. 4. Compare the result with the source fixture and the declared invariant. 5. Repeat or recover the operation when applicable; verify access, audit evidence, and side effects.","The platform must correctly handle node output with an empty collection; the late arriving data condition follows the configured contract; valid state is preserved, invalid or unauthorized work is rejected or quarantined without silent loss, retries do not duplicate side effects, lineage and audit evidence remain available, and no production records or credentials are used.",Playwright + platform UI/API,"n8n,market-platform,synthetic-data,workflows,late-arriving-data"
n8n,Workflows and Nodes,N8N-WORKFLOW-00067,Workflows and Nodes: reject invalid expressions before execution (late arriving data),n8n: reject invalid expressions before execution with late arriving data,Functional,High,Non-production tenant or isolated local fixture; synthetic records only; Deliver an older event after a newer watermark or processing window has advanced. ,"1. Create a disposable, versioned synthetic fixture: Deliver an older event after a newer watermark or processing window has advanced. 2. Execute the platform workflow to reject invalid expressions before execution. 3. Capture the committed result, resource version, or run status. 4. Compare the result with the source fixture and the declared invariant. 5. Repeat or recover the operation when applicable; verify access, audit evidence, and side effects.","The platform must correctly reject invalid expressions before execution; the late arriving data condition follows the configured contract; valid state is preserved, invalid or unauthorized work is rejected or quarantined without silent loss, retries do not duplicate side effects, lineage and audit evidence remain available, and no production records or credentials are used.",Playwright + platform UI/API,"n8n,market-platform,synthetic-data,workflows,late-arriving-data"
n8n,Workflows and Nodes,N8N-WORKFLOW-00068,Workflows and Nodes: restore a prior workflow revision (late arriving data),n8n: restore a prior workflow revision with late arriving data,Functional,High,Non-production tenant or isolated local fixture; synthetic records only; Deliver an older event after a newer watermark or processing window has advanced. ,"1. Create a disposable, versioned synthetic fixture: Deliver an older event after a newer watermark or processing window has advanced. 2. Execute the platform workflow to restore a prior workflow revision. 3. Capture the committed result, resource version, or run status. 4. Compare the result with the source fixture and the declared invariant. 5. Repeat or recover the operation when applicable; verify access, audit evidence, and side effects.","The platform must correctly restore a prior workflow revision; the late arriving data condition follows the configured contract; valid state is preserved, invalid or unauthorized work is rejected or quarantined without silent loss, retries do not duplicate side effects, lineage and audit evidence remain available, and no production records or credentials are used.",Playwright + platform UI/API,"n8n,market-platform,synthetic-data,workflows,late-arriving-data"
n8n,Workflows and Nodes,N8N-WORKFLOW-00069,Workflows and Nodes: verify node output shape at connections (late arriving data),n8n: verify node output shape at connections with late arriving data,Functional,Medium,Non-production tenant or isolated local fixture; synthetic records only; Deliver an older event after a newer watermark or processing window has advanced. ,"1. Create a disposable, versioned synthetic fixture: Deliver an older event after a newer watermark or processing window has advanced. 2. Execute the platform workflow to verify node output shape at connections. 3. Capture the committed result, resource version, or run status. 4. Compare the result with the source fixture and the declared invariant. 5. Repeat or recover the operation when applicable; verify access, audit evidence, and side effects.","The platform must correctly verify node output shape at connections; the late arriving data condition follows the configured contract; valid state is preserved, invalid or unauthorized work is rejected or quarantined without silent loss, retries do not duplicate side effects, lineage and audit evidence remain available, and no production records or credentials are used.",Playwright + platform UI/API,"n8n,market-platform,synthetic-data,workflows,late-arriving-data"
n8n,Workflows and Nodes,N8N-WORKFLOW-00070,Workflows and Nodes: record edits with the correct editor identity (late arriving data),n8n: record edits with the correct editor identity with late arriving data,Functional,High,Non-production tenant or isolated local fixture; synthetic records only; Deliver an older event after a newer watermark or processing window has advanced. ,"1. Create a disposable, versioned synthetic fixture: Deliver an older event after a newer watermark or processing window has advanced. 2. Execute the platform workflow to record edits with the correct editor identity. 3. Capture the committed result, resource version, or run status. 4. Compare the result with the source fixture and the declared invariant. 5. Repeat or recover the operation when applicable; verify access, audit evidence, and side effects.","The platform must correctly record edits with the correct editor identity; the late arriving data condition follows the configured contract; valid state is preserved, invalid or unauthorized work is rejected or quarantined without silent loss, retries do not duplicate side effects, lineage and audit evidence remain available, and no production records or credentials are used.",Playwright + platform UI/API,"n8n,market-platform,synthetic-data,workflows,late-arriving-data"
n8n,Workflows and Nodes,N8N-WORKFLOW-00071,Workflows and Nodes: create connected nodes with valid execution order (out-of-order events),n8n: create connected nodes with valid execution order with out-of-order events,Functional,High,Non-production tenant or isolated local fixture; synthetic records only; Shuffle event or commit order while preserving source event-time values. ,"1. Create a disposable, versioned synthetic fixture: Shuffle event or commit order while preserving source event-time values. 2. Execute the platform workflow to create connected nodes with valid execution order. 3. Capture the committed result, resource version, or run status. 4. Compare the result with the source fixture and the declared invariant. 5. Repeat or recover the operation when applicable; verify access, audit evidence, and side effects.","The platform must correctly create connected nodes with valid execution order; the out-of-order events condition follows the configured contract; valid state is preserved, invalid or unauthorized work is rejected or quarantined without silent loss, retries do not duplicate side effects, lineage and audit evidence remain available, and no production records or credentials are used.",Playwright + platform UI/API,"n8n,market-platform,synthetic-data,workflows,out-of-order-events"
n8n,Workflows and Nodes,N8N-WORKFLOW-00072,Workflows and Nodes: validate required node parameters before activation (out-of-order events),n8n: validate required node parameters before activation with out-of-order events,Functional,High,Non-production tenant or isolated local fixture; synthetic records only; Shuffle event or commit order while preserving source event-time values. ,"1. Create a disposable, versioned synthetic fixture: Shuffle event or commit order while preserving source event-time values. 2. Execute the platform workflow to validate required node parameters before activation. 3. Capture the committed result, resource version, or run status. 4. Compare the result with the source fixture and the declared invariant. 5. Repeat or recover the operation when applicable; verify access, audit evidence, and side effects.","The platform must correctly validate required node parameters before activation; the out-of-order events condition follows the configured contract; valid state is preserved, invalid or unauthorized work is rejected or quarantined without silent loss, retries do not duplicate side effects, lineage and audit evidence remain available, and no production records or credentials are used.",Playwright + platform UI/API,"n8n,market-platform,synthetic-data,workflows,out-of-order-events"
n8n,Workflows and Nodes,N8N-WORKFLOW-00073,Workflows and Nodes: preserve settings after workflow duplication (out-of-order events),n8n: preserve settings after workflow duplication with out-of-order events,Functional,Medium,Non-production tenant or isolated local fixture; synthetic records only; Shuffle event or commit order while preserving source event-time values. ,"1. Create a disposable, versioned synthetic fixture: Shuffle event or commit order while preserving source event-time values. 2. Execute the platform workflow to preserve settings after workflow duplication. 3. Capture the committed result, resource version, or run status. 4. Compare the result with the source fixture and the declared invariant. 5. Repeat or recover the operation when applicable; verify access, audit evidence, and side effects.","The platform must correctly preserve settings after workflow duplication; the out-of-order events condition follows the configured contract; valid state is preserved, invalid or unauthorized work is rejected or quarantined without silent loss, retries do not duplicate side effects, lineage and audit evidence remain available, and no production records or credentials are used.",Playwright + platform UI/API,"n8n,market-platform,synthetic-data,workflows,out-of-order-events"
n8n,Workflows and Nodes,N8N-WORKFLOW-00074,Workflows and Nodes: run with deterministic synthetic input (out-of-order events),n8n: run with deterministic synthetic input with out-of-order events,Functional,High,Non-production tenant or isolated local fixture; synthetic records only; Shuffle event or commit order while preserving source event-time values. ,"1. Create a disposable, versioned synthetic fixture: Shuffle event or commit order while preserving source event-time values. 2. Execute the platform workflow to run with deterministic synthetic input. 3. Capture the committed result, resource version, or run status. 4. Compare the result with the source fixture and the declared invariant. 5. Repeat or recover the operation when applicable; verify access, audit evidence, and side effects.","The platform must correctly run with deterministic synthetic input; the out-of-order events condition follows the configured contract; valid state is preserved, invalid or unauthorized work is rejected or quarantined without silent loss, retries do not duplicate side effects, lineage and audit evidence remain available, and no production records or credentials are used.",Playwright + platform UI/API,"n8n,market-platform,synthetic-data,workflows,out-of-order-events"
n8n,Workflows and Nodes,N8N-WORKFLOW-00075,Workflows and Nodes: disable a node and expose downstream behavior (out-of-order events),n8n: disable a node and expose downstream behavior with out-of-order events,Functional,High,Non-production tenant or isolated local fixture; synthetic records only; Shuffle event or commit order while preserving source event-time values. ,"1. Create a disposable, versioned synthetic fixture: Shuffle event or commit order while preserving source event-time values. 2. Execute the platform workflow to disable a node and expose downstream behavior. 3. Capture the committed result, resource version, or run status. 4. Compare the result with the source fixture and the declared invariant. 5. Repeat or recover the operation when applicable; verify access, audit evidence, and side effects.","The platform must correctly disable a node and expose downstream behavior; the out-of-order events condition follows the configured contract; valid state is preserved, invalid or unauthorized work is rejected or quarantined without silent loss, retries do not duplicate side effects, lineage and audit evidence remain available, and no production records or credentials are used.",Playwright + platform UI/API,"n8n,market-platform,synthetic-data,workflows,out-of-order-events"
n8n,Workflows and Nodes,N8N-WORKFLOW-00076,Workflows and Nodes: handle node output with an empty collection (out-of-order events),n8n: handle node output with an empty collection with out-of-order events,Functional,High,Non-production tenant or isolated local fixture; synthetic records only; Shuffle event or commit order while preserving source event-time values. ,"1. Create a disposable, versioned synthetic fixture: Shuffle event or commit order while preserving source event-time values. 2. Execute the platform workflow to handle node output with an empty collection. 3. Capture the committed result, resource version, or run status. 4. Compare the result with the source fixture and the declared invariant. 5. Repeat or recover the operation when applicable; verify access, audit evidence, and side effects.","The platform must correctly handle node output with an empty collection; the out-of-order events condition follows the configured contract; valid state is preserved, invalid or unauthorized work is rejected or quarantined without silent loss, retries do not duplicate side effects, lineage and audit evidence remain available, and no production records or credentials are used.",Playwright + platform UI/API,"n8n,market-platform,synthetic-data,workflows,out-of-order-events"
n8n,Workflows and Nodes,N8N-WORKFLOW-00077,Workflows and Nodes: reject invalid expressions before execution (out-of-order events),n8n: reject invalid expressions before execution with out-of-order events,Functional,Medium,Non-production tenant or isolated local fixture; synthetic records only; Shuffle event or commit order while preserving source event-time values. ,"1. Create a disposable, versioned synthetic fixture: Shuffle event or commit order while preserving source event-time values. 2. Execute the platform workflow to reject invalid expressions before execution. 3. Capture the committed result, resource version, or run status. 4. Compare the result with the source fixture and the declared invariant. 5. Repeat or recover the operation when applicable; verify access, audit evidence, and side effects.","The platform must correctly reject invalid expressions before execution; the out-of-order events condition follows the configured contract; valid state is preserved, invalid or unauthorized work is rejected or quarantined without silent loss, retries do not duplicate side effects, lineage and audit evidence remain available, and no production records or credentials are used.",Playwright + platform UI/API,"n8n,market-platform,synthetic-data,workflows,out-of-order-events"
n8n,Workflows and Nodes,N8N-WORKFLOW-00078,Workflows and Nodes: restore a prior workflow revision (out-of-order events),n8n: restore a prior workflow revision with out-of-order events,Functional,High,Non-production tenant or isolated local fixture; synthetic records only; Shuffle event or commit order while preserving source event-time values. ,"1. Create a disposable, versioned synthetic fixture: Shuffle event or commit order while preserving source event-time values. 2. Execute the platform workflow to restore a prior workflow revision. 3. Capture the committed result, resource version, or run status. 4. Compare the result with the source fixture and the declared invariant. 5. Repeat or recover the operation when applicable; verify access, audit evidence, and side effects.","The platform must correctly restore a prior workflow revision; the out-of-order events condition follows the configured contract; valid state is preserved, invalid or unauthorized work is rejected or quarantined without silent loss, retries do not duplicate side effects, lineage and audit evidence remain available, and no production records or credentials are used.",Playwright + platform UI/API,"n8n,market-platform,synthetic-data,workflows,out-of-order-events"
n8n,Workflows and Nodes,N8N-WORKFLOW-00079,Workflows and Nodes: verify node output shape at connections (out-of-order events),n8n: verify node output shape at connections with out-of-order events,Functional,High,Non-production tenant or isolated local fixture; synthetic records only; Shuffle event or commit order while preserving source event-time values. ,"1. Create a disposable, versioned synthetic fixture: Shuffle event or commit order while preserving source event-time values. 2. Execute the platform workflow to verify node output shape at connections. 3. Capture the committed result, resource version, or run status. 4. Compare the result with the source fixture and the declared invariant. 5. Repeat or recover the operation when applicable; verify access, audit evidence, and side effects.","The platform must correctly verify node output shape at connections; the out-of-order events condition follows the configured contract; valid state is preserved, invalid or unauthorized work is rejected or quarantined without silent loss, retries do not duplicate side effects, lineage and audit evidence remain available, and no production records or credentials are used.",Playwright + platform UI/API,"n8n,market-platform,synthetic-data,workflows,out-of-order-events"
n8n,Workflows and Nodes,N8N-WORKFLOW-00080,Workflows and Nodes: record edits with the correct editor identity (out-of-order events),n8n: record edits with the correct editor identity with out-of-order events,Functional,High,Non-production tenant or isolated local fixture; synthetic records only; Shuffle event or commit order while preserving source event-time values. ,"1. Create a disposable, versioned synthetic fixture: Shuffle event or commit order while preserving source event-time values. 2. Execute the platform workflow to record edits with the correct editor identity. 3. Capture the committed result, resource version, or run status. 4. Compare the result with the source fixture and the declared invariant. 5. Repeat or recover the operation when applicable; verify access, audit evidence, and side effects.","The platform must correctly record edits with the correct editor identity; the out-of-order events condition follows the configured contract; valid state is preserved, invalid or unauthorized work is rejected or quarantined without silent loss, retries do not duplicate side effects, lineage and audit evidence remain available, and no production records or credentials are used.",Playwright + platform UI/API,"n8n,market-platform,synthetic-data,workflows,out-of-order-events"
n8n,Workflows and Nodes,N8N-WORKFLOW-00081,Workflows and Nodes: create connected nodes with valid execution order (compatible schema change),n8n: create connected nodes with valid execution order with compatible schema change,Functional,Medium,Non-production tenant or isolated local fixture; synthetic records only; Add a nullable field while existing readers and stored versions remain active. ,"1. Create a disposable, versioned synthetic fixture: Add a nullable field while existing readers and stored versions remain active. 2. Execute the platform workflow to create connected nodes with valid execution order. 3. Capture the committed result, resource version, or run status. 4. Compare the result with the source fixture and the declared invariant. 5. Repeat or recover the operation when applicable; verify access, audit evidence, and side effects.","The platform must correctly create connected nodes with valid execution order; the compatible schema change condition follows the configured contract; valid state is preserved, invalid or unauthorized work is rejected or quarantined without silent loss, retries do not duplicate side effects, lineage and audit evidence remain available, and no production records or credentials are used.",Playwright + platform UI/API,"n8n,market-platform,synthetic-data,workflows,compatible-schema-change"
n8n,Workflows and Nodes,N8N-WORKFLOW-00082,Workflows and Nodes: validate required node parameters before activation (compatible schema change),n8n: validate required node parameters before activation with compatible schema change,Functional,High,Non-production tenant or isolated local fixture; synthetic records only; Add a nullable field while existing readers and stored versions remain active. ,"1. Create a disposable, versioned synthetic fixture: Add a nullable field while existing readers and stored versions remain active. 2. Execute the platform workflow to validate required node parameters before activation. 3. Capture the committed result, resource version, or run status. 4. Compare the result with the source fixture and the declared invariant. 5. Repeat or recover the operation when applicable; verify access, audit evidence, and side effects.","The platform must correctly validate required node parameters before activation; the compatible schema change condition follows the configured contract; valid state is preserved, invalid or unauthorized work is rejected or quarantined without silent loss, retries do not duplicate side effects, lineage and audit evidence remain available, and no production records or credentials are used.",Playwright + platform UI/API,"n8n,market-platform,synthetic-data,workflows,compatible-schema-change"
n8n,Workflows and Nodes,N8N-WORKFLOW-00083,Workflows and Nodes: preserve settings after workflow duplication (compatible schema change),n8n: preserve settings after workflow duplication with compatible schema change,Functional,High,Non-production tenant or isolated local fixture; synthetic records only; Add a nullable field while existing readers and stored versions remain active. ,"1. Create a disposable, versioned synthetic fixture: Add a nullable field while existing readers and stored versions remain active. 2. Execute the platform workflow to preserve settings after workflow duplication. 3. Capture the committed result, resource version, or run status. 4. Compare the result with the source fixture and the declared invariant. 5. Repeat or recover the operation when applicable; verify access, audit evidence, and side effects.","The platform must correctly preserve settings after workflow duplication; the compatible schema change condition follows the configured contract; valid state is preserved, invalid or unauthorized work is rejected or quarantined without silent loss, retries do not duplicate side effects, lineage and audit evidence remain available, and no production records or credentials are used.",Playwright + platform UI/API,"n8n,market-platform,synthetic-data,workflows,compatible-schema-change"
n8n,Workflows and Nodes,N8N-WORKFLOW-00084,Workflows and Nodes: run with deterministic synthetic input (compatible schema change),n8n: run with deterministic synthetic input with compatible schema change,Functional,High,Non-production tenant or isolated local fixture; synthetic records only; Add a nullable field while existing readers and stored versions remain active. ,"1. Create a disposable, versioned synthetic fixture: Add a nullable field while existing readers and stored versions remain active. 2. Execute the platform workflow to run with deterministic synthetic input. 3. Capture the committed result, resource version, or run status. 4. Compare the result with the source fixture and the declared invariant. 5. Repeat or recover the operation when applicable; verify access, audit evidence, and side effects.","The platform must correctly run with deterministic synthetic input; the compatible schema change condition follows the configured contract; valid state is preserved, invalid or unauthorized work is rejected or quarantined without silent loss, retries do not duplicate side effects, lineage and audit evidence remain available, and no production records or credentials are used.",Playwright + platform UI/API,"n8n,market-platform,synthetic-data,workflows,compatible-schema-change"
n8n,Workflows and Nodes,N8N-WORKFLOW-00085,Workflows and Nodes: disable a node and expose downstream behavior (compatible schema change),n8n: disable a node and expose downstream behavior with compatible schema change,Functional,Medium,Non-production tenant or isolated local fixture; synthetic records only; Add a nullable field while existing readers and stored versions remain active. ,"1. Create a disposable, versioned synthetic fixture: Add a nullable field while existing readers and stored versions remain active. 2. Execute the platform workflow to disable a node and expose downstream behavior. 3. Capture the committed result, resource version, or run status. 4. Compare the result with the source fixture and the declared invariant. 5. Repeat or recover the operation when applicable; verify access, audit evidence, and side effects.","The platform must correctly disable a node and expose downstream behavior; the compatible schema change condition follows the configured contract; valid state is preserved, invalid or unauthorized work is rejected or quarantined without silent loss, retries do not duplicate side effects, lineage and audit evidence remain available, and no production records or credentials are used.",Playwright + platform UI/API,"n8n,market-platform,synthetic-data,workflows,compatible-schema-change"
n8n,Workflows and Nodes,N8N-WORKFLOW-00086,Workflows and Nodes: handle node output with an empty collection (compatible schema change),n8n: handle node output with an empty collection with compatible schema change,Functional,High,Non-production tenant or isolated local fixture; synthetic records only; Add a nullable field while existing readers and stored versions remain active. ,"1. Create a disposable, versioned synthetic fixture: Add a nullable field while existing readers and stored versions remain active. 2. Execute the platform workflow to handle node output with an empty collection. 3. Capture the committed result, resource version, or run status. 4. Compare the result with the source fixture and the declared invariant. 5. Repeat or recover the operation when applicable; verify access, audit evidence, and side effects.","The platform must correctly handle node output with an empty collection; the compatible schema change condition follows the configured contract; valid state is preserved, invalid or unauthorized work is rejected or quarantined without silent loss, retries do not duplicate side effects, lineage and audit evidence remain available, and no production records or credentials are used.",Playwright + platform UI/API,"n8n,market-platform,synthetic-data,workflows,compatible-schema-change"
n8n,Workflows and Nodes,N8N-WORKFLOW-00087,Workflows and Nodes: reject invalid expressions before execution (compatible schema change),n8n: reject invalid expressions before execution with compatible schema change,Functional,High,Non-production tenant or isolated local fixture; synthetic records only; Add a nullable field while existing readers and stored versions remain active. ,"1. Create a disposable, versioned synthetic fixture: Add a nullable field while existing readers and stored versions remain active. 2. Execute the platform workflow to reject invalid expressions before execution. 3. Capture the committed result, resource version, or run status. 4. Compare the result with the source fixture and the declared invariant. 5. Repeat or recover the operation when applicable; verify access, audit evidence, and side effects.","The platform must correctly reject invalid expressions before execution; the compatible schema change condition follows the configured contract; valid state is preserved, invalid or unauthorized work is rejected or quarantined without silent loss, retries do not duplicate side effects, lineage and audit evidence remain available, and no production records or credentials are used.",Playwright + platform UI/API,"n8n,market-platform,synthetic-data,workflows,compatible-schema-change"
n8n,Workflows and Nodes,N8N-WORKFLOW-00088,Workflows and Nodes: restore a prior workflow revision (compatible schema change),n8n: restore a prior workflow revision with compatible schema change,Functional,High,Non-production tenant or isolated local fixture; synthetic records only; Add a nullable field while existing readers and stored versions remain active. ,"1. Create a disposable, versioned synthetic fixture: Add a nullable field while existing readers and stored versions remain active. 2. Execute the platform workflow to restore a prior workflow revision. 3. Capture the committed result, resource version, or run status. 4. Compare the result with the source fixture and the declared invariant. 5. Repeat or recover the operation when applicable; verify access, audit evidence, and side effects.","The platform must correctly restore a prior workflow revision; the compatible schema change condition follows the configured contract; valid state is preserved, invalid or unauthorized work is rejected or quarantined without silent loss, retries do not duplicate side effects, lineage and audit evidence remain available, and no production records or credentials are used.",Playwright + platform UI/API,"n8n,market-platform,synthetic-data,workflows,compatible-schema-change"
n8n,Workflows and Nodes,N8N-WORKFLOW-00089,Workflows and Nodes: verify node output shape at connections (compatible schema change),n8n: verify node output shape at connections with compatible schema change,Functional,Medium,Non-production tenant or isolated local fixture; synthetic records only; Add a nullable field while existing readers and stored versions remain active. ,"1. Create a disposable, versioned synthetic fixture: Add a nullable field while existing readers and stored versions remain active. 2. Execute the platform workflow to verify node output shape at connections. 3. Capture the committed result, resource version, or run status. 4. Compare the result with the source fixture and the declared invariant. 5. Repeat or recover the operation when applicable; verify access, audit evidence, and side effects.","The platform must correctly verify node output shape at connections; the compatible schema change condition follows the configured contract; valid state is preserved, invalid or unauthorized work is rejected or quarantined without silent loss, retries do not duplicate side effects, lineage and audit evidence remain available, and no production records or credentials are used.",Playwright + platform UI/API,"n8n,market-platform,synthetic-data,workflows,compatible-schema-change"
n8n,Workflows and Nodes,N8N-WORKFLOW-00090,Workflows and Nodes: record edits with the correct editor identity (compatible schema change),n8n: record edits with the correct editor identity with compatible schema change,Functional,High,Non-production tenant or isolated local fixture; synthetic records only; Add a nullable field while existing readers and stored versions remain active. ,"1. Create a disposable, versioned synthetic fixture: Add a nullable field while existing readers and stored versions remain active. 2. Execute the platform workflow to record edits with the correct editor identity. 3. Capture the committed result, resource version, or run status. 4. Compare the result with the source fixture and the declared invariant. 5. Repeat or recover the operation when applicable; verify access, audit evidence, and side effects.","The platform must correctly record edits with the correct editor identity; the compatible schema change condition follows the configured contract; valid state is preserved, invalid or unauthorized work is rejected or quarantined without silent loss, retries do not duplicate side effects, lineage and audit evidence remain available, and no production records or credentials are used.",Playwright + platform UI/API,"n8n,market-platform,synthetic-data,workflows,compatible-schema-change"
n8n,Workflows and Nodes,N8N-WORKFLOW-00091,Workflows and Nodes: create connected nodes with valid execution order (field rename),n8n: create connected nodes with valid execution order with field rename,Functional,High,Non-production tenant or isolated local fixture; synthetic records only; Rename a field using the supported migration path and inspect historical reads. ,"1. Create a disposable, versioned synthetic fixture: Rename a field using the supported migration path and inspect historical reads. 2. Execute the platform workflow to create connected nodes with valid execution order. 3. Capture the committed result, resource version, or run status. 4. Compare the result with the source fixture and the declared invariant. 5. Repeat or recover the operation when applicable; verify access, audit evidence, and side effects.","The platform must correctly create connected nodes with valid execution order; the field rename condition follows the configured contract; valid state is preserved, invalid or unauthorized work is rejected or quarantined without silent loss, retries do not duplicate side effects, lineage and audit evidence remain available, and no production records or credentials are used.",Playwright + platform UI/API,"n8n,market-platform,synthetic-data,workflows,field-rename"
n8n,Workflows and Nodes,N8N-WORKFLOW-00092,Workflows and Nodes: validate required node parameters before activation (field rename),n8n: validate required node parameters before activation with field rename,Functional,High,Non-production tenant or isolated local fixture; synthetic records only; Rename a field using the supported migration path and inspect historical reads. ,"1. Create a disposable, versioned synthetic fixture: Rename a field using the supported migration path and inspect historical reads. 2. Execute the platform workflow to validate required node parameters before activation. 3. Capture the committed result, resource version, or run status. 4. Compare the result with the source fixture and the declared invariant. 5. Repeat or recover the operation when applicable; verify access, audit evidence, and side effects.","The platform must correctly validate required node parameters before activation; the field rename condition follows the configured contract; valid state is preserved, invalid or unauthorized work is rejected or quarantined without silent loss, retries do not duplicate side effects, lineage and audit evidence remain available, and no production records or credentials are used.",Playwright + platform UI/API,"n8n,market-platform,synthetic-data,workflows,field-rename"
n8n,Workflows and Nodes,N8N-WORKFLOW-00093,Workflows and Nodes: preserve settings after workflow duplication (field rename),n8n: preserve settings after workflow duplication with field rename,Functional,Medium,Non-production tenant or isolated local fixture; synthetic records only; Rename a field using the supported migration path and inspect historical reads. ,"1. Create a disposable, versioned synthetic fixture: Rename a field using the supported migration path and inspect historical reads. 2. Execute the platform workflow to preserve settings after workflow duplication. 3. Capture the committed result, resource version, or run status. 4. Compare the result with the source fixture and the declared invariant. 5. Repeat or recover the operation when applicable; verify access, audit evidence, and side effects.","The platform must correctly preserve settings after workflow duplication; the field rename condition follows the configured contract; valid state is preserved, invalid or unauthorized work is rejected or quarantined without silent loss, retries do not duplicate side effects, lineage and audit evidence remain available, and no production records or credentials are used.",Playwright + platform UI/API,"n8n,market-platform,synthetic-data,workflows,field-rename"
n8n,Workflows and Nodes,N8N-WORKFLOW-00094,Workflows and Nodes: run with deterministic synthetic input (field rename),n8n: run with deterministic synthetic input with field rename,Functional,High,Non-production tenant or isolated local fixture; synthetic records only; Rename a field using the supported migration path and inspect historical reads. ,"1. Create a disposable, versioned synthetic fixture: Rename a field using the supported migration path and inspect historical reads. 2. Execute the platform workflow to run with deterministic synthetic input. 3. Capture the committed result, resource version, or run status. 4. Compare the result with the source fixture and the declared invariant. 5. Repeat or recover the operation when applicable; verify access, audit evidence, and side effects.","The platform must correctly run with deterministic synthetic input; the field rename condition follows the configured contract; valid state is preserved, invalid or unauthorized work is rejected or quarantined without silent loss, retries do not duplicate side effects, lineage and audit evidence remain available, and no production records or credentials are used.",Playwright + platform UI/API,"n8n,market-platform,synthetic-data,workflows,field-rename"
n8n,Workflows and Nodes,N8N-WORKFLOW-00095,Workflows and Nodes: disable a node and expose downstream behavior (field rename),n8n: disable a node and expose downstream behavior with field rename,Functional,High,Non-production tenant or isolated local fixture; synthetic records only; Rename a field using the supported migration path and inspect historical reads. ,"1. Create a disposable, versioned synthetic fixture: Rename a field using the supported migration path and inspect historical reads. 2. Execute the platform workflow to disable a node and expose downstream behavior. 3. Capture the committed result, resource version, or run status. 4. Compare the result with the source fixture and the declared invariant. 5. Repeat or recover the operation when applicable; verify access, audit evidence, and side effects.","The platform must correctly disable a node and expose downstream behavior; the field rename condition follows the configured contract; valid state is preserved, invalid or unauthorized work is rejected or quarantined without silent loss, retries do not duplicate side effects, lineage and audit evidence remain available, and no production records or credentials are used.",Playwright + platform UI/API,"n8n,market-platform,synthetic-data,workflows,field-rename"
n8n,Workflows and Nodes,N8N-WORKFLOW-00096,Workflows and Nodes: handle node output with an empty collection (field rename),n8n: handle node output with an empty collection with field rename,Functional,High,Non-production tenant or isolated local fixture; synthetic records only; Rename a field using the supported migration path and inspect historical reads. ,"1. Create a disposable, versioned synthetic fixture: Rename a field using the supported migration path and inspect historical reads. 2. Execute the platform workflow to handle node output with an empty collection. 3. Capture the committed result, resource version, or run status. 4. Compare the result with the source fixture and the declared invariant. 5. Repeat or recover the operation when applicable; verify access, audit evidence, and side effects.","The platform must correctly handle node output with an empty collection; the field rename condition follows the configured contract; valid state is preserved, invalid or unauthorized work is rejected or quarantined without silent loss, retries do not duplicate side effects, lineage and audit evidence remain available, and no production records or credentials are used.",Playwright + platform UI/API,"n8n,market-platform,synthetic-data,workflows,field-rename"
n8n,Workflows and Nodes,N8N-WORKFLOW-00097,Workflows and Nodes: reject invalid expressions before execution (field rename),n8n: reject invalid expressions before execution with field rename,Functional,Medium,Non-production tenant or isolated local fixture; synthetic records only; Rename a field using the supported migration path and inspect historical reads. ,"1. Create a disposable, versioned synthetic fixture: Rename a field using the supported migration path and inspect historical reads. 2. Execute the platform workflow to reject invalid expressions before execution. 3. Capture the committed result, resource version, or run status. 4. Compare the result with the source fixture and the declared invariant. 5. Repeat or recover the operation when applicable; verify access, audit evidence, and side effects.","The platform must correctly reject invalid expressions before execution; the field rename condition follows the configured contract; valid state is preserved, invalid or unauthorized work is rejected or quarantined without silent loss, retries do not duplicate side effects, lineage and audit evidence remain available, and no production records or credentials are used.",Playwright + platform UI/API,"n8n,market-platform,synthetic-data,workflows,field-rename"
n8n,Workflows and Nodes,N8N-WORKFLOW-00098,Workflows and Nodes: restore a prior workflow revision (field rename),n8n: restore a prior workflow revision with field rename,Functional,High,Non-production tenant or isolated local fixture; synthetic records only; Rename a field using the supported migration path and inspect historical reads. ,"1. Create a disposable, versioned synthetic fixture: Rename a field using the supported migration path and inspect historical reads. 2. Execute the platform workflow to restore a prior workflow revision. 3. Capture the committed result, resource version, or run status. 4. Compare the result with the source fixture and the declared invariant. 5. Repeat or recover the operation when applicable; verify access, audit evidence, and side effects.","The platform must correctly restore a prior workflow revision; the field rename condition follows the configured contract; valid state is preserved, invalid or unauthorized work is rejected or quarantined without silent loss, retries do not duplicate side effects, lineage and audit evidence remain available, and no production records or credentials are used.",Playwright + platform UI/API,"n8n,market-platform,synthetic-data,workflows,field-rename"
n8n,Workflows and Nodes,N8N-WORKFLOW-00099,Workflows and Nodes: verify node output shape at connections (field rename),n8n: verify node output shape at connections with field rename,Functional,High,Non-production tenant or isolated local fixture; synthetic records only; Rename a field using the supported migration path and inspect historical reads. ,"1. Create a disposable, versioned synthetic fixture: Rename a field using the supported migration path and inspect historical reads. 2. Execute the platform workflow to verify node output shape at connections. 3. Capture the committed result, resource version, or run status. 4. Compare the result with the source fixture and the declared invariant. 5. Repeat or recover the operation when applicable; verify access, audit evidence, and side effects.","The platform must correctly verify node output shape at connections; the field rename condition follows the configured contract; valid state is preserved, invalid or unauthorized work is rejected or quarantined without silent loss, retries do not duplicate side effects, lineage and audit evidence remain available, and no production records or credentials are used.",Playwright + platform UI/API,"n8n,market-platform,synthetic-data,workflows,field-rename"
n8n,Workflows and Nodes,N8N-WORKFLOW-00100,Workflows and Nodes: record edits with the correct editor identity (field rename),n8n: record edits with the correct editor identity with field rename,Functional,High,Non-production tenant or isolated local fixture; synthetic records only; Rename a field using the supported migration path and inspect historical reads. ,"1. Create a disposable, versioned synthetic fixture: Rename a field using the supported migration path and inspect historical reads. 2. Execute the platform workflow to record edits with the correct editor identity. 3. Capture the committed result, resource version, or run status. 4. Compare the result with the source fixture and the declared invariant. 5. Repeat or recover the operation when applicable; verify access, audit evidence, and side effects.","The platform must correctly record edits with the correct editor identity; the field rename condition follows the configured contract; valid state is preserved, invalid or unauthorized work is rejected or quarantined without silent loss, retries do not duplicate side effects, lineage and audit evidence remain available, and no production records or credentials are used.",Playwright + platform UI/API,"n8n,market-platform,synthetic-data,workflows,field-rename"
n8n,Workflows and Nodes,N8N-WORKFLOW-00101,Workflows and Nodes: create connected nodes with valid execution order (worker restart),n8n: create connected nodes with valid execution order with worker restart,Resilience,Medium,Non-production tenant or isolated local fixture; synthetic records only; Restart a worker after processing input but before final checkpoint or commit. ,"1. Create a disposable, versioned synthetic fixture: Restart a worker after processing input but before final checkpoint or commit. 2. Execute the platform workflow to create connected nodes with valid execution order. 3. Capture the committed result, resource version, or run status. 4. Compare the result with the source fixture and the declared invariant. 5. Repeat or recover the operation when applicable; verify access, audit evidence, and side effects.","The platform must correctly create connected nodes with valid execution order; the worker restart condition follows the configured contract; valid state is preserved, invalid or unauthorized work is rejected or quarantined without silent loss, retries do not duplicate side effects, lineage and audit evidence remain available, and no production records or credentials are used.",Playwright + platform UI/API,"n8n,market-platform,synthetic-data,workflows,worker-restart"
n8n,Workflows and Nodes,N8N-WORKFLOW-00102,Workflows and Nodes: validate required node parameters before activation (worker restart),n8n: validate required node parameters before activation with worker restart,Resilience,High,Non-production tenant or isolated local fixture; synthetic records only; Restart a worker after processing input but before final checkpoint or commit. ,"1. Create a disposable, versioned synthetic fixture: Restart a worker after processing input but before final checkpoint or commit. 2. Execute the platform workflow to validate required node parameters before activation. 3. Capture the committed result, resource version, or run status. 4. Compare the result with the source fixture and the declared invariant. 5. Repeat or recover the operation when applicable; verify access, audit evidence, and side effects.","The platform must correctly validate required node parameters before activation; the worker restart condition follows the configured contract; valid state is preserved, invalid or unauthorized work is rejected or quarantined without silent loss, retries do not duplicate side effects, lineage and audit evidence remain available, and no production records or credentials are used.",Playwright + platform UI/API,"n8n,market-platform,synthetic-data,workflows,worker-restart"
n8n,Workflows and Nodes,N8N-WORKFLOW-00103,Workflows and Nodes: preserve settings after workflow duplication (worker restart),n8n: preserve settings after workflow duplication with worker restart,Resilience,High,Non-production tenant or isolated local fixture; synthetic records only; Restart a worker after processing input but before final checkpoint or commit. ,"1. Create a disposable, versioned synthetic fixture: Restart a worker after processing input but before final checkpoint or commit. 2. Execute the platform workflow to preserve settings after workflow duplication. 3. Capture the committed result, resource version, or run status. 4. Compare the result with the source fixture and the declared invariant. 5. Repeat or recover the operation when applicable; verify access, audit evidence, and side effects.","The platform must correctly preserve settings after workflow duplication; the worker restart condition follows the configured contract; valid state is preserved, invalid or unauthorized work is rejected or quarantined without silent loss, retries do not duplicate side effects, lineage and audit evidence remain available, and no production records or credentials are used.",Playwright + platform UI/API,"n8n,market-platform,synthetic-data,workflows,worker-restart"
n8n,Workflows and Nodes,N8N-WORKFLOW-00104,Workflows and Nodes: run with deterministic synthetic input (worker restart),n8n: run with deterministic synthetic input with worker restart,Resilience,High,Non-production tenant or isolated local fixture; synthetic records only; Restart a worker after processing input but before final checkpoint or commit. ,"1. Create a disposable, versioned synthetic fixture: Restart a worker after processing input but before final checkpoint or commit. 2. Execute the platform workflow to run with deterministic synthetic input. 3. Capture the committed result, resource version, or run status. 4. Compare the result with the source fixture and the declared invariant. 5. Repeat or recover the operation when applicable; verify access, audit evidence, and side effects.","The platform must correctly run with deterministic synthetic input; the worker restart condition follows the configured contract; valid state is preserved, invalid or unauthorized work is rejected or quarantined without silent loss, retries do not duplicate side effects, lineage and audit evidence remain available, and no production records or credentials are used.",Playwright + platform UI/API,"n8n,market-platform,synthetic-data,workflows,worker-restart"
n8n,Workflows and Nodes,N8N-WORKFLOW-00105,Workflows and Nodes: disable a node and expose downstream behavior (worker restart),n8n: disable a node and expose downstream behavior with worker restart,Resilience,Medium,Non-production tenant or isolated local fixture; synthetic records only; Restart a worker after processing input but before final checkpoint or commit. ,"1. Create a disposable, versioned synthetic fixture: Restart a worker after processing input but before final checkpoint or commit. 2. Execute the platform workflow to disable a node and expose downstream behavior. 3. Capture the committed result, resource version, or run status. 4. Compare the result with the source fixture and the declared invariant. 5. Repeat or recover the operation when applicable; verify access, audit evidence, and side effects.","The platform must correctly disable a node and expose downstream behavior; the worker restart condition follows the configured contract; valid state is preserved, invalid or unauthorized work is rejected or quarantined without silent loss, retries do not duplicate side effects, lineage and audit evidence remain available, and no production records or credentials are used.",Playwright + platform UI/API,"n8n,market-platform,synthetic-data,workflows,worker-restart"
n8n,Workflows and Nodes,N8N-WORKFLOW-00106,Workflows and Nodes: handle node output with an empty collection (worker restart),n8n: handle node output with an empty collection with worker restart,Resilience,High,Non-production tenant or isolated local fixture; synthetic records only; Restart a worker after processing input but before final checkpoint or commit. ,"1. Create a disposable, versioned synthetic fixture: Restart a worker after processing input but before final checkpoint or commit. 2. Execute the platform workflow to handle node output with an empty collection. 3. Capture the committed result, resource version, or run status. 4. Compare the result with the source fixture and the declared invariant. 5. Repeat or recover the operation when applicable; verify access, audit evidence, and side effects.","The platform must correctly handle node output with an empty collection; the worker restart condition follows the configured contract; valid state is preserved, invalid or unauthorized work is rejected or quarantined without silent loss, retries do not duplicate side effects, lineage and audit evidence remain available, and no production records or credentials are used.",Playwright + platform UI/API,"n8n,market-platform,synthetic-data,workflows,worker-restart"
n8n,Workflows and Nodes,N8N-WORKFLOW-00107,Workflows and Nodes: reject invalid expressions before execution (worker restart),n8n: reject invalid expressions before execution with worker restart,Resilience,High,Non-production tenant or isolated local fixture; synthetic records only; Restart a worker after processing input but before final checkpoint or commit. ,"1. Create a disposable, versioned synthetic fixture: Restart a worker after processing input but before final checkpoint or commit. 2. Execute the platform workflow to reject invalid expressions before execution. 3. Capture the committed result, resource version, or run status. 4. Compare the result with the source fixture and the declared invariant. 5. Repeat or recover the operation when applicable; verify access, audit evidence, and side effects.","The platform must correctly reject invalid expressions before execution; the worker restart condition follows the configured contract; valid state is preserved, invalid or unauthorized work is rejected or quarantined without silent loss, retries do not duplicate side effects, lineage and audit evidence remain available, and no production records or credentials are used.",Playwright + platform UI/API,"n8n,market-platform,synthetic-data,workflows,worker-restart"
n8n,Workflows and Nodes,N8N-WORKFLOW-00108,Workflows and Nodes: restore a prior workflow revision (worker restart),n8n: restore a prior workflow revision with worker restart,Resilience,High,Non-production tenant or isolated local fixture; synthetic records only; Restart a worker after processing input but before final checkpoint or commit. ,"1. Create a disposable, versioned synthetic fixture: Restart a worker after processing input but before final checkpoint or commit. 2. Execute the platform workflow to restore a prior workflow revision. 3. Capture the committed result, resource version, or run status. 4. Compare the result with the source fixture and the declared invariant. 5. Repeat or recover the operation when applicable; verify access, audit evidence, and side effects.","The platform must correctly restore a prior workflow revision; the worker restart condition follows the configured contract; valid state is preserved, invalid or unauthorized work is rejected or quarantined without silent loss, retries do not duplicate side effects, lineage and audit evidence remain available, and no production records or credentials are used.",Playwright + platform UI/API,"n8n,market-platform,synthetic-data,workflows,worker-restart"
n8n,Workflows and Nodes,N8N-WORKFLOW-00109,Workflows and Nodes: verify node output shape at connections (worker restart),n8n: verify node output shape at connections with worker restart,Resilience,Medium,Non-production tenant or isolated local fixture; synthetic records only; Restart a worker after processing input but before final checkpoint or commit. ,"1. Create a disposable, versioned synthetic fixture: Restart a worker after processing input but before final checkpoint or commit. 2. Execute the platform workflow to verify node output shape at connections. 3. Capture the committed result, resource version, or run status. 4. Compare the result with the source fixture and the declared invariant. 5. Repeat or recover the operation when applicable; verify access, audit evidence, and side effects.","The platform must correctly verify node output shape at connections; the worker restart condition follows the configured contract; valid state is preserved, invalid or unauthorized work is rejected or quarantined without silent loss, retries do not duplicate side effects, lineage and audit evidence remain available, and no production records or credentials are used.",Playwright + platform UI/API,"n8n,market-platform,synthetic-data,workflows,worker-restart"
n8n,Workflows and Nodes,N8N-WORKFLOW-00110,Workflows and Nodes: record edits with the correct editor identity (worker restart),n8n: record edits with the correct editor identity with worker restart,Resilience,High,Non-production tenant or isolated local fixture; synthetic records only; Restart a worker after processing input but before final checkpoint or commit. ,"1. Create a disposable, versioned synthetic fixture: Restart a worker after processing input but before final checkpoint or commit. 2. Execute the platform workflow to record edits with the correct editor identity. 3. Capture the committed result, resource version, or run status. 4. Compare the result with the source fixture and the declared invariant. 5. Repeat or recover the operation when applicable; verify access, audit evidence, and side effects.","The platform must correctly record edits with the correct editor identity; the worker restart condition follows the configured contract; valid state is preserved, invalid or unauthorized work is rejected or quarantined without silent loss, retries do not duplicate side effects, lineage and audit evidence remain available, and no production records or credentials are used.",Playwright + platform UI/API,"n8n,market-platform,synthetic-data,workflows,worker-restart"
n8n,Workflows and Nodes,N8N-WORKFLOW-00111,Workflows and Nodes: create connected nodes with valid execution order (least privilege),n8n: create connected nodes with valid execution order with least privilege,Security,Critical,Non-production tenant or isolated local fixture; synthetic records only; Compare the authorized role with a role missing the required grant. ,"1. Create a disposable, versioned synthetic fixture: Compare the authorized role with a role missing the required grant. 2. Execute the platform workflow to create connected nodes with valid execution order. 3. Capture the committed result, resource version, or run status. 4. Compare the result with the source fixture and the declared invariant. 5. Repeat or recover the operation when applicable; verify access, audit evidence, and side effects.","The platform must correctly create connected nodes with valid execution order; the least privilege condition follows the configured contract; valid state is preserved, invalid or unauthorized work is rejected or quarantined without silent loss, retries do not duplicate side effects, lineage and audit evidence remain available, and no production records or credentials are used.",Playwright + platform UI/API,"n8n,market-platform,synthetic-data,workflows,least-privilege"
n8n,Workflows and Nodes,N8N-WORKFLOW-00112,Workflows and Nodes: validate required node parameters before activation (least privilege),n8n: validate required node parameters before activation with least privilege,Security,Critical,Non-production tenant or isolated local fixture; synthetic records only; Compare the authorized role with a role missing the required grant. ,"1. Create a disposable, versioned synthetic fixture: Compare the authorized role with a role missing the required grant. 2. Execute the platform workflow to validate required node parameters before activation. 3. Capture the committed result, resource version, or run status. 4. Compare the result with the source fixture and the declared invariant. 5. Repeat or recover the operation when applicable; verify access, audit evidence, and side effects.","The platform must correctly validate required node parameters before activation; the least privilege condition follows the configured contract; valid state is preserved, invalid or unauthorized work is rejected or quarantined without silent loss, retries do not duplicate side effects, lineage and audit evidence remain available, and no production records or credentials are used.",Playwright + platform UI/API,"n8n,market-platform,synthetic-data,workflows,least-privilege"
n8n,Workflows and Nodes,N8N-WORKFLOW-00113,Workflows and Nodes: preserve settings after workflow duplication (least privilege),n8n: preserve settings after workflow duplication with least privilege,Security,Critical,Non-production tenant or isolated local fixture; synthetic records only; Compare the authorized role with a role missing the required grant. ,"1. Create a disposable, versioned synthetic fixture: Compare the authorized role with a role missing the required grant. 2. Execute the platform workflow to preserve settings after workflow duplication. 3. Capture the committed result, resource version, or run status. 4. Compare the result with the source fixture and the declared invariant. 5. Repeat or recover the operation when applicable; verify access, audit evidence, and side effects.","The platform must correctly preserve settings after workflow duplication; the least privilege condition follows the configured contract; valid state is preserved, invalid or unauthorized work is rejected or quarantined without silent loss, retries do not duplicate side effects, lineage and audit evidence remain available, and no production records or credentials are used.",Playwright + platform UI/API,"n8n,market-platform,synthetic-data,workflows,least-privilege"
n8n,Workflows and Nodes,N8N-WORKFLOW-00114,Workflows and Nodes: run with deterministic synthetic input (least privilege),n8n: run with deterministic synthetic input with least privilege,Security,Critical,Non-production tenant or isolated local fixture; synthetic records only; Compare the authorized role with a role missing the required grant. ,"1. Create a disposable, versioned synthetic fixture: Compare the authorized role with a role missing the required grant. 2. Execute the platform workflow to run with deterministic synthetic input. 3. Capture the committed result, resource version, or run status. 4. Compare the result with the source fixture and the declared invariant. 5. Repeat or recover the operation when applicable; verify access, audit evidence, and side effects.","The platform must correctly run with deterministic synthetic input; the least privilege condition follows the configured contract; valid state is preserved, invalid or unauthorized work is rejected or quarantined without silent loss, retries do not duplicate side effects, lineage and audit evidence remain available, and no production records or credentials are used.",Playwright + platform UI/API,"n8n,market-platform,synthetic-data,workflows,least-privilege"
n8n,Workflows and Nodes,N8N-WORKFLOW-00115,Workflows and Nodes: disable a node and expose downstream behavior (least privilege),n8n: disable a node and expose downstream behavior with least privilege,Security,Critical,Non-production tenant or isolated local fixture; synthetic records only; Compare the authorized role with a role missing the required grant. ,"1. Create a disposable, versioned synthetic fixture: Compare the authorized role with a role missing the required grant. 2. Execute the platform workflow to disable a node and expose downstream behavior. 3. Capture the committed result, resource version, or run status. 4. Compare the result with the source fixture and the declared invariant. 5. Repeat or recover the operation when applicable; verify access, audit evidence, and side effects.","The platform must correctly disable a node and expose downstream behavior; the least privilege condition follows the configured contract; valid state is preserved, invalid or unauthorized work is rejected or quarantined without silent loss, retries do not duplicate side effects, lineage and audit evidence remain available, and no production records or credentials are used.",Playwright + platform UI/API,"n8n,market-platform,synthetic-data,workflows,least-privilege"
n8n,Workflows and Nodes,N8N-WORKFLOW-00116,Workflows and Nodes: handle node output with an empty collection (least privilege),n8n: handle node output with an empty collection with least privilege,Security,Critical,Non-production tenant or isolated local fixture; synthetic records only; Compare the authorized role with a role missing the required grant. ,"1. Create a disposable, versioned synthetic fixture: Compare the authorized role with a role missing the required grant. 2. Execute the platform workflow to handle node output with an empty collection. 3. Capture the committed result, resource version, or run status. 4. Compare the result with the source fixture and the declared invariant. 5. Repeat or recover the operation when applicable; verify access, audit evidence, and side effects.","The platform must correctly handle node output with an empty collection; the least privilege condition follows the configured contract; valid state is preserved, invalid or unauthorized work is rejected or quarantined without silent loss, retries do not duplicate side effects, lineage and audit evidence remain available, and no production records or credentials are used.",Playwright + platform UI/API,"n8n,market-platform,synthetic-data,workflows,least-privilege"
n8n,Workflows and Nodes,N8N-WORKFLOW-00117,Workflows and Nodes: reject invalid expressions before execution (least privilege),n8n: reject invalid expressions before execution with least privilege,Security,Critical,Non-production tenant or isolated local fixture; synthetic records only; Compare the authorized role with a role missing the required grant. ,"1. Create a disposable, versioned synthetic fixture: Compare the authorized role with a role missing the required grant. 2. Execute the platform workflow to reject invalid expressions before execution. 3. Capture the committed result, resource version, or run status. 4. Compare the result with the source fixture and the declared invariant. 5. Repeat or recover the operation when applicable; verify access, audit evidence, and side effects.","The platform must correctly reject invalid expressions before execution; the least privilege condition follows the configured contract; valid state is preserved, invalid or unauthorized work is rejected or quarantined without silent loss, retries do not duplicate side effects, lineage and audit evidence remain available, and no production records or credentials are used.",Playwright + platform UI/API,"n8n,market-platform,synthetic-data,workflows,least-privilege"
n8n,Workflows and Nodes,N8N-WORKFLOW-00118,Workflows and Nodes: restore a prior workflow revision (least privilege),n8n: restore a prior workflow revision with least privilege,Security,Critical,Non-production tenant or isolated local fixture; synthetic records only; Compare the authorized role with a role missing the required grant. ,"1. Create a disposable, versioned synthetic fixture: Compare the authorized role with a role missing the required grant. 2. Execute the platform workflow to restore a prior workflow revision. 3. Capture the committed result, resource version, or run status. 4. Compare the result with the source fixture and the declared invariant. 5. Repeat or recover the operation when applicable; verify access, audit evidence, and side effects.","The platform must correctly restore a prior workflow revision; the least privilege condition follows the configured contract; valid state is preserved, invalid or unauthorized work is rejected or quarantined without silent loss, retries do not duplicate side effects, lineage and audit evidence remain available, and no production records or credentials are used.",Playwright + platform UI/API,"n8n,market-platform,synthetic-data,workflows,least-privilege"
n8n,Workflows and Nodes,N8N-WORKFLOW-00119,Workflows and Nodes: verify node output shape at connections (least privilege),n8n: verify node output shape at connections with least privilege,Security,Critical,Non-production tenant or isolated local fixture; synthetic records only; Compare the authorized role with a role missing the required grant. ,"1. Create a disposable, versioned synthetic fixture: Compare the authorized role with a role missing the required grant. 2. Execute the platform workflow to verify node output shape at connections. 3. Capture the committed result, resource version, or run status. 4. Compare the result with the source fixture and the declared invariant. 5. Repeat or recover the operation when applicable; verify access, audit evidence, and side effects.","The platform must correctly verify node output shape at connections; the least privilege condition follows the configured contract; valid state is preserved, invalid or unauthorized work is rejected or quarantined without silent loss, retries do not duplicate side effects, lineage and audit evidence remain available, and no production records or credentials are used.",Playwright + platform UI/API,"n8n,market-platform,synthetic-data,workflows,least-privilege"
n8n,Workflows and Nodes,N8N-WORKFLOW-00120,Workflows and Nodes: record edits with the correct editor identity (least privilege),n8n: record edits with the correct editor identity with least privilege,Security,Critical,Non-production tenant or isolated local fixture; synthetic records only; Compare the authorized role with a role missing the required grant. ,"1. Create a disposable, versioned synthetic fixture: Compare the authorized role with a role missing the required grant. 2. Execute the platform workflow to record edits with the correct editor identity. 3. Capture the committed result, resource version, or run status. 4. Compare the result with the source fixture and the declared invariant. 5. Repeat or recover the operation when applicable; verify access, audit evidence, and side effects.","The platform must correctly record edits with the correct editor identity; the least privilege condition follows the configured contract; valid state is preserved, invalid or unauthorized work is rejected or quarantined without silent loss, retries do not duplicate side effects, lineage and audit evidence remain available, and no production records or credentials are used.",Playwright + platform UI/API,"n8n,market-platform,synthetic-data,workflows,least-privilege"
n8n,Workflows and Nodes,N8N-WORKFLOW-00121,Workflows and Nodes: create connected nodes with valid execution order (concurrent writers),n8n: create connected nodes with valid execution order with concurrent writers,Functional,Medium,Non-production tenant or isolated local fixture; synthetic records only; Run two valid writers against overlapping logical data at the same time. ,"1. Create a disposable, versioned synthetic fixture: Run two valid writers against overlapping logical data at the same time. 2. Execute the platform workflow to create connected nodes with valid execution order. 3. Capture the committed result, resource version, or run status. 4. Compare the result with the source fixture and the declared invariant. 5. Repeat or recover the operation when applicable; verify access, audit evidence, and side effects.","The platform must correctly create connected nodes with valid execution order; the concurrent writers condition follows the configured contract; valid state is preserved, invalid or unauthorized work is rejected or quarantined without silent loss, retries do not duplicate side effects, lineage and audit evidence remain available, and no production records or credentials are used.",Playwright + platform UI/API,"n8n,market-platform,synthetic-data,workflows,concurrent-writers"
n8n,Workflows and Nodes,N8N-WORKFLOW-00122,Workflows and Nodes: validate required node parameters before activation (concurrent writers),n8n: validate required node parameters before activation with concurrent writers,Functional,High,Non-production tenant or isolated local fixture; synthetic records only; Run two valid writers against overlapping logical data at the same time. ,"1. Create a disposable, versioned synthetic fixture: Run two valid writers against overlapping logical data at the same time. 2. Execute the platform workflow to validate required node parameters before activation. 3. Capture the committed result, resource version, or run status. 4. Compare the result with the source fixture and the declared invariant. 5. Repeat or recover the operation when applicable; verify access, audit evidence, and side effects.","The platform must correctly validate required node parameters before activation; the concurrent writers condition follows the configured contract; valid state is preserved, invalid or unauthorized work is rejected or quarantined without silent loss, retries do not duplicate side effects, lineage and audit evidence remain available, and no production records or credentials are used.",Playwright + platform UI/API,"n8n,market-platform,synthetic-data,workflows,concurrent-writers"
n8n,Workflows and Nodes,N8N-WORKFLOW-00123,Workflows and Nodes: preserve settings after workflow duplication (concurrent writers),n8n: preserve settings after workflow duplication with concurrent writers,Functional,High,Non-production tenant or isolated local fixture; synthetic records only; Run two valid writers against overlapping logical data at the same time. ,"1. Create a disposable, versioned synthetic fixture: Run two valid writers against overlapping logical data at the same time. 2. Execute the platform workflow to preserve settings after workflow duplication. 3. Capture the committed result, resource version, or run status. 4. Compare the result with the source fixture and the declared invariant. 5. Repeat or recover the operation when applicable; verify access, audit evidence, and side effects.","The platform must correctly preserve settings after workflow duplication; the concurrent writers condition follows the configured contract; valid state is preserved, invalid or unauthorized work is rejected or quarantined without silent loss, retries do not duplicate side effects, lineage and audit evidence remain available, and no production records or credentials are used.",Playwright + platform UI/API,"n8n,market-platform,synthetic-data,workflows,concurrent-writers"
n8n,Workflows and Nodes,N8N-WORKFLOW-00124,Workflows and Nodes: run with deterministic synthetic input (concurrent writers),n8n: run with deterministic synthetic input with concurrent writers,Functional,High,Non-production tenant or isolated local fixture; synthetic records only; Run two valid writers against overlapping logical data at the same time. ,"1. Create a disposable, versioned synthetic fixture: Run two valid writers against overlapping logical data at the same time. 2. Execute the platform workflow to run with deterministic synthetic input. 3. Capture the committed result, resource version, or run status. 4. Compare the result with the source fixture and the declared invariant. 5. Repeat or recover the operation when applicable; verify access, audit evidence, and side effects.","The platform must correctly run with deterministic synthetic input; the concurrent writers condition follows the configured contract; valid state is preserved, invalid or unauthorized work is rejected or quarantined without silent loss, retries do not duplicate side effects, lineage and audit evidence remain available, and no production records or credentials are used.",Playwright + platform UI/API,"n8n,market-platform,synthetic-data,workflows,concurrent-writers"
n8n,Workflows and Nodes,N8N-WORKFLOW-00125,Workflows and Nodes: disable a node and expose downstream behavior (concurrent writers),n8n: disable a node and expose downstream behavior with concurrent writers,Functional,Medium,Non-production tenant or isolated local fixture; synthetic records only; Run two valid writers against overlapping logical data at the same time. ,"1. Create a disposable, versioned synthetic fixture: Run two valid writers against overlapping logical data at the same time. 2. Execute the platform workflow to disable a node and expose downstream behavior. 3. Capture the committed result, resource version, or run status. 4. Compare the result with the source fixture and the declared invariant. 5. Repeat or recover the operation when applicable; verify access, audit evidence, and side effects.","The platform must correctly disable a node and expose downstream behavior; the concurrent writers condition follows the configured contract; valid state is preserved, invalid or unauthorized work is rejected or quarantined without silent loss, retries do not duplicate side effects, lineage and audit evidence remain available, and no production records or credentials are used.",Playwright + platform UI/API,"n8n,market-platform,synthetic-data,workflows,concurrent-writers"
n8n,Workflows and Nodes,N8N-WORKFLOW-00126,Workflows and Nodes: handle node output with an empty collection (concurrent writers),n8n: handle node output with an empty collection with concurrent writers,Functional,High,Non-production tenant or isolated local fixture; synthetic records only; Run two valid writers against overlapping logical data at the same time. ,"1. Create a disposable, versioned synthetic fixture: Run two valid writers against overlapping logical data at the same time. 2. Execute the platform workflow to handle node output with an empty collection. 3. Capture the committed result, resource version, or run status. 4. Compare the result with the source fixture and the declared invariant. 5. Repeat or recover the operation when applicable; verify access, audit evidence, and side effects.","The platform must correctly handle node output with an empty collection; the concurrent writers condition follows the configured contract; valid state is preserved, invalid or unauthorized work is rejected or quarantined without silent loss, retries do not duplicate side effects, lineage and audit evidence remain available, and no production records or credentials are used.",Playwright + platform UI/API,"n8n,market-platform,synthetic-data,workflows,concurrent-writers"
n8n,Workflows and Nodes,N8N-WORKFLOW-00127,Workflows and Nodes: reject invalid expressions before execution (concurrent writers),n8n: reject invalid expressions before execution with concurrent writers,Functional,High,Non-production tenant or isolated local fixture; synthetic records only; Run two valid writers against overlapping logical data at the same time. ,"1. Create a disposable, versioned synthetic fixture: Run two valid writers against overlapping logical data at the same time. 2. Execute the platform workflow to reject invalid expressions before execution. 3. Capture the committed result, resource version, or run status. 4. Compare the result with the source fixture and the declared invariant. 5. Repeat or recover the operation when applicable; verify access, audit evidence, and side effects.","The platform must correctly reject invalid expressions before execution; the concurrent writers condition follows the configured contract; valid state is preserved, invalid or unauthorized work is rejected or quarantined without silent loss, retries do not duplicate side effects, lineage and audit evidence remain available, and no production records or credentials are used.",Playwright + platform UI/API,"n8n,market-platform,synthetic-data,workflows,concurrent-writers"
n8n,Workflows and Nodes,N8N-WORKFLOW-00128,Workflows and Nodes: restore a prior workflow revision (concurrent writers),n8n: restore a prior workflow revision with concurrent writers,Functional,High,Non-production tenant or isolated local fixture; synthetic records only; Run two valid writers against overlapping logical data at the same time. ,"1. Create a disposable, versioned synthetic fixture: Run two valid writers against overlapping logical data at the same time. 2. Execute the platform workflow to restore a prior workflow revision. 3. Capture the committed result, resource version, or run status. 4. Compare the result with the source fixture and the declared invariant. 5. Repeat or recover the operation when applicable; verify access, audit evidence, and side effects.","The platform must correctly restore a prior workflow revision; the concurrent writers condition follows the configured contract; valid state is preserved, invalid or unauthorized work is rejected or quarantined without silent loss, retries do not duplicate side effects, lineage and audit evidence remain available, and no production records or credentials are used.",Playwright + platform UI/API,"n8n,market-platform,synthetic-data,workflows,concurrent-writers"
n8n,Workflows and Nodes,N8N-WORKFLOW-00129,Workflows and Nodes: verify node output shape at connections (concurrent writers),n8n: verify node output shape at connections with concurrent writers,Functional,Medium,Non-production tenant or isolated local fixture; synthetic records only; Run two valid writers against overlapping logical data at the same time. ,"1. Create a disposable, versioned synthetic fixture: Run two valid writers against overlapping logical data at the same time. 2. Execute the platform workflow to verify node output shape at connections. 3. Capture the committed result, resource version, or run status. 4. Compare the result with the source fixture and the declared invariant. 5. Repeat or recover the operation when applicable; verify access, audit evidence, and side effects.","The platform must correctly verify node output shape at connections; the concurrent writers condition follows the configured contract; valid state is preserved, invalid or unauthorized work is rejected or quarantined without silent loss, retries do not duplicate side effects, lineage and audit evidence remain available, and no production records or credentials are used.",Playwright + platform UI/API,"n8n,market-platform,synthetic-data,workflows,concurrent-writers"
n8n,Workflows and Nodes,N8N-WORKFLOW-00130,Workflows and Nodes: record edits with the correct editor identity (concurrent writers),n8n: record edits with the correct editor identity with concurrent writers,Functional,High,Non-production tenant or isolated local fixture; synthetic records only; Run two valid writers against overlapping logical data at the same time. ,"1. Create a disposable, versioned synthetic fixture: Run two valid writers against overlapping logical data at the same time. 2. Execute the platform workflow to record edits with the correct editor identity. 3. Capture the committed result, resource version, or run status. 4. Compare the result with the source fixture and the declared invariant. 5. Repeat or recover the operation when applicable; verify access, audit evidence, and side effects.","The platform must correctly record edits with the correct editor identity; the concurrent writers condition follows the configured contract; valid state is preserved, invalid or unauthorized work is rejected or quarantined without silent loss, retries do not duplicate side effects, lineage and audit evidence remain available, and no production records or credentials are used.",Playwright + platform UI/API,"n8n,market-platform,synthetic-data,workflows,concurrent-writers"
n8n,Workflows and Nodes,N8N-WORKFLOW-00131,Workflows and Nodes: create connected nodes with valid execution order (transient retry),n8n: create connected nodes with valid execution order with transient retry,Resilience,High,"Non-production tenant or isolated local fixture; synthetic records only; Inject one transient service failure, restore the dependency, and retry. ","1. Create a disposable, versioned synthetic fixture: Inject one transient service failure, restore the dependency, and retry. 2. Execute the platform workflow to create connected nodes with valid execution order. 3. Capture the committed result, resource version, or run status. 4. Compare the result with the source fixture and the declared invariant. 5. Repeat or recover the operation when applicable; verify access, audit evidence, and side effects.","The platform must correctly create connected nodes with valid execution order; the transient retry condition follows the configured contract; valid state is preserved, invalid or unauthorized work is rejected or quarantined without silent loss, retries do not duplicate side effects, lineage and audit evidence remain available, and no production records or credentials are used.",Playwright + platform UI/API,"n8n,market-platform,synthetic-data,workflows,transient-retry"
n8n,Workflows and Nodes,N8N-WORKFLOW-00132,Workflows and Nodes: validate required node parameters before activation (transient retry),n8n: validate required node parameters before activation with transient retry,Resilience,High,"Non-production tenant or isolated local fixture; synthetic records only; Inject one transient service failure, restore the dependency, and retry. ","1. Create a disposable, versioned synthetic fixture: Inject one transient service failure, restore the dependency, and retry. 2. Execute the platform workflow to validate required node parameters before activation. 3. Capture the committed result, resource version, or run status. 4. Compare the result with the source fixture and the declared invariant. 5. Repeat or recover the operation when applicable; verify access, audit evidence, and side effects.","The platform must correctly validate required node parameters before activation; the transient retry condition follows the configured contract; valid state is preserved, invalid or unauthorized work is rejected or quarantined without silent loss, retries do not duplicate side effects, lineage and audit evidence remain available, and no production records or credentials are used.",Playwright + platform UI/API,"n8n,market-platform,synthetic-data,workflows,transient-retry"
n8n,Workflows and Nodes,N8N-WORKFLOW-00133,Workflows and Nodes: preserve settings after workflow duplication (transient retry),n8n: preserve settings after workflow duplication with transient retry,Resilience,Medium,"Non-production tenant or isolated local fixture; synthetic records only; Inject one transient service failure, restore the dependency, and retry. ","1. Create a disposable, versioned synthetic fixture: Inject one transient service failure, restore the dependency, and retry. 2. Execute the platform workflow to preserve settings after workflow duplication. 3. Capture the committed result, resource version, or run status. 4. Compare the result with the source fixture and the declared invariant. 5. Repeat or recover the operation when applicable; verify access, audit evidence, and side effects.","The platform must correctly preserve settings after workflow duplication; the transient retry condition follows the configured contract; valid state is preserved, invalid or unauthorized work is rejected or quarantined without silent loss, retries do not duplicate side effects, lineage and audit evidence remain available, and no production records or credentials are used.",Playwright + platform UI/API,"n8n,market-platform,synthetic-data,workflows,transient-retry"
n8n,Workflows and Nodes,N8N-WORKFLOW-00134,Workflows and Nodes: run with deterministic synthetic input (transient retry),n8n: run with deterministic synthetic input with transient retry,Resilience,High,"Non-production tenant or isolated local fixture; synthetic records only; Inject one transient service failure, restore the dependency, and retry. ","1. Create a disposable, versioned synthetic fixture: Inject one transient service failure, restore the dependency, and retry. 2. Execute the platform workflow to run with deterministic synthetic input. 3. Capture the committed result, resource version, or run status. 4. Compare the result with the source fixture and the declared invariant. 5. Repeat or recover the operation when applicable; verify access, audit evidence, and side effects.","The platform must correctly run with deterministic synthetic input; the transient retry condition follows the configured contract; valid state is preserved, invalid or unauthorized work is rejected or quarantined without silent loss, retries do not duplicate side effects, lineage and audit evidence remain available, and no production records or credentials are used.",Playwright + platform UI/API,"n8n,market-platform,synthetic-data,workflows,transient-retry"
n8n,Workflows and Nodes,N8N-WORKFLOW-00135,Workflows and Nodes: disable a node and expose downstream behavior (transient retry),n8n: disable a node and expose downstream behavior with transient retry,Resilience,High,"Non-production tenant or isolated local fixture; synthetic records only; Inject one transient service failure, restore the dependency, and retry. ","1. Create a disposable, versioned synthetic fixture: Inject one transient service failure, restore the dependency, and retry. 2. Execute the platform workflow to disable a node and expose downstream behavior. 3. Capture the committed result, resource version, or run status. 4. Compare the result with the source fixture and the declared invariant. 5. Repeat or recover the operation when applicable; verify access, audit evidence, and side effects.","The platform must correctly disable a node and expose downstream behavior; the transient retry condition follows the configured contract; valid state is preserved, invalid or unauthorized work is rejected or quarantined without silent loss, retries do not duplicate side effects, lineage and audit evidence remain available, and no production records or credentials are used.",Playwright + platform UI/API,"n8n,market-platform,synthetic-data,workflows,transient-retry"
n8n,Workflows and Nodes,N8N-WORKFLOW-00136,Workflows and Nodes: handle node output with an empty collection (transient retry),n8n: handle node output with an empty collection with transient retry,Resilience,High,"Non-production tenant or isolated local fixture; synthetic records only; Inject one transient service failure, restore the dependency, and retry. ","1. Create a disposable, versioned synthetic fixture: Inject one transient service failure, restore the dependency, and retry. 2. Execute the platform workflow to handle node output with an empty collection. 3. Capture the committed result, resource version, or run status. 4. Compare the result with the source fixture and the declared invariant. 5. Repeat or recover the operation when applicable; verify access, audit evidence, and side effects.","The platform must correctly handle node output with an empty collection; the transient retry condition follows the configured contract; valid state is preserved, invalid or unauthorized work is rejected or quarantined without silent loss, retries do not duplicate side effects, lineage and audit evidence remain available, and no production records or credentials are used.",Playwright + platform UI/API,"n8n,market-platform,synthetic-data,workflows,transient-retry"
n8n,Workflows and Nodes,N8N-WORKFLOW-00137,Workflows and Nodes: reject invalid expressions before execution (transient retry),n8n: reject invalid expressions before execution with transient retry,Resilience,Medium,"Non-production tenant or isolated local fixture; synthetic records only; Inject one transient service failure, restore the dependency, and retry. ","1. Create a disposable, versioned synthetic fixture: Inject one transient service failure, restore the dependency, and retry. 2. Execute the platform workflow to reject invalid expressions before execution. 3. Capture the committed result, resource version, or run status. 4. Compare the result with the source fixture and the declared invariant. 5. Repeat or recover the operation when applicable; verify access, audit evidence, and side effects.","The platform must correctly reject invalid expressions before execution; the transient retry condition follows the configured contract; valid state is preserved, invalid or unauthorized work is rejected or quarantined without silent loss, retries do not duplicate side effects, lineage and audit evidence remain available, and no production records or credentials are used.",Playwright + platform UI/API,"n8n,market-platform,synthetic-data,workflows,transient-retry"
n8n,Workflows and Nodes,N8N-WORKFLOW-00138,Workflows and Nodes: restore a prior workflow revision (transient retry),n8n: restore a prior workflow revision with transient retry,Resilience,High,"Non-production tenant or isolated local fixture; synthetic records only; Inject one transient service failure, restore the dependency, and retry. ","1. Create a disposable, versioned synthetic fixture: Inject one transient service failure, restore the dependency, and retry. 2. Execute the platform workflow to restore a prior workflow revision. 3. Capture the committed result, resource version, or run status. 4. Compare the result with the source fixture and the declared invariant. 5. Repeat or recover the operation when applicable; verify access, audit evidence, and side effects.","The platform must correctly restore a prior workflow revision; the transient retry condition follows the configured contract; valid state is preserved, invalid or unauthorized work is rejected or quarantined without silent loss, retries do not duplicate side effects, lineage and audit evidence remain available, and no production records or credentials are used.",Playwright + platform UI/API,"n8n,market-platform,synthetic-data,workflows,transient-retry"
n8n,Workflows and Nodes,N8N-WORKFLOW-00139,Workflows and Nodes: verify node output shape at connections (transient retry),n8n: verify node output shape at connections with transient retry,Resilience,High,"Non-production tenant or isolated local fixture; synthetic records only; Inject one transient service failure, restore the dependency, and retry. ","1. Create a disposable, versioned synthetic fixture: Inject one transient service failure, restore the dependency, and retry. 2. Execute the platform workflow to verify node output shape at connections. 3. Capture the committed result, resource version, or run status. 4. Compare the result with the source fixture and the declared invariant. 5. Repeat or recover the operation when applicable; verify access, audit evidence, and side effects.","The platform must correctly verify node output shape at connections; the transient retry condition follows the configured contract; valid state is preserved, invalid or unauthorized work is rejected or quarantined without silent loss, retries do not duplicate side effects, lineage and audit evidence remain available, and no production records or credentials are used.",Playwright + platform UI/API,"n8n,market-platform,synthetic-data,workflows,transient-retry"
n8n,Workflows and Nodes,N8N-WORKFLOW-00140,Workflows and Nodes: record edits with the correct editor identity (transient retry),n8n: record edits with the correct editor identity with transient retry,Resilience,High,"Non-production tenant or isolated local fixture; synthetic records only; Inject one transient service failure, restore the dependency, and retry. ","1. Create a disposable, versioned synthetic fixture: Inject one transient service failure, restore the dependency, and retry. 2. Execute the platform workflow to record edits with the correct editor identity. 3. Capture the committed result, resource version, or run status. 4. Compare the result with the source fixture and the declared invariant. 5. Repeat or recover the operation when applicable; verify access, audit evidence, and side effects.","The platform must correctly record edits with the correct editor identity; the transient retry condition follows the configured contract; valid state is preserved, invalid or unauthorized work is rejected or quarantined without silent loss, retries do not duplicate side effects, lineage and audit evidence remain available, and no production records or credentials are used.",Playwright + platform UI/API,"n8n,market-platform,synthetic-data,workflows,transient-retry"
n8n,Workflows and Nodes,N8N-WORKFLOW-00141,Workflows and Nodes: create connected nodes with valid execution order (commit conflict),n8n: create connected nodes with valid execution order with commit conflict,Functional,Medium,Non-production tenant or isolated local fixture; synthetic records only; Advance the resource version between read and write to create an optimistic conflict. ,"1. Create a disposable, versioned synthetic fixture: Advance the resource version between read and write to create an optimistic conflict. 2. Execute the platform workflow to create connected nodes with valid execution order. 3. Capture the committed result, resource version, or run status. 4. Compare the result with the source fixture and the declared invariant. 5. Repeat or recover the operation when applicable; verify access, audit evidence, and side effects.","The platform must correctly create connected nodes with valid execution order; the commit conflict condition follows the configured contract; valid state is preserved, invalid or unauthorized work is rejected or quarantined without silent loss, retries do not duplicate side effects, lineage and audit evidence remain available, and no production records or credentials are used.",Playwright + platform UI/API,"n8n,market-platform,synthetic-data,workflows,commit-conflict"
n8n,Workflows and Nodes,N8N-WORKFLOW-00142,Workflows and Nodes: validate required node parameters before activation (commit conflict),n8n: validate required node parameters before activation with commit conflict,Functional,High,Non-production tenant or isolated local fixture; synthetic records only; Advance the resource version between read and write to create an optimistic conflict. ,"1. Create a disposable, versioned synthetic fixture: Advance the resource version between read and write to create an optimistic conflict. 2. Execute the platform workflow to validate required node parameters before activation. 3. Capture the committed result, resource version, or run status. 4. Compare the result with the source fixture and the declared invariant. 5. Repeat or recover the operation when applicable; verify access, audit evidence, and side effects.","The platform must correctly validate required node parameters before activation; the commit conflict condition follows the configured contract; valid state is preserved, invalid or unauthorized work is rejected or quarantined without silent loss, retries do not duplicate side effects, lineage and audit evidence remain available, and no production records or credentials are used.",Playwright + platform UI/API,"n8n,market-platform,synthetic-data,workflows,commit-conflict"
n8n,Workflows and Nodes,N8N-WORKFLOW-00143,Workflows and Nodes: preserve settings after workflow duplication (commit conflict),n8n: preserve settings after workflow duplication with commit conflict,Functional,High,Non-production tenant or isolated local fixture; synthetic records only; Advance the resource version between read and write to create an optimistic conflict. ,"1. Create a disposable, versioned synthetic fixture: Advance the resource version between read and write to create an optimistic conflict. 2. Execute the platform workflow to preserve settings after workflow duplication. 3. Capture the committed result, resource version, or run status. 4. Compare the result with the source fixture and the declared invariant. 5. Repeat or recover the operation when applicable; verify access, audit evidence, and side effects.","The platform must correctly preserve settings after workflow duplication; the commit conflict condition follows the configured contract; valid state is preserved, invalid or unauthorized work is rejected or quarantined without silent loss, retries do not duplicate side effects, lineage and audit evidence remain available, and no production records or credentials are used.",Playwright + platform UI/API,"n8n,market-platform,synthetic-data,workflows,commit-conflict"
n8n,Workflows and Nodes,N8N-WORKFLOW-00144,Workflows and Nodes: run with deterministic synthetic input (commit conflict),n8n: run with deterministic synthetic input with commit conflict,Functional,High,Non-production tenant or isolated local fixture; synthetic records only; Advance the resource version between read and write to create an optimistic conflict. ,"1. Create a disposable, versioned synthetic fixture: Advance the resource version between read and write to create an optimistic conflict. 2. Execute the platform workflow to run with deterministic synthetic input. 3. Capture the committed result, resource version, or run status. 4. Compare the result with the source fixture and the declared invariant. 5. Repeat or recover the operation when applicable; verify access, audit evidence, and side effects.","The platform must correctly run with deterministic synthetic input; the commit conflict condition follows the configured contract; valid state is preserved, invalid or unauthorized work is rejected or quarantined without silent loss, retries do not duplicate side effects, lineage and audit evidence remain available, and no production records or credentials are used.",Playwright + platform UI/API,"n8n,market-platform,synthetic-data,workflows,commit-conflict"
n8n,Workflows and Nodes,N8N-WORKFLOW-00145,Workflows and Nodes: disable a node and expose downstream behavior (commit conflict),n8n: disable a node and expose downstream behavior with commit conflict,Functional,Medium,Non-production tenant or isolated local fixture; synthetic records only; Advance the resource version between read and write to create an optimistic conflict. ,"1. Create a disposable, versioned synthetic fixture: Advance the resource version between read and write to create an optimistic conflict. 2. Execute the platform workflow to disable a node and expose downstream behavior. 3. Capture the committed result, resource version, or run status. 4. Compare the result with the source fixture and the declared invariant. 5. Repeat or recover the operation when applicable; verify access, audit evidence, and side effects.","The platform must correctly disable a node and expose downstream behavior; the commit conflict condition follows the configured contract; valid state is preserved, invalid or unauthorized work is rejected or quarantined without silent loss, retries do not duplicate side effects, lineage and audit evidence remain available, and no production records or credentials are used.",Playwright + platform UI/API,"n8n,market-platform,synthetic-data,workflows,commit-conflict"
n8n,Workflows and Nodes,N8N-WORKFLOW-00146,Workflows and Nodes: handle node output with an empty collection (commit conflict),n8n: handle node output with an empty collection with commit conflict,Functional,High,Non-production tenant or isolated local fixture; synthetic records only; Advance the resource version between read and write to create an optimistic conflict. ,"1. Create a disposable, versioned synthetic fixture: Advance the resource version between read and write to create an optimistic conflict. 2. Execute the platform workflow to handle node output with an empty collection. 3. Capture the committed result, resource version, or run status. 4. Compare the result with the source fixture and the declared invariant. 5. Repeat or recover the operation when applicable; verify access, audit evidence, and side effects.","The platform must correctly handle node output with an empty collection; the commit conflict condition follows the configured contract; valid state is preserved, invalid or unauthorized work is rejected or quarantined without silent loss, retries do not duplicate side effects, lineage and audit evidence remain available, and no production records or credentials are used.",Playwright + platform UI/API,"n8n,market-platform,synthetic-data,workflows,commit-conflict"
n8n,Workflows and Nodes,N8N-WORKFLOW-00147,Workflows and Nodes: reject invalid expressions before execution (commit conflict),n8n: reject invalid expressions before execution with commit conflict,Functional,High,Non-production tenant or isolated local fixture; synthetic records only; Advance the resource version between read and write to create an optimistic conflict. ,"1. Create a disposable, versioned synthetic fixture: Advance the resource version between read and write to create an optimistic conflict. 2. Execute the platform workflow to reject invalid expressions before execution. 3. Capture the committed result, resource version, or run status. 4. Compare the result with the source fixture and the declared invariant. 5. Repeat or recover the operation when applicable; verify access, audit evidence, and side effects.","The platform must correctly reject invalid expressions before execution; the commit conflict condition follows the configured contract; valid state is preserved, invalid or unauthorized work is rejected or quarantined without silent loss, retries do not duplicate side effects, lineage and audit evidence remain available, and no production records or credentials are used.",Playwright + platform UI/API,"n8n,market-platform,synthetic-data,workflows,commit-conflict"
n8n,Workflows and Nodes,N8N-WORKFLOW-00148,Workflows and Nodes: restore a prior workflow revision (commit conflict),n8n: restore a prior workflow revision with commit conflict,Functional,High,Non-production tenant or isolated local fixture; synthetic records only; Advance the resource version between read and write to create an optimistic conflict. ,"1. Create a disposable, versioned synthetic fixture: Advance the resource version between read and write to create an optimistic conflict. 2. Execute the platform workflow to restore a prior workflow revision. 3. Capture the committed result, resource version, or run status. 4. Compare the result with the source fixture and the declared invariant. 5. Repeat or recover the operation when applicable; verify access, audit evidence, and side effects.","The platform must correctly restore a prior workflow revision; the commit conflict condition follows the configured contract; valid state is preserved, invalid or unauthorized work is rejected or quarantined without silent loss, retries do not duplicate side effects, lineage and audit evidence remain available, and no production records or credentials are used.",Playwright + platform UI/API,"n8n,market-platform,synthetic-data,workflows,commit-conflict"
n8n,Workflows and Nodes,N8N-WORKFLOW-00149,Workflows and Nodes: verify node output shape at connections (commit conflict),n8n: verify node output shape at connections with commit conflict,Functional,Medium,Non-production tenant or isolated local fixture; synthetic records only; Advance the resource version between read and write to create an optimistic conflict. ,"1. Create a disposable, versioned synthetic fixture: Advance the resource version between read and write to create an optimistic conflict. 2. Execute the platform workflow to verify node output shape at connections. 3. Capture the committed result, resource version, or run status. 4. Compare the result with the source fixture and the declared invariant. 5. Repeat or recover the operation when applicable; verify access, audit evidence, and side effects.","The platform must correctly verify node output shape at connections; the commit conflict condition follows the configured contract; valid state is preserved, invalid or unauthorized work is rejected or quarantined without silent loss, retries do not duplicate side effects, lineage and audit evidence remain available, and no production records or credentials are used.",Playwright + platform UI/API,"n8n,market-platform,synthetic-data,workflows,commit-conflict"
n8n,Workflows and Nodes,N8N-WORKFLOW-00150,Workflows and Nodes: record edits with the correct editor identity (commit conflict),n8n: record edits with the correct editor identity with commit conflict,Functional,High,Non-production tenant or isolated local fixture; synthetic records only; Advance the resource version between read and write to create an optimistic conflict. ,"1. Create a disposable, versioned synthetic fixture: Advance the resource version between read and write to create an optimistic conflict. 2. Execute the platform workflow to record edits with the correct editor identity. 3. Capture the committed result, resource version, or run status. 4. Compare the result with the source fixture and the declared invariant. 5. Repeat or recover the operation when applicable; verify access, audit evidence, and side effects.","The platform must correctly record edits with the correct editor identity; the commit conflict condition follows the configured contract; valid state is preserved, invalid or unauthorized work is rejected or quarantined without silent loss, retries do not duplicate side effects, lineage and audit evidence remain available, and no production records or credentials are used.",Playwright + platform UI/API,"n8n,market-platform,synthetic-data,workflows,commit-conflict"
n8n,Workflows and Nodes,N8N-WORKFLOW-00151,Workflows and Nodes: create connected nodes with valid execution order (rollback and replay),n8n: create connected nodes with valid execution order with rollback and replay,Functional,High,Non-production tenant or isolated local fixture; synthetic records only; Restore a prior version in a disposable fixture and replay the same operation. ,"1. Create a disposable, versioned synthetic fixture: Restore a prior version in a disposable fixture and replay the same operation. 2. Execute the platform workflow to create connected nodes with valid execution order. 3. Capture the committed result, resource version, or run status. 4. Compare the result with the source fixture and the declared invariant. 5. Repeat or recover the operation when applicable; verify access, audit evidence, and side effects.","The platform must correctly create connected nodes with valid execution order; the rollback and replay condition follows the configured contract; valid state is preserved, invalid or unauthorized work is rejected or quarantined without silent loss, retries do not duplicate side effects, lineage and audit evidence remain available, and no production records or credentials are used.",Playwright + platform UI/API,"n8n,market-platform,synthetic-data,workflows,rollback-and-replay"
n8n,Workflows and Nodes,N8N-WORKFLOW-00152,Workflows and Nodes: validate required node parameters before activation (rollback and replay),n8n: validate required node parameters before activation with rollback and replay,Functional,High,Non-production tenant or isolated local fixture; synthetic records only; Restore a prior version in a disposable fixture and replay the same operation. ,"1. Create a disposable, versioned synthetic fixture: Restore a prior version in a disposable fixture and replay the same operation. 2. Execute the platform workflow to validate required node parameters before activation. 3. Capture the committed result, resource version, or run status. 4. Compare the result with the source fixture and the declared invariant. 5. Repeat or recover the operation when applicable; verify access, audit evidence, and side effects.","The platform must correctly validate required node parameters before activation; the rollback and replay condition follows the configured contract; valid state is preserved, invalid or unauthorized work is rejected or quarantined without silent loss, retries do not duplicate side effects, lineage and audit evidence remain available, and no production records or credentials are used.",Playwright + platform UI/API,"n8n,market-platform,synthetic-data,workflows,rollback-and-replay"
n8n,Workflows and Nodes,N8N-WORKFLOW-00153,Workflows and Nodes: preserve settings after workflow duplication (rollback and replay),n8n: preserve settings after workflow duplication with rollback and replay,Functional,Medium,Non-production tenant or isolated local fixture; synthetic records only; Restore a prior version in a disposable fixture and replay the same operation. ,"1. Create a disposable, versioned synthetic fixture: Restore a prior version in a disposable fixture and replay the same operation. 2. Execute the platform workflow to preserve settings after workflow duplication. 3. Capture the committed result, resource version, or run status. 4. Compare the result with the source fixture and the declared invariant. 5. Repeat or recover the operation when applicable; verify access, audit evidence, and side effects.","The platform must correctly preserve settings after workflow duplication; the rollback and replay condition follows the configured contract; valid state is preserved, invalid or unauthorized work is rejected or quarantined without silent loss, retries do not duplicate side effects, lineage and audit evidence remain available, and no production records or credentials are used.",Playwright + platform UI/API,"n8n,market-platform,synthetic-data,workflows,rollback-and-replay"
n8n,Workflows and Nodes,N8N-WORKFLOW-00154,Workflows and Nodes: run with deterministic synthetic input (rollback and replay),n8n: run with deterministic synthetic input with rollback and replay,Functional,High,Non-production tenant or isolated local fixture; synthetic records only; Restore a prior version in a disposable fixture and replay the same operation. ,"1. Create a disposable, versioned synthetic fixture: Restore a prior version in a disposable fixture and replay the same operation. 2. Execute the platform workflow to run with deterministic synthetic input. 3. Capture the committed result, resource version, or run status. 4. Compare the result with the source fixture and the declared invariant. 5. Repeat or recover the operation when applicable; verify access, audit evidence, and side effects.","The platform must correctly run with deterministic synthetic input; the rollback and replay condition follows the configured contract; valid state is preserved, invalid or unauthorized work is rejected or quarantined without silent loss, retries do not duplicate side effects, lineage and audit evidence remain available, and no production records or credentials are used.",Playwright + platform UI/API,"n8n,market-platform,synthetic-data,workflows,rollback-and-replay"
n8n,Workflows and Nodes,N8N-WORKFLOW-00155,Workflows and Nodes: disable a node and expose downstream behavior (rollback and replay),n8n: disable a node and expose downstream behavior with rollback and replay,Functional,High,Non-production tenant or isolated local fixture; synthetic records only; Restore a prior version in a disposable fixture and replay the same operation. ,"1. Create a disposable, versioned synthetic fixture: Restore a prior version in a disposable fixture and replay the same operation. 2. Execute the platform workflow to disable a node and expose downstream behavior. 3. Capture the committed result, resource version, or run status. 4. Compare the result with the source fixture and the declared invariant. 5. Repeat or recover the operation when applicable; verify access, audit evidence, and side effects.","The platform must correctly disable a node and expose downstream behavior; the rollback and replay condition follows the configured contract; valid state is preserved, invalid or unauthorized work is rejected or quarantined without silent loss, retries do not duplicate side effects, lineage and audit evidence remain available, and no production records or credentials are used.",Playwright + platform UI/API,"n8n,market-platform,synthetic-data,workflows,rollback-and-replay"
n8n,Workflows and Nodes,N8N-WORKFLOW-00156,Workflows and Nodes: handle node output with an empty collection (rollback and replay),n8n: handle node output with an empty collection with rollback and replay,Functional,High,Non-production tenant or isolated local fixture; synthetic records only; Restore a prior version in a disposable fixture and replay the same operation. ,"1. Create a disposable, versioned synthetic fixture: Restore a prior version in a disposable fixture and replay the same operation. 2. Execute the platform workflow to handle node output with an empty collection. 3. Capture the committed result, resource version, or run status. 4. Compare the result with the source fixture and the declared invariant. 5. Repeat or recover the operation when applicable; verify access, audit evidence, and side effects.","The platform must correctly handle node output with an empty collection; the rollback and replay condition follows the configured contract; valid state is preserved, invalid or unauthorized work is rejected or quarantined without silent loss, retries do not duplicate side effects, lineage and audit evidence remain available, and no production records or credentials are used.",Playwright + platform UI/API,"n8n,market-platform,synthetic-data,workflows,rollback-and-replay"
n8n,Workflows and Nodes,N8N-WORKFLOW-00157,Workflows and Nodes: reject invalid expressions before execution (rollback and replay),n8n: reject invalid expressions before execution with rollback and replay,Functional,Medium,Non-production tenant or isolated local fixture; synthetic records only; Restore a prior version in a disposable fixture and replay the same operation. ,"1. Create a disposable, versioned synthetic fixture: Restore a prior version in a disposable fixture and replay the same operation. 2. Execute the platform workflow to reject invalid expressions before execution. 3. Capture the committed result, resource version, or run status. 4. Compare the result with the source fixture and the declared invariant. 5. Repeat or recover the operation when applicable; verify access, audit evidence, and side effects.","The platform must correctly reject invalid expressions before execution; the rollback and replay condition follows the configured contract; valid state is preserved, invalid or unauthorized work is rejected or quarantined without silent loss, retries do not duplicate side effects, lineage and audit evidence remain available, and no production records or credentials are used.",Playwright + platform UI/API,"n8n,market-platform,synthetic-data,workflows,rollback-and-replay"
n8n,Workflows and Nodes,N8N-WORKFLOW-00158,Workflows and Nodes: restore a prior workflow revision (rollback and replay),n8n: restore a prior workflow revision with rollback and replay,Functional,High,Non-production tenant or isolated local fixture; synthetic records only; Restore a prior version in a disposable fixture and replay the same operation. ,"1. Create a disposable, versioned synthetic fixture: Restore a prior version in a disposable fixture and replay the same operation. 2. Execute the platform workflow to restore a prior workflow revision. 3. Capture the committed result, resource version, or run status. 4. Compare the result with the source fixture and the declared invariant. 5. Repeat or recover the operation when applicable; verify access, audit evidence, and side effects.","The platform must correctly restore a prior workflow revision; the rollback and replay condition follows the configured contract; valid state is preserved, invalid or unauthorized work is rejected or quarantined without silent loss, retries do not duplicate side effects, lineage and audit evidence remain available, and no production records or credentials are used.",Playwright + platform UI/API,"n8n,market-platform,synthetic-data,workflows,rollback-and-replay"
n8n,Workflows and Nodes,N8N-WORKFLOW-00159,Workflows and Nodes: verify node output shape at connections (rollback and replay),n8n: verify node output shape at connections with rollback and replay,Functional,High,Non-production tenant or isolated local fixture; synthetic records only; Restore a prior version in a disposable fixture and replay the same operation. ,"1. Create a disposable, versioned synthetic fixture: Restore a prior version in a disposable fixture and replay the same operation. 2. Execute the platform workflow to verify node output shape at connections. 3. Capture the committed result, resource version, or run status. 4. Compare the result with the source fixture and the declared invariant. 5. Repeat or recover the operation when applicable; verify access, audit evidence, and side effects.","The platform must correctly verify node output shape at connections; the rollback and replay condition follows the configured contract; valid state is preserved, invalid or unauthorized work is rejected or quarantined without silent loss, retries do not duplicate side effects, lineage and audit evidence remain available, and no production records or credentials are used.",Playwright + platform UI/API,"n8n,market-platform,synthetic-data,workflows,rollback-and-replay"
n8n,Workflows and Nodes,N8N-WORKFLOW-00160,Workflows and Nodes: record edits with the correct editor identity (rollback and replay),n8n: record edits with the correct editor identity with rollback and replay,Functional,High,Non-production tenant or isolated local fixture; synthetic records only; Restore a prior version in a disposable fixture and replay the same operation. ,"1. Create a disposable, versioned synthetic fixture: Restore a prior version in a disposable fixture and replay the same operation. 2. Execute the platform workflow to record edits with the correct editor identity. 3. Capture the committed result, resource version, or run status. 4. Compare the result with the source fixture and the declared invariant. 5. Repeat or recover the operation when applicable; verify access, audit evidence, and side effects.","The platform must correctly record edits with the correct editor identity; the rollback and replay condition follows the configured contract; valid state is preserved, invalid or unauthorized work is rejected or quarantined without silent loss, retries do not duplicate side effects, lineage and audit evidence remain available, and no production records or credentials are used.",Playwright + platform UI/API,"n8n,market-platform,synthetic-data,workflows,rollback-and-replay"
n8n,Workflows and Nodes,N8N-WORKFLOW-00161,Workflows and Nodes: create connected nodes with valid execution order (Unicode identifiers),n8n: create connected nodes with valid execution order with Unicode identifiers,Functional,Medium,"Non-production tenant or isolated local fixture; synthetic records only; Use Unicode in safe project, model, table, index, and synthetic account labels. ","1. Create a disposable, versioned synthetic fixture: Use Unicode in safe project, model, table, index, and synthetic account labels. 2. Execute the platform workflow to create connected nodes with valid execution order. 3. Capture the committed result, resource version, or run status. 4. Compare the result with the source fixture and the declared invariant. 5. Repeat or recover the operation when applicable; verify access, audit evidence, and side effects.","The platform must correctly create connected nodes with valid execution order; the Unicode identifiers condition follows the configured contract; valid state is preserved, invalid or unauthorized work is rejected or quarantined without silent loss, retries do not duplicate side effects, lineage and audit evidence remain available, and no production records or credentials are used.",Playwright + platform UI/API,"n8n,market-platform,synthetic-data,workflows,Unicode-identifiers"
n8n,Workflows and Nodes,N8N-WORKFLOW-00162,Workflows and Nodes: validate required node parameters before activation (Unicode identifiers),n8n: validate required node parameters before activation with Unicode identifiers,Functional,High,"Non-production tenant or isolated local fixture; synthetic records only; Use Unicode in safe project, model, table, index, and synthetic account labels. ","1. Create a disposable, versioned synthetic fixture: Use Unicode in safe project, model, table, index, and synthetic account labels. 2. Execute the platform workflow to validate required node parameters before activation. 3. Capture the committed result, resource version, or run status. 4. Compare the result with the source fixture and the declared invariant. 5. Repeat or recover the operation when applicable; verify access, audit evidence, and side effects.","The platform must correctly validate required node parameters before activation; the Unicode identifiers condition follows the configured contract; valid state is preserved, invalid or unauthorized work is rejected or quarantined without silent loss, retries do not duplicate side effects, lineage and audit evidence remain available, and no production records or credentials are used.",Playwright + platform UI/API,"n8n,market-platform,synthetic-data,workflows,Unicode-identifiers"
n8n,Workflows and Nodes,N8N-WORKFLOW-00163,Workflows and Nodes: preserve settings after workflow duplication (Unicode identifiers),n8n: preserve settings after workflow duplication with Unicode identifiers,Functional,High,"Non-production tenant or isolated local fixture; synthetic records only; Use Unicode in safe project, model, table, index, and synthetic account labels. ","1. Create a disposable, versioned synthetic fixture: Use Unicode in safe project, model, table, index, and synthetic account labels. 2. Execute the platform workflow to preserve settings after workflow duplication. 3. Capture the committed result, resource version, or run status. 4. Compare the result with the source fixture and the declared invariant. 5. Repeat or recover the operation when applicable; verify access, audit evidence, and side effects.","The platform must correctly preserve settings after workflow duplication; the Unicode identifiers condition follows the configured contract; valid state is preserved, invalid or unauthorized work is rejected or quarantined without silent loss, retries do not duplicate side effects, lineage and audit evidence remain available, and no production records or credentials are used.",Playwright + platform UI/API,"n8n,market-platform,synthetic-data,workflows,Unicode-identifiers"
n8n,Workflows and Nodes,N8N-WORKFLOW-00164,Workflows and Nodes: run with deterministic synthetic input (Unicode identifiers),n8n: run with deterministic synthetic input with Unicode identifiers,Functional,High,"Non-production tenant or isolated local fixture; synthetic records only; Use Unicode in safe project, model, table, index, and synthetic account labels. ","1. Create a disposable, versioned synthetic fixture: Use Unicode in safe project, model, table, index, and synthetic account labels. 2. Execute the platform workflow to run with deterministic synthetic input. 3. Capture the committed result, resource version, or run status. 4. Compare the result with the source fixture and the declared invariant. 5. Repeat or recover the operation when applicable; verify access, audit evidence, and side effects.","The platform must correctly run with deterministic synthetic input; the Unicode identifiers condition follows the configured contract; valid state is preserved, invalid or unauthorized work is rejected or quarantined without silent loss, retries do not duplicate side effects, lineage and audit evidence remain available, and no production records or credentials are used.",Playwright + platform UI/API,"n8n,market-platform,synthetic-data,workflows,Unicode-identifiers"
n8n,Workflows and Nodes,N8N-WORKFLOW-00165,Workflows and Nodes: disable a node and expose downstream behavior (Unicode identifiers),n8n: disable a node and expose downstream behavior with Unicode identifiers,Functional,Medium,"Non-production tenant or isolated local fixture; synthetic records only; Use Unicode in safe project, model, table, index, and synthetic account labels. ","1. Create a disposable, versioned synthetic fixture: Use Unicode in safe project, model, table, index, and synthetic account labels. 2. Execute the platform workflow to disable a node and expose downstream behavior. 3. Capture the committed result, resource version, or run status. 4. Compare the result with the source fixture and the declared invariant. 5. Repeat or recover the operation when applicable; verify access, audit evidence, and side effects.","The platform must correctly disable a node and expose downstream behavior; the Unicode identifiers condition follows the configured contract; valid state is preserved, invalid or unauthorized work is rejected or quarantined without silent loss, retries do not duplicate side effects, lineage and audit evidence remain available, and no production records or credentials are used.",Playwright + platform UI/API,"n8n,market-platform,synthetic-data,workflows,Unicode-identifiers"
n8n,Workflows and Nodes,N8N-WORKFLOW-00166,Workflows and Nodes: handle node output with an empty collection (Unicode identifiers),n8n: handle node output with an empty collection with Unicode identifiers,Functional,High,"Non-production tenant or isolated local fixture; synthetic records only; Use Unicode in safe project, model, table, index, and synthetic account labels. ","1. Create a disposable, versioned synthetic fixture: Use Unicode in safe project, model, table, index, and synthetic account labels. 2. Execute the platform workflow to handle node output with an empty collection. 3. Capture the committed result, resource version, or run status. 4. Compare the result with the source fixture and the declared invariant. 5. Repeat or recover the operation when applicable; verify access, audit evidence, and side effects.","The platform must correctly handle node output with an empty collection; the Unicode identifiers condition follows the configured contract; valid state is preserved, invalid or unauthorized work is rejected or quarantined without silent loss, retries do not duplicate side effects, lineage and audit evidence remain available, and no production records or credentials are used.",Playwright + platform UI/API,"n8n,market-platform,synthetic-data,workflows,Unicode-identifiers"
n8n,Workflows and Nodes,N8N-WORKFLOW-00167,Workflows and Nodes: reject invalid expressions before execution (Unicode identifiers),n8n: reject invalid expressions before execution with Unicode identifiers,Functional,High,"Non-production tenant or isolated local fixture; synthetic records only; Use Unicode in safe project, model, table, index, and synthetic account labels. ","1. Create a disposable, versioned synthetic fixture: Use Unicode in safe project, model, table, index, and synthetic account labels. 2. Execute the platform workflow to reject invalid expressions before execution. 3. Capture the committed result, resource version, or run status. 4. Compare the result with the source fixture and the declared invariant. 5. Repeat or recover the operation when applicable; verify access, audit evidence, and side effects.","The platform must correctly reject invalid expressions before execution; the Unicode identifiers condition follows the configured contract; valid state is preserved, invalid or unauthorized work is rejected or quarantined without silent loss, retries do not duplicate side effects, lineage and audit evidence remain available, and no production records or credentials are used.",Playwright + platform UI/API,"n8n,market-platform,synthetic-data,workflows,Unicode-identifiers"
n8n,Workflows and Nodes,N8N-WORKFLOW-00168,Workflows and Nodes: restore a prior workflow revision (Unicode identifiers),n8n: restore a prior workflow revision with Unicode identifiers,Functional,High,"Non-production tenant or isolated local fixture; synthetic records only; Use Unicode in safe project, model, table, index, and synthetic account labels. ","1. Create a disposable, versioned synthetic fixture: Use Unicode in safe project, model, table, index, and synthetic account labels. 2. Execute the platform workflow to restore a prior workflow revision. 3. Capture the committed result, resource version, or run status. 4. Compare the result with the source fixture and the declared invariant. 5. Repeat or recover the operation when applicable; verify access, audit evidence, and side effects.","The platform must correctly restore a prior workflow revision; the Unicode identifiers condition follows the configured contract; valid state is preserved, invalid or unauthorized work is rejected or quarantined without silent loss, retries do not duplicate side effects, lineage and audit evidence remain available, and no production records or credentials are used.",Playwright + platform UI/API,"n8n,market-platform,synthetic-data,workflows,Unicode-identifiers"
n8n,Workflows and Nodes,N8N-WORKFLOW-00169,Workflows and Nodes: verify node output shape at connections (Unicode identifiers),n8n: verify node output shape at connections with Unicode identifiers,Functional,Medium,"Non-production tenant or isolated local fixture; synthetic records only; Use Unicode in safe project, model, table, index, and synthetic account labels. ","1. Create a disposable, versioned synthetic fixture: Use Unicode in safe project, model, table, index, and synthetic account labels. 2. Execute the platform workflow to verify node output shape at connections. 3. Capture the committed result, resource version, or run status. 4. Compare the result with the source fixture and the declared invariant. 5. Repeat or recover the operation when applicable; verify access, audit evidence, and side effects.","The platform must correctly verify node output shape at connections; the Unicode identifiers condition follows the configured contract; valid state is preserved, invalid or unauthorized work is rejected or quarantined without silent loss, retries do not duplicate side effects, lineage and audit evidence remain available, and no production records or credentials are used.",Playwright + platform UI/API,"n8n,market-platform,synthetic-data,workflows,Unicode-identifiers"
n8n,Workflows and Nodes,N8N-WORKFLOW-00170,Workflows and Nodes: record edits with the correct editor identity (Unicode identifiers),n8n: record edits with the correct editor identity with Unicode identifiers,Functional,High,"Non-production tenant or isolated local fixture; synthetic records only; Use Unicode in safe project, model, table, index, and synthetic account labels. ","1. Create a disposable, versioned synthetic fixture: Use Unicode in safe project, model, table, index, and synthetic account labels. 2. Execute the platform workflow to record edits with the correct editor identity. 3. Capture the committed result, resource version, or run status. 4. Compare the result with the source fixture and the declared invariant. 5. Repeat or recover the operation when applicable; verify access, audit evidence, and side effects.","The platform must correctly record edits with the correct editor identity; the Unicode identifiers condition follows the configured contract; valid state is preserved, invalid or unauthorized work is rejected or quarantined without silent loss, retries do not duplicate side effects, lineage and audit evidence remain available, and no production records or credentials are used.",Playwright + platform UI/API,"n8n,market-platform,synthetic-data,workflows,Unicode-identifiers"
n8n,Workflows and Nodes,N8N-WORKFLOW-00171,Workflows and Nodes: create connected nodes with valid execution order (time-zone boundary),n8n: create connected nodes with valid execution order with time-zone boundary,Functional,High,Non-production tenant or isolated local fixture; synthetic records only; Place timestamps around local midnight and a daylight-saving transition. ,"1. Create a disposable, versioned synthetic fixture: Place timestamps around local midnight and a daylight-saving transition. 2. Execute the platform workflow to create connected nodes with valid execution order. 3. Capture the committed result, resource version, or run status. 4. Compare the result with the source fixture and the declared invariant. 5. Repeat or recover the operation when applicable; verify access, audit evidence, and side effects.","The platform must correctly create connected nodes with valid execution order; the time-zone boundary condition follows the configured contract; valid state is preserved, invalid or unauthorized work is rejected or quarantined without silent loss, retries do not duplicate side effects, lineage and audit evidence remain available, and no production records or credentials are used.",Playwright + platform UI/API,"n8n,market-platform,synthetic-data,workflows,time-zone-boundary"
n8n,Workflows and Nodes,N8N-WORKFLOW-00172,Workflows and Nodes: validate required node parameters before activation (time-zone boundary),n8n: validate required node parameters before activation with time-zone boundary,Functional,High,Non-production tenant or isolated local fixture; synthetic records only; Place timestamps around local midnight and a daylight-saving transition. ,"1. Create a disposable, versioned synthetic fixture: Place timestamps around local midnight and a daylight-saving transition. 2. Execute the platform workflow to validate required node parameters before activation. 3. Capture the committed result, resource version, or run status. 4. Compare the result with the source fixture and the declared invariant. 5. Repeat or recover the operation when applicable; verify access, audit evidence, and side effects.","The platform must correctly validate required node parameters before activation; the time-zone boundary condition follows the configured contract; valid state is preserved, invalid or unauthorized work is rejected or quarantined without silent loss, retries do not duplicate side effects, lineage and audit evidence remain available, and no production records or credentials are used.",Playwright + platform UI/API,"n8n,market-platform,synthetic-data,workflows,time-zone-boundary"
n8n,Workflows and Nodes,N8N-WORKFLOW-00173,Workflows and Nodes: preserve settings after workflow duplication (time-zone boundary),n8n: preserve settings after workflow duplication with time-zone boundary,Functional,Medium,Non-production tenant or isolated local fixture; synthetic records only; Place timestamps around local midnight and a daylight-saving transition. ,"1. Create a disposable, versioned synthetic fixture: Place timestamps around local midnight and a daylight-saving transition. 2. Execute the platform workflow to preserve settings after workflow duplication. 3. Capture the committed result, resource version, or run status. 4. Compare the result with the source fixture and the declared invariant. 5. Repeat or recover the operation when applicable; verify access, audit evidence, and side effects.","The platform must correctly preserve settings after workflow duplication; the time-zone boundary condition follows the configured contract; valid state is preserved, invalid or unauthorized work is rejected or quarantined without silent loss, retries do not duplicate side effects, lineage and audit evidence remain available, and no production records or credentials are used.",Playwright + platform UI/API,"n8n,market-platform,synthetic-data,workflows,time-zone-boundary"
n8n,Workflows and Nodes,N8N-WORKFLOW-00174,Workflows and Nodes: run with deterministic synthetic input (time-zone boundary),n8n: run with deterministic synthetic input with time-zone boundary,Functional,High,Non-production tenant or isolated local fixture; synthetic records only; Place timestamps around local midnight and a daylight-saving transition. ,"1. Create a disposable, versioned synthetic fixture: Place timestamps around local midnight and a daylight-saving transition. 2. Execute the platform workflow to run with deterministic synthetic input. 3. Capture the committed result, resource version, or run status. 4. Compare the result with the source fixture and the declared invariant. 5. Repeat or recover the operation when applicable; verify access, audit evidence, and side effects.","The platform must correctly run with deterministic synthetic input; the time-zone boundary condition follows the configured contract; valid state is preserved, invalid or unauthorized work is rejected or quarantined without silent loss, retries do not duplicate side effects, lineage and audit evidence remain available, and no production records or credentials are used.",Playwright + platform UI/API,"n8n,market-platform,synthetic-data,workflows,time-zone-boundary"
n8n,Workflows and Nodes,N8N-WORKFLOW-00175,Workflows and Nodes: disable a node and expose downstream behavior (time-zone boundary),n8n: disable a node and expose downstream behavior with time-zone boundary,Functional,High,Non-production tenant or isolated local fixture; synthetic records only; Place timestamps around local midnight and a daylight-saving transition. ,"1. Create a disposable, versioned synthetic fixture: Place timestamps around local midnight and a daylight-saving transition. 2. Execute the platform workflow to disable a node and expose downstream behavior. 3. Capture the committed result, resource version, or run status. 4. Compare the result with the source fixture and the declared invariant. 5. Repeat or recover the operation when applicable; verify access, audit evidence, and side effects.","The platform must correctly disable a node and expose downstream behavior; the time-zone boundary condition follows the configured contract; valid state is preserved, invalid or unauthorized work is rejected or quarantined without silent loss, retries do not duplicate side effects, lineage and audit evidence remain available, and no production records or credentials are used.",Playwright + platform UI/API,"n8n,market-platform,synthetic-data,workflows,time-zone-boundary"
n8n,Workflows and Nodes,N8N-WORKFLOW-00176,Workflows and Nodes: handle node output with an empty collection (time-zone boundary),n8n: handle node output with an empty collection with time-zone boundary,Functional,High,Non-production tenant or isolated local fixture; synthetic records only; Place timestamps around local midnight and a daylight-saving transition. ,"1. Create a disposable, versioned synthetic fixture: Place timestamps around local midnight and a daylight-saving transition. 2. Execute the platform workflow to handle node output with an empty collection. 3. Capture the committed result, resource version, or run status. 4. Compare the result with the source fixture and the declared invariant. 5. Repeat or recover the operation when applicable; verify access, audit evidence, and side effects.","The platform must correctly handle node output with an empty collection; the time-zone boundary condition follows the configured contract; valid state is preserved, invalid or unauthorized work is rejected or quarantined without silent loss, retries do not duplicate side effects, lineage and audit evidence remain available, and no production records or credentials are used.",Playwright + platform UI/API,"n8n,market-platform,synthetic-data,workflows,time-zone-boundary"
n8n,Workflows and Nodes,N8N-WORKFLOW-00177,Workflows and Nodes: reject invalid expressions before execution (time-zone boundary),n8n: reject invalid expressions before execution with time-zone boundary,Functional,Medium,Non-production tenant or isolated local fixture; synthetic records only; Place timestamps around local midnight and a daylight-saving transition. ,"1. Create a disposable, versioned synthetic fixture: Place timestamps around local midnight and a daylight-saving transition. 2. Execute the platform workflow to reject invalid expressions before execution. 3. Capture the committed result, resource version, or run status. 4. Compare the result with the source fixture and the declared invariant. 5. Repeat or recover the operation when applicable; verify access, audit evidence, and side effects.","The platform must correctly reject invalid expressions before execution; the time-zone boundary condition follows the configured contract; valid state is preserved, invalid or unauthorized work is rejected or quarantined without silent loss, retries do not duplicate side effects, lineage and audit evidence remain available, and no production records or credentials are used.",Playwright + platform UI/API,"n8n,market-platform,synthetic-data,workflows,time-zone-boundary"
n8n,Workflows and Nodes,N8N-WORKFLOW-00178,Workflows and Nodes: restore a prior workflow revision (time-zone boundary),n8n: restore a prior workflow revision with time-zone boundary,Functional,High,Non-production tenant or isolated local fixture; synthetic records only; Place timestamps around local midnight and a daylight-saving transition. ,"1. Create a disposable, versioned synthetic fixture: Place timestamps around local midnight and a daylight-saving transition. 2. Execute the platform workflow to restore a prior workflow revision. 3. Capture the committed result, resource version, or run status. 4. Compare the result with the source fixture and the declared invariant. 5. Repeat or recover the operation when applicable; verify access, audit evidence, and side effects.","The platform must correctly restore a prior workflow revision; the time-zone boundary condition follows the configured contract; valid state is preserved, invalid or unauthorized work is rejected or quarantined without silent loss, retries do not duplicate side effects, lineage and audit evidence remain available, and no production records or credentials are used.",Playwright + platform UI/API,"n8n,market-platform,synthetic-data,workflows,time-zone-boundary"
n8n,Workflows and Nodes,N8N-WORKFLOW-00179,Workflows and Nodes: verify node output shape at connections (time-zone boundary),n8n: verify node output shape at connections with time-zone boundary,Functional,High,Non-production tenant or isolated local fixture; synthetic records only; Place timestamps around local midnight and a daylight-saving transition. ,"1. Create a disposable, versioned synthetic fixture: Place timestamps around local midnight and a daylight-saving transition. 2. Execute the platform workflow to verify node output shape at connections. 3. Capture the committed result, resource version, or run status. 4. Compare the result with the source fixture and the declared invariant. 5. Repeat or recover the operation when applicable; verify access, audit evidence, and side effects.","The platform must correctly verify node output shape at connections; the time-zone boundary condition follows the configured contract; valid state is preserved, invalid or unauthorized work is rejected or quarantined without silent loss, retries do not duplicate side effects, lineage and audit evidence remain available, and no production records or credentials are used.",Playwright + platform UI/API,"n8n,market-platform,synthetic-data,workflows,time-zone-boundary"
n8n,Workflows and Nodes,N8N-WORKFLOW-00180,Workflows and Nodes: record edits with the correct editor identity (time-zone boundary),n8n: record edits with the correct editor identity with time-zone boundary,Functional,High,Non-production tenant or isolated local fixture; synthetic records only; Place timestamps around local midnight and a daylight-saving transition. ,"1. Create a disposable, versioned synthetic fixture: Place timestamps around local midnight and a daylight-saving transition. 2. Execute the platform workflow to record edits with the correct editor identity. 3. Capture the committed result, resource version, or run status. 4. Compare the result with the source fixture and the declared invariant. 5. Repeat or recover the operation when applicable; verify access, audit evidence, and side effects.","The platform must correctly record edits with the correct editor identity; the time-zone boundary condition follows the configured contract; valid state is preserved, invalid or unauthorized work is rejected or quarantined without silent loss, retries do not duplicate side effects, lineage and audit evidence remain available, and no production records or credentials are used.",Playwright + platform UI/API,"n8n,market-platform,synthetic-data,workflows,time-zone-boundary"
n8n,Workflows and Nodes,N8N-WORKFLOW-00181,Workflows and Nodes: create connected nodes with valid execution order (skewed high volume),n8n: create connected nodes with valid execution order with skewed high volume,Functional,Medium,Non-production tenant or isolated local fixture; synthetic records only; Use a large synthetic fixture with one intentionally skewed key or partition. ,"1. Create a disposable, versioned synthetic fixture: Use a large synthetic fixture with one intentionally skewed key or partition. 2. Execute the platform workflow to create connected nodes with valid execution order. 3. Capture the committed result, resource version, or run status. 4. Compare the result with the source fixture and the declared invariant. 5. Repeat or recover the operation when applicable; verify access, audit evidence, and side effects.","The platform must correctly create connected nodes with valid execution order; the skewed high volume condition follows the configured contract; valid state is preserved, invalid or unauthorized work is rejected or quarantined without silent loss, retries do not duplicate side effects, lineage and audit evidence remain available, and no production records or credentials are used.",Playwright + platform UI/API,"n8n,market-platform,synthetic-data,workflows,skewed-high-volume"
n8n,Workflows and Nodes,N8N-WORKFLOW-00182,Workflows and Nodes: validate required node parameters before activation (skewed high volume),n8n: validate required node parameters before activation with skewed high volume,Functional,High,Non-production tenant or isolated local fixture; synthetic records only; Use a large synthetic fixture with one intentionally skewed key or partition. ,"1. Create a disposable, versioned synthetic fixture: Use a large synthetic fixture with one intentionally skewed key or partition. 2. Execute the platform workflow to validate required node parameters before activation. 3. Capture the committed result, resource version, or run status. 4. Compare the result with the source fixture and the declared invariant. 5. Repeat or recover the operation when applicable; verify access, audit evidence, and side effects.","The platform must correctly validate required node parameters before activation; the skewed high volume condition follows the configured contract; valid state is preserved, invalid or unauthorized work is rejected or quarantined without silent loss, retries do not duplicate side effects, lineage and audit evidence remain available, and no production records or credentials are used.",Playwright + platform UI/API,"n8n,market-platform,synthetic-data,workflows,skewed-high-volume"
n8n,Workflows and Nodes,N8N-WORKFLOW-00183,Workflows and Nodes: preserve settings after workflow duplication (skewed high volume),n8n: preserve settings after workflow duplication with skewed high volume,Functional,High,Non-production tenant or isolated local fixture; synthetic records only; Use a large synthetic fixture with one intentionally skewed key or partition. ,"1. Create a disposable, versioned synthetic fixture: Use a large synthetic fixture with one intentionally skewed key or partition. 2. Execute the platform workflow to preserve settings after workflow duplication. 3. Capture the committed result, resource version, or run status. 4. Compare the result with the source fixture and the declared invariant. 5. Repeat or recover the operation when applicable; verify access, audit evidence, and side effects.","The platform must correctly preserve settings after workflow duplication; the skewed high volume condition follows the configured contract; valid state is preserved, invalid or unauthorized work is rejected or quarantined without silent loss, retries do not duplicate side effects, lineage and audit evidence remain available, and no production records or credentials are used.",Playwright + platform UI/API,"n8n,market-platform,synthetic-data,workflows,skewed-high-volume"
n8n,Workflows and Nodes,N8N-WORKFLOW-00184,Workflows and Nodes: run with deterministic synthetic input (skewed high volume),n8n: run with deterministic synthetic input with skewed high volume,Functional,High,Non-production tenant or isolated local fixture; synthetic records only; Use a large synthetic fixture with one intentionally skewed key or partition. ,"1. Create a disposable, versioned synthetic fixture: Use a large synthetic fixture with one intentionally skewed key or partition. 2. Execute the platform workflow to run with deterministic synthetic input. 3. Capture the committed result, resource version, or run status. 4. Compare the result with the source fixture and the declared invariant. 5. Repeat or recover the operation when applicable; verify access, audit evidence, and side effects.","The platform must correctly run with deterministic synthetic input; the skewed high volume condition follows the configured contract; valid state is preserved, invalid or unauthorized work is rejected or quarantined without silent loss, retries do not duplicate side effects, lineage and audit evidence remain available, and no production records or credentials are used.",Playwright + platform UI/API,"n8n,market-platform,synthetic-data,workflows,skewed-high-volume"
n8n,Workflows and Nodes,N8N-WORKFLOW-00185,Workflows and Nodes: disable a node and expose downstream behavior (skewed high volume),n8n: disable a node and expose downstream behavior with skewed high volume,Functional,Medium,Non-production tenant or isolated local fixture; synthetic records only; Use a large synthetic fixture with one intentionally skewed key or partition. ,"1. Create a disposable, versioned synthetic fixture: Use a large synthetic fixture with one intentionally skewed key or partition. 2. Execute the platform workflow to disable a node and expose downstream behavior. 3. Capture the committed result, resource version, or run status. 4. Compare the result with the source fixture and the declared invariant. 5. Repeat or recover the operation when applicable; verify access, audit evidence, and side effects.","The platform must correctly disable a node and expose downstream behavior; the skewed high volume condition follows the configured contract; valid state is preserved, invalid or unauthorized work is rejected or quarantined without silent loss, retries do not duplicate side effects, lineage and audit evidence remain available, and no production records or credentials are used.",Playwright + platform UI/API,"n8n,market-platform,synthetic-data,workflows,skewed-high-volume"
n8n,Workflows and Nodes,N8N-WORKFLOW-00186,Workflows and Nodes: handle node output with an empty collection (skewed high volume),n8n: handle node output with an empty collection with skewed high volume,Functional,High,Non-production tenant or isolated local fixture; synthetic records only; Use a large synthetic fixture with one intentionally skewed key or partition. ,"1. Create a disposable, versioned synthetic fixture: Use a large synthetic fixture with one intentionally skewed key or partition. 2. Execute the platform workflow to handle node output with an empty collection. 3. Capture the committed result, resource version, or run status. 4. Compare the result with the source fixture and the declared invariant. 5. Repeat or recover the operation when applicable; verify access, audit evidence, and side effects.","The platform must correctly handle node output with an empty collection; the skewed high volume condition follows the configured contract; valid state is preserved, invalid or unauthorized work is rejected or quarantined without silent loss, retries do not duplicate side effects, lineage and audit evidence remain available, and no production records or credentials are used.",Playwright + platform UI/API,"n8n,market-platform,synthetic-data,workflows,skewed-high-volume"
n8n,Workflows and Nodes,N8N-WORKFLOW-00187,Workflows and Nodes: reject invalid expressions before execution (skewed high volume),n8n: reject invalid expressions before execution with skewed high volume,Functional,High,Non-production tenant or isolated local fixture; synthetic records only; Use a large synthetic fixture with one intentionally skewed key or partition. ,"1. Create a disposable, versioned synthetic fixture: Use a large synthetic fixture with one intentionally skewed key or partition. 2. Execute the platform workflow to reject invalid expressions before execution. 3. Capture the committed result, resource version, or run status. 4. Compare the result with the source fixture and the declared invariant. 5. Repeat or recover the operation when applicable; verify access, audit evidence, and side effects.","The platform must correctly reject invalid expressions before execution; the skewed high volume condition follows the configured contract; valid state is preserved, invalid or unauthorized work is rejected or quarantined without silent loss, retries do not duplicate side effects, lineage and audit evidence remain available, and no production records or credentials are used.",Playwright + platform UI/API,"n8n,market-platform,synthetic-data,workflows,skewed-high-volume"
n8n,Workflows and Nodes,N8N-WORKFLOW-00188,Workflows and Nodes: restore a prior workflow revision (skewed high volume),n8n: restore a prior workflow revision with skewed high volume,Functional,High,Non-production tenant or isolated local fixture; synthetic records only; Use a large synthetic fixture with one intentionally skewed key or partition. ,"1. Create a disposable, versioned synthetic fixture: Use a large synthetic fixture with one intentionally skewed key or partition. 2. Execute the platform workflow to restore a prior workflow revision. 3. Capture the committed result, resource version, or run status. 4. Compare the result with the source fixture and the declared invariant. 5. Repeat or recover the operation when applicable; verify access, audit evidence, and side effects.","The platform must correctly restore a prior workflow revision; the skewed high volume condition follows the configured contract; valid state is preserved, invalid or unauthorized work is rejected or quarantined without silent loss, retries do not duplicate side effects, lineage and audit evidence remain available, and no production records or credentials are used.",Playwright + platform UI/API,"n8n,market-platform,synthetic-data,workflows,skewed-high-volume"
n8n,Workflows and Nodes,N8N-WORKFLOW-00189,Workflows and Nodes: verify node output shape at connections (skewed high volume),n8n: verify node output shape at connections with skewed high volume,Functional,Medium,Non-production tenant or isolated local fixture; synthetic records only; Use a large synthetic fixture with one intentionally skewed key or partition. ,"1. Create a disposable, versioned synthetic fixture: Use a large synthetic fixture with one intentionally skewed key or partition. 2. Execute the platform workflow to verify node output shape at connections. 3. Capture the committed result, resource version, or run status. 4. Compare the result with the source fixture and the declared invariant. 5. Repeat or recover the operation when applicable; verify access, audit evidence, and side effects.","The platform must correctly verify node output shape at connections; the skewed high volume condition follows the configured contract; valid state is preserved, invalid or unauthorized work is rejected or quarantined without silent loss, retries do not duplicate side effects, lineage and audit evidence remain available, and no production records or credentials are used.",Playwright + platform UI/API,"n8n,market-platform,synthetic-data,workflows,skewed-high-volume"
n8n,Workflows and Nodes,N8N-WORKFLOW-00190,Workflows and Nodes: record edits with the correct editor identity (skewed high volume),n8n: record edits with the correct editor identity with skewed high volume,Functional,High,Non-production tenant or isolated local fixture; synthetic records only; Use a large synthetic fixture with one intentionally skewed key or partition. ,"1. Create a disposable, versioned synthetic fixture: Use a large synthetic fixture with one intentionally skewed key or partition. 2. Execute the platform workflow to record edits with the correct editor identity. 3. Capture the committed result, resource version, or run status. 4. Compare the result with the source fixture and the declared invariant. 5. Repeat or recover the operation when applicable; verify access, audit evidence, and side effects.","The platform must correctly record edits with the correct editor identity; the skewed high volume condition follows the configured contract; valid state is preserved, invalid or unauthorized work is rejected or quarantined without silent loss, retries do not duplicate side effects, lineage and audit evidence remain available, and no production records or credentials are used.",Playwright + platform UI/API,"n8n,market-platform,synthetic-data,workflows,skewed-high-volume"
n8n,Workflows and Nodes,N8N-WORKFLOW-00191,Workflows and Nodes: create connected nodes with valid execution order (corrupt input),n8n: create connected nodes with valid execution order with corrupt input,Functional,High,Non-production tenant or isolated local fixture; synthetic records only; Include one malformed record and verify quarantine or clear failure without silent loss. ,"1. Create a disposable, versioned synthetic fixture: Include one malformed record and verify quarantine or clear failure without silent loss. 2. Execute the platform workflow to create connected nodes with valid execution order. 3. Capture the committed result, resource version, or run status. 4. Compare the result with the source fixture and the declared invariant. 5. Repeat or recover the operation when applicable; verify access, audit evidence, and side effects.","The platform must correctly create connected nodes with valid execution order; the corrupt input condition follows the configured contract; valid state is preserved, invalid or unauthorized work is rejected or quarantined without silent loss, retries do not duplicate side effects, lineage and audit evidence remain available, and no production records or credentials are used.",Playwright + platform UI/API,"n8n,market-platform,synthetic-data,workflows,corrupt-input"
n8n,Workflows and Nodes,N8N-WORKFLOW-00192,Workflows and Nodes: validate required node parameters before activation (corrupt input),n8n: validate required node parameters before activation with corrupt input,Functional,High,Non-production tenant or isolated local fixture; synthetic records only; Include one malformed record and verify quarantine or clear failure without silent loss. ,"1. Create a disposable, versioned synthetic fixture: Include one malformed record and verify quarantine or clear failure without silent loss. 2. Execute the platform workflow to validate required node parameters before activation. 3. Capture the committed result, resource version, or run status. 4. Compare the result with the source fixture and the declared invariant. 5. Repeat or recover the operation when applicable; verify access, audit evidence, and side effects.","The platform must correctly validate required node parameters before activation; the corrupt input condition follows the configured contract; valid state is preserved, invalid or unauthorized work is rejected or quarantined without silent loss, retries do not duplicate side effects, lineage and audit evidence remain available, and no production records or credentials are used.",Playwright + platform UI/API,"n8n,market-platform,synthetic-data,workflows,corrupt-input"
n8n,Workflows and Nodes,N8N-WORKFLOW-00193,Workflows and Nodes: preserve settings after workflow duplication (corrupt input),n8n: preserve settings after workflow duplication with corrupt input,Functional,Medium,Non-production tenant or isolated local fixture; synthetic records only; Include one malformed record and verify quarantine or clear failure without silent loss. ,"1. Create a disposable, versioned synthetic fixture: Include one malformed record and verify quarantine or clear failure without silent loss. 2. Execute the platform workflow to preserve settings after workflow duplication. 3. Capture the committed result, resource version, or run status. 4. Compare the result with the source fixture and the declared invariant. 5. Repeat or recover the operation when applicable; verify access, audit evidence, and side effects.","The platform must correctly preserve settings after workflow duplication; the corrupt input condition follows the configured contract; valid state is preserved, invalid or unauthorized work is rejected or quarantined without silent loss, retries do not duplicate side effects, lineage and audit evidence remain available, and no production records or credentials are used.",Playwright + platform UI/API,"n8n,market-platform,synthetic-data,workflows,corrupt-input"
n8n,Workflows and Nodes,N8N-WORKFLOW-00194,Workflows and Nodes: run with deterministic synthetic input (corrupt input),n8n: run with deterministic synthetic input with corrupt input,Functional,High,Non-production tenant or isolated local fixture; synthetic records only; Include one malformed record and verify quarantine or clear failure without silent loss. ,"1. Create a disposable, versioned synthetic fixture: Include one malformed record and verify quarantine or clear failure without silent loss. 2. Execute the platform workflow to run with deterministic synthetic input. 3. Capture the committed result, resource version, or run status. 4. Compare the result with the source fixture and the declared invariant. 5. Repeat or recover the operation when applicable; verify access, audit evidence, and side effects.","The platform must correctly run with deterministic synthetic input; the corrupt input condition follows the configured contract; valid state is preserved, invalid or unauthorized work is rejected or quarantined without silent loss, retries do not duplicate side effects, lineage and audit evidence remain available, and no production records or credentials are used.",Playwright + platform UI/API,"n8n,market-platform,synthetic-data,workflows,corrupt-input"
n8n,Workflows and Nodes,N8N-WORKFLOW-00195,Workflows and Nodes: disable a node and expose downstream behavior (corrupt input),n8n: disable a node and expose downstream behavior with corrupt input,Functional,High,Non-production tenant or isolated local fixture; synthetic records only; Include one malformed record and verify quarantine or clear failure without silent loss. ,"1. Create a disposable, versioned synthetic fixture: Include one malformed record and verify quarantine or clear failure without silent loss. 2. Execute the platform workflow to disable a node and expose downstream behavior. 3. Capture the committed result, resource version, or run status. 4. Compare the result with the source fixture and the declared invariant. 5. Repeat or recover the operation when applicable; verify access, audit evidence, and side effects.","The platform must correctly disable a node and expose downstream behavior; the corrupt input condition follows the configured contract; valid state is preserved, invalid or unauthorized work is rejected or quarantined without silent loss, retries do not duplicate side effects, lineage and audit evidence remain available, and no production records or credentials are used.",Playwright + platform UI/API,"n8n,market-platform,synthetic-data,workflows,corrupt-input"
n8n,Workflows and Nodes,N8N-WORKFLOW-00196,Workflows and Nodes: handle node output with an empty collection (corrupt input),n8n: handle node output with an empty collection with corrupt input,Functional,High,Non-production tenant or isolated local fixture; synthetic records only; Include one malformed record and verify quarantine or clear failure without silent loss. ,"1. Create a disposable, versioned synthetic fixture: Include one malformed record and verify quarantine or clear failure without silent loss. 2. Execute the platform workflow to handle node output with an empty collection. 3. Capture the committed result, resource version, or run status. 4. Compare the result with the source fixture and the declared invariant. 5. Repeat or recover the operation when applicable; verify access, audit evidence, and side effects.","The platform must correctly handle node output with an empty collection; the corrupt input condition follows the configured contract; valid state is preserved, invalid or unauthorized work is rejected or quarantined without silent loss, retries do not duplicate side effects, lineage and audit evidence remain available, and no production records or credentials are used.",Playwright + platform UI/API,"n8n,market-platform,synthetic-data,workflows,corrupt-input"
n8n,Workflows and Nodes,N8N-WORKFLOW-00197,Workflows and Nodes: reject invalid expressions before execution (corrupt input),n8n: reject invalid expressions before execution with corrupt input,Functional,Medium,Non-production tenant or isolated local fixture; synthetic records only; Include one malformed record and verify quarantine or clear failure without silent loss. ,"1. Create a disposable, versioned synthetic fixture: Include one malformed record and verify quarantine or clear failure without silent loss. 2. Execute the platform workflow to reject invalid expressions before execution. 3. Capture the committed result, resource version, or run status. 4. Compare the result with the source fixture and the declared invariant. 5. Repeat or recover the operation when applicable; verify access, audit evidence, and side effects.","The platform must correctly reject invalid expressions before execution; the corrupt input condition follows the configured contract; valid state is preserved, invalid or unauthorized work is rejected or quarantined without silent loss, retries do not duplicate side effects, lineage and audit evidence remain available, and no production records or credentials are used.",Playwright + platform UI/API,"n8n,market-platform,synthetic-data,workflows,corrupt-input"
n8n,Workflows and Nodes,N8N-WORKFLOW-00198,Workflows and Nodes: restore a prior workflow revision (corrupt input),n8n: restore a prior workflow revision with corrupt input,Functional,High,Non-production tenant or isolated local fixture; synthetic records only; Include one malformed record and verify quarantine or clear failure without silent loss. ,"1. Create a disposable, versioned synthetic fixture: Include one malformed record and verify quarantine or clear failure without silent loss. 2. Execute the platform workflow to restore a prior workflow revision. 3. Capture the committed result, resource version, or run status. 4. Compare the result with the source fixture and the declared invariant. 5. Repeat or recover the operation when applicable; verify access, audit evidence, and side effects.","The platform must correctly restore a prior workflow revision; the corrupt input condition follows the configured contract; valid state is preserved, invalid or unauthorized work is rejected or quarantined without silent loss, retries do not duplicate side effects, lineage and audit evidence remain available, and no production records or credentials are used.",Playwright + platform UI/API,"n8n,market-platform,synthetic-data,workflows,corrupt-input"
n8n,Workflows and Nodes,N8N-WORKFLOW-00199,Workflows and Nodes: verify node output shape at connections (corrupt input),n8n: verify node output shape at connections with corrupt input,Functional,High,Non-production tenant or isolated local fixture; synthetic records only; Include one malformed record and verify quarantine or clear failure without silent loss. ,"1. Create a disposable, versioned synthetic fixture: Include one malformed record and verify quarantine or clear failure without silent loss. 2. Execute the platform workflow to verify node output shape at connections. 3. Capture the committed result, resource version, or run status. 4. Compare the result with the source fixture and the declared invariant. 5. Repeat or recover the operation when applicable; verify access, audit evidence, and side effects.","The platform must correctly verify node output shape at connections; the corrupt input condition follows the configured contract; valid state is preserved, invalid or unauthorized work is rejected or quarantined without silent loss, retries do not duplicate side effects, lineage and audit evidence remain available, and no production records or credentials are used.",Playwright + platform UI/API,"n8n,market-platform,synthetic-data,workflows,corrupt-input"
n8n,Workflows and Nodes,N8N-WORKFLOW-00200,Workflows and Nodes: record edits with the correct editor identity (corrupt input),n8n: record edits with the correct editor identity with corrupt input,Functional,High,Non-production tenant or isolated local fixture; synthetic records only; Include one malformed record and verify quarantine or clear failure without silent loss. ,"1. Create a disposable, versioned synthetic fixture: Include one malformed record and verify quarantine or clear failure without silent loss. 2. Execute the platform workflow to record edits with the correct editor identity. 3. Capture the committed result, resource version, or run status. 4. Compare the result with the source fixture and the declared invariant. 5. Repeat or recover the operation when applicable; verify access, audit evidence, and side effects.","The platform must correctly record edits with the correct editor identity; the corrupt input condition follows the configured contract; valid state is preserved, invalid or unauthorized work is rejected or quarantined without silent loss, retries do not duplicate side effects, lineage and audit evidence remain available, and no production records or credentials are used.",Playwright + platform UI/API,"n8n,market-platform,synthetic-data,workflows,corrupt-input"
