product,module,test_case_id,test_scenario,test_case_name,test_type,priority,preconditions,test_steps,expected_result,automation_framework,tags
CrewAI,Memory and State,CRW-MEMORY-00001,Memory and State: store a synthetic memory with scoped identifier (clean baseline),CrewAI: store a synthetic memory with scoped identifier with clean baseline,Functional,Medium,"Non-production tenant or isolated local fixture; synthetic records only; Use a disposable workspace, tenant, project, and versioned synthetic fixture. ","1. Create a disposable, versioned synthetic fixture: Use a disposable workspace, tenant, project, and versioned synthetic fixture. 2. Execute the platform workflow to store a synthetic memory with scoped identifier. 3. Capture the committed result, resource version, or run status. 4. Compare the result with the source fixture and the declared invariant. 5. Repeat or recover the operation when applicable; verify access, audit evidence, and side effects.","The platform must correctly store a synthetic memory with scoped identifier; the clean baseline condition follows the configured contract; valid state is preserved, invalid or unauthorized work is rejected or quarantined without silent loss, retries do not duplicate side effects, lineage and audit evidence remain available, and no production records or credentials are used.",Playwright + platform UI/API,"crewai,market-platform,synthetic-data,memory,clean-baseline"
CrewAI,Memory and State,CRW-MEMORY-00002,Memory and State: retrieve only memories allowed for the tenant (clean baseline),CrewAI: retrieve only memories allowed for the tenant with clean baseline,Functional,High,"Non-production tenant or isolated local fixture; synthetic records only; Use a disposable workspace, tenant, project, and versioned synthetic fixture. ","1. Create a disposable, versioned synthetic fixture: Use a disposable workspace, tenant, project, and versioned synthetic fixture. 2. Execute the platform workflow to retrieve only memories allowed for the tenant. 3. Capture the committed result, resource version, or run status. 4. Compare the result with the source fixture and the declared invariant. 5. Repeat or recover the operation when applicable; verify access, audit evidence, and side effects.","The platform must correctly retrieve only memories allowed for the tenant; the clean baseline condition follows the configured contract; valid state is preserved, invalid or unauthorized work is rejected or quarantined without silent loss, retries do not duplicate side effects, lineage and audit evidence remain available, and no production records or credentials are used.",Playwright + platform UI/API,"crewai,market-platform,synthetic-data,memory,clean-baseline"
CrewAI,Memory and State,CRW-MEMORY-00003,Memory and State: isolate memory across user and project scopes (clean baseline),CrewAI: isolate memory across user and project scopes with clean baseline,Functional,High,"Non-production tenant or isolated local fixture; synthetic records only; Use a disposable workspace, tenant, project, and versioned synthetic fixture. ","1. Create a disposable, versioned synthetic fixture: Use a disposable workspace, tenant, project, and versioned synthetic fixture. 2. Execute the platform workflow to isolate memory across user and project scopes. 3. Capture the committed result, resource version, or run status. 4. Compare the result with the source fixture and the declared invariant. 5. Repeat or recover the operation when applicable; verify access, audit evidence, and side effects.","The platform must correctly isolate memory across user and project scopes; the clean baseline condition follows the configured contract; valid state is preserved, invalid or unauthorized work is rejected or quarantined without silent loss, retries do not duplicate side effects, lineage and audit evidence remain available, and no production records or credentials are used.",Playwright + platform UI/API,"crewai,market-platform,synthetic-data,memory,clean-baseline"
CrewAI,Memory and State,CRW-MEMORY-00004,Memory and State: expire entries at configured retention boundary (clean baseline),CrewAI: expire entries at configured retention boundary with clean baseline,Functional,High,"Non-production tenant or isolated local fixture; synthetic records only; Use a disposable workspace, tenant, project, and versioned synthetic fixture. ","1. Create a disposable, versioned synthetic fixture: Use a disposable workspace, tenant, project, and versioned synthetic fixture. 2. Execute the platform workflow to expire entries at configured retention boundary. 3. Capture the committed result, resource version, or run status. 4. Compare the result with the source fixture and the declared invariant. 5. Repeat or recover the operation when applicable; verify access, audit evidence, and side effects.","The platform must correctly expire entries at configured retention boundary; the clean baseline condition follows the configured contract; valid state is preserved, invalid or unauthorized work is rejected or quarantined without silent loss, retries do not duplicate side effects, lineage and audit evidence remain available, and no production records or credentials are used.",Playwright + platform UI/API,"crewai,market-platform,synthetic-data,memory,clean-baseline"
CrewAI,Memory and State,CRW-MEMORY-00005,Memory and State: deduplicate writes by stable key (clean baseline),CrewAI: deduplicate writes by stable key with clean baseline,Functional,Medium,"Non-production tenant or isolated local fixture; synthetic records only; Use a disposable workspace, tenant, project, and versioned synthetic fixture. ","1. Create a disposable, versioned synthetic fixture: Use a disposable workspace, tenant, project, and versioned synthetic fixture. 2. Execute the platform workflow to deduplicate writes by stable key. 3. Capture the committed result, resource version, or run status. 4. Compare the result with the source fixture and the declared invariant. 5. Repeat or recover the operation when applicable; verify access, audit evidence, and side effects.","The platform must correctly deduplicate writes by stable key; the clean baseline condition follows the configured contract; valid state is preserved, invalid or unauthorized work is rejected or quarantined without silent loss, retries do not duplicate side effects, lineage and audit evidence remain available, and no production records or credentials are used.",Playwright + platform UI/API,"crewai,market-platform,synthetic-data,memory,clean-baseline"
CrewAI,Memory and State,CRW-MEMORY-00006,Memory and State: handle missing memory service without fabricated facts (clean baseline),CrewAI: handle missing memory service without fabricated facts with clean baseline,Functional,High,"Non-production tenant or isolated local fixture; synthetic records only; Use a disposable workspace, tenant, project, and versioned synthetic fixture. ","1. Create a disposable, versioned synthetic fixture: Use a disposable workspace, tenant, project, and versioned synthetic fixture. 2. Execute the platform workflow to handle missing memory service without fabricated facts. 3. Capture the committed result, resource version, or run status. 4. Compare the result with the source fixture and the declared invariant. 5. Repeat or recover the operation when applicable; verify access, audit evidence, and side effects.","The platform must correctly handle missing memory service without fabricated facts; the clean baseline condition follows the configured contract; valid state is preserved, invalid or unauthorized work is rejected or quarantined without silent loss, retries do not duplicate side effects, lineage and audit evidence remain available, and no production records or credentials are used.",Playwright + platform UI/API,"crewai,market-platform,synthetic-data,memory,clean-baseline"
CrewAI,Memory and State,CRW-MEMORY-00007,Memory and State: update memory without losing audit history (clean baseline),CrewAI: update memory without losing audit history with clean baseline,Functional,High,"Non-production tenant or isolated local fixture; synthetic records only; Use a disposable workspace, tenant, project, and versioned synthetic fixture. ","1. Create a disposable, versioned synthetic fixture: Use a disposable workspace, tenant, project, and versioned synthetic fixture. 2. Execute the platform workflow to update memory without losing audit history. 3. Capture the committed result, resource version, or run status. 4. Compare the result with the source fixture and the declared invariant. 5. Repeat or recover the operation when applicable; verify access, audit evidence, and side effects.","The platform must correctly update memory without losing audit history; the clean baseline condition follows the configured contract; valid state is preserved, invalid or unauthorized work is rejected or quarantined without silent loss, retries do not duplicate side effects, lineage and audit evidence remain available, and no production records or credentials are used.",Playwright + platform UI/API,"crewai,market-platform,synthetic-data,memory,clean-baseline"
CrewAI,Memory and State,CRW-MEMORY-00008,Memory and State: prevent prompt text from reading another tenant's memory (clean baseline),CrewAI: prevent prompt text from reading another tenant's memory with clean baseline,Functional,High,"Non-production tenant or isolated local fixture; synthetic records only; Use a disposable workspace, tenant, project, and versioned synthetic fixture. ","1. Create a disposable, versioned synthetic fixture: Use a disposable workspace, tenant, project, and versioned synthetic fixture. 2. Execute the platform workflow to prevent prompt text from reading another tenant's memory. 3. Capture the committed result, resource version, or run status. 4. Compare the result with the source fixture and the declared invariant. 5. Repeat or recover the operation when applicable; verify access, audit evidence, and side effects.","The platform must correctly prevent prompt text from reading another tenant's memory; the clean baseline condition follows the configured contract; valid state is preserved, invalid or unauthorized work is rejected or quarantined without silent loss, retries do not duplicate side effects, lineage and audit evidence remain available, and no production records or credentials are used.",Playwright + platform UI/API,"crewai,market-platform,synthetic-data,memory,clean-baseline"
CrewAI,Memory and State,CRW-MEMORY-00009,Memory and State: replay run with fixed memory snapshot (clean baseline),CrewAI: replay run with fixed memory snapshot with clean baseline,Functional,Medium,"Non-production tenant or isolated local fixture; synthetic records only; Use a disposable workspace, tenant, project, and versioned synthetic fixture. ","1. Create a disposable, versioned synthetic fixture: Use a disposable workspace, tenant, project, and versioned synthetic fixture. 2. Execute the platform workflow to replay run with fixed memory snapshot. 3. Capture the committed result, resource version, or run status. 4. Compare the result with the source fixture and the declared invariant. 5. Repeat or recover the operation when applicable; verify access, audit evidence, and side effects.","The platform must correctly replay run with fixed memory snapshot; the clean baseline condition follows the configured contract; valid state is preserved, invalid or unauthorized work is rejected or quarantined without silent loss, retries do not duplicate side effects, lineage and audit evidence remain available, and no production records or credentials are used.",Playwright + platform UI/API,"crewai,market-platform,synthetic-data,memory,clean-baseline"
CrewAI,Memory and State,CRW-MEMORY-00010,Memory and State: audit memory lifecycle operations (clean baseline),CrewAI: audit memory lifecycle operations with clean baseline,Functional,High,"Non-production tenant or isolated local fixture; synthetic records only; Use a disposable workspace, tenant, project, and versioned synthetic fixture. ","1. Create a disposable, versioned synthetic fixture: Use a disposable workspace, tenant, project, and versioned synthetic fixture. 2. Execute the platform workflow to audit memory lifecycle operations. 3. Capture the committed result, resource version, or run status. 4. Compare the result with the source fixture and the declared invariant. 5. Repeat or recover the operation when applicable; verify access, audit evidence, and side effects.","The platform must correctly audit memory lifecycle operations; the clean baseline condition follows the configured contract; valid state is preserved, invalid or unauthorized work is rejected or quarantined without silent loss, retries do not duplicate side effects, lineage and audit evidence remain available, and no production records or credentials are used.",Playwright + platform UI/API,"crewai,market-platform,synthetic-data,memory,clean-baseline"
CrewAI,Memory and State,CRW-MEMORY-00011,Memory and State: store a synthetic memory with scoped identifier (empty input),CrewAI: store a synthetic memory with scoped identifier with empty input,Functional,High,Non-production tenant or isolated local fixture; synthetic records only; Use an empty source or namespace and verify defined empty-result behavior. ,"1. Create a disposable, versioned synthetic fixture: Use an empty source or namespace and verify defined empty-result behavior. 2. Execute the platform workflow to store a synthetic memory with scoped identifier. 3. Capture the committed result, resource version, or run status. 4. Compare the result with the source fixture and the declared invariant. 5. Repeat or recover the operation when applicable; verify access, audit evidence, and side effects.","The platform must correctly store a synthetic memory with scoped identifier; the empty input condition follows the configured contract; valid state is preserved, invalid or unauthorized work is rejected or quarantined without silent loss, retries do not duplicate side effects, lineage and audit evidence remain available, and no production records or credentials are used.",Playwright + platform UI/API,"crewai,market-platform,synthetic-data,memory,empty-input"
CrewAI,Memory and State,CRW-MEMORY-00012,Memory and State: retrieve only memories allowed for the tenant (empty input),CrewAI: retrieve only memories allowed for the tenant with empty input,Functional,High,Non-production tenant or isolated local fixture; synthetic records only; Use an empty source or namespace and verify defined empty-result behavior. ,"1. Create a disposable, versioned synthetic fixture: Use an empty source or namespace and verify defined empty-result behavior. 2. Execute the platform workflow to retrieve only memories allowed for the tenant. 3. Capture the committed result, resource version, or run status. 4. Compare the result with the source fixture and the declared invariant. 5. Repeat or recover the operation when applicable; verify access, audit evidence, and side effects.","The platform must correctly retrieve only memories allowed for the tenant; the empty input condition follows the configured contract; valid state is preserved, invalid or unauthorized work is rejected or quarantined without silent loss, retries do not duplicate side effects, lineage and audit evidence remain available, and no production records or credentials are used.",Playwright + platform UI/API,"crewai,market-platform,synthetic-data,memory,empty-input"
CrewAI,Memory and State,CRW-MEMORY-00013,Memory and State: isolate memory across user and project scopes (empty input),CrewAI: isolate memory across user and project scopes with empty input,Functional,Medium,Non-production tenant or isolated local fixture; synthetic records only; Use an empty source or namespace and verify defined empty-result behavior. ,"1. Create a disposable, versioned synthetic fixture: Use an empty source or namespace and verify defined empty-result behavior. 2. Execute the platform workflow to isolate memory across user and project scopes. 3. Capture the committed result, resource version, or run status. 4. Compare the result with the source fixture and the declared invariant. 5. Repeat or recover the operation when applicable; verify access, audit evidence, and side effects.","The platform must correctly isolate memory across user and project scopes; the empty input condition follows the configured contract; valid state is preserved, invalid or unauthorized work is rejected or quarantined without silent loss, retries do not duplicate side effects, lineage and audit evidence remain available, and no production records or credentials are used.",Playwright + platform UI/API,"crewai,market-platform,synthetic-data,memory,empty-input"
CrewAI,Memory and State,CRW-MEMORY-00014,Memory and State: expire entries at configured retention boundary (empty input),CrewAI: expire entries at configured retention boundary with empty input,Functional,High,Non-production tenant or isolated local fixture; synthetic records only; Use an empty source or namespace and verify defined empty-result behavior. ,"1. Create a disposable, versioned synthetic fixture: Use an empty source or namespace and verify defined empty-result behavior. 2. Execute the platform workflow to expire entries at configured retention boundary. 3. Capture the committed result, resource version, or run status. 4. Compare the result with the source fixture and the declared invariant. 5. Repeat or recover the operation when applicable; verify access, audit evidence, and side effects.","The platform must correctly expire entries at configured retention boundary; the empty input condition follows the configured contract; valid state is preserved, invalid or unauthorized work is rejected or quarantined without silent loss, retries do not duplicate side effects, lineage and audit evidence remain available, and no production records or credentials are used.",Playwright + platform UI/API,"crewai,market-platform,synthetic-data,memory,empty-input"
CrewAI,Memory and State,CRW-MEMORY-00015,Memory and State: deduplicate writes by stable key (empty input),CrewAI: deduplicate writes by stable key with empty input,Functional,High,Non-production tenant or isolated local fixture; synthetic records only; Use an empty source or namespace and verify defined empty-result behavior. ,"1. Create a disposable, versioned synthetic fixture: Use an empty source or namespace and verify defined empty-result behavior. 2. Execute the platform workflow to deduplicate writes by stable key. 3. Capture the committed result, resource version, or run status. 4. Compare the result with the source fixture and the declared invariant. 5. Repeat or recover the operation when applicable; verify access, audit evidence, and side effects.","The platform must correctly deduplicate writes by stable key; the empty input condition follows the configured contract; valid state is preserved, invalid or unauthorized work is rejected or quarantined without silent loss, retries do not duplicate side effects, lineage and audit evidence remain available, and no production records or credentials are used.",Playwright + platform UI/API,"crewai,market-platform,synthetic-data,memory,empty-input"
CrewAI,Memory and State,CRW-MEMORY-00016,Memory and State: handle missing memory service without fabricated facts (empty input),CrewAI: handle missing memory service without fabricated facts with empty input,Functional,High,Non-production tenant or isolated local fixture; synthetic records only; Use an empty source or namespace and verify defined empty-result behavior. ,"1. Create a disposable, versioned synthetic fixture: Use an empty source or namespace and verify defined empty-result behavior. 2. Execute the platform workflow to handle missing memory service without fabricated facts. 3. Capture the committed result, resource version, or run status. 4. Compare the result with the source fixture and the declared invariant. 5. Repeat or recover the operation when applicable; verify access, audit evidence, and side effects.","The platform must correctly handle missing memory service without fabricated facts; the empty input condition follows the configured contract; valid state is preserved, invalid or unauthorized work is rejected or quarantined without silent loss, retries do not duplicate side effects, lineage and audit evidence remain available, and no production records or credentials are used.",Playwright + platform UI/API,"crewai,market-platform,synthetic-data,memory,empty-input"
CrewAI,Memory and State,CRW-MEMORY-00017,Memory and State: update memory without losing audit history (empty input),CrewAI: update memory without losing audit history with empty input,Functional,Medium,Non-production tenant or isolated local fixture; synthetic records only; Use an empty source or namespace and verify defined empty-result behavior. ,"1. Create a disposable, versioned synthetic fixture: Use an empty source or namespace and verify defined empty-result behavior. 2. Execute the platform workflow to update memory without losing audit history. 3. Capture the committed result, resource version, or run status. 4. Compare the result with the source fixture and the declared invariant. 5. Repeat or recover the operation when applicable; verify access, audit evidence, and side effects.","The platform must correctly update memory without losing audit history; the empty input condition follows the configured contract; valid state is preserved, invalid or unauthorized work is rejected or quarantined without silent loss, retries do not duplicate side effects, lineage and audit evidence remain available, and no production records or credentials are used.",Playwright + platform UI/API,"crewai,market-platform,synthetic-data,memory,empty-input"
CrewAI,Memory and State,CRW-MEMORY-00018,Memory and State: prevent prompt text from reading another tenant's memory (empty input),CrewAI: prevent prompt text from reading another tenant's memory with empty input,Functional,High,Non-production tenant or isolated local fixture; synthetic records only; Use an empty source or namespace and verify defined empty-result behavior. ,"1. Create a disposable, versioned synthetic fixture: Use an empty source or namespace and verify defined empty-result behavior. 2. Execute the platform workflow to prevent prompt text from reading another tenant's memory. 3. Capture the committed result, resource version, or run status. 4. Compare the result with the source fixture and the declared invariant. 5. Repeat or recover the operation when applicable; verify access, audit evidence, and side effects.","The platform must correctly prevent prompt text from reading another tenant's memory; the empty input condition follows the configured contract; valid state is preserved, invalid or unauthorized work is rejected or quarantined without silent loss, retries do not duplicate side effects, lineage and audit evidence remain available, and no production records or credentials are used.",Playwright + platform UI/API,"crewai,market-platform,synthetic-data,memory,empty-input"
CrewAI,Memory and State,CRW-MEMORY-00019,Memory and State: replay run with fixed memory snapshot (empty input),CrewAI: replay run with fixed memory snapshot with empty input,Functional,High,Non-production tenant or isolated local fixture; synthetic records only; Use an empty source or namespace and verify defined empty-result behavior. ,"1. Create a disposable, versioned synthetic fixture: Use an empty source or namespace and verify defined empty-result behavior. 2. Execute the platform workflow to replay run with fixed memory snapshot. 3. Capture the committed result, resource version, or run status. 4. Compare the result with the source fixture and the declared invariant. 5. Repeat or recover the operation when applicable; verify access, audit evidence, and side effects.","The platform must correctly replay run with fixed memory snapshot; the empty input condition follows the configured contract; valid state is preserved, invalid or unauthorized work is rejected or quarantined without silent loss, retries do not duplicate side effects, lineage and audit evidence remain available, and no production records or credentials are used.",Playwright + platform UI/API,"crewai,market-platform,synthetic-data,memory,empty-input"
CrewAI,Memory and State,CRW-MEMORY-00020,Memory and State: audit memory lifecycle operations (empty input),CrewAI: audit memory lifecycle operations with empty input,Functional,High,Non-production tenant or isolated local fixture; synthetic records only; Use an empty source or namespace and verify defined empty-result behavior. ,"1. Create a disposable, versioned synthetic fixture: Use an empty source or namespace and verify defined empty-result behavior. 2. Execute the platform workflow to audit memory lifecycle operations. 3. Capture the committed result, resource version, or run status. 4. Compare the result with the source fixture and the declared invariant. 5. Repeat or recover the operation when applicable; verify access, audit evidence, and side effects.","The platform must correctly audit memory lifecycle operations; the empty input condition follows the configured contract; valid state is preserved, invalid or unauthorized work is rejected or quarantined without silent loss, retries do not duplicate side effects, lineage and audit evidence remain available, and no production records or credentials are used.",Playwright + platform UI/API,"crewai,market-platform,synthetic-data,memory,empty-input"
CrewAI,Memory and State,CRW-MEMORY-00021,Memory and State: store a synthetic memory with scoped identifier (single record),CrewAI: store a synthetic memory with scoped identifier with single record,Functional,Medium,Non-production tenant or isolated local fixture; synthetic records only; Use one valid synthetic record and verify the smallest non-empty result. ,"1. Create a disposable, versioned synthetic fixture: Use one valid synthetic record and verify the smallest non-empty result. 2. Execute the platform workflow to store a synthetic memory with scoped identifier. 3. Capture the committed result, resource version, or run status. 4. Compare the result with the source fixture and the declared invariant. 5. Repeat or recover the operation when applicable; verify access, audit evidence, and side effects.","The platform must correctly store a synthetic memory with scoped identifier; the single record condition follows the configured contract; valid state is preserved, invalid or unauthorized work is rejected or quarantined without silent loss, retries do not duplicate side effects, lineage and audit evidence remain available, and no production records or credentials are used.",Playwright + platform UI/API,"crewai,market-platform,synthetic-data,memory,single-record"
CrewAI,Memory and State,CRW-MEMORY-00022,Memory and State: retrieve only memories allowed for the tenant (single record),CrewAI: retrieve only memories allowed for the tenant with single record,Functional,High,Non-production tenant or isolated local fixture; synthetic records only; Use one valid synthetic record and verify the smallest non-empty result. ,"1. Create a disposable, versioned synthetic fixture: Use one valid synthetic record and verify the smallest non-empty result. 2. Execute the platform workflow to retrieve only memories allowed for the tenant. 3. Capture the committed result, resource version, or run status. 4. Compare the result with the source fixture and the declared invariant. 5. Repeat or recover the operation when applicable; verify access, audit evidence, and side effects.","The platform must correctly retrieve only memories allowed for the tenant; the single record condition follows the configured contract; valid state is preserved, invalid or unauthorized work is rejected or quarantined without silent loss, retries do not duplicate side effects, lineage and audit evidence remain available, and no production records or credentials are used.",Playwright + platform UI/API,"crewai,market-platform,synthetic-data,memory,single-record"
CrewAI,Memory and State,CRW-MEMORY-00023,Memory and State: isolate memory across user and project scopes (single record),CrewAI: isolate memory across user and project scopes with single record,Functional,High,Non-production tenant or isolated local fixture; synthetic records only; Use one valid synthetic record and verify the smallest non-empty result. ,"1. Create a disposable, versioned synthetic fixture: Use one valid synthetic record and verify the smallest non-empty result. 2. Execute the platform workflow to isolate memory across user and project scopes. 3. Capture the committed result, resource version, or run status. 4. Compare the result with the source fixture and the declared invariant. 5. Repeat or recover the operation when applicable; verify access, audit evidence, and side effects.","The platform must correctly isolate memory across user and project scopes; the single record condition follows the configured contract; valid state is preserved, invalid or unauthorized work is rejected or quarantined without silent loss, retries do not duplicate side effects, lineage and audit evidence remain available, and no production records or credentials are used.",Playwright + platform UI/API,"crewai,market-platform,synthetic-data,memory,single-record"
CrewAI,Memory and State,CRW-MEMORY-00024,Memory and State: expire entries at configured retention boundary (single record),CrewAI: expire entries at configured retention boundary with single record,Functional,High,Non-production tenant or isolated local fixture; synthetic records only; Use one valid synthetic record and verify the smallest non-empty result. ,"1. Create a disposable, versioned synthetic fixture: Use one valid synthetic record and verify the smallest non-empty result. 2. Execute the platform workflow to expire entries at configured retention boundary. 3. Capture the committed result, resource version, or run status. 4. Compare the result with the source fixture and the declared invariant. 5. Repeat or recover the operation when applicable; verify access, audit evidence, and side effects.","The platform must correctly expire entries at configured retention boundary; the single record condition follows the configured contract; valid state is preserved, invalid or unauthorized work is rejected or quarantined without silent loss, retries do not duplicate side effects, lineage and audit evidence remain available, and no production records or credentials are used.",Playwright + platform UI/API,"crewai,market-platform,synthetic-data,memory,single-record"
CrewAI,Memory and State,CRW-MEMORY-00025,Memory and State: deduplicate writes by stable key (single record),CrewAI: deduplicate writes by stable key with single record,Functional,Medium,Non-production tenant or isolated local fixture; synthetic records only; Use one valid synthetic record and verify the smallest non-empty result. ,"1. Create a disposable, versioned synthetic fixture: Use one valid synthetic record and verify the smallest non-empty result. 2. Execute the platform workflow to deduplicate writes by stable key. 3. Capture the committed result, resource version, or run status. 4. Compare the result with the source fixture and the declared invariant. 5. Repeat or recover the operation when applicable; verify access, audit evidence, and side effects.","The platform must correctly deduplicate writes by stable key; the single record condition follows the configured contract; valid state is preserved, invalid or unauthorized work is rejected or quarantined without silent loss, retries do not duplicate side effects, lineage and audit evidence remain available, and no production records or credentials are used.",Playwright + platform UI/API,"crewai,market-platform,synthetic-data,memory,single-record"
CrewAI,Memory and State,CRW-MEMORY-00026,Memory and State: handle missing memory service without fabricated facts (single record),CrewAI: handle missing memory service without fabricated facts with single record,Functional,High,Non-production tenant or isolated local fixture; synthetic records only; Use one valid synthetic record and verify the smallest non-empty result. ,"1. Create a disposable, versioned synthetic fixture: Use one valid synthetic record and verify the smallest non-empty result. 2. Execute the platform workflow to handle missing memory service without fabricated facts. 3. Capture the committed result, resource version, or run status. 4. Compare the result with the source fixture and the declared invariant. 5. Repeat or recover the operation when applicable; verify access, audit evidence, and side effects.","The platform must correctly handle missing memory service without fabricated facts; the single record condition follows the configured contract; valid state is preserved, invalid or unauthorized work is rejected or quarantined without silent loss, retries do not duplicate side effects, lineage and audit evidence remain available, and no production records or credentials are used.",Playwright + platform UI/API,"crewai,market-platform,synthetic-data,memory,single-record"
CrewAI,Memory and State,CRW-MEMORY-00027,Memory and State: update memory without losing audit history (single record),CrewAI: update memory without losing audit history with single record,Functional,High,Non-production tenant or isolated local fixture; synthetic records only; Use one valid synthetic record and verify the smallest non-empty result. ,"1. Create a disposable, versioned synthetic fixture: Use one valid synthetic record and verify the smallest non-empty result. 2. Execute the platform workflow to update memory without losing audit history. 3. Capture the committed result, resource version, or run status. 4. Compare the result with the source fixture and the declared invariant. 5. Repeat or recover the operation when applicable; verify access, audit evidence, and side effects.","The platform must correctly update memory without losing audit history; the single record condition follows the configured contract; valid state is preserved, invalid or unauthorized work is rejected or quarantined without silent loss, retries do not duplicate side effects, lineage and audit evidence remain available, and no production records or credentials are used.",Playwright + platform UI/API,"crewai,market-platform,synthetic-data,memory,single-record"
CrewAI,Memory and State,CRW-MEMORY-00028,Memory and State: prevent prompt text from reading another tenant's memory (single record),CrewAI: prevent prompt text from reading another tenant's memory with single record,Functional,High,Non-production tenant or isolated local fixture; synthetic records only; Use one valid synthetic record and verify the smallest non-empty result. ,"1. Create a disposable, versioned synthetic fixture: Use one valid synthetic record and verify the smallest non-empty result. 2. Execute the platform workflow to prevent prompt text from reading another tenant's memory. 3. Capture the committed result, resource version, or run status. 4. Compare the result with the source fixture and the declared invariant. 5. Repeat or recover the operation when applicable; verify access, audit evidence, and side effects.","The platform must correctly prevent prompt text from reading another tenant's memory; the single record condition follows the configured contract; valid state is preserved, invalid or unauthorized work is rejected or quarantined without silent loss, retries do not duplicate side effects, lineage and audit evidence remain available, and no production records or credentials are used.",Playwright + platform UI/API,"crewai,market-platform,synthetic-data,memory,single-record"
CrewAI,Memory and State,CRW-MEMORY-00029,Memory and State: replay run with fixed memory snapshot (single record),CrewAI: replay run with fixed memory snapshot with single record,Functional,Medium,Non-production tenant or isolated local fixture; synthetic records only; Use one valid synthetic record and verify the smallest non-empty result. ,"1. Create a disposable, versioned synthetic fixture: Use one valid synthetic record and verify the smallest non-empty result. 2. Execute the platform workflow to replay run with fixed memory snapshot. 3. Capture the committed result, resource version, or run status. 4. Compare the result with the source fixture and the declared invariant. 5. Repeat or recover the operation when applicable; verify access, audit evidence, and side effects.","The platform must correctly replay run with fixed memory snapshot; the single record condition follows the configured contract; valid state is preserved, invalid or unauthorized work is rejected or quarantined without silent loss, retries do not duplicate side effects, lineage and audit evidence remain available, and no production records or credentials are used.",Playwright + platform UI/API,"crewai,market-platform,synthetic-data,memory,single-record"
CrewAI,Memory and State,CRW-MEMORY-00030,Memory and State: audit memory lifecycle operations (single record),CrewAI: audit memory lifecycle operations with single record,Functional,High,Non-production tenant or isolated local fixture; synthetic records only; Use one valid synthetic record and verify the smallest non-empty result. ,"1. Create a disposable, versioned synthetic fixture: Use one valid synthetic record and verify the smallest non-empty result. 2. Execute the platform workflow to audit memory lifecycle operations. 3. Capture the committed result, resource version, or run status. 4. Compare the result with the source fixture and the declared invariant. 5. Repeat or recover the operation when applicable; verify access, audit evidence, and side effects.","The platform must correctly audit memory lifecycle operations; the single record condition follows the configured contract; valid state is preserved, invalid or unauthorized work is rejected or quarantined without silent loss, retries do not duplicate side effects, lineage and audit evidence remain available, and no production records or credentials are used.",Playwright + platform UI/API,"crewai,market-platform,synthetic-data,memory,single-record"
CrewAI,Memory and State,CRW-MEMORY-00031,Memory and State: store a synthetic memory with scoped identifier (duplicate key),CrewAI: store a synthetic memory with scoped identifier with duplicate key,Functional,High,Non-production tenant or isolated local fixture; synthetic records only; Submit a duplicate business key and verify the declared deduplication or rejection rule. ,"1. Create a disposable, versioned synthetic fixture: Submit a duplicate business key and verify the declared deduplication or rejection rule. 2. Execute the platform workflow to store a synthetic memory with scoped identifier. 3. Capture the committed result, resource version, or run status. 4. Compare the result with the source fixture and the declared invariant. 5. Repeat or recover the operation when applicable; verify access, audit evidence, and side effects.","The platform must correctly store a synthetic memory with scoped identifier; the duplicate key condition follows the configured contract; valid state is preserved, invalid or unauthorized work is rejected or quarantined without silent loss, retries do not duplicate side effects, lineage and audit evidence remain available, and no production records or credentials are used.",Playwright + platform UI/API,"crewai,market-platform,synthetic-data,memory,duplicate-key"
CrewAI,Memory and State,CRW-MEMORY-00032,Memory and State: retrieve only memories allowed for the tenant (duplicate key),CrewAI: retrieve only memories allowed for the tenant with duplicate key,Functional,High,Non-production tenant or isolated local fixture; synthetic records only; Submit a duplicate business key and verify the declared deduplication or rejection rule. ,"1. Create a disposable, versioned synthetic fixture: Submit a duplicate business key and verify the declared deduplication or rejection rule. 2. Execute the platform workflow to retrieve only memories allowed for the tenant. 3. Capture the committed result, resource version, or run status. 4. Compare the result with the source fixture and the declared invariant. 5. Repeat or recover the operation when applicable; verify access, audit evidence, and side effects.","The platform must correctly retrieve only memories allowed for the tenant; the duplicate key condition follows the configured contract; valid state is preserved, invalid or unauthorized work is rejected or quarantined without silent loss, retries do not duplicate side effects, lineage and audit evidence remain available, and no production records or credentials are used.",Playwright + platform UI/API,"crewai,market-platform,synthetic-data,memory,duplicate-key"
CrewAI,Memory and State,CRW-MEMORY-00033,Memory and State: isolate memory across user and project scopes (duplicate key),CrewAI: isolate memory across user and project scopes with duplicate key,Functional,Medium,Non-production tenant or isolated local fixture; synthetic records only; Submit a duplicate business key and verify the declared deduplication or rejection rule. ,"1. Create a disposable, versioned synthetic fixture: Submit a duplicate business key and verify the declared deduplication or rejection rule. 2. Execute the platform workflow to isolate memory across user and project scopes. 3. Capture the committed result, resource version, or run status. 4. Compare the result with the source fixture and the declared invariant. 5. Repeat or recover the operation when applicable; verify access, audit evidence, and side effects.","The platform must correctly isolate memory across user and project scopes; the duplicate key condition follows the configured contract; valid state is preserved, invalid or unauthorized work is rejected or quarantined without silent loss, retries do not duplicate side effects, lineage and audit evidence remain available, and no production records or credentials are used.",Playwright + platform UI/API,"crewai,market-platform,synthetic-data,memory,duplicate-key"
CrewAI,Memory and State,CRW-MEMORY-00034,Memory and State: expire entries at configured retention boundary (duplicate key),CrewAI: expire entries at configured retention boundary with duplicate key,Functional,High,Non-production tenant or isolated local fixture; synthetic records only; Submit a duplicate business key and verify the declared deduplication or rejection rule. ,"1. Create a disposable, versioned synthetic fixture: Submit a duplicate business key and verify the declared deduplication or rejection rule. 2. Execute the platform workflow to expire entries at configured retention boundary. 3. Capture the committed result, resource version, or run status. 4. Compare the result with the source fixture and the declared invariant. 5. Repeat or recover the operation when applicable; verify access, audit evidence, and side effects.","The platform must correctly expire entries at configured retention boundary; the duplicate key condition follows the configured contract; valid state is preserved, invalid or unauthorized work is rejected or quarantined without silent loss, retries do not duplicate side effects, lineage and audit evidence remain available, and no production records or credentials are used.",Playwright + platform UI/API,"crewai,market-platform,synthetic-data,memory,duplicate-key"
CrewAI,Memory and State,CRW-MEMORY-00035,Memory and State: deduplicate writes by stable key (duplicate key),CrewAI: deduplicate writes by stable key with duplicate key,Functional,High,Non-production tenant or isolated local fixture; synthetic records only; Submit a duplicate business key and verify the declared deduplication or rejection rule. ,"1. Create a disposable, versioned synthetic fixture: Submit a duplicate business key and verify the declared deduplication or rejection rule. 2. Execute the platform workflow to deduplicate writes by stable key. 3. Capture the committed result, resource version, or run status. 4. Compare the result with the source fixture and the declared invariant. 5. Repeat or recover the operation when applicable; verify access, audit evidence, and side effects.","The platform must correctly deduplicate writes by stable key; the duplicate key condition follows the configured contract; valid state is preserved, invalid or unauthorized work is rejected or quarantined without silent loss, retries do not duplicate side effects, lineage and audit evidence remain available, and no production records or credentials are used.",Playwright + platform UI/API,"crewai,market-platform,synthetic-data,memory,duplicate-key"
CrewAI,Memory and State,CRW-MEMORY-00036,Memory and State: handle missing memory service without fabricated facts (duplicate key),CrewAI: handle missing memory service without fabricated facts with duplicate key,Functional,High,Non-production tenant or isolated local fixture; synthetic records only; Submit a duplicate business key and verify the declared deduplication or rejection rule. ,"1. Create a disposable, versioned synthetic fixture: Submit a duplicate business key and verify the declared deduplication or rejection rule. 2. Execute the platform workflow to handle missing memory service without fabricated facts. 3. Capture the committed result, resource version, or run status. 4. Compare the result with the source fixture and the declared invariant. 5. Repeat or recover the operation when applicable; verify access, audit evidence, and side effects.","The platform must correctly handle missing memory service without fabricated facts; the duplicate key condition follows the configured contract; valid state is preserved, invalid or unauthorized work is rejected or quarantined without silent loss, retries do not duplicate side effects, lineage and audit evidence remain available, and no production records or credentials are used.",Playwright + platform UI/API,"crewai,market-platform,synthetic-data,memory,duplicate-key"
CrewAI,Memory and State,CRW-MEMORY-00037,Memory and State: update memory without losing audit history (duplicate key),CrewAI: update memory without losing audit history with duplicate key,Functional,Medium,Non-production tenant or isolated local fixture; synthetic records only; Submit a duplicate business key and verify the declared deduplication or rejection rule. ,"1. Create a disposable, versioned synthetic fixture: Submit a duplicate business key and verify the declared deduplication or rejection rule. 2. Execute the platform workflow to update memory without losing audit history. 3. Capture the committed result, resource version, or run status. 4. Compare the result with the source fixture and the declared invariant. 5. Repeat or recover the operation when applicable; verify access, audit evidence, and side effects.","The platform must correctly update memory without losing audit history; the duplicate key condition follows the configured contract; valid state is preserved, invalid or unauthorized work is rejected or quarantined without silent loss, retries do not duplicate side effects, lineage and audit evidence remain available, and no production records or credentials are used.",Playwright + platform UI/API,"crewai,market-platform,synthetic-data,memory,duplicate-key"
CrewAI,Memory and State,CRW-MEMORY-00038,Memory and State: prevent prompt text from reading another tenant's memory (duplicate key),CrewAI: prevent prompt text from reading another tenant's memory with duplicate key,Functional,High,Non-production tenant or isolated local fixture; synthetic records only; Submit a duplicate business key and verify the declared deduplication or rejection rule. ,"1. Create a disposable, versioned synthetic fixture: Submit a duplicate business key and verify the declared deduplication or rejection rule. 2. Execute the platform workflow to prevent prompt text from reading another tenant's memory. 3. Capture the committed result, resource version, or run status. 4. Compare the result with the source fixture and the declared invariant. 5. Repeat or recover the operation when applicable; verify access, audit evidence, and side effects.","The platform must correctly prevent prompt text from reading another tenant's memory; the duplicate key condition follows the configured contract; valid state is preserved, invalid or unauthorized work is rejected or quarantined without silent loss, retries do not duplicate side effects, lineage and audit evidence remain available, and no production records or credentials are used.",Playwright + platform UI/API,"crewai,market-platform,synthetic-data,memory,duplicate-key"
CrewAI,Memory and State,CRW-MEMORY-00039,Memory and State: replay run with fixed memory snapshot (duplicate key),CrewAI: replay run with fixed memory snapshot with duplicate key,Functional,High,Non-production tenant or isolated local fixture; synthetic records only; Submit a duplicate business key and verify the declared deduplication or rejection rule. ,"1. Create a disposable, versioned synthetic fixture: Submit a duplicate business key and verify the declared deduplication or rejection rule. 2. Execute the platform workflow to replay run with fixed memory snapshot. 3. Capture the committed result, resource version, or run status. 4. Compare the result with the source fixture and the declared invariant. 5. Repeat or recover the operation when applicable; verify access, audit evidence, and side effects.","The platform must correctly replay run with fixed memory snapshot; the duplicate key condition follows the configured contract; valid state is preserved, invalid or unauthorized work is rejected or quarantined without silent loss, retries do not duplicate side effects, lineage and audit evidence remain available, and no production records or credentials are used.",Playwright + platform UI/API,"crewai,market-platform,synthetic-data,memory,duplicate-key"
CrewAI,Memory and State,CRW-MEMORY-00040,Memory and State: audit memory lifecycle operations (duplicate key),CrewAI: audit memory lifecycle operations with duplicate key,Functional,High,Non-production tenant or isolated local fixture; synthetic records only; Submit a duplicate business key and verify the declared deduplication or rejection rule. ,"1. Create a disposable, versioned synthetic fixture: Submit a duplicate business key and verify the declared deduplication or rejection rule. 2. Execute the platform workflow to audit memory lifecycle operations. 3. Capture the committed result, resource version, or run status. 4. Compare the result with the source fixture and the declared invariant. 5. Repeat or recover the operation when applicable; verify access, audit evidence, and side effects.","The platform must correctly audit memory lifecycle operations; the duplicate key condition follows the configured contract; valid state is preserved, invalid or unauthorized work is rejected or quarantined without silent loss, retries do not duplicate side effects, lineage and audit evidence remain available, and no production records or credentials are used.",Playwright + platform UI/API,"crewai,market-platform,synthetic-data,memory,duplicate-key"
CrewAI,Memory and State,CRW-MEMORY-00041,Memory and State: store a synthetic memory with scoped identifier (nullable optional field),CrewAI: store a synthetic memory with scoped identifier with nullable optional field,Functional,Medium,Non-production tenant or isolated local fixture; synthetic records only; Set optional fields to null while retaining all required identifiers. ,"1. Create a disposable, versioned synthetic fixture: Set optional fields to null while retaining all required identifiers. 2. Execute the platform workflow to store a synthetic memory with scoped identifier. 3. Capture the committed result, resource version, or run status. 4. Compare the result with the source fixture and the declared invariant. 5. Repeat or recover the operation when applicable; verify access, audit evidence, and side effects.","The platform must correctly store a synthetic memory with scoped identifier; the nullable optional field condition follows the configured contract; valid state is preserved, invalid or unauthorized work is rejected or quarantined without silent loss, retries do not duplicate side effects, lineage and audit evidence remain available, and no production records or credentials are used.",Playwright + platform UI/API,"crewai,market-platform,synthetic-data,memory,nullable-optional-field"
CrewAI,Memory and State,CRW-MEMORY-00042,Memory and State: retrieve only memories allowed for the tenant (nullable optional field),CrewAI: retrieve only memories allowed for the tenant with nullable optional field,Functional,High,Non-production tenant or isolated local fixture; synthetic records only; Set optional fields to null while retaining all required identifiers. ,"1. Create a disposable, versioned synthetic fixture: Set optional fields to null while retaining all required identifiers. 2. Execute the platform workflow to retrieve only memories allowed for the tenant. 3. Capture the committed result, resource version, or run status. 4. Compare the result with the source fixture and the declared invariant. 5. Repeat or recover the operation when applicable; verify access, audit evidence, and side effects.","The platform must correctly retrieve only memories allowed for the tenant; the nullable optional field condition follows the configured contract; valid state is preserved, invalid or unauthorized work is rejected or quarantined without silent loss, retries do not duplicate side effects, lineage and audit evidence remain available, and no production records or credentials are used.",Playwright + platform UI/API,"crewai,market-platform,synthetic-data,memory,nullable-optional-field"
CrewAI,Memory and State,CRW-MEMORY-00043,Memory and State: isolate memory across user and project scopes (nullable optional field),CrewAI: isolate memory across user and project scopes with nullable optional field,Functional,High,Non-production tenant or isolated local fixture; synthetic records only; Set optional fields to null while retaining all required identifiers. ,"1. Create a disposable, versioned synthetic fixture: Set optional fields to null while retaining all required identifiers. 2. Execute the platform workflow to isolate memory across user and project scopes. 3. Capture the committed result, resource version, or run status. 4. Compare the result with the source fixture and the declared invariant. 5. Repeat or recover the operation when applicable; verify access, audit evidence, and side effects.","The platform must correctly isolate memory across user and project scopes; the nullable optional field condition follows the configured contract; valid state is preserved, invalid or unauthorized work is rejected or quarantined without silent loss, retries do not duplicate side effects, lineage and audit evidence remain available, and no production records or credentials are used.",Playwright + platform UI/API,"crewai,market-platform,synthetic-data,memory,nullable-optional-field"
CrewAI,Memory and State,CRW-MEMORY-00044,Memory and State: expire entries at configured retention boundary (nullable optional field),CrewAI: expire entries at configured retention boundary with nullable optional field,Functional,High,Non-production tenant or isolated local fixture; synthetic records only; Set optional fields to null while retaining all required identifiers. ,"1. Create a disposable, versioned synthetic fixture: Set optional fields to null while retaining all required identifiers. 2. Execute the platform workflow to expire entries at configured retention boundary. 3. Capture the committed result, resource version, or run status. 4. Compare the result with the source fixture and the declared invariant. 5. Repeat or recover the operation when applicable; verify access, audit evidence, and side effects.","The platform must correctly expire entries at configured retention boundary; the nullable optional field condition follows the configured contract; valid state is preserved, invalid or unauthorized work is rejected or quarantined without silent loss, retries do not duplicate side effects, lineage and audit evidence remain available, and no production records or credentials are used.",Playwright + platform UI/API,"crewai,market-platform,synthetic-data,memory,nullable-optional-field"
CrewAI,Memory and State,CRW-MEMORY-00045,Memory and State: deduplicate writes by stable key (nullable optional field),CrewAI: deduplicate writes by stable key with nullable optional field,Functional,Medium,Non-production tenant or isolated local fixture; synthetic records only; Set optional fields to null while retaining all required identifiers. ,"1. Create a disposable, versioned synthetic fixture: Set optional fields to null while retaining all required identifiers. 2. Execute the platform workflow to deduplicate writes by stable key. 3. Capture the committed result, resource version, or run status. 4. Compare the result with the source fixture and the declared invariant. 5. Repeat or recover the operation when applicable; verify access, audit evidence, and side effects.","The platform must correctly deduplicate writes by stable key; the nullable optional field condition follows the configured contract; valid state is preserved, invalid or unauthorized work is rejected or quarantined without silent loss, retries do not duplicate side effects, lineage and audit evidence remain available, and no production records or credentials are used.",Playwright + platform UI/API,"crewai,market-platform,synthetic-data,memory,nullable-optional-field"
CrewAI,Memory and State,CRW-MEMORY-00046,Memory and State: handle missing memory service without fabricated facts (nullable optional field),CrewAI: handle missing memory service without fabricated facts with nullable optional field,Functional,High,Non-production tenant or isolated local fixture; synthetic records only; Set optional fields to null while retaining all required identifiers. ,"1. Create a disposable, versioned synthetic fixture: Set optional fields to null while retaining all required identifiers. 2. Execute the platform workflow to handle missing memory service without fabricated facts. 3. Capture the committed result, resource version, or run status. 4. Compare the result with the source fixture and the declared invariant. 5. Repeat or recover the operation when applicable; verify access, audit evidence, and side effects.","The platform must correctly handle missing memory service without fabricated facts; the nullable optional field condition follows the configured contract; valid state is preserved, invalid or unauthorized work is rejected or quarantined without silent loss, retries do not duplicate side effects, lineage and audit evidence remain available, and no production records or credentials are used.",Playwright + platform UI/API,"crewai,market-platform,synthetic-data,memory,nullable-optional-field"
CrewAI,Memory and State,CRW-MEMORY-00047,Memory and State: update memory without losing audit history (nullable optional field),CrewAI: update memory without losing audit history with nullable optional field,Functional,High,Non-production tenant or isolated local fixture; synthetic records only; Set optional fields to null while retaining all required identifiers. ,"1. Create a disposable, versioned synthetic fixture: Set optional fields to null while retaining all required identifiers. 2. Execute the platform workflow to update memory without losing audit history. 3. Capture the committed result, resource version, or run status. 4. Compare the result with the source fixture and the declared invariant. 5. Repeat or recover the operation when applicable; verify access, audit evidence, and side effects.","The platform must correctly update memory without losing audit history; the nullable optional field condition follows the configured contract; valid state is preserved, invalid or unauthorized work is rejected or quarantined without silent loss, retries do not duplicate side effects, lineage and audit evidence remain available, and no production records or credentials are used.",Playwright + platform UI/API,"crewai,market-platform,synthetic-data,memory,nullable-optional-field"
CrewAI,Memory and State,CRW-MEMORY-00048,Memory and State: prevent prompt text from reading another tenant's memory (nullable optional field),CrewAI: prevent prompt text from reading another tenant's memory with nullable optional field,Functional,High,Non-production tenant or isolated local fixture; synthetic records only; Set optional fields to null while retaining all required identifiers. ,"1. Create a disposable, versioned synthetic fixture: Set optional fields to null while retaining all required identifiers. 2. Execute the platform workflow to prevent prompt text from reading another tenant's memory. 3. Capture the committed result, resource version, or run status. 4. Compare the result with the source fixture and the declared invariant. 5. Repeat or recover the operation when applicable; verify access, audit evidence, and side effects.","The platform must correctly prevent prompt text from reading another tenant's memory; the nullable optional field condition follows the configured contract; valid state is preserved, invalid or unauthorized work is rejected or quarantined without silent loss, retries do not duplicate side effects, lineage and audit evidence remain available, and no production records or credentials are used.",Playwright + platform UI/API,"crewai,market-platform,synthetic-data,memory,nullable-optional-field"
CrewAI,Memory and State,CRW-MEMORY-00049,Memory and State: replay run with fixed memory snapshot (nullable optional field),CrewAI: replay run with fixed memory snapshot with nullable optional field,Functional,Medium,Non-production tenant or isolated local fixture; synthetic records only; Set optional fields to null while retaining all required identifiers. ,"1. Create a disposable, versioned synthetic fixture: Set optional fields to null while retaining all required identifiers. 2. Execute the platform workflow to replay run with fixed memory snapshot. 3. Capture the committed result, resource version, or run status. 4. Compare the result with the source fixture and the declared invariant. 5. Repeat or recover the operation when applicable; verify access, audit evidence, and side effects.","The platform must correctly replay run with fixed memory snapshot; the nullable optional field condition follows the configured contract; valid state is preserved, invalid or unauthorized work is rejected or quarantined without silent loss, retries do not duplicate side effects, lineage and audit evidence remain available, and no production records or credentials are used.",Playwright + platform UI/API,"crewai,market-platform,synthetic-data,memory,nullable-optional-field"
CrewAI,Memory and State,CRW-MEMORY-00050,Memory and State: audit memory lifecycle operations (nullable optional field),CrewAI: audit memory lifecycle operations with nullable optional field,Functional,High,Non-production tenant or isolated local fixture; synthetic records only; Set optional fields to null while retaining all required identifiers. ,"1. Create a disposable, versioned synthetic fixture: Set optional fields to null while retaining all required identifiers. 2. Execute the platform workflow to audit memory lifecycle operations. 3. Capture the committed result, resource version, or run status. 4. Compare the result with the source fixture and the declared invariant. 5. Repeat or recover the operation when applicable; verify access, audit evidence, and side effects.","The platform must correctly audit memory lifecycle operations; the nullable optional field condition follows the configured contract; valid state is preserved, invalid or unauthorized work is rejected or quarantined without silent loss, retries do not duplicate side effects, lineage and audit evidence remain available, and no production records or credentials are used.",Playwright + platform UI/API,"crewai,market-platform,synthetic-data,memory,nullable-optional-field"
CrewAI,Memory and State,CRW-MEMORY-00051,Memory and State: store a synthetic memory with scoped identifier (boundary values),CrewAI: store a synthetic memory with scoped identifier with boundary values,Functional,High,"Non-production tenant or isolated local fixture; synthetic records only; Exercise documented minimum, maximum, and just-outside limits. ","1. Create a disposable, versioned synthetic fixture: Exercise documented minimum, maximum, and just-outside limits. 2. Execute the platform workflow to store a synthetic memory with scoped identifier. 3. Capture the committed result, resource version, or run status. 4. Compare the result with the source fixture and the declared invariant. 5. Repeat or recover the operation when applicable; verify access, audit evidence, and side effects.","The platform must correctly store a synthetic memory with scoped identifier; the boundary values condition follows the configured contract; valid state is preserved, invalid or unauthorized work is rejected or quarantined without silent loss, retries do not duplicate side effects, lineage and audit evidence remain available, and no production records or credentials are used.",Playwright + platform UI/API,"crewai,market-platform,synthetic-data,memory,boundary-values"
CrewAI,Memory and State,CRW-MEMORY-00052,Memory and State: retrieve only memories allowed for the tenant (boundary values),CrewAI: retrieve only memories allowed for the tenant with boundary values,Functional,High,"Non-production tenant or isolated local fixture; synthetic records only; Exercise documented minimum, maximum, and just-outside limits. ","1. Create a disposable, versioned synthetic fixture: Exercise documented minimum, maximum, and just-outside limits. 2. Execute the platform workflow to retrieve only memories allowed for the tenant. 3. Capture the committed result, resource version, or run status. 4. Compare the result with the source fixture and the declared invariant. 5. Repeat or recover the operation when applicable; verify access, audit evidence, and side effects.","The platform must correctly retrieve only memories allowed for the tenant; the boundary values condition follows the configured contract; valid state is preserved, invalid or unauthorized work is rejected or quarantined without silent loss, retries do not duplicate side effects, lineage and audit evidence remain available, and no production records or credentials are used.",Playwright + platform UI/API,"crewai,market-platform,synthetic-data,memory,boundary-values"
CrewAI,Memory and State,CRW-MEMORY-00053,Memory and State: isolate memory across user and project scopes (boundary values),CrewAI: isolate memory across user and project scopes with boundary values,Functional,Medium,"Non-production tenant or isolated local fixture; synthetic records only; Exercise documented minimum, maximum, and just-outside limits. ","1. Create a disposable, versioned synthetic fixture: Exercise documented minimum, maximum, and just-outside limits. 2. Execute the platform workflow to isolate memory across user and project scopes. 3. Capture the committed result, resource version, or run status. 4. Compare the result with the source fixture and the declared invariant. 5. Repeat or recover the operation when applicable; verify access, audit evidence, and side effects.","The platform must correctly isolate memory across user and project scopes; the boundary values condition follows the configured contract; valid state is preserved, invalid or unauthorized work is rejected or quarantined without silent loss, retries do not duplicate side effects, lineage and audit evidence remain available, and no production records or credentials are used.",Playwright + platform UI/API,"crewai,market-platform,synthetic-data,memory,boundary-values"
CrewAI,Memory and State,CRW-MEMORY-00054,Memory and State: expire entries at configured retention boundary (boundary values),CrewAI: expire entries at configured retention boundary with boundary values,Functional,High,"Non-production tenant or isolated local fixture; synthetic records only; Exercise documented minimum, maximum, and just-outside limits. ","1. Create a disposable, versioned synthetic fixture: Exercise documented minimum, maximum, and just-outside limits. 2. Execute the platform workflow to expire entries at configured retention boundary. 3. Capture the committed result, resource version, or run status. 4. Compare the result with the source fixture and the declared invariant. 5. Repeat or recover the operation when applicable; verify access, audit evidence, and side effects.","The platform must correctly expire entries at configured retention boundary; the boundary values condition follows the configured contract; valid state is preserved, invalid or unauthorized work is rejected or quarantined without silent loss, retries do not duplicate side effects, lineage and audit evidence remain available, and no production records or credentials are used.",Playwright + platform UI/API,"crewai,market-platform,synthetic-data,memory,boundary-values"
CrewAI,Memory and State,CRW-MEMORY-00055,Memory and State: deduplicate writes by stable key (boundary values),CrewAI: deduplicate writes by stable key with boundary values,Functional,High,"Non-production tenant or isolated local fixture; synthetic records only; Exercise documented minimum, maximum, and just-outside limits. ","1. Create a disposable, versioned synthetic fixture: Exercise documented minimum, maximum, and just-outside limits. 2. Execute the platform workflow to deduplicate writes by stable key. 3. Capture the committed result, resource version, or run status. 4. Compare the result with the source fixture and the declared invariant. 5. Repeat or recover the operation when applicable; verify access, audit evidence, and side effects.","The platform must correctly deduplicate writes by stable key; the boundary values condition follows the configured contract; valid state is preserved, invalid or unauthorized work is rejected or quarantined without silent loss, retries do not duplicate side effects, lineage and audit evidence remain available, and no production records or credentials are used.",Playwright + platform UI/API,"crewai,market-platform,synthetic-data,memory,boundary-values"
CrewAI,Memory and State,CRW-MEMORY-00056,Memory and State: handle missing memory service without fabricated facts (boundary values),CrewAI: handle missing memory service without fabricated facts with boundary values,Functional,High,"Non-production tenant or isolated local fixture; synthetic records only; Exercise documented minimum, maximum, and just-outside limits. ","1. Create a disposable, versioned synthetic fixture: Exercise documented minimum, maximum, and just-outside limits. 2. Execute the platform workflow to handle missing memory service without fabricated facts. 3. Capture the committed result, resource version, or run status. 4. Compare the result with the source fixture and the declared invariant. 5. Repeat or recover the operation when applicable; verify access, audit evidence, and side effects.","The platform must correctly handle missing memory service without fabricated facts; the boundary values condition follows the configured contract; valid state is preserved, invalid or unauthorized work is rejected or quarantined without silent loss, retries do not duplicate side effects, lineage and audit evidence remain available, and no production records or credentials are used.",Playwright + platform UI/API,"crewai,market-platform,synthetic-data,memory,boundary-values"
CrewAI,Memory and State,CRW-MEMORY-00057,Memory and State: update memory without losing audit history (boundary values),CrewAI: update memory without losing audit history with boundary values,Functional,Medium,"Non-production tenant or isolated local fixture; synthetic records only; Exercise documented minimum, maximum, and just-outside limits. ","1. Create a disposable, versioned synthetic fixture: Exercise documented minimum, maximum, and just-outside limits. 2. Execute the platform workflow to update memory without losing audit history. 3. Capture the committed result, resource version, or run status. 4. Compare the result with the source fixture and the declared invariant. 5. Repeat or recover the operation when applicable; verify access, audit evidence, and side effects.","The platform must correctly update memory without losing audit history; the boundary values condition follows the configured contract; valid state is preserved, invalid or unauthorized work is rejected or quarantined without silent loss, retries do not duplicate side effects, lineage and audit evidence remain available, and no production records or credentials are used.",Playwright + platform UI/API,"crewai,market-platform,synthetic-data,memory,boundary-values"
CrewAI,Memory and State,CRW-MEMORY-00058,Memory and State: prevent prompt text from reading another tenant's memory (boundary values),CrewAI: prevent prompt text from reading another tenant's memory with boundary values,Functional,High,"Non-production tenant or isolated local fixture; synthetic records only; Exercise documented minimum, maximum, and just-outside limits. ","1. Create a disposable, versioned synthetic fixture: Exercise documented minimum, maximum, and just-outside limits. 2. Execute the platform workflow to prevent prompt text from reading another tenant's memory. 3. Capture the committed result, resource version, or run status. 4. Compare the result with the source fixture and the declared invariant. 5. Repeat or recover the operation when applicable; verify access, audit evidence, and side effects.","The platform must correctly prevent prompt text from reading another tenant's memory; the boundary values condition follows the configured contract; valid state is preserved, invalid or unauthorized work is rejected or quarantined without silent loss, retries do not duplicate side effects, lineage and audit evidence remain available, and no production records or credentials are used.",Playwright + platform UI/API,"crewai,market-platform,synthetic-data,memory,boundary-values"
CrewAI,Memory and State,CRW-MEMORY-00059,Memory and State: replay run with fixed memory snapshot (boundary values),CrewAI: replay run with fixed memory snapshot with boundary values,Functional,High,"Non-production tenant or isolated local fixture; synthetic records only; Exercise documented minimum, maximum, and just-outside limits. ","1. Create a disposable, versioned synthetic fixture: Exercise documented minimum, maximum, and just-outside limits. 2. Execute the platform workflow to replay run with fixed memory snapshot. 3. Capture the committed result, resource version, or run status. 4. Compare the result with the source fixture and the declared invariant. 5. Repeat or recover the operation when applicable; verify access, audit evidence, and side effects.","The platform must correctly replay run with fixed memory snapshot; the boundary values condition follows the configured contract; valid state is preserved, invalid or unauthorized work is rejected or quarantined without silent loss, retries do not duplicate side effects, lineage and audit evidence remain available, and no production records or credentials are used.",Playwright + platform UI/API,"crewai,market-platform,synthetic-data,memory,boundary-values"
CrewAI,Memory and State,CRW-MEMORY-00060,Memory and State: audit memory lifecycle operations (boundary values),CrewAI: audit memory lifecycle operations with boundary values,Functional,High,"Non-production tenant or isolated local fixture; synthetic records only; Exercise documented minimum, maximum, and just-outside limits. ","1. Create a disposable, versioned synthetic fixture: Exercise documented minimum, maximum, and just-outside limits. 2. Execute the platform workflow to audit memory lifecycle operations. 3. Capture the committed result, resource version, or run status. 4. Compare the result with the source fixture and the declared invariant. 5. Repeat or recover the operation when applicable; verify access, audit evidence, and side effects.","The platform must correctly audit memory lifecycle operations; the boundary values condition follows the configured contract; valid state is preserved, invalid or unauthorized work is rejected or quarantined without silent loss, retries do not duplicate side effects, lineage and audit evidence remain available, and no production records or credentials are used.",Playwright + platform UI/API,"crewai,market-platform,synthetic-data,memory,boundary-values"
CrewAI,Memory and State,CRW-MEMORY-00061,Memory and State: store a synthetic memory with scoped identifier (late arriving data),CrewAI: store a synthetic memory with scoped identifier with late arriving data,Functional,Medium,Non-production tenant or isolated local fixture; synthetic records only; Deliver an older event after a newer watermark or processing window has advanced. ,"1. Create a disposable, versioned synthetic fixture: Deliver an older event after a newer watermark or processing window has advanced. 2. Execute the platform workflow to store a synthetic memory with scoped identifier. 3. Capture the committed result, resource version, or run status. 4. Compare the result with the source fixture and the declared invariant. 5. Repeat or recover the operation when applicable; verify access, audit evidence, and side effects.","The platform must correctly store a synthetic memory with scoped identifier; the late arriving data condition follows the configured contract; valid state is preserved, invalid or unauthorized work is rejected or quarantined without silent loss, retries do not duplicate side effects, lineage and audit evidence remain available, and no production records or credentials are used.",Playwright + platform UI/API,"crewai,market-platform,synthetic-data,memory,late-arriving-data"
CrewAI,Memory and State,CRW-MEMORY-00062,Memory and State: retrieve only memories allowed for the tenant (late arriving data),CrewAI: retrieve only memories allowed for the tenant with late arriving data,Functional,High,Non-production tenant or isolated local fixture; synthetic records only; Deliver an older event after a newer watermark or processing window has advanced. ,"1. Create a disposable, versioned synthetic fixture: Deliver an older event after a newer watermark or processing window has advanced. 2. Execute the platform workflow to retrieve only memories allowed for the tenant. 3. Capture the committed result, resource version, or run status. 4. Compare the result with the source fixture and the declared invariant. 5. Repeat or recover the operation when applicable; verify access, audit evidence, and side effects.","The platform must correctly retrieve only memories allowed for the tenant; the late arriving data condition follows the configured contract; valid state is preserved, invalid or unauthorized work is rejected or quarantined without silent loss, retries do not duplicate side effects, lineage and audit evidence remain available, and no production records or credentials are used.",Playwright + platform UI/API,"crewai,market-platform,synthetic-data,memory,late-arriving-data"
CrewAI,Memory and State,CRW-MEMORY-00063,Memory and State: isolate memory across user and project scopes (late arriving data),CrewAI: isolate memory across user and project scopes with late arriving data,Functional,High,Non-production tenant or isolated local fixture; synthetic records only; Deliver an older event after a newer watermark or processing window has advanced. ,"1. Create a disposable, versioned synthetic fixture: Deliver an older event after a newer watermark or processing window has advanced. 2. Execute the platform workflow to isolate memory across user and project scopes. 3. Capture the committed result, resource version, or run status. 4. Compare the result with the source fixture and the declared invariant. 5. Repeat or recover the operation when applicable; verify access, audit evidence, and side effects.","The platform must correctly isolate memory across user and project scopes; the late arriving data condition follows the configured contract; valid state is preserved, invalid or unauthorized work is rejected or quarantined without silent loss, retries do not duplicate side effects, lineage and audit evidence remain available, and no production records or credentials are used.",Playwright + platform UI/API,"crewai,market-platform,synthetic-data,memory,late-arriving-data"
CrewAI,Memory and State,CRW-MEMORY-00064,Memory and State: expire entries at configured retention boundary (late arriving data),CrewAI: expire entries at configured retention boundary with late arriving data,Functional,High,Non-production tenant or isolated local fixture; synthetic records only; Deliver an older event after a newer watermark or processing window has advanced. ,"1. Create a disposable, versioned synthetic fixture: Deliver an older event after a newer watermark or processing window has advanced. 2. Execute the platform workflow to expire entries at configured retention boundary. 3. Capture the committed result, resource version, or run status. 4. Compare the result with the source fixture and the declared invariant. 5. Repeat or recover the operation when applicable; verify access, audit evidence, and side effects.","The platform must correctly expire entries at configured retention boundary; the late arriving data condition follows the configured contract; valid state is preserved, invalid or unauthorized work is rejected or quarantined without silent loss, retries do not duplicate side effects, lineage and audit evidence remain available, and no production records or credentials are used.",Playwright + platform UI/API,"crewai,market-platform,synthetic-data,memory,late-arriving-data"
CrewAI,Memory and State,CRW-MEMORY-00065,Memory and State: deduplicate writes by stable key (late arriving data),CrewAI: deduplicate writes by stable key with late arriving data,Functional,Medium,Non-production tenant or isolated local fixture; synthetic records only; Deliver an older event after a newer watermark or processing window has advanced. ,"1. Create a disposable, versioned synthetic fixture: Deliver an older event after a newer watermark or processing window has advanced. 2. Execute the platform workflow to deduplicate writes by stable key. 3. Capture the committed result, resource version, or run status. 4. Compare the result with the source fixture and the declared invariant. 5. Repeat or recover the operation when applicable; verify access, audit evidence, and side effects.","The platform must correctly deduplicate writes by stable key; the late arriving data condition follows the configured contract; valid state is preserved, invalid or unauthorized work is rejected or quarantined without silent loss, retries do not duplicate side effects, lineage and audit evidence remain available, and no production records or credentials are used.",Playwright + platform UI/API,"crewai,market-platform,synthetic-data,memory,late-arriving-data"
CrewAI,Memory and State,CRW-MEMORY-00066,Memory and State: handle missing memory service without fabricated facts (late arriving data),CrewAI: handle missing memory service without fabricated facts with late arriving data,Functional,High,Non-production tenant or isolated local fixture; synthetic records only; Deliver an older event after a newer watermark or processing window has advanced. ,"1. Create a disposable, versioned synthetic fixture: Deliver an older event after a newer watermark or processing window has advanced. 2. Execute the platform workflow to handle missing memory service without fabricated facts. 3. Capture the committed result, resource version, or run status. 4. Compare the result with the source fixture and the declared invariant. 5. Repeat or recover the operation when applicable; verify access, audit evidence, and side effects.","The platform must correctly handle missing memory service without fabricated facts; the late arriving data condition follows the configured contract; valid state is preserved, invalid or unauthorized work is rejected or quarantined without silent loss, retries do not duplicate side effects, lineage and audit evidence remain available, and no production records or credentials are used.",Playwright + platform UI/API,"crewai,market-platform,synthetic-data,memory,late-arriving-data"
CrewAI,Memory and State,CRW-MEMORY-00067,Memory and State: update memory without losing audit history (late arriving data),CrewAI: update memory without losing audit history with late arriving data,Functional,High,Non-production tenant or isolated local fixture; synthetic records only; Deliver an older event after a newer watermark or processing window has advanced. ,"1. Create a disposable, versioned synthetic fixture: Deliver an older event after a newer watermark or processing window has advanced. 2. Execute the platform workflow to update memory without losing audit history. 3. Capture the committed result, resource version, or run status. 4. Compare the result with the source fixture and the declared invariant. 5. Repeat or recover the operation when applicable; verify access, audit evidence, and side effects.","The platform must correctly update memory without losing audit history; the late arriving data condition follows the configured contract; valid state is preserved, invalid or unauthorized work is rejected or quarantined without silent loss, retries do not duplicate side effects, lineage and audit evidence remain available, and no production records or credentials are used.",Playwright + platform UI/API,"crewai,market-platform,synthetic-data,memory,late-arriving-data"
CrewAI,Memory and State,CRW-MEMORY-00068,Memory and State: prevent prompt text from reading another tenant's memory (late arriving data),CrewAI: prevent prompt text from reading another tenant's memory with late arriving data,Functional,High,Non-production tenant or isolated local fixture; synthetic records only; Deliver an older event after a newer watermark or processing window has advanced. ,"1. Create a disposable, versioned synthetic fixture: Deliver an older event after a newer watermark or processing window has advanced. 2. Execute the platform workflow to prevent prompt text from reading another tenant's memory. 3. Capture the committed result, resource version, or run status. 4. Compare the result with the source fixture and the declared invariant. 5. Repeat or recover the operation when applicable; verify access, audit evidence, and side effects.","The platform must correctly prevent prompt text from reading another tenant's memory; the late arriving data condition follows the configured contract; valid state is preserved, invalid or unauthorized work is rejected or quarantined without silent loss, retries do not duplicate side effects, lineage and audit evidence remain available, and no production records or credentials are used.",Playwright + platform UI/API,"crewai,market-platform,synthetic-data,memory,late-arriving-data"
CrewAI,Memory and State,CRW-MEMORY-00069,Memory and State: replay run with fixed memory snapshot (late arriving data),CrewAI: replay run with fixed memory snapshot with late arriving data,Functional,Medium,Non-production tenant or isolated local fixture; synthetic records only; Deliver an older event after a newer watermark or processing window has advanced. ,"1. Create a disposable, versioned synthetic fixture: Deliver an older event after a newer watermark or processing window has advanced. 2. Execute the platform workflow to replay run with fixed memory snapshot. 3. Capture the committed result, resource version, or run status. 4. Compare the result with the source fixture and the declared invariant. 5. Repeat or recover the operation when applicable; verify access, audit evidence, and side effects.","The platform must correctly replay run with fixed memory snapshot; the late arriving data condition follows the configured contract; valid state is preserved, invalid or unauthorized work is rejected or quarantined without silent loss, retries do not duplicate side effects, lineage and audit evidence remain available, and no production records or credentials are used.",Playwright + platform UI/API,"crewai,market-platform,synthetic-data,memory,late-arriving-data"
CrewAI,Memory and State,CRW-MEMORY-00070,Memory and State: audit memory lifecycle operations (late arriving data),CrewAI: audit memory lifecycle operations with late arriving data,Functional,High,Non-production tenant or isolated local fixture; synthetic records only; Deliver an older event after a newer watermark or processing window has advanced. ,"1. Create a disposable, versioned synthetic fixture: Deliver an older event after a newer watermark or processing window has advanced. 2. Execute the platform workflow to audit memory lifecycle operations. 3. Capture the committed result, resource version, or run status. 4. Compare the result with the source fixture and the declared invariant. 5. Repeat or recover the operation when applicable; verify access, audit evidence, and side effects.","The platform must correctly audit memory lifecycle operations; the late arriving data condition follows the configured contract; valid state is preserved, invalid or unauthorized work is rejected or quarantined without silent loss, retries do not duplicate side effects, lineage and audit evidence remain available, and no production records or credentials are used.",Playwright + platform UI/API,"crewai,market-platform,synthetic-data,memory,late-arriving-data"
CrewAI,Memory and State,CRW-MEMORY-00071,Memory and State: store a synthetic memory with scoped identifier (out-of-order events),CrewAI: store a synthetic memory with scoped identifier with out-of-order events,Functional,High,Non-production tenant or isolated local fixture; synthetic records only; Shuffle event or commit order while preserving source event-time values. ,"1. Create a disposable, versioned synthetic fixture: Shuffle event or commit order while preserving source event-time values. 2. Execute the platform workflow to store a synthetic memory with scoped identifier. 3. Capture the committed result, resource version, or run status. 4. Compare the result with the source fixture and the declared invariant. 5. Repeat or recover the operation when applicable; verify access, audit evidence, and side effects.","The platform must correctly store a synthetic memory with scoped identifier; the out-of-order events condition follows the configured contract; valid state is preserved, invalid or unauthorized work is rejected or quarantined without silent loss, retries do not duplicate side effects, lineage and audit evidence remain available, and no production records or credentials are used.",Playwright + platform UI/API,"crewai,market-platform,synthetic-data,memory,out-of-order-events"
CrewAI,Memory and State,CRW-MEMORY-00072,Memory and State: retrieve only memories allowed for the tenant (out-of-order events),CrewAI: retrieve only memories allowed for the tenant with out-of-order events,Functional,High,Non-production tenant or isolated local fixture; synthetic records only; Shuffle event or commit order while preserving source event-time values. ,"1. Create a disposable, versioned synthetic fixture: Shuffle event or commit order while preserving source event-time values. 2. Execute the platform workflow to retrieve only memories allowed for the tenant. 3. Capture the committed result, resource version, or run status. 4. Compare the result with the source fixture and the declared invariant. 5. Repeat or recover the operation when applicable; verify access, audit evidence, and side effects.","The platform must correctly retrieve only memories allowed for the tenant; the out-of-order events condition follows the configured contract; valid state is preserved, invalid or unauthorized work is rejected or quarantined without silent loss, retries do not duplicate side effects, lineage and audit evidence remain available, and no production records or credentials are used.",Playwright + platform UI/API,"crewai,market-platform,synthetic-data,memory,out-of-order-events"
CrewAI,Memory and State,CRW-MEMORY-00073,Memory and State: isolate memory across user and project scopes (out-of-order events),CrewAI: isolate memory across user and project scopes with out-of-order events,Functional,Medium,Non-production tenant or isolated local fixture; synthetic records only; Shuffle event or commit order while preserving source event-time values. ,"1. Create a disposable, versioned synthetic fixture: Shuffle event or commit order while preserving source event-time values. 2. Execute the platform workflow to isolate memory across user and project scopes. 3. Capture the committed result, resource version, or run status. 4. Compare the result with the source fixture and the declared invariant. 5. Repeat or recover the operation when applicable; verify access, audit evidence, and side effects.","The platform must correctly isolate memory across user and project scopes; the out-of-order events condition follows the configured contract; valid state is preserved, invalid or unauthorized work is rejected or quarantined without silent loss, retries do not duplicate side effects, lineage and audit evidence remain available, and no production records or credentials are used.",Playwright + platform UI/API,"crewai,market-platform,synthetic-data,memory,out-of-order-events"
CrewAI,Memory and State,CRW-MEMORY-00074,Memory and State: expire entries at configured retention boundary (out-of-order events),CrewAI: expire entries at configured retention boundary with out-of-order events,Functional,High,Non-production tenant or isolated local fixture; synthetic records only; Shuffle event or commit order while preserving source event-time values. ,"1. Create a disposable, versioned synthetic fixture: Shuffle event or commit order while preserving source event-time values. 2. Execute the platform workflow to expire entries at configured retention boundary. 3. Capture the committed result, resource version, or run status. 4. Compare the result with the source fixture and the declared invariant. 5. Repeat or recover the operation when applicable; verify access, audit evidence, and side effects.","The platform must correctly expire entries at configured retention boundary; the out-of-order events condition follows the configured contract; valid state is preserved, invalid or unauthorized work is rejected or quarantined without silent loss, retries do not duplicate side effects, lineage and audit evidence remain available, and no production records or credentials are used.",Playwright + platform UI/API,"crewai,market-platform,synthetic-data,memory,out-of-order-events"
CrewAI,Memory and State,CRW-MEMORY-00075,Memory and State: deduplicate writes by stable key (out-of-order events),CrewAI: deduplicate writes by stable key with out-of-order events,Functional,High,Non-production tenant or isolated local fixture; synthetic records only; Shuffle event or commit order while preserving source event-time values. ,"1. Create a disposable, versioned synthetic fixture: Shuffle event or commit order while preserving source event-time values. 2. Execute the platform workflow to deduplicate writes by stable key. 3. Capture the committed result, resource version, or run status. 4. Compare the result with the source fixture and the declared invariant. 5. Repeat or recover the operation when applicable; verify access, audit evidence, and side effects.","The platform must correctly deduplicate writes by stable key; the out-of-order events condition follows the configured contract; valid state is preserved, invalid or unauthorized work is rejected or quarantined without silent loss, retries do not duplicate side effects, lineage and audit evidence remain available, and no production records or credentials are used.",Playwright + platform UI/API,"crewai,market-platform,synthetic-data,memory,out-of-order-events"
CrewAI,Memory and State,CRW-MEMORY-00076,Memory and State: handle missing memory service without fabricated facts (out-of-order events),CrewAI: handle missing memory service without fabricated facts with out-of-order events,Functional,High,Non-production tenant or isolated local fixture; synthetic records only; Shuffle event or commit order while preserving source event-time values. ,"1. Create a disposable, versioned synthetic fixture: Shuffle event or commit order while preserving source event-time values. 2. Execute the platform workflow to handle missing memory service without fabricated facts. 3. Capture the committed result, resource version, or run status. 4. Compare the result with the source fixture and the declared invariant. 5. Repeat or recover the operation when applicable; verify access, audit evidence, and side effects.","The platform must correctly handle missing memory service without fabricated facts; the out-of-order events condition follows the configured contract; valid state is preserved, invalid or unauthorized work is rejected or quarantined without silent loss, retries do not duplicate side effects, lineage and audit evidence remain available, and no production records or credentials are used.",Playwright + platform UI/API,"crewai,market-platform,synthetic-data,memory,out-of-order-events"
CrewAI,Memory and State,CRW-MEMORY-00077,Memory and State: update memory without losing audit history (out-of-order events),CrewAI: update memory without losing audit history with out-of-order events,Functional,Medium,Non-production tenant or isolated local fixture; synthetic records only; Shuffle event or commit order while preserving source event-time values. ,"1. Create a disposable, versioned synthetic fixture: Shuffle event or commit order while preserving source event-time values. 2. Execute the platform workflow to update memory without losing audit history. 3. Capture the committed result, resource version, or run status. 4. Compare the result with the source fixture and the declared invariant. 5. Repeat or recover the operation when applicable; verify access, audit evidence, and side effects.","The platform must correctly update memory without losing audit history; the out-of-order events condition follows the configured contract; valid state is preserved, invalid or unauthorized work is rejected or quarantined without silent loss, retries do not duplicate side effects, lineage and audit evidence remain available, and no production records or credentials are used.",Playwright + platform UI/API,"crewai,market-platform,synthetic-data,memory,out-of-order-events"
CrewAI,Memory and State,CRW-MEMORY-00078,Memory and State: prevent prompt text from reading another tenant's memory (out-of-order events),CrewAI: prevent prompt text from reading another tenant's memory with out-of-order events,Functional,High,Non-production tenant or isolated local fixture; synthetic records only; Shuffle event or commit order while preserving source event-time values. ,"1. Create a disposable, versioned synthetic fixture: Shuffle event or commit order while preserving source event-time values. 2. Execute the platform workflow to prevent prompt text from reading another tenant's memory. 3. Capture the committed result, resource version, or run status. 4. Compare the result with the source fixture and the declared invariant. 5. Repeat or recover the operation when applicable; verify access, audit evidence, and side effects.","The platform must correctly prevent prompt text from reading another tenant's memory; the out-of-order events condition follows the configured contract; valid state is preserved, invalid or unauthorized work is rejected or quarantined without silent loss, retries do not duplicate side effects, lineage and audit evidence remain available, and no production records or credentials are used.",Playwright + platform UI/API,"crewai,market-platform,synthetic-data,memory,out-of-order-events"
CrewAI,Memory and State,CRW-MEMORY-00079,Memory and State: replay run with fixed memory snapshot (out-of-order events),CrewAI: replay run with fixed memory snapshot with out-of-order events,Functional,High,Non-production tenant or isolated local fixture; synthetic records only; Shuffle event or commit order while preserving source event-time values. ,"1. Create a disposable, versioned synthetic fixture: Shuffle event or commit order while preserving source event-time values. 2. Execute the platform workflow to replay run with fixed memory snapshot. 3. Capture the committed result, resource version, or run status. 4. Compare the result with the source fixture and the declared invariant. 5. Repeat or recover the operation when applicable; verify access, audit evidence, and side effects.","The platform must correctly replay run with fixed memory snapshot; the out-of-order events condition follows the configured contract; valid state is preserved, invalid or unauthorized work is rejected or quarantined without silent loss, retries do not duplicate side effects, lineage and audit evidence remain available, and no production records or credentials are used.",Playwright + platform UI/API,"crewai,market-platform,synthetic-data,memory,out-of-order-events"
CrewAI,Memory and State,CRW-MEMORY-00080,Memory and State: audit memory lifecycle operations (out-of-order events),CrewAI: audit memory lifecycle operations with out-of-order events,Functional,High,Non-production tenant or isolated local fixture; synthetic records only; Shuffle event or commit order while preserving source event-time values. ,"1. Create a disposable, versioned synthetic fixture: Shuffle event or commit order while preserving source event-time values. 2. Execute the platform workflow to audit memory lifecycle operations. 3. Capture the committed result, resource version, or run status. 4. Compare the result with the source fixture and the declared invariant. 5. Repeat or recover the operation when applicable; verify access, audit evidence, and side effects.","The platform must correctly audit memory lifecycle operations; the out-of-order events condition follows the configured contract; valid state is preserved, invalid or unauthorized work is rejected or quarantined without silent loss, retries do not duplicate side effects, lineage and audit evidence remain available, and no production records or credentials are used.",Playwright + platform UI/API,"crewai,market-platform,synthetic-data,memory,out-of-order-events"
CrewAI,Memory and State,CRW-MEMORY-00081,Memory and State: store a synthetic memory with scoped identifier (compatible schema change),CrewAI: store a synthetic memory with scoped identifier with compatible schema change,Functional,Medium,Non-production tenant or isolated local fixture; synthetic records only; Add a nullable field while existing readers and stored versions remain active. ,"1. Create a disposable, versioned synthetic fixture: Add a nullable field while existing readers and stored versions remain active. 2. Execute the platform workflow to store a synthetic memory with scoped identifier. 3. Capture the committed result, resource version, or run status. 4. Compare the result with the source fixture and the declared invariant. 5. Repeat or recover the operation when applicable; verify access, audit evidence, and side effects.","The platform must correctly store a synthetic memory with scoped identifier; the compatible schema change condition follows the configured contract; valid state is preserved, invalid or unauthorized work is rejected or quarantined without silent loss, retries do not duplicate side effects, lineage and audit evidence remain available, and no production records or credentials are used.",Playwright + platform UI/API,"crewai,market-platform,synthetic-data,memory,compatible-schema-change"
CrewAI,Memory and State,CRW-MEMORY-00082,Memory and State: retrieve only memories allowed for the tenant (compatible schema change),CrewAI: retrieve only memories allowed for the tenant with compatible schema change,Functional,High,Non-production tenant or isolated local fixture; synthetic records only; Add a nullable field while existing readers and stored versions remain active. ,"1. Create a disposable, versioned synthetic fixture: Add a nullable field while existing readers and stored versions remain active. 2. Execute the platform workflow to retrieve only memories allowed for the tenant. 3. Capture the committed result, resource version, or run status. 4. Compare the result with the source fixture and the declared invariant. 5. Repeat or recover the operation when applicable; verify access, audit evidence, and side effects.","The platform must correctly retrieve only memories allowed for the tenant; the compatible schema change condition follows the configured contract; valid state is preserved, invalid or unauthorized work is rejected or quarantined without silent loss, retries do not duplicate side effects, lineage and audit evidence remain available, and no production records or credentials are used.",Playwright + platform UI/API,"crewai,market-platform,synthetic-data,memory,compatible-schema-change"
CrewAI,Memory and State,CRW-MEMORY-00083,Memory and State: isolate memory across user and project scopes (compatible schema change),CrewAI: isolate memory across user and project scopes with compatible schema change,Functional,High,Non-production tenant or isolated local fixture; synthetic records only; Add a nullable field while existing readers and stored versions remain active. ,"1. Create a disposable, versioned synthetic fixture: Add a nullable field while existing readers and stored versions remain active. 2. Execute the platform workflow to isolate memory across user and project scopes. 3. Capture the committed result, resource version, or run status. 4. Compare the result with the source fixture and the declared invariant. 5. Repeat or recover the operation when applicable; verify access, audit evidence, and side effects.","The platform must correctly isolate memory across user and project scopes; the compatible schema change condition follows the configured contract; valid state is preserved, invalid or unauthorized work is rejected or quarantined without silent loss, retries do not duplicate side effects, lineage and audit evidence remain available, and no production records or credentials are used.",Playwright + platform UI/API,"crewai,market-platform,synthetic-data,memory,compatible-schema-change"
CrewAI,Memory and State,CRW-MEMORY-00084,Memory and State: expire entries at configured retention boundary (compatible schema change),CrewAI: expire entries at configured retention boundary with compatible schema change,Functional,High,Non-production tenant or isolated local fixture; synthetic records only; Add a nullable field while existing readers and stored versions remain active. ,"1. Create a disposable, versioned synthetic fixture: Add a nullable field while existing readers and stored versions remain active. 2. Execute the platform workflow to expire entries at configured retention boundary. 3. Capture the committed result, resource version, or run status. 4. Compare the result with the source fixture and the declared invariant. 5. Repeat or recover the operation when applicable; verify access, audit evidence, and side effects.","The platform must correctly expire entries at configured retention boundary; the compatible schema change condition follows the configured contract; valid state is preserved, invalid or unauthorized work is rejected or quarantined without silent loss, retries do not duplicate side effects, lineage and audit evidence remain available, and no production records or credentials are used.",Playwright + platform UI/API,"crewai,market-platform,synthetic-data,memory,compatible-schema-change"
CrewAI,Memory and State,CRW-MEMORY-00085,Memory and State: deduplicate writes by stable key (compatible schema change),CrewAI: deduplicate writes by stable key with compatible schema change,Functional,Medium,Non-production tenant or isolated local fixture; synthetic records only; Add a nullable field while existing readers and stored versions remain active. ,"1. Create a disposable, versioned synthetic fixture: Add a nullable field while existing readers and stored versions remain active. 2. Execute the platform workflow to deduplicate writes by stable key. 3. Capture the committed result, resource version, or run status. 4. Compare the result with the source fixture and the declared invariant. 5. Repeat or recover the operation when applicable; verify access, audit evidence, and side effects.","The platform must correctly deduplicate writes by stable key; the compatible schema change condition follows the configured contract; valid state is preserved, invalid or unauthorized work is rejected or quarantined without silent loss, retries do not duplicate side effects, lineage and audit evidence remain available, and no production records or credentials are used.",Playwright + platform UI/API,"crewai,market-platform,synthetic-data,memory,compatible-schema-change"
CrewAI,Memory and State,CRW-MEMORY-00086,Memory and State: handle missing memory service without fabricated facts (compatible schema change),CrewAI: handle missing memory service without fabricated facts with compatible schema change,Functional,High,Non-production tenant or isolated local fixture; synthetic records only; Add a nullable field while existing readers and stored versions remain active. ,"1. Create a disposable, versioned synthetic fixture: Add a nullable field while existing readers and stored versions remain active. 2. Execute the platform workflow to handle missing memory service without fabricated facts. 3. Capture the committed result, resource version, or run status. 4. Compare the result with the source fixture and the declared invariant. 5. Repeat or recover the operation when applicable; verify access, audit evidence, and side effects.","The platform must correctly handle missing memory service without fabricated facts; the compatible schema change condition follows the configured contract; valid state is preserved, invalid or unauthorized work is rejected or quarantined without silent loss, retries do not duplicate side effects, lineage and audit evidence remain available, and no production records or credentials are used.",Playwright + platform UI/API,"crewai,market-platform,synthetic-data,memory,compatible-schema-change"
CrewAI,Memory and State,CRW-MEMORY-00087,Memory and State: update memory without losing audit history (compatible schema change),CrewAI: update memory without losing audit history with compatible schema change,Functional,High,Non-production tenant or isolated local fixture; synthetic records only; Add a nullable field while existing readers and stored versions remain active. ,"1. Create a disposable, versioned synthetic fixture: Add a nullable field while existing readers and stored versions remain active. 2. Execute the platform workflow to update memory without losing audit history. 3. Capture the committed result, resource version, or run status. 4. Compare the result with the source fixture and the declared invariant. 5. Repeat or recover the operation when applicable; verify access, audit evidence, and side effects.","The platform must correctly update memory without losing audit history; the compatible schema change condition follows the configured contract; valid state is preserved, invalid or unauthorized work is rejected or quarantined without silent loss, retries do not duplicate side effects, lineage and audit evidence remain available, and no production records or credentials are used.",Playwright + platform UI/API,"crewai,market-platform,synthetic-data,memory,compatible-schema-change"
CrewAI,Memory and State,CRW-MEMORY-00088,Memory and State: prevent prompt text from reading another tenant's memory (compatible schema change),CrewAI: prevent prompt text from reading another tenant's memory with compatible schema change,Functional,High,Non-production tenant or isolated local fixture; synthetic records only; Add a nullable field while existing readers and stored versions remain active. ,"1. Create a disposable, versioned synthetic fixture: Add a nullable field while existing readers and stored versions remain active. 2. Execute the platform workflow to prevent prompt text from reading another tenant's memory. 3. Capture the committed result, resource version, or run status. 4. Compare the result with the source fixture and the declared invariant. 5. Repeat or recover the operation when applicable; verify access, audit evidence, and side effects.","The platform must correctly prevent prompt text from reading another tenant's memory; the compatible schema change condition follows the configured contract; valid state is preserved, invalid or unauthorized work is rejected or quarantined without silent loss, retries do not duplicate side effects, lineage and audit evidence remain available, and no production records or credentials are used.",Playwright + platform UI/API,"crewai,market-platform,synthetic-data,memory,compatible-schema-change"
CrewAI,Memory and State,CRW-MEMORY-00089,Memory and State: replay run with fixed memory snapshot (compatible schema change),CrewAI: replay run with fixed memory snapshot with compatible schema change,Functional,Medium,Non-production tenant or isolated local fixture; synthetic records only; Add a nullable field while existing readers and stored versions remain active. ,"1. Create a disposable, versioned synthetic fixture: Add a nullable field while existing readers and stored versions remain active. 2. Execute the platform workflow to replay run with fixed memory snapshot. 3. Capture the committed result, resource version, or run status. 4. Compare the result with the source fixture and the declared invariant. 5. Repeat or recover the operation when applicable; verify access, audit evidence, and side effects.","The platform must correctly replay run with fixed memory snapshot; the compatible schema change condition follows the configured contract; valid state is preserved, invalid or unauthorized work is rejected or quarantined without silent loss, retries do not duplicate side effects, lineage and audit evidence remain available, and no production records or credentials are used.",Playwright + platform UI/API,"crewai,market-platform,synthetic-data,memory,compatible-schema-change"
CrewAI,Memory and State,CRW-MEMORY-00090,Memory and State: audit memory lifecycle operations (compatible schema change),CrewAI: audit memory lifecycle operations with compatible schema change,Functional,High,Non-production tenant or isolated local fixture; synthetic records only; Add a nullable field while existing readers and stored versions remain active. ,"1. Create a disposable, versioned synthetic fixture: Add a nullable field while existing readers and stored versions remain active. 2. Execute the platform workflow to audit memory lifecycle operations. 3. Capture the committed result, resource version, or run status. 4. Compare the result with the source fixture and the declared invariant. 5. Repeat or recover the operation when applicable; verify access, audit evidence, and side effects.","The platform must correctly audit memory lifecycle operations; the compatible schema change condition follows the configured contract; valid state is preserved, invalid or unauthorized work is rejected or quarantined without silent loss, retries do not duplicate side effects, lineage and audit evidence remain available, and no production records or credentials are used.",Playwright + platform UI/API,"crewai,market-platform,synthetic-data,memory,compatible-schema-change"
CrewAI,Memory and State,CRW-MEMORY-00091,Memory and State: store a synthetic memory with scoped identifier (field rename),CrewAI: store a synthetic memory with scoped identifier with field rename,Functional,High,Non-production tenant or isolated local fixture; synthetic records only; Rename a field using the supported migration path and inspect historical reads. ,"1. Create a disposable, versioned synthetic fixture: Rename a field using the supported migration path and inspect historical reads. 2. Execute the platform workflow to store a synthetic memory with scoped identifier. 3. Capture the committed result, resource version, or run status. 4. Compare the result with the source fixture and the declared invariant. 5. Repeat or recover the operation when applicable; verify access, audit evidence, and side effects.","The platform must correctly store a synthetic memory with scoped identifier; the field rename condition follows the configured contract; valid state is preserved, invalid or unauthorized work is rejected or quarantined without silent loss, retries do not duplicate side effects, lineage and audit evidence remain available, and no production records or credentials are used.",Playwright + platform UI/API,"crewai,market-platform,synthetic-data,memory,field-rename"
CrewAI,Memory and State,CRW-MEMORY-00092,Memory and State: retrieve only memories allowed for the tenant (field rename),CrewAI: retrieve only memories allowed for the tenant with field rename,Functional,High,Non-production tenant or isolated local fixture; synthetic records only; Rename a field using the supported migration path and inspect historical reads. ,"1. Create a disposable, versioned synthetic fixture: Rename a field using the supported migration path and inspect historical reads. 2. Execute the platform workflow to retrieve only memories allowed for the tenant. 3. Capture the committed result, resource version, or run status. 4. Compare the result with the source fixture and the declared invariant. 5. Repeat or recover the operation when applicable; verify access, audit evidence, and side effects.","The platform must correctly retrieve only memories allowed for the tenant; the field rename condition follows the configured contract; valid state is preserved, invalid or unauthorized work is rejected or quarantined without silent loss, retries do not duplicate side effects, lineage and audit evidence remain available, and no production records or credentials are used.",Playwright + platform UI/API,"crewai,market-platform,synthetic-data,memory,field-rename"
CrewAI,Memory and State,CRW-MEMORY-00093,Memory and State: isolate memory across user and project scopes (field rename),CrewAI: isolate memory across user and project scopes with field rename,Functional,Medium,Non-production tenant or isolated local fixture; synthetic records only; Rename a field using the supported migration path and inspect historical reads. ,"1. Create a disposable, versioned synthetic fixture: Rename a field using the supported migration path and inspect historical reads. 2. Execute the platform workflow to isolate memory across user and project scopes. 3. Capture the committed result, resource version, or run status. 4. Compare the result with the source fixture and the declared invariant. 5. Repeat or recover the operation when applicable; verify access, audit evidence, and side effects.","The platform must correctly isolate memory across user and project scopes; the field rename condition follows the configured contract; valid state is preserved, invalid or unauthorized work is rejected or quarantined without silent loss, retries do not duplicate side effects, lineage and audit evidence remain available, and no production records or credentials are used.",Playwright + platform UI/API,"crewai,market-platform,synthetic-data,memory,field-rename"
CrewAI,Memory and State,CRW-MEMORY-00094,Memory and State: expire entries at configured retention boundary (field rename),CrewAI: expire entries at configured retention boundary with field rename,Functional,High,Non-production tenant or isolated local fixture; synthetic records only; Rename a field using the supported migration path and inspect historical reads. ,"1. Create a disposable, versioned synthetic fixture: Rename a field using the supported migration path and inspect historical reads. 2. Execute the platform workflow to expire entries at configured retention boundary. 3. Capture the committed result, resource version, or run status. 4. Compare the result with the source fixture and the declared invariant. 5. Repeat or recover the operation when applicable; verify access, audit evidence, and side effects.","The platform must correctly expire entries at configured retention boundary; the field rename condition follows the configured contract; valid state is preserved, invalid or unauthorized work is rejected or quarantined without silent loss, retries do not duplicate side effects, lineage and audit evidence remain available, and no production records or credentials are used.",Playwright + platform UI/API,"crewai,market-platform,synthetic-data,memory,field-rename"
CrewAI,Memory and State,CRW-MEMORY-00095,Memory and State: deduplicate writes by stable key (field rename),CrewAI: deduplicate writes by stable key with field rename,Functional,High,Non-production tenant or isolated local fixture; synthetic records only; Rename a field using the supported migration path and inspect historical reads. ,"1. Create a disposable, versioned synthetic fixture: Rename a field using the supported migration path and inspect historical reads. 2. Execute the platform workflow to deduplicate writes by stable key. 3. Capture the committed result, resource version, or run status. 4. Compare the result with the source fixture and the declared invariant. 5. Repeat or recover the operation when applicable; verify access, audit evidence, and side effects.","The platform must correctly deduplicate writes by stable key; the field rename condition follows the configured contract; valid state is preserved, invalid or unauthorized work is rejected or quarantined without silent loss, retries do not duplicate side effects, lineage and audit evidence remain available, and no production records or credentials are used.",Playwright + platform UI/API,"crewai,market-platform,synthetic-data,memory,field-rename"
CrewAI,Memory and State,CRW-MEMORY-00096,Memory and State: handle missing memory service without fabricated facts (field rename),CrewAI: handle missing memory service without fabricated facts with field rename,Functional,High,Non-production tenant or isolated local fixture; synthetic records only; Rename a field using the supported migration path and inspect historical reads. ,"1. Create a disposable, versioned synthetic fixture: Rename a field using the supported migration path and inspect historical reads. 2. Execute the platform workflow to handle missing memory service without fabricated facts. 3. Capture the committed result, resource version, or run status. 4. Compare the result with the source fixture and the declared invariant. 5. Repeat or recover the operation when applicable; verify access, audit evidence, and side effects.","The platform must correctly handle missing memory service without fabricated facts; the field rename condition follows the configured contract; valid state is preserved, invalid or unauthorized work is rejected or quarantined without silent loss, retries do not duplicate side effects, lineage and audit evidence remain available, and no production records or credentials are used.",Playwright + platform UI/API,"crewai,market-platform,synthetic-data,memory,field-rename"
CrewAI,Memory and State,CRW-MEMORY-00097,Memory and State: update memory without losing audit history (field rename),CrewAI: update memory without losing audit history with field rename,Functional,Medium,Non-production tenant or isolated local fixture; synthetic records only; Rename a field using the supported migration path and inspect historical reads. ,"1. Create a disposable, versioned synthetic fixture: Rename a field using the supported migration path and inspect historical reads. 2. Execute the platform workflow to update memory without losing audit history. 3. Capture the committed result, resource version, or run status. 4. Compare the result with the source fixture and the declared invariant. 5. Repeat or recover the operation when applicable; verify access, audit evidence, and side effects.","The platform must correctly update memory without losing audit history; the field rename condition follows the configured contract; valid state is preserved, invalid or unauthorized work is rejected or quarantined without silent loss, retries do not duplicate side effects, lineage and audit evidence remain available, and no production records or credentials are used.",Playwright + platform UI/API,"crewai,market-platform,synthetic-data,memory,field-rename"
CrewAI,Memory and State,CRW-MEMORY-00098,Memory and State: prevent prompt text from reading another tenant's memory (field rename),CrewAI: prevent prompt text from reading another tenant's memory with field rename,Functional,High,Non-production tenant or isolated local fixture; synthetic records only; Rename a field using the supported migration path and inspect historical reads. ,"1. Create a disposable, versioned synthetic fixture: Rename a field using the supported migration path and inspect historical reads. 2. Execute the platform workflow to prevent prompt text from reading another tenant's memory. 3. Capture the committed result, resource version, or run status. 4. Compare the result with the source fixture and the declared invariant. 5. Repeat or recover the operation when applicable; verify access, audit evidence, and side effects.","The platform must correctly prevent prompt text from reading another tenant's memory; the field rename condition follows the configured contract; valid state is preserved, invalid or unauthorized work is rejected or quarantined without silent loss, retries do not duplicate side effects, lineage and audit evidence remain available, and no production records or credentials are used.",Playwright + platform UI/API,"crewai,market-platform,synthetic-data,memory,field-rename"
CrewAI,Memory and State,CRW-MEMORY-00099,Memory and State: replay run with fixed memory snapshot (field rename),CrewAI: replay run with fixed memory snapshot with field rename,Functional,High,Non-production tenant or isolated local fixture; synthetic records only; Rename a field using the supported migration path and inspect historical reads. ,"1. Create a disposable, versioned synthetic fixture: Rename a field using the supported migration path and inspect historical reads. 2. Execute the platform workflow to replay run with fixed memory snapshot. 3. Capture the committed result, resource version, or run status. 4. Compare the result with the source fixture and the declared invariant. 5. Repeat or recover the operation when applicable; verify access, audit evidence, and side effects.","The platform must correctly replay run with fixed memory snapshot; the field rename condition follows the configured contract; valid state is preserved, invalid or unauthorized work is rejected or quarantined without silent loss, retries do not duplicate side effects, lineage and audit evidence remain available, and no production records or credentials are used.",Playwright + platform UI/API,"crewai,market-platform,synthetic-data,memory,field-rename"
CrewAI,Memory and State,CRW-MEMORY-00100,Memory and State: audit memory lifecycle operations (field rename),CrewAI: audit memory lifecycle operations with field rename,Functional,High,Non-production tenant or isolated local fixture; synthetic records only; Rename a field using the supported migration path and inspect historical reads. ,"1. Create a disposable, versioned synthetic fixture: Rename a field using the supported migration path and inspect historical reads. 2. Execute the platform workflow to audit memory lifecycle operations. 3. Capture the committed result, resource version, or run status. 4. Compare the result with the source fixture and the declared invariant. 5. Repeat or recover the operation when applicable; verify access, audit evidence, and side effects.","The platform must correctly audit memory lifecycle operations; the field rename condition follows the configured contract; valid state is preserved, invalid or unauthorized work is rejected or quarantined without silent loss, retries do not duplicate side effects, lineage and audit evidence remain available, and no production records or credentials are used.",Playwright + platform UI/API,"crewai,market-platform,synthetic-data,memory,field-rename"
CrewAI,Memory and State,CRW-MEMORY-00101,Memory and State: store a synthetic memory with scoped identifier (worker restart),CrewAI: store a synthetic memory with scoped identifier with worker restart,Resilience,Medium,Non-production tenant or isolated local fixture; synthetic records only; Restart a worker after processing input but before final checkpoint or commit. ,"1. Create a disposable, versioned synthetic fixture: Restart a worker after processing input but before final checkpoint or commit. 2. Execute the platform workflow to store a synthetic memory with scoped identifier. 3. Capture the committed result, resource version, or run status. 4. Compare the result with the source fixture and the declared invariant. 5. Repeat or recover the operation when applicable; verify access, audit evidence, and side effects.","The platform must correctly store a synthetic memory with scoped identifier; the worker restart condition follows the configured contract; valid state is preserved, invalid or unauthorized work is rejected or quarantined without silent loss, retries do not duplicate side effects, lineage and audit evidence remain available, and no production records or credentials are used.",Playwright + platform UI/API,"crewai,market-platform,synthetic-data,memory,worker-restart"
CrewAI,Memory and State,CRW-MEMORY-00102,Memory and State: retrieve only memories allowed for the tenant (worker restart),CrewAI: retrieve only memories allowed for the tenant with worker restart,Resilience,High,Non-production tenant or isolated local fixture; synthetic records only; Restart a worker after processing input but before final checkpoint or commit. ,"1. Create a disposable, versioned synthetic fixture: Restart a worker after processing input but before final checkpoint or commit. 2. Execute the platform workflow to retrieve only memories allowed for the tenant. 3. Capture the committed result, resource version, or run status. 4. Compare the result with the source fixture and the declared invariant. 5. Repeat or recover the operation when applicable; verify access, audit evidence, and side effects.","The platform must correctly retrieve only memories allowed for the tenant; the worker restart condition follows the configured contract; valid state is preserved, invalid or unauthorized work is rejected or quarantined without silent loss, retries do not duplicate side effects, lineage and audit evidence remain available, and no production records or credentials are used.",Playwright + platform UI/API,"crewai,market-platform,synthetic-data,memory,worker-restart"
CrewAI,Memory and State,CRW-MEMORY-00103,Memory and State: isolate memory across user and project scopes (worker restart),CrewAI: isolate memory across user and project scopes with worker restart,Resilience,High,Non-production tenant or isolated local fixture; synthetic records only; Restart a worker after processing input but before final checkpoint or commit. ,"1. Create a disposable, versioned synthetic fixture: Restart a worker after processing input but before final checkpoint or commit. 2. Execute the platform workflow to isolate memory across user and project scopes. 3. Capture the committed result, resource version, or run status. 4. Compare the result with the source fixture and the declared invariant. 5. Repeat or recover the operation when applicable; verify access, audit evidence, and side effects.","The platform must correctly isolate memory across user and project scopes; the worker restart condition follows the configured contract; valid state is preserved, invalid or unauthorized work is rejected or quarantined without silent loss, retries do not duplicate side effects, lineage and audit evidence remain available, and no production records or credentials are used.",Playwright + platform UI/API,"crewai,market-platform,synthetic-data,memory,worker-restart"
CrewAI,Memory and State,CRW-MEMORY-00104,Memory and State: expire entries at configured retention boundary (worker restart),CrewAI: expire entries at configured retention boundary with worker restart,Resilience,High,Non-production tenant or isolated local fixture; synthetic records only; Restart a worker after processing input but before final checkpoint or commit. ,"1. Create a disposable, versioned synthetic fixture: Restart a worker after processing input but before final checkpoint or commit. 2. Execute the platform workflow to expire entries at configured retention boundary. 3. Capture the committed result, resource version, or run status. 4. Compare the result with the source fixture and the declared invariant. 5. Repeat or recover the operation when applicable; verify access, audit evidence, and side effects.","The platform must correctly expire entries at configured retention boundary; the worker restart condition follows the configured contract; valid state is preserved, invalid or unauthorized work is rejected or quarantined without silent loss, retries do not duplicate side effects, lineage and audit evidence remain available, and no production records or credentials are used.",Playwright + platform UI/API,"crewai,market-platform,synthetic-data,memory,worker-restart"
CrewAI,Memory and State,CRW-MEMORY-00105,Memory and State: deduplicate writes by stable key (worker restart),CrewAI: deduplicate writes by stable key with worker restart,Resilience,Medium,Non-production tenant or isolated local fixture; synthetic records only; Restart a worker after processing input but before final checkpoint or commit. ,"1. Create a disposable, versioned synthetic fixture: Restart a worker after processing input but before final checkpoint or commit. 2. Execute the platform workflow to deduplicate writes by stable key. 3. Capture the committed result, resource version, or run status. 4. Compare the result with the source fixture and the declared invariant. 5. Repeat or recover the operation when applicable; verify access, audit evidence, and side effects.","The platform must correctly deduplicate writes by stable key; the worker restart condition follows the configured contract; valid state is preserved, invalid or unauthorized work is rejected or quarantined without silent loss, retries do not duplicate side effects, lineage and audit evidence remain available, and no production records or credentials are used.",Playwright + platform UI/API,"crewai,market-platform,synthetic-data,memory,worker-restart"
CrewAI,Memory and State,CRW-MEMORY-00106,Memory and State: handle missing memory service without fabricated facts (worker restart),CrewAI: handle missing memory service without fabricated facts with worker restart,Resilience,High,Non-production tenant or isolated local fixture; synthetic records only; Restart a worker after processing input but before final checkpoint or commit. ,"1. Create a disposable, versioned synthetic fixture: Restart a worker after processing input but before final checkpoint or commit. 2. Execute the platform workflow to handle missing memory service without fabricated facts. 3. Capture the committed result, resource version, or run status. 4. Compare the result with the source fixture and the declared invariant. 5. Repeat or recover the operation when applicable; verify access, audit evidence, and side effects.","The platform must correctly handle missing memory service without fabricated facts; the worker restart condition follows the configured contract; valid state is preserved, invalid or unauthorized work is rejected or quarantined without silent loss, retries do not duplicate side effects, lineage and audit evidence remain available, and no production records or credentials are used.",Playwright + platform UI/API,"crewai,market-platform,synthetic-data,memory,worker-restart"
CrewAI,Memory and State,CRW-MEMORY-00107,Memory and State: update memory without losing audit history (worker restart),CrewAI: update memory without losing audit history with worker restart,Resilience,High,Non-production tenant or isolated local fixture; synthetic records only; Restart a worker after processing input but before final checkpoint or commit. ,"1. Create a disposable, versioned synthetic fixture: Restart a worker after processing input but before final checkpoint or commit. 2. Execute the platform workflow to update memory without losing audit history. 3. Capture the committed result, resource version, or run status. 4. Compare the result with the source fixture and the declared invariant. 5. Repeat or recover the operation when applicable; verify access, audit evidence, and side effects.","The platform must correctly update memory without losing audit history; the worker restart condition follows the configured contract; valid state is preserved, invalid or unauthorized work is rejected or quarantined without silent loss, retries do not duplicate side effects, lineage and audit evidence remain available, and no production records or credentials are used.",Playwright + platform UI/API,"crewai,market-platform,synthetic-data,memory,worker-restart"
CrewAI,Memory and State,CRW-MEMORY-00108,Memory and State: prevent prompt text from reading another tenant's memory (worker restart),CrewAI: prevent prompt text from reading another tenant's memory with worker restart,Resilience,High,Non-production tenant or isolated local fixture; synthetic records only; Restart a worker after processing input but before final checkpoint or commit. ,"1. Create a disposable, versioned synthetic fixture: Restart a worker after processing input but before final checkpoint or commit. 2. Execute the platform workflow to prevent prompt text from reading another tenant's memory. 3. Capture the committed result, resource version, or run status. 4. Compare the result with the source fixture and the declared invariant. 5. Repeat or recover the operation when applicable; verify access, audit evidence, and side effects.","The platform must correctly prevent prompt text from reading another tenant's memory; the worker restart condition follows the configured contract; valid state is preserved, invalid or unauthorized work is rejected or quarantined without silent loss, retries do not duplicate side effects, lineage and audit evidence remain available, and no production records or credentials are used.",Playwright + platform UI/API,"crewai,market-platform,synthetic-data,memory,worker-restart"
CrewAI,Memory and State,CRW-MEMORY-00109,Memory and State: replay run with fixed memory snapshot (worker restart),CrewAI: replay run with fixed memory snapshot with worker restart,Resilience,Medium,Non-production tenant or isolated local fixture; synthetic records only; Restart a worker after processing input but before final checkpoint or commit. ,"1. Create a disposable, versioned synthetic fixture: Restart a worker after processing input but before final checkpoint or commit. 2. Execute the platform workflow to replay run with fixed memory snapshot. 3. Capture the committed result, resource version, or run status. 4. Compare the result with the source fixture and the declared invariant. 5. Repeat or recover the operation when applicable; verify access, audit evidence, and side effects.","The platform must correctly replay run with fixed memory snapshot; the worker restart condition follows the configured contract; valid state is preserved, invalid or unauthorized work is rejected or quarantined without silent loss, retries do not duplicate side effects, lineage and audit evidence remain available, and no production records or credentials are used.",Playwright + platform UI/API,"crewai,market-platform,synthetic-data,memory,worker-restart"
CrewAI,Memory and State,CRW-MEMORY-00110,Memory and State: audit memory lifecycle operations (worker restart),CrewAI: audit memory lifecycle operations with worker restart,Resilience,High,Non-production tenant or isolated local fixture; synthetic records only; Restart a worker after processing input but before final checkpoint or commit. ,"1. Create a disposable, versioned synthetic fixture: Restart a worker after processing input but before final checkpoint or commit. 2. Execute the platform workflow to audit memory lifecycle operations. 3. Capture the committed result, resource version, or run status. 4. Compare the result with the source fixture and the declared invariant. 5. Repeat or recover the operation when applicable; verify access, audit evidence, and side effects.","The platform must correctly audit memory lifecycle operations; the worker restart condition follows the configured contract; valid state is preserved, invalid or unauthorized work is rejected or quarantined without silent loss, retries do not duplicate side effects, lineage and audit evidence remain available, and no production records or credentials are used.",Playwright + platform UI/API,"crewai,market-platform,synthetic-data,memory,worker-restart"
CrewAI,Memory and State,CRW-MEMORY-00111,Memory and State: store a synthetic memory with scoped identifier (least privilege),CrewAI: store a synthetic memory with scoped identifier with least privilege,Security,Critical,Non-production tenant or isolated local fixture; synthetic records only; Compare the authorized role with a role missing the required grant. ,"1. Create a disposable, versioned synthetic fixture: Compare the authorized role with a role missing the required grant. 2. Execute the platform workflow to store a synthetic memory with scoped identifier. 3. Capture the committed result, resource version, or run status. 4. Compare the result with the source fixture and the declared invariant. 5. Repeat or recover the operation when applicable; verify access, audit evidence, and side effects.","The platform must correctly store a synthetic memory with scoped identifier; the least privilege condition follows the configured contract; valid state is preserved, invalid or unauthorized work is rejected or quarantined without silent loss, retries do not duplicate side effects, lineage and audit evidence remain available, and no production records or credentials are used.",Playwright + platform UI/API,"crewai,market-platform,synthetic-data,memory,least-privilege"
CrewAI,Memory and State,CRW-MEMORY-00112,Memory and State: retrieve only memories allowed for the tenant (least privilege),CrewAI: retrieve only memories allowed for the tenant with least privilege,Security,Critical,Non-production tenant or isolated local fixture; synthetic records only; Compare the authorized role with a role missing the required grant. ,"1. Create a disposable, versioned synthetic fixture: Compare the authorized role with a role missing the required grant. 2. Execute the platform workflow to retrieve only memories allowed for the tenant. 3. Capture the committed result, resource version, or run status. 4. Compare the result with the source fixture and the declared invariant. 5. Repeat or recover the operation when applicable; verify access, audit evidence, and side effects.","The platform must correctly retrieve only memories allowed for the tenant; the least privilege condition follows the configured contract; valid state is preserved, invalid or unauthorized work is rejected or quarantined without silent loss, retries do not duplicate side effects, lineage and audit evidence remain available, and no production records or credentials are used.",Playwright + platform UI/API,"crewai,market-platform,synthetic-data,memory,least-privilege"
CrewAI,Memory and State,CRW-MEMORY-00113,Memory and State: isolate memory across user and project scopes (least privilege),CrewAI: isolate memory across user and project scopes with least privilege,Security,Critical,Non-production tenant or isolated local fixture; synthetic records only; Compare the authorized role with a role missing the required grant. ,"1. Create a disposable, versioned synthetic fixture: Compare the authorized role with a role missing the required grant. 2. Execute the platform workflow to isolate memory across user and project scopes. 3. Capture the committed result, resource version, or run status. 4. Compare the result with the source fixture and the declared invariant. 5. Repeat or recover the operation when applicable; verify access, audit evidence, and side effects.","The platform must correctly isolate memory across user and project scopes; the least privilege condition follows the configured contract; valid state is preserved, invalid or unauthorized work is rejected or quarantined without silent loss, retries do not duplicate side effects, lineage and audit evidence remain available, and no production records or credentials are used.",Playwright + platform UI/API,"crewai,market-platform,synthetic-data,memory,least-privilege"
CrewAI,Memory and State,CRW-MEMORY-00114,Memory and State: expire entries at configured retention boundary (least privilege),CrewAI: expire entries at configured retention boundary with least privilege,Security,Critical,Non-production tenant or isolated local fixture; synthetic records only; Compare the authorized role with a role missing the required grant. ,"1. Create a disposable, versioned synthetic fixture: Compare the authorized role with a role missing the required grant. 2. Execute the platform workflow to expire entries at configured retention boundary. 3. Capture the committed result, resource version, or run status. 4. Compare the result with the source fixture and the declared invariant. 5. Repeat or recover the operation when applicable; verify access, audit evidence, and side effects.","The platform must correctly expire entries at configured retention boundary; the least privilege condition follows the configured contract; valid state is preserved, invalid or unauthorized work is rejected or quarantined without silent loss, retries do not duplicate side effects, lineage and audit evidence remain available, and no production records or credentials are used.",Playwright + platform UI/API,"crewai,market-platform,synthetic-data,memory,least-privilege"
CrewAI,Memory and State,CRW-MEMORY-00115,Memory and State: deduplicate writes by stable key (least privilege),CrewAI: deduplicate writes by stable key with least privilege,Security,Critical,Non-production tenant or isolated local fixture; synthetic records only; Compare the authorized role with a role missing the required grant. ,"1. Create a disposable, versioned synthetic fixture: Compare the authorized role with a role missing the required grant. 2. Execute the platform workflow to deduplicate writes by stable key. 3. Capture the committed result, resource version, or run status. 4. Compare the result with the source fixture and the declared invariant. 5. Repeat or recover the operation when applicable; verify access, audit evidence, and side effects.","The platform must correctly deduplicate writes by stable key; the least privilege condition follows the configured contract; valid state is preserved, invalid or unauthorized work is rejected or quarantined without silent loss, retries do not duplicate side effects, lineage and audit evidence remain available, and no production records or credentials are used.",Playwright + platform UI/API,"crewai,market-platform,synthetic-data,memory,least-privilege"
CrewAI,Memory and State,CRW-MEMORY-00116,Memory and State: handle missing memory service without fabricated facts (least privilege),CrewAI: handle missing memory service without fabricated facts with least privilege,Security,Critical,Non-production tenant or isolated local fixture; synthetic records only; Compare the authorized role with a role missing the required grant. ,"1. Create a disposable, versioned synthetic fixture: Compare the authorized role with a role missing the required grant. 2. Execute the platform workflow to handle missing memory service without fabricated facts. 3. Capture the committed result, resource version, or run status. 4. Compare the result with the source fixture and the declared invariant. 5. Repeat or recover the operation when applicable; verify access, audit evidence, and side effects.","The platform must correctly handle missing memory service without fabricated facts; the least privilege condition follows the configured contract; valid state is preserved, invalid or unauthorized work is rejected or quarantined without silent loss, retries do not duplicate side effects, lineage and audit evidence remain available, and no production records or credentials are used.",Playwright + platform UI/API,"crewai,market-platform,synthetic-data,memory,least-privilege"
CrewAI,Memory and State,CRW-MEMORY-00117,Memory and State: update memory without losing audit history (least privilege),CrewAI: update memory without losing audit history with least privilege,Security,Critical,Non-production tenant or isolated local fixture; synthetic records only; Compare the authorized role with a role missing the required grant. ,"1. Create a disposable, versioned synthetic fixture: Compare the authorized role with a role missing the required grant. 2. Execute the platform workflow to update memory without losing audit history. 3. Capture the committed result, resource version, or run status. 4. Compare the result with the source fixture and the declared invariant. 5. Repeat or recover the operation when applicable; verify access, audit evidence, and side effects.","The platform must correctly update memory without losing audit history; the least privilege condition follows the configured contract; valid state is preserved, invalid or unauthorized work is rejected or quarantined without silent loss, retries do not duplicate side effects, lineage and audit evidence remain available, and no production records or credentials are used.",Playwright + platform UI/API,"crewai,market-platform,synthetic-data,memory,least-privilege"
CrewAI,Memory and State,CRW-MEMORY-00118,Memory and State: prevent prompt text from reading another tenant's memory (least privilege),CrewAI: prevent prompt text from reading another tenant's memory with least privilege,Security,Critical,Non-production tenant or isolated local fixture; synthetic records only; Compare the authorized role with a role missing the required grant. ,"1. Create a disposable, versioned synthetic fixture: Compare the authorized role with a role missing the required grant. 2. Execute the platform workflow to prevent prompt text from reading another tenant's memory. 3. Capture the committed result, resource version, or run status. 4. Compare the result with the source fixture and the declared invariant. 5. Repeat or recover the operation when applicable; verify access, audit evidence, and side effects.","The platform must correctly prevent prompt text from reading another tenant's memory; the least privilege condition follows the configured contract; valid state is preserved, invalid or unauthorized work is rejected or quarantined without silent loss, retries do not duplicate side effects, lineage and audit evidence remain available, and no production records or credentials are used.",Playwright + platform UI/API,"crewai,market-platform,synthetic-data,memory,least-privilege"
CrewAI,Memory and State,CRW-MEMORY-00119,Memory and State: replay run with fixed memory snapshot (least privilege),CrewAI: replay run with fixed memory snapshot with least privilege,Security,Critical,Non-production tenant or isolated local fixture; synthetic records only; Compare the authorized role with a role missing the required grant. ,"1. Create a disposable, versioned synthetic fixture: Compare the authorized role with a role missing the required grant. 2. Execute the platform workflow to replay run with fixed memory snapshot. 3. Capture the committed result, resource version, or run status. 4. Compare the result with the source fixture and the declared invariant. 5. Repeat or recover the operation when applicable; verify access, audit evidence, and side effects.","The platform must correctly replay run with fixed memory snapshot; the least privilege condition follows the configured contract; valid state is preserved, invalid or unauthorized work is rejected or quarantined without silent loss, retries do not duplicate side effects, lineage and audit evidence remain available, and no production records or credentials are used.",Playwright + platform UI/API,"crewai,market-platform,synthetic-data,memory,least-privilege"
CrewAI,Memory and State,CRW-MEMORY-00120,Memory and State: audit memory lifecycle operations (least privilege),CrewAI: audit memory lifecycle operations with least privilege,Security,Critical,Non-production tenant or isolated local fixture; synthetic records only; Compare the authorized role with a role missing the required grant. ,"1. Create a disposable, versioned synthetic fixture: Compare the authorized role with a role missing the required grant. 2. Execute the platform workflow to audit memory lifecycle operations. 3. Capture the committed result, resource version, or run status. 4. Compare the result with the source fixture and the declared invariant. 5. Repeat or recover the operation when applicable; verify access, audit evidence, and side effects.","The platform must correctly audit memory lifecycle operations; the least privilege condition follows the configured contract; valid state is preserved, invalid or unauthorized work is rejected or quarantined without silent loss, retries do not duplicate side effects, lineage and audit evidence remain available, and no production records or credentials are used.",Playwright + platform UI/API,"crewai,market-platform,synthetic-data,memory,least-privilege"
CrewAI,Memory and State,CRW-MEMORY-00121,Memory and State: store a synthetic memory with scoped identifier (concurrent writers),CrewAI: store a synthetic memory with scoped identifier with concurrent writers,Functional,Medium,Non-production tenant or isolated local fixture; synthetic records only; Run two valid writers against overlapping logical data at the same time. ,"1. Create a disposable, versioned synthetic fixture: Run two valid writers against overlapping logical data at the same time. 2. Execute the platform workflow to store a synthetic memory with scoped identifier. 3. Capture the committed result, resource version, or run status. 4. Compare the result with the source fixture and the declared invariant. 5. Repeat or recover the operation when applicable; verify access, audit evidence, and side effects.","The platform must correctly store a synthetic memory with scoped identifier; the concurrent writers condition follows the configured contract; valid state is preserved, invalid or unauthorized work is rejected or quarantined without silent loss, retries do not duplicate side effects, lineage and audit evidence remain available, and no production records or credentials are used.",Playwright + platform UI/API,"crewai,market-platform,synthetic-data,memory,concurrent-writers"
CrewAI,Memory and State,CRW-MEMORY-00122,Memory and State: retrieve only memories allowed for the tenant (concurrent writers),CrewAI: retrieve only memories allowed for the tenant with concurrent writers,Functional,High,Non-production tenant or isolated local fixture; synthetic records only; Run two valid writers against overlapping logical data at the same time. ,"1. Create a disposable, versioned synthetic fixture: Run two valid writers against overlapping logical data at the same time. 2. Execute the platform workflow to retrieve only memories allowed for the tenant. 3. Capture the committed result, resource version, or run status. 4. Compare the result with the source fixture and the declared invariant. 5. Repeat or recover the operation when applicable; verify access, audit evidence, and side effects.","The platform must correctly retrieve only memories allowed for the tenant; the concurrent writers condition follows the configured contract; valid state is preserved, invalid or unauthorized work is rejected or quarantined without silent loss, retries do not duplicate side effects, lineage and audit evidence remain available, and no production records or credentials are used.",Playwright + platform UI/API,"crewai,market-platform,synthetic-data,memory,concurrent-writers"
CrewAI,Memory and State,CRW-MEMORY-00123,Memory and State: isolate memory across user and project scopes (concurrent writers),CrewAI: isolate memory across user and project scopes with concurrent writers,Functional,High,Non-production tenant or isolated local fixture; synthetic records only; Run two valid writers against overlapping logical data at the same time. ,"1. Create a disposable, versioned synthetic fixture: Run two valid writers against overlapping logical data at the same time. 2. Execute the platform workflow to isolate memory across user and project scopes. 3. Capture the committed result, resource version, or run status. 4. Compare the result with the source fixture and the declared invariant. 5. Repeat or recover the operation when applicable; verify access, audit evidence, and side effects.","The platform must correctly isolate memory across user and project scopes; the concurrent writers condition follows the configured contract; valid state is preserved, invalid or unauthorized work is rejected or quarantined without silent loss, retries do not duplicate side effects, lineage and audit evidence remain available, and no production records or credentials are used.",Playwright + platform UI/API,"crewai,market-platform,synthetic-data,memory,concurrent-writers"
CrewAI,Memory and State,CRW-MEMORY-00124,Memory and State: expire entries at configured retention boundary (concurrent writers),CrewAI: expire entries at configured retention boundary with concurrent writers,Functional,High,Non-production tenant or isolated local fixture; synthetic records only; Run two valid writers against overlapping logical data at the same time. ,"1. Create a disposable, versioned synthetic fixture: Run two valid writers against overlapping logical data at the same time. 2. Execute the platform workflow to expire entries at configured retention boundary. 3. Capture the committed result, resource version, or run status. 4. Compare the result with the source fixture and the declared invariant. 5. Repeat or recover the operation when applicable; verify access, audit evidence, and side effects.","The platform must correctly expire entries at configured retention boundary; the concurrent writers condition follows the configured contract; valid state is preserved, invalid or unauthorized work is rejected or quarantined without silent loss, retries do not duplicate side effects, lineage and audit evidence remain available, and no production records or credentials are used.",Playwright + platform UI/API,"crewai,market-platform,synthetic-data,memory,concurrent-writers"
CrewAI,Memory and State,CRW-MEMORY-00125,Memory and State: deduplicate writes by stable key (concurrent writers),CrewAI: deduplicate writes by stable key with concurrent writers,Functional,Medium,Non-production tenant or isolated local fixture; synthetic records only; Run two valid writers against overlapping logical data at the same time. ,"1. Create a disposable, versioned synthetic fixture: Run two valid writers against overlapping logical data at the same time. 2. Execute the platform workflow to deduplicate writes by stable key. 3. Capture the committed result, resource version, or run status. 4. Compare the result with the source fixture and the declared invariant. 5. Repeat or recover the operation when applicable; verify access, audit evidence, and side effects.","The platform must correctly deduplicate writes by stable key; the concurrent writers condition follows the configured contract; valid state is preserved, invalid or unauthorized work is rejected or quarantined without silent loss, retries do not duplicate side effects, lineage and audit evidence remain available, and no production records or credentials are used.",Playwright + platform UI/API,"crewai,market-platform,synthetic-data,memory,concurrent-writers"
CrewAI,Memory and State,CRW-MEMORY-00126,Memory and State: handle missing memory service without fabricated facts (concurrent writers),CrewAI: handle missing memory service without fabricated facts with concurrent writers,Functional,High,Non-production tenant or isolated local fixture; synthetic records only; Run two valid writers against overlapping logical data at the same time. ,"1. Create a disposable, versioned synthetic fixture: Run two valid writers against overlapping logical data at the same time. 2. Execute the platform workflow to handle missing memory service without fabricated facts. 3. Capture the committed result, resource version, or run status. 4. Compare the result with the source fixture and the declared invariant. 5. Repeat or recover the operation when applicable; verify access, audit evidence, and side effects.","The platform must correctly handle missing memory service without fabricated facts; the concurrent writers condition follows the configured contract; valid state is preserved, invalid or unauthorized work is rejected or quarantined without silent loss, retries do not duplicate side effects, lineage and audit evidence remain available, and no production records or credentials are used.",Playwright + platform UI/API,"crewai,market-platform,synthetic-data,memory,concurrent-writers"
CrewAI,Memory and State,CRW-MEMORY-00127,Memory and State: update memory without losing audit history (concurrent writers),CrewAI: update memory without losing audit history with concurrent writers,Functional,High,Non-production tenant or isolated local fixture; synthetic records only; Run two valid writers against overlapping logical data at the same time. ,"1. Create a disposable, versioned synthetic fixture: Run two valid writers against overlapping logical data at the same time. 2. Execute the platform workflow to update memory without losing audit history. 3. Capture the committed result, resource version, or run status. 4. Compare the result with the source fixture and the declared invariant. 5. Repeat or recover the operation when applicable; verify access, audit evidence, and side effects.","The platform must correctly update memory without losing audit history; the concurrent writers condition follows the configured contract; valid state is preserved, invalid or unauthorized work is rejected or quarantined without silent loss, retries do not duplicate side effects, lineage and audit evidence remain available, and no production records or credentials are used.",Playwright + platform UI/API,"crewai,market-platform,synthetic-data,memory,concurrent-writers"
CrewAI,Memory and State,CRW-MEMORY-00128,Memory and State: prevent prompt text from reading another tenant's memory (concurrent writers),CrewAI: prevent prompt text from reading another tenant's memory with concurrent writers,Functional,High,Non-production tenant or isolated local fixture; synthetic records only; Run two valid writers against overlapping logical data at the same time. ,"1. Create a disposable, versioned synthetic fixture: Run two valid writers against overlapping logical data at the same time. 2. Execute the platform workflow to prevent prompt text from reading another tenant's memory. 3. Capture the committed result, resource version, or run status. 4. Compare the result with the source fixture and the declared invariant. 5. Repeat or recover the operation when applicable; verify access, audit evidence, and side effects.","The platform must correctly prevent prompt text from reading another tenant's memory; the concurrent writers condition follows the configured contract; valid state is preserved, invalid or unauthorized work is rejected or quarantined without silent loss, retries do not duplicate side effects, lineage and audit evidence remain available, and no production records or credentials are used.",Playwright + platform UI/API,"crewai,market-platform,synthetic-data,memory,concurrent-writers"
CrewAI,Memory and State,CRW-MEMORY-00129,Memory and State: replay run with fixed memory snapshot (concurrent writers),CrewAI: replay run with fixed memory snapshot with concurrent writers,Functional,Medium,Non-production tenant or isolated local fixture; synthetic records only; Run two valid writers against overlapping logical data at the same time. ,"1. Create a disposable, versioned synthetic fixture: Run two valid writers against overlapping logical data at the same time. 2. Execute the platform workflow to replay run with fixed memory snapshot. 3. Capture the committed result, resource version, or run status. 4. Compare the result with the source fixture and the declared invariant. 5. Repeat or recover the operation when applicable; verify access, audit evidence, and side effects.","The platform must correctly replay run with fixed memory snapshot; the concurrent writers condition follows the configured contract; valid state is preserved, invalid or unauthorized work is rejected or quarantined without silent loss, retries do not duplicate side effects, lineage and audit evidence remain available, and no production records or credentials are used.",Playwright + platform UI/API,"crewai,market-platform,synthetic-data,memory,concurrent-writers"
CrewAI,Memory and State,CRW-MEMORY-00130,Memory and State: audit memory lifecycle operations (concurrent writers),CrewAI: audit memory lifecycle operations with concurrent writers,Functional,High,Non-production tenant or isolated local fixture; synthetic records only; Run two valid writers against overlapping logical data at the same time. ,"1. Create a disposable, versioned synthetic fixture: Run two valid writers against overlapping logical data at the same time. 2. Execute the platform workflow to audit memory lifecycle operations. 3. Capture the committed result, resource version, or run status. 4. Compare the result with the source fixture and the declared invariant. 5. Repeat or recover the operation when applicable; verify access, audit evidence, and side effects.","The platform must correctly audit memory lifecycle operations; the concurrent writers condition follows the configured contract; valid state is preserved, invalid or unauthorized work is rejected or quarantined without silent loss, retries do not duplicate side effects, lineage and audit evidence remain available, and no production records or credentials are used.",Playwright + platform UI/API,"crewai,market-platform,synthetic-data,memory,concurrent-writers"
CrewAI,Memory and State,CRW-MEMORY-00131,Memory and State: store a synthetic memory with scoped identifier (transient retry),CrewAI: store a synthetic memory with scoped identifier with transient retry,Resilience,High,"Non-production tenant or isolated local fixture; synthetic records only; Inject one transient service failure, restore the dependency, and retry. ","1. Create a disposable, versioned synthetic fixture: Inject one transient service failure, restore the dependency, and retry. 2. Execute the platform workflow to store a synthetic memory with scoped identifier. 3. Capture the committed result, resource version, or run status. 4. Compare the result with the source fixture and the declared invariant. 5. Repeat or recover the operation when applicable; verify access, audit evidence, and side effects.","The platform must correctly store a synthetic memory with scoped identifier; the transient retry condition follows the configured contract; valid state is preserved, invalid or unauthorized work is rejected or quarantined without silent loss, retries do not duplicate side effects, lineage and audit evidence remain available, and no production records or credentials are used.",Playwright + platform UI/API,"crewai,market-platform,synthetic-data,memory,transient-retry"
CrewAI,Memory and State,CRW-MEMORY-00132,Memory and State: retrieve only memories allowed for the tenant (transient retry),CrewAI: retrieve only memories allowed for the tenant with transient retry,Resilience,High,"Non-production tenant or isolated local fixture; synthetic records only; Inject one transient service failure, restore the dependency, and retry. ","1. Create a disposable, versioned synthetic fixture: Inject one transient service failure, restore the dependency, and retry. 2. Execute the platform workflow to retrieve only memories allowed for the tenant. 3. Capture the committed result, resource version, or run status. 4. Compare the result with the source fixture and the declared invariant. 5. Repeat or recover the operation when applicable; verify access, audit evidence, and side effects.","The platform must correctly retrieve only memories allowed for the tenant; the transient retry condition follows the configured contract; valid state is preserved, invalid or unauthorized work is rejected or quarantined without silent loss, retries do not duplicate side effects, lineage and audit evidence remain available, and no production records or credentials are used.",Playwright + platform UI/API,"crewai,market-platform,synthetic-data,memory,transient-retry"
CrewAI,Memory and State,CRW-MEMORY-00133,Memory and State: isolate memory across user and project scopes (transient retry),CrewAI: isolate memory across user and project scopes with transient retry,Resilience,Medium,"Non-production tenant or isolated local fixture; synthetic records only; Inject one transient service failure, restore the dependency, and retry. ","1. Create a disposable, versioned synthetic fixture: Inject one transient service failure, restore the dependency, and retry. 2. Execute the platform workflow to isolate memory across user and project scopes. 3. Capture the committed result, resource version, or run status. 4. Compare the result with the source fixture and the declared invariant. 5. Repeat or recover the operation when applicable; verify access, audit evidence, and side effects.","The platform must correctly isolate memory across user and project scopes; the transient retry condition follows the configured contract; valid state is preserved, invalid or unauthorized work is rejected or quarantined without silent loss, retries do not duplicate side effects, lineage and audit evidence remain available, and no production records or credentials are used.",Playwright + platform UI/API,"crewai,market-platform,synthetic-data,memory,transient-retry"
CrewAI,Memory and State,CRW-MEMORY-00134,Memory and State: expire entries at configured retention boundary (transient retry),CrewAI: expire entries at configured retention boundary with transient retry,Resilience,High,"Non-production tenant or isolated local fixture; synthetic records only; Inject one transient service failure, restore the dependency, and retry. ","1. Create a disposable, versioned synthetic fixture: Inject one transient service failure, restore the dependency, and retry. 2. Execute the platform workflow to expire entries at configured retention boundary. 3. Capture the committed result, resource version, or run status. 4. Compare the result with the source fixture and the declared invariant. 5. Repeat or recover the operation when applicable; verify access, audit evidence, and side effects.","The platform must correctly expire entries at configured retention boundary; the transient retry condition follows the configured contract; valid state is preserved, invalid or unauthorized work is rejected or quarantined without silent loss, retries do not duplicate side effects, lineage and audit evidence remain available, and no production records or credentials are used.",Playwright + platform UI/API,"crewai,market-platform,synthetic-data,memory,transient-retry"
CrewAI,Memory and State,CRW-MEMORY-00135,Memory and State: deduplicate writes by stable key (transient retry),CrewAI: deduplicate writes by stable key with transient retry,Resilience,High,"Non-production tenant or isolated local fixture; synthetic records only; Inject one transient service failure, restore the dependency, and retry. ","1. Create a disposable, versioned synthetic fixture: Inject one transient service failure, restore the dependency, and retry. 2. Execute the platform workflow to deduplicate writes by stable key. 3. Capture the committed result, resource version, or run status. 4. Compare the result with the source fixture and the declared invariant. 5. Repeat or recover the operation when applicable; verify access, audit evidence, and side effects.","The platform must correctly deduplicate writes by stable key; the transient retry condition follows the configured contract; valid state is preserved, invalid or unauthorized work is rejected or quarantined without silent loss, retries do not duplicate side effects, lineage and audit evidence remain available, and no production records or credentials are used.",Playwright + platform UI/API,"crewai,market-platform,synthetic-data,memory,transient-retry"
CrewAI,Memory and State,CRW-MEMORY-00136,Memory and State: handle missing memory service without fabricated facts (transient retry),CrewAI: handle missing memory service without fabricated facts with transient retry,Resilience,High,"Non-production tenant or isolated local fixture; synthetic records only; Inject one transient service failure, restore the dependency, and retry. ","1. Create a disposable, versioned synthetic fixture: Inject one transient service failure, restore the dependency, and retry. 2. Execute the platform workflow to handle missing memory service without fabricated facts. 3. Capture the committed result, resource version, or run status. 4. Compare the result with the source fixture and the declared invariant. 5. Repeat or recover the operation when applicable; verify access, audit evidence, and side effects.","The platform must correctly handle missing memory service without fabricated facts; the transient retry condition follows the configured contract; valid state is preserved, invalid or unauthorized work is rejected or quarantined without silent loss, retries do not duplicate side effects, lineage and audit evidence remain available, and no production records or credentials are used.",Playwright + platform UI/API,"crewai,market-platform,synthetic-data,memory,transient-retry"
CrewAI,Memory and State,CRW-MEMORY-00137,Memory and State: update memory without losing audit history (transient retry),CrewAI: update memory without losing audit history with transient retry,Resilience,Medium,"Non-production tenant or isolated local fixture; synthetic records only; Inject one transient service failure, restore the dependency, and retry. ","1. Create a disposable, versioned synthetic fixture: Inject one transient service failure, restore the dependency, and retry. 2. Execute the platform workflow to update memory without losing audit history. 3. Capture the committed result, resource version, or run status. 4. Compare the result with the source fixture and the declared invariant. 5. Repeat or recover the operation when applicable; verify access, audit evidence, and side effects.","The platform must correctly update memory without losing audit history; the transient retry condition follows the configured contract; valid state is preserved, invalid or unauthorized work is rejected or quarantined without silent loss, retries do not duplicate side effects, lineage and audit evidence remain available, and no production records or credentials are used.",Playwright + platform UI/API,"crewai,market-platform,synthetic-data,memory,transient-retry"
CrewAI,Memory and State,CRW-MEMORY-00138,Memory and State: prevent prompt text from reading another tenant's memory (transient retry),CrewAI: prevent prompt text from reading another tenant's memory with transient retry,Resilience,High,"Non-production tenant or isolated local fixture; synthetic records only; Inject one transient service failure, restore the dependency, and retry. ","1. Create a disposable, versioned synthetic fixture: Inject one transient service failure, restore the dependency, and retry. 2. Execute the platform workflow to prevent prompt text from reading another tenant's memory. 3. Capture the committed result, resource version, or run status. 4. Compare the result with the source fixture and the declared invariant. 5. Repeat or recover the operation when applicable; verify access, audit evidence, and side effects.","The platform must correctly prevent prompt text from reading another tenant's memory; the transient retry condition follows the configured contract; valid state is preserved, invalid or unauthorized work is rejected or quarantined without silent loss, retries do not duplicate side effects, lineage and audit evidence remain available, and no production records or credentials are used.",Playwright + platform UI/API,"crewai,market-platform,synthetic-data,memory,transient-retry"
CrewAI,Memory and State,CRW-MEMORY-00139,Memory and State: replay run with fixed memory snapshot (transient retry),CrewAI: replay run with fixed memory snapshot with transient retry,Resilience,High,"Non-production tenant or isolated local fixture; synthetic records only; Inject one transient service failure, restore the dependency, and retry. ","1. Create a disposable, versioned synthetic fixture: Inject one transient service failure, restore the dependency, and retry. 2. Execute the platform workflow to replay run with fixed memory snapshot. 3. Capture the committed result, resource version, or run status. 4. Compare the result with the source fixture and the declared invariant. 5. Repeat or recover the operation when applicable; verify access, audit evidence, and side effects.","The platform must correctly replay run with fixed memory snapshot; the transient retry condition follows the configured contract; valid state is preserved, invalid or unauthorized work is rejected or quarantined without silent loss, retries do not duplicate side effects, lineage and audit evidence remain available, and no production records or credentials are used.",Playwright + platform UI/API,"crewai,market-platform,synthetic-data,memory,transient-retry"
CrewAI,Memory and State,CRW-MEMORY-00140,Memory and State: audit memory lifecycle operations (transient retry),CrewAI: audit memory lifecycle operations with transient retry,Resilience,High,"Non-production tenant or isolated local fixture; synthetic records only; Inject one transient service failure, restore the dependency, and retry. ","1. Create a disposable, versioned synthetic fixture: Inject one transient service failure, restore the dependency, and retry. 2. Execute the platform workflow to audit memory lifecycle operations. 3. Capture the committed result, resource version, or run status. 4. Compare the result with the source fixture and the declared invariant. 5. Repeat or recover the operation when applicable; verify access, audit evidence, and side effects.","The platform must correctly audit memory lifecycle operations; the transient retry condition follows the configured contract; valid state is preserved, invalid or unauthorized work is rejected or quarantined without silent loss, retries do not duplicate side effects, lineage and audit evidence remain available, and no production records or credentials are used.",Playwright + platform UI/API,"crewai,market-platform,synthetic-data,memory,transient-retry"
CrewAI,Memory and State,CRW-MEMORY-00141,Memory and State: store a synthetic memory with scoped identifier (commit conflict),CrewAI: store a synthetic memory with scoped identifier with commit conflict,Functional,Medium,Non-production tenant or isolated local fixture; synthetic records only; Advance the resource version between read and write to create an optimistic conflict. ,"1. Create a disposable, versioned synthetic fixture: Advance the resource version between read and write to create an optimistic conflict. 2. Execute the platform workflow to store a synthetic memory with scoped identifier. 3. Capture the committed result, resource version, or run status. 4. Compare the result with the source fixture and the declared invariant. 5. Repeat or recover the operation when applicable; verify access, audit evidence, and side effects.","The platform must correctly store a synthetic memory with scoped identifier; the commit conflict condition follows the configured contract; valid state is preserved, invalid or unauthorized work is rejected or quarantined without silent loss, retries do not duplicate side effects, lineage and audit evidence remain available, and no production records or credentials are used.",Playwright + platform UI/API,"crewai,market-platform,synthetic-data,memory,commit-conflict"
CrewAI,Memory and State,CRW-MEMORY-00142,Memory and State: retrieve only memories allowed for the tenant (commit conflict),CrewAI: retrieve only memories allowed for the tenant with commit conflict,Functional,High,Non-production tenant or isolated local fixture; synthetic records only; Advance the resource version between read and write to create an optimistic conflict. ,"1. Create a disposable, versioned synthetic fixture: Advance the resource version between read and write to create an optimistic conflict. 2. Execute the platform workflow to retrieve only memories allowed for the tenant. 3. Capture the committed result, resource version, or run status. 4. Compare the result with the source fixture and the declared invariant. 5. Repeat or recover the operation when applicable; verify access, audit evidence, and side effects.","The platform must correctly retrieve only memories allowed for the tenant; the commit conflict condition follows the configured contract; valid state is preserved, invalid or unauthorized work is rejected or quarantined without silent loss, retries do not duplicate side effects, lineage and audit evidence remain available, and no production records or credentials are used.",Playwright + platform UI/API,"crewai,market-platform,synthetic-data,memory,commit-conflict"
CrewAI,Memory and State,CRW-MEMORY-00143,Memory and State: isolate memory across user and project scopes (commit conflict),CrewAI: isolate memory across user and project scopes with commit conflict,Functional,High,Non-production tenant or isolated local fixture; synthetic records only; Advance the resource version between read and write to create an optimistic conflict. ,"1. Create a disposable, versioned synthetic fixture: Advance the resource version between read and write to create an optimistic conflict. 2. Execute the platform workflow to isolate memory across user and project scopes. 3. Capture the committed result, resource version, or run status. 4. Compare the result with the source fixture and the declared invariant. 5. Repeat or recover the operation when applicable; verify access, audit evidence, and side effects.","The platform must correctly isolate memory across user and project scopes; the commit conflict condition follows the configured contract; valid state is preserved, invalid or unauthorized work is rejected or quarantined without silent loss, retries do not duplicate side effects, lineage and audit evidence remain available, and no production records or credentials are used.",Playwright + platform UI/API,"crewai,market-platform,synthetic-data,memory,commit-conflict"
CrewAI,Memory and State,CRW-MEMORY-00144,Memory and State: expire entries at configured retention boundary (commit conflict),CrewAI: expire entries at configured retention boundary with commit conflict,Functional,High,Non-production tenant or isolated local fixture; synthetic records only; Advance the resource version between read and write to create an optimistic conflict. ,"1. Create a disposable, versioned synthetic fixture: Advance the resource version between read and write to create an optimistic conflict. 2. Execute the platform workflow to expire entries at configured retention boundary. 3. Capture the committed result, resource version, or run status. 4. Compare the result with the source fixture and the declared invariant. 5. Repeat or recover the operation when applicable; verify access, audit evidence, and side effects.","The platform must correctly expire entries at configured retention boundary; the commit conflict condition follows the configured contract; valid state is preserved, invalid or unauthorized work is rejected or quarantined without silent loss, retries do not duplicate side effects, lineage and audit evidence remain available, and no production records or credentials are used.",Playwright + platform UI/API,"crewai,market-platform,synthetic-data,memory,commit-conflict"
CrewAI,Memory and State,CRW-MEMORY-00145,Memory and State: deduplicate writes by stable key (commit conflict),CrewAI: deduplicate writes by stable key with commit conflict,Functional,Medium,Non-production tenant or isolated local fixture; synthetic records only; Advance the resource version between read and write to create an optimistic conflict. ,"1. Create a disposable, versioned synthetic fixture: Advance the resource version between read and write to create an optimistic conflict. 2. Execute the platform workflow to deduplicate writes by stable key. 3. Capture the committed result, resource version, or run status. 4. Compare the result with the source fixture and the declared invariant. 5. Repeat or recover the operation when applicable; verify access, audit evidence, and side effects.","The platform must correctly deduplicate writes by stable key; the commit conflict condition follows the configured contract; valid state is preserved, invalid or unauthorized work is rejected or quarantined without silent loss, retries do not duplicate side effects, lineage and audit evidence remain available, and no production records or credentials are used.",Playwright + platform UI/API,"crewai,market-platform,synthetic-data,memory,commit-conflict"
CrewAI,Memory and State,CRW-MEMORY-00146,Memory and State: handle missing memory service without fabricated facts (commit conflict),CrewAI: handle missing memory service without fabricated facts with commit conflict,Functional,High,Non-production tenant or isolated local fixture; synthetic records only; Advance the resource version between read and write to create an optimistic conflict. ,"1. Create a disposable, versioned synthetic fixture: Advance the resource version between read and write to create an optimistic conflict. 2. Execute the platform workflow to handle missing memory service without fabricated facts. 3. Capture the committed result, resource version, or run status. 4. Compare the result with the source fixture and the declared invariant. 5. Repeat or recover the operation when applicable; verify access, audit evidence, and side effects.","The platform must correctly handle missing memory service without fabricated facts; the commit conflict condition follows the configured contract; valid state is preserved, invalid or unauthorized work is rejected or quarantined without silent loss, retries do not duplicate side effects, lineage and audit evidence remain available, and no production records or credentials are used.",Playwright + platform UI/API,"crewai,market-platform,synthetic-data,memory,commit-conflict"
CrewAI,Memory and State,CRW-MEMORY-00147,Memory and State: update memory without losing audit history (commit conflict),CrewAI: update memory without losing audit history with commit conflict,Functional,High,Non-production tenant or isolated local fixture; synthetic records only; Advance the resource version between read and write to create an optimistic conflict. ,"1. Create a disposable, versioned synthetic fixture: Advance the resource version between read and write to create an optimistic conflict. 2. Execute the platform workflow to update memory without losing audit history. 3. Capture the committed result, resource version, or run status. 4. Compare the result with the source fixture and the declared invariant. 5. Repeat or recover the operation when applicable; verify access, audit evidence, and side effects.","The platform must correctly update memory without losing audit history; the commit conflict condition follows the configured contract; valid state is preserved, invalid or unauthorized work is rejected or quarantined without silent loss, retries do not duplicate side effects, lineage and audit evidence remain available, and no production records or credentials are used.",Playwright + platform UI/API,"crewai,market-platform,synthetic-data,memory,commit-conflict"
CrewAI,Memory and State,CRW-MEMORY-00148,Memory and State: prevent prompt text from reading another tenant's memory (commit conflict),CrewAI: prevent prompt text from reading another tenant's memory with commit conflict,Functional,High,Non-production tenant or isolated local fixture; synthetic records only; Advance the resource version between read and write to create an optimistic conflict. ,"1. Create a disposable, versioned synthetic fixture: Advance the resource version between read and write to create an optimistic conflict. 2. Execute the platform workflow to prevent prompt text from reading another tenant's memory. 3. Capture the committed result, resource version, or run status. 4. Compare the result with the source fixture and the declared invariant. 5. Repeat or recover the operation when applicable; verify access, audit evidence, and side effects.","The platform must correctly prevent prompt text from reading another tenant's memory; the commit conflict condition follows the configured contract; valid state is preserved, invalid or unauthorized work is rejected or quarantined without silent loss, retries do not duplicate side effects, lineage and audit evidence remain available, and no production records or credentials are used.",Playwright + platform UI/API,"crewai,market-platform,synthetic-data,memory,commit-conflict"
CrewAI,Memory and State,CRW-MEMORY-00149,Memory and State: replay run with fixed memory snapshot (commit conflict),CrewAI: replay run with fixed memory snapshot with commit conflict,Functional,Medium,Non-production tenant or isolated local fixture; synthetic records only; Advance the resource version between read and write to create an optimistic conflict. ,"1. Create a disposable, versioned synthetic fixture: Advance the resource version between read and write to create an optimistic conflict. 2. Execute the platform workflow to replay run with fixed memory snapshot. 3. Capture the committed result, resource version, or run status. 4. Compare the result with the source fixture and the declared invariant. 5. Repeat or recover the operation when applicable; verify access, audit evidence, and side effects.","The platform must correctly replay run with fixed memory snapshot; the commit conflict condition follows the configured contract; valid state is preserved, invalid or unauthorized work is rejected or quarantined without silent loss, retries do not duplicate side effects, lineage and audit evidence remain available, and no production records or credentials are used.",Playwright + platform UI/API,"crewai,market-platform,synthetic-data,memory,commit-conflict"
CrewAI,Memory and State,CRW-MEMORY-00150,Memory and State: audit memory lifecycle operations (commit conflict),CrewAI: audit memory lifecycle operations with commit conflict,Functional,High,Non-production tenant or isolated local fixture; synthetic records only; Advance the resource version between read and write to create an optimistic conflict. ,"1. Create a disposable, versioned synthetic fixture: Advance the resource version between read and write to create an optimistic conflict. 2. Execute the platform workflow to audit memory lifecycle operations. 3. Capture the committed result, resource version, or run status. 4. Compare the result with the source fixture and the declared invariant. 5. Repeat or recover the operation when applicable; verify access, audit evidence, and side effects.","The platform must correctly audit memory lifecycle operations; the commit conflict condition follows the configured contract; valid state is preserved, invalid or unauthorized work is rejected or quarantined without silent loss, retries do not duplicate side effects, lineage and audit evidence remain available, and no production records or credentials are used.",Playwright + platform UI/API,"crewai,market-platform,synthetic-data,memory,commit-conflict"
CrewAI,Memory and State,CRW-MEMORY-00151,Memory and State: store a synthetic memory with scoped identifier (rollback and replay),CrewAI: store a synthetic memory with scoped identifier with rollback and replay,Functional,High,Non-production tenant or isolated local fixture; synthetic records only; Restore a prior version in a disposable fixture and replay the same operation. ,"1. Create a disposable, versioned synthetic fixture: Restore a prior version in a disposable fixture and replay the same operation. 2. Execute the platform workflow to store a synthetic memory with scoped identifier. 3. Capture the committed result, resource version, or run status. 4. Compare the result with the source fixture and the declared invariant. 5. Repeat or recover the operation when applicable; verify access, audit evidence, and side effects.","The platform must correctly store a synthetic memory with scoped identifier; the rollback and replay condition follows the configured contract; valid state is preserved, invalid or unauthorized work is rejected or quarantined without silent loss, retries do not duplicate side effects, lineage and audit evidence remain available, and no production records or credentials are used.",Playwright + platform UI/API,"crewai,market-platform,synthetic-data,memory,rollback-and-replay"
CrewAI,Memory and State,CRW-MEMORY-00152,Memory and State: retrieve only memories allowed for the tenant (rollback and replay),CrewAI: retrieve only memories allowed for the tenant with rollback and replay,Functional,High,Non-production tenant or isolated local fixture; synthetic records only; Restore a prior version in a disposable fixture and replay the same operation. ,"1. Create a disposable, versioned synthetic fixture: Restore a prior version in a disposable fixture and replay the same operation. 2. Execute the platform workflow to retrieve only memories allowed for the tenant. 3. Capture the committed result, resource version, or run status. 4. Compare the result with the source fixture and the declared invariant. 5. Repeat or recover the operation when applicable; verify access, audit evidence, and side effects.","The platform must correctly retrieve only memories allowed for the tenant; the rollback and replay condition follows the configured contract; valid state is preserved, invalid or unauthorized work is rejected or quarantined without silent loss, retries do not duplicate side effects, lineage and audit evidence remain available, and no production records or credentials are used.",Playwright + platform UI/API,"crewai,market-platform,synthetic-data,memory,rollback-and-replay"
CrewAI,Memory and State,CRW-MEMORY-00153,Memory and State: isolate memory across user and project scopes (rollback and replay),CrewAI: isolate memory across user and project scopes with rollback and replay,Functional,Medium,Non-production tenant or isolated local fixture; synthetic records only; Restore a prior version in a disposable fixture and replay the same operation. ,"1. Create a disposable, versioned synthetic fixture: Restore a prior version in a disposable fixture and replay the same operation. 2. Execute the platform workflow to isolate memory across user and project scopes. 3. Capture the committed result, resource version, or run status. 4. Compare the result with the source fixture and the declared invariant. 5. Repeat or recover the operation when applicable; verify access, audit evidence, and side effects.","The platform must correctly isolate memory across user and project scopes; the rollback and replay condition follows the configured contract; valid state is preserved, invalid or unauthorized work is rejected or quarantined without silent loss, retries do not duplicate side effects, lineage and audit evidence remain available, and no production records or credentials are used.",Playwright + platform UI/API,"crewai,market-platform,synthetic-data,memory,rollback-and-replay"
CrewAI,Memory and State,CRW-MEMORY-00154,Memory and State: expire entries at configured retention boundary (rollback and replay),CrewAI: expire entries at configured retention boundary with rollback and replay,Functional,High,Non-production tenant or isolated local fixture; synthetic records only; Restore a prior version in a disposable fixture and replay the same operation. ,"1. Create a disposable, versioned synthetic fixture: Restore a prior version in a disposable fixture and replay the same operation. 2. Execute the platform workflow to expire entries at configured retention boundary. 3. Capture the committed result, resource version, or run status. 4. Compare the result with the source fixture and the declared invariant. 5. Repeat or recover the operation when applicable; verify access, audit evidence, and side effects.","The platform must correctly expire entries at configured retention boundary; the rollback and replay condition follows the configured contract; valid state is preserved, invalid or unauthorized work is rejected or quarantined without silent loss, retries do not duplicate side effects, lineage and audit evidence remain available, and no production records or credentials are used.",Playwright + platform UI/API,"crewai,market-platform,synthetic-data,memory,rollback-and-replay"
CrewAI,Memory and State,CRW-MEMORY-00155,Memory and State: deduplicate writes by stable key (rollback and replay),CrewAI: deduplicate writes by stable key with rollback and replay,Functional,High,Non-production tenant or isolated local fixture; synthetic records only; Restore a prior version in a disposable fixture and replay the same operation. ,"1. Create a disposable, versioned synthetic fixture: Restore a prior version in a disposable fixture and replay the same operation. 2. Execute the platform workflow to deduplicate writes by stable key. 3. Capture the committed result, resource version, or run status. 4. Compare the result with the source fixture and the declared invariant. 5. Repeat or recover the operation when applicable; verify access, audit evidence, and side effects.","The platform must correctly deduplicate writes by stable key; the rollback and replay condition follows the configured contract; valid state is preserved, invalid or unauthorized work is rejected or quarantined without silent loss, retries do not duplicate side effects, lineage and audit evidence remain available, and no production records or credentials are used.",Playwright + platform UI/API,"crewai,market-platform,synthetic-data,memory,rollback-and-replay"
CrewAI,Memory and State,CRW-MEMORY-00156,Memory and State: handle missing memory service without fabricated facts (rollback and replay),CrewAI: handle missing memory service without fabricated facts with rollback and replay,Functional,High,Non-production tenant or isolated local fixture; synthetic records only; Restore a prior version in a disposable fixture and replay the same operation. ,"1. Create a disposable, versioned synthetic fixture: Restore a prior version in a disposable fixture and replay the same operation. 2. Execute the platform workflow to handle missing memory service without fabricated facts. 3. Capture the committed result, resource version, or run status. 4. Compare the result with the source fixture and the declared invariant. 5. Repeat or recover the operation when applicable; verify access, audit evidence, and side effects.","The platform must correctly handle missing memory service without fabricated facts; the rollback and replay condition follows the configured contract; valid state is preserved, invalid or unauthorized work is rejected or quarantined without silent loss, retries do not duplicate side effects, lineage and audit evidence remain available, and no production records or credentials are used.",Playwright + platform UI/API,"crewai,market-platform,synthetic-data,memory,rollback-and-replay"
CrewAI,Memory and State,CRW-MEMORY-00157,Memory and State: update memory without losing audit history (rollback and replay),CrewAI: update memory without losing audit history with rollback and replay,Functional,Medium,Non-production tenant or isolated local fixture; synthetic records only; Restore a prior version in a disposable fixture and replay the same operation. ,"1. Create a disposable, versioned synthetic fixture: Restore a prior version in a disposable fixture and replay the same operation. 2. Execute the platform workflow to update memory without losing audit history. 3. Capture the committed result, resource version, or run status. 4. Compare the result with the source fixture and the declared invariant. 5. Repeat or recover the operation when applicable; verify access, audit evidence, and side effects.","The platform must correctly update memory without losing audit history; the rollback and replay condition follows the configured contract; valid state is preserved, invalid or unauthorized work is rejected or quarantined without silent loss, retries do not duplicate side effects, lineage and audit evidence remain available, and no production records or credentials are used.",Playwright + platform UI/API,"crewai,market-platform,synthetic-data,memory,rollback-and-replay"
CrewAI,Memory and State,CRW-MEMORY-00158,Memory and State: prevent prompt text from reading another tenant's memory (rollback and replay),CrewAI: prevent prompt text from reading another tenant's memory with rollback and replay,Functional,High,Non-production tenant or isolated local fixture; synthetic records only; Restore a prior version in a disposable fixture and replay the same operation. ,"1. Create a disposable, versioned synthetic fixture: Restore a prior version in a disposable fixture and replay the same operation. 2. Execute the platform workflow to prevent prompt text from reading another tenant's memory. 3. Capture the committed result, resource version, or run status. 4. Compare the result with the source fixture and the declared invariant. 5. Repeat or recover the operation when applicable; verify access, audit evidence, and side effects.","The platform must correctly prevent prompt text from reading another tenant's memory; the rollback and replay condition follows the configured contract; valid state is preserved, invalid or unauthorized work is rejected or quarantined without silent loss, retries do not duplicate side effects, lineage and audit evidence remain available, and no production records or credentials are used.",Playwright + platform UI/API,"crewai,market-platform,synthetic-data,memory,rollback-and-replay"
CrewAI,Memory and State,CRW-MEMORY-00159,Memory and State: replay run with fixed memory snapshot (rollback and replay),CrewAI: replay run with fixed memory snapshot with rollback and replay,Functional,High,Non-production tenant or isolated local fixture; synthetic records only; Restore a prior version in a disposable fixture and replay the same operation. ,"1. Create a disposable, versioned synthetic fixture: Restore a prior version in a disposable fixture and replay the same operation. 2. Execute the platform workflow to replay run with fixed memory snapshot. 3. Capture the committed result, resource version, or run status. 4. Compare the result with the source fixture and the declared invariant. 5. Repeat or recover the operation when applicable; verify access, audit evidence, and side effects.","The platform must correctly replay run with fixed memory snapshot; the rollback and replay condition follows the configured contract; valid state is preserved, invalid or unauthorized work is rejected or quarantined without silent loss, retries do not duplicate side effects, lineage and audit evidence remain available, and no production records or credentials are used.",Playwright + platform UI/API,"crewai,market-platform,synthetic-data,memory,rollback-and-replay"
CrewAI,Memory and State,CRW-MEMORY-00160,Memory and State: audit memory lifecycle operations (rollback and replay),CrewAI: audit memory lifecycle operations with rollback and replay,Functional,High,Non-production tenant or isolated local fixture; synthetic records only; Restore a prior version in a disposable fixture and replay the same operation. ,"1. Create a disposable, versioned synthetic fixture: Restore a prior version in a disposable fixture and replay the same operation. 2. Execute the platform workflow to audit memory lifecycle operations. 3. Capture the committed result, resource version, or run status. 4. Compare the result with the source fixture and the declared invariant. 5. Repeat or recover the operation when applicable; verify access, audit evidence, and side effects.","The platform must correctly audit memory lifecycle operations; the rollback and replay condition follows the configured contract; valid state is preserved, invalid or unauthorized work is rejected or quarantined without silent loss, retries do not duplicate side effects, lineage and audit evidence remain available, and no production records or credentials are used.",Playwright + platform UI/API,"crewai,market-platform,synthetic-data,memory,rollback-and-replay"
CrewAI,Memory and State,CRW-MEMORY-00161,Memory and State: store a synthetic memory with scoped identifier (Unicode identifiers),CrewAI: store a synthetic memory with scoped identifier with Unicode identifiers,Functional,Medium,"Non-production tenant or isolated local fixture; synthetic records only; Use Unicode in safe project, model, table, index, and synthetic account labels. ","1. Create a disposable, versioned synthetic fixture: Use Unicode in safe project, model, table, index, and synthetic account labels. 2. Execute the platform workflow to store a synthetic memory with scoped identifier. 3. Capture the committed result, resource version, or run status. 4. Compare the result with the source fixture and the declared invariant. 5. Repeat or recover the operation when applicable; verify access, audit evidence, and side effects.","The platform must correctly store a synthetic memory with scoped identifier; the Unicode identifiers condition follows the configured contract; valid state is preserved, invalid or unauthorized work is rejected or quarantined without silent loss, retries do not duplicate side effects, lineage and audit evidence remain available, and no production records or credentials are used.",Playwright + platform UI/API,"crewai,market-platform,synthetic-data,memory,Unicode-identifiers"
CrewAI,Memory and State,CRW-MEMORY-00162,Memory and State: retrieve only memories allowed for the tenant (Unicode identifiers),CrewAI: retrieve only memories allowed for the tenant with Unicode identifiers,Functional,High,"Non-production tenant or isolated local fixture; synthetic records only; Use Unicode in safe project, model, table, index, and synthetic account labels. ","1. Create a disposable, versioned synthetic fixture: Use Unicode in safe project, model, table, index, and synthetic account labels. 2. Execute the platform workflow to retrieve only memories allowed for the tenant. 3. Capture the committed result, resource version, or run status. 4. Compare the result with the source fixture and the declared invariant. 5. Repeat or recover the operation when applicable; verify access, audit evidence, and side effects.","The platform must correctly retrieve only memories allowed for the tenant; the Unicode identifiers condition follows the configured contract; valid state is preserved, invalid or unauthorized work is rejected or quarantined without silent loss, retries do not duplicate side effects, lineage and audit evidence remain available, and no production records or credentials are used.",Playwright + platform UI/API,"crewai,market-platform,synthetic-data,memory,Unicode-identifiers"
CrewAI,Memory and State,CRW-MEMORY-00163,Memory and State: isolate memory across user and project scopes (Unicode identifiers),CrewAI: isolate memory across user and project scopes with Unicode identifiers,Functional,High,"Non-production tenant or isolated local fixture; synthetic records only; Use Unicode in safe project, model, table, index, and synthetic account labels. ","1. Create a disposable, versioned synthetic fixture: Use Unicode in safe project, model, table, index, and synthetic account labels. 2. Execute the platform workflow to isolate memory across user and project scopes. 3. Capture the committed result, resource version, or run status. 4. Compare the result with the source fixture and the declared invariant. 5. Repeat or recover the operation when applicable; verify access, audit evidence, and side effects.","The platform must correctly isolate memory across user and project scopes; the Unicode identifiers condition follows the configured contract; valid state is preserved, invalid or unauthorized work is rejected or quarantined without silent loss, retries do not duplicate side effects, lineage and audit evidence remain available, and no production records or credentials are used.",Playwright + platform UI/API,"crewai,market-platform,synthetic-data,memory,Unicode-identifiers"
CrewAI,Memory and State,CRW-MEMORY-00164,Memory and State: expire entries at configured retention boundary (Unicode identifiers),CrewAI: expire entries at configured retention boundary with Unicode identifiers,Functional,High,"Non-production tenant or isolated local fixture; synthetic records only; Use Unicode in safe project, model, table, index, and synthetic account labels. ","1. Create a disposable, versioned synthetic fixture: Use Unicode in safe project, model, table, index, and synthetic account labels. 2. Execute the platform workflow to expire entries at configured retention boundary. 3. Capture the committed result, resource version, or run status. 4. Compare the result with the source fixture and the declared invariant. 5. Repeat or recover the operation when applicable; verify access, audit evidence, and side effects.","The platform must correctly expire entries at configured retention boundary; the Unicode identifiers condition follows the configured contract; valid state is preserved, invalid or unauthorized work is rejected or quarantined without silent loss, retries do not duplicate side effects, lineage and audit evidence remain available, and no production records or credentials are used.",Playwright + platform UI/API,"crewai,market-platform,synthetic-data,memory,Unicode-identifiers"
CrewAI,Memory and State,CRW-MEMORY-00165,Memory and State: deduplicate writes by stable key (Unicode identifiers),CrewAI: deduplicate writes by stable key with Unicode identifiers,Functional,Medium,"Non-production tenant or isolated local fixture; synthetic records only; Use Unicode in safe project, model, table, index, and synthetic account labels. ","1. Create a disposable, versioned synthetic fixture: Use Unicode in safe project, model, table, index, and synthetic account labels. 2. Execute the platform workflow to deduplicate writes by stable key. 3. Capture the committed result, resource version, or run status. 4. Compare the result with the source fixture and the declared invariant. 5. Repeat or recover the operation when applicable; verify access, audit evidence, and side effects.","The platform must correctly deduplicate writes by stable key; the Unicode identifiers condition follows the configured contract; valid state is preserved, invalid or unauthorized work is rejected or quarantined without silent loss, retries do not duplicate side effects, lineage and audit evidence remain available, and no production records or credentials are used.",Playwright + platform UI/API,"crewai,market-platform,synthetic-data,memory,Unicode-identifiers"
CrewAI,Memory and State,CRW-MEMORY-00166,Memory and State: handle missing memory service without fabricated facts (Unicode identifiers),CrewAI: handle missing memory service without fabricated facts with Unicode identifiers,Functional,High,"Non-production tenant or isolated local fixture; synthetic records only; Use Unicode in safe project, model, table, index, and synthetic account labels. ","1. Create a disposable, versioned synthetic fixture: Use Unicode in safe project, model, table, index, and synthetic account labels. 2. Execute the platform workflow to handle missing memory service without fabricated facts. 3. Capture the committed result, resource version, or run status. 4. Compare the result with the source fixture and the declared invariant. 5. Repeat or recover the operation when applicable; verify access, audit evidence, and side effects.","The platform must correctly handle missing memory service without fabricated facts; the Unicode identifiers condition follows the configured contract; valid state is preserved, invalid or unauthorized work is rejected or quarantined without silent loss, retries do not duplicate side effects, lineage and audit evidence remain available, and no production records or credentials are used.",Playwright + platform UI/API,"crewai,market-platform,synthetic-data,memory,Unicode-identifiers"
CrewAI,Memory and State,CRW-MEMORY-00167,Memory and State: update memory without losing audit history (Unicode identifiers),CrewAI: update memory without losing audit history with Unicode identifiers,Functional,High,"Non-production tenant or isolated local fixture; synthetic records only; Use Unicode in safe project, model, table, index, and synthetic account labels. ","1. Create a disposable, versioned synthetic fixture: Use Unicode in safe project, model, table, index, and synthetic account labels. 2. Execute the platform workflow to update memory without losing audit history. 3. Capture the committed result, resource version, or run status. 4. Compare the result with the source fixture and the declared invariant. 5. Repeat or recover the operation when applicable; verify access, audit evidence, and side effects.","The platform must correctly update memory without losing audit history; the Unicode identifiers condition follows the configured contract; valid state is preserved, invalid or unauthorized work is rejected or quarantined without silent loss, retries do not duplicate side effects, lineage and audit evidence remain available, and no production records or credentials are used.",Playwright + platform UI/API,"crewai,market-platform,synthetic-data,memory,Unicode-identifiers"
CrewAI,Memory and State,CRW-MEMORY-00168,Memory and State: prevent prompt text from reading another tenant's memory (Unicode identifiers),CrewAI: prevent prompt text from reading another tenant's memory with Unicode identifiers,Functional,High,"Non-production tenant or isolated local fixture; synthetic records only; Use Unicode in safe project, model, table, index, and synthetic account labels. ","1. Create a disposable, versioned synthetic fixture: Use Unicode in safe project, model, table, index, and synthetic account labels. 2. Execute the platform workflow to prevent prompt text from reading another tenant's memory. 3. Capture the committed result, resource version, or run status. 4. Compare the result with the source fixture and the declared invariant. 5. Repeat or recover the operation when applicable; verify access, audit evidence, and side effects.","The platform must correctly prevent prompt text from reading another tenant's memory; the Unicode identifiers condition follows the configured contract; valid state is preserved, invalid or unauthorized work is rejected or quarantined without silent loss, retries do not duplicate side effects, lineage and audit evidence remain available, and no production records or credentials are used.",Playwright + platform UI/API,"crewai,market-platform,synthetic-data,memory,Unicode-identifiers"
CrewAI,Memory and State,CRW-MEMORY-00169,Memory and State: replay run with fixed memory snapshot (Unicode identifiers),CrewAI: replay run with fixed memory snapshot with Unicode identifiers,Functional,Medium,"Non-production tenant or isolated local fixture; synthetic records only; Use Unicode in safe project, model, table, index, and synthetic account labels. ","1. Create a disposable, versioned synthetic fixture: Use Unicode in safe project, model, table, index, and synthetic account labels. 2. Execute the platform workflow to replay run with fixed memory snapshot. 3. Capture the committed result, resource version, or run status. 4. Compare the result with the source fixture and the declared invariant. 5. Repeat or recover the operation when applicable; verify access, audit evidence, and side effects.","The platform must correctly replay run with fixed memory snapshot; the Unicode identifiers condition follows the configured contract; valid state is preserved, invalid or unauthorized work is rejected or quarantined without silent loss, retries do not duplicate side effects, lineage and audit evidence remain available, and no production records or credentials are used.",Playwright + platform UI/API,"crewai,market-platform,synthetic-data,memory,Unicode-identifiers"
CrewAI,Memory and State,CRW-MEMORY-00170,Memory and State: audit memory lifecycle operations (Unicode identifiers),CrewAI: audit memory lifecycle operations with Unicode identifiers,Functional,High,"Non-production tenant or isolated local fixture; synthetic records only; Use Unicode in safe project, model, table, index, and synthetic account labels. ","1. Create a disposable, versioned synthetic fixture: Use Unicode in safe project, model, table, index, and synthetic account labels. 2. Execute the platform workflow to audit memory lifecycle operations. 3. Capture the committed result, resource version, or run status. 4. Compare the result with the source fixture and the declared invariant. 5. Repeat or recover the operation when applicable; verify access, audit evidence, and side effects.","The platform must correctly audit memory lifecycle operations; the Unicode identifiers condition follows the configured contract; valid state is preserved, invalid or unauthorized work is rejected or quarantined without silent loss, retries do not duplicate side effects, lineage and audit evidence remain available, and no production records or credentials are used.",Playwright + platform UI/API,"crewai,market-platform,synthetic-data,memory,Unicode-identifiers"
CrewAI,Memory and State,CRW-MEMORY-00171,Memory and State: store a synthetic memory with scoped identifier (time-zone boundary),CrewAI: store a synthetic memory with scoped identifier with time-zone boundary,Functional,High,Non-production tenant or isolated local fixture; synthetic records only; Place timestamps around local midnight and a daylight-saving transition. ,"1. Create a disposable, versioned synthetic fixture: Place timestamps around local midnight and a daylight-saving transition. 2. Execute the platform workflow to store a synthetic memory with scoped identifier. 3. Capture the committed result, resource version, or run status. 4. Compare the result with the source fixture and the declared invariant. 5. Repeat or recover the operation when applicable; verify access, audit evidence, and side effects.","The platform must correctly store a synthetic memory with scoped identifier; the time-zone boundary condition follows the configured contract; valid state is preserved, invalid or unauthorized work is rejected or quarantined without silent loss, retries do not duplicate side effects, lineage and audit evidence remain available, and no production records or credentials are used.",Playwright + platform UI/API,"crewai,market-platform,synthetic-data,memory,time-zone-boundary"
CrewAI,Memory and State,CRW-MEMORY-00172,Memory and State: retrieve only memories allowed for the tenant (time-zone boundary),CrewAI: retrieve only memories allowed for the tenant with time-zone boundary,Functional,High,Non-production tenant or isolated local fixture; synthetic records only; Place timestamps around local midnight and a daylight-saving transition. ,"1. Create a disposable, versioned synthetic fixture: Place timestamps around local midnight and a daylight-saving transition. 2. Execute the platform workflow to retrieve only memories allowed for the tenant. 3. Capture the committed result, resource version, or run status. 4. Compare the result with the source fixture and the declared invariant. 5. Repeat or recover the operation when applicable; verify access, audit evidence, and side effects.","The platform must correctly retrieve only memories allowed for the tenant; the time-zone boundary condition follows the configured contract; valid state is preserved, invalid or unauthorized work is rejected or quarantined without silent loss, retries do not duplicate side effects, lineage and audit evidence remain available, and no production records or credentials are used.",Playwright + platform UI/API,"crewai,market-platform,synthetic-data,memory,time-zone-boundary"
CrewAI,Memory and State,CRW-MEMORY-00173,Memory and State: isolate memory across user and project scopes (time-zone boundary),CrewAI: isolate memory across user and project scopes with time-zone boundary,Functional,Medium,Non-production tenant or isolated local fixture; synthetic records only; Place timestamps around local midnight and a daylight-saving transition. ,"1. Create a disposable, versioned synthetic fixture: Place timestamps around local midnight and a daylight-saving transition. 2. Execute the platform workflow to isolate memory across user and project scopes. 3. Capture the committed result, resource version, or run status. 4. Compare the result with the source fixture and the declared invariant. 5. Repeat or recover the operation when applicable; verify access, audit evidence, and side effects.","The platform must correctly isolate memory across user and project scopes; the time-zone boundary condition follows the configured contract; valid state is preserved, invalid or unauthorized work is rejected or quarantined without silent loss, retries do not duplicate side effects, lineage and audit evidence remain available, and no production records or credentials are used.",Playwright + platform UI/API,"crewai,market-platform,synthetic-data,memory,time-zone-boundary"
CrewAI,Memory and State,CRW-MEMORY-00174,Memory and State: expire entries at configured retention boundary (time-zone boundary),CrewAI: expire entries at configured retention boundary with time-zone boundary,Functional,High,Non-production tenant or isolated local fixture; synthetic records only; Place timestamps around local midnight and a daylight-saving transition. ,"1. Create a disposable, versioned synthetic fixture: Place timestamps around local midnight and a daylight-saving transition. 2. Execute the platform workflow to expire entries at configured retention boundary. 3. Capture the committed result, resource version, or run status. 4. Compare the result with the source fixture and the declared invariant. 5. Repeat or recover the operation when applicable; verify access, audit evidence, and side effects.","The platform must correctly expire entries at configured retention boundary; the time-zone boundary condition follows the configured contract; valid state is preserved, invalid or unauthorized work is rejected or quarantined without silent loss, retries do not duplicate side effects, lineage and audit evidence remain available, and no production records or credentials are used.",Playwright + platform UI/API,"crewai,market-platform,synthetic-data,memory,time-zone-boundary"
CrewAI,Memory and State,CRW-MEMORY-00175,Memory and State: deduplicate writes by stable key (time-zone boundary),CrewAI: deduplicate writes by stable key with time-zone boundary,Functional,High,Non-production tenant or isolated local fixture; synthetic records only; Place timestamps around local midnight and a daylight-saving transition. ,"1. Create a disposable, versioned synthetic fixture: Place timestamps around local midnight and a daylight-saving transition. 2. Execute the platform workflow to deduplicate writes by stable key. 3. Capture the committed result, resource version, or run status. 4. Compare the result with the source fixture and the declared invariant. 5. Repeat or recover the operation when applicable; verify access, audit evidence, and side effects.","The platform must correctly deduplicate writes by stable key; the time-zone boundary condition follows the configured contract; valid state is preserved, invalid or unauthorized work is rejected or quarantined without silent loss, retries do not duplicate side effects, lineage and audit evidence remain available, and no production records or credentials are used.",Playwright + platform UI/API,"crewai,market-platform,synthetic-data,memory,time-zone-boundary"
CrewAI,Memory and State,CRW-MEMORY-00176,Memory and State: handle missing memory service without fabricated facts (time-zone boundary),CrewAI: handle missing memory service without fabricated facts with time-zone boundary,Functional,High,Non-production tenant or isolated local fixture; synthetic records only; Place timestamps around local midnight and a daylight-saving transition. ,"1. Create a disposable, versioned synthetic fixture: Place timestamps around local midnight and a daylight-saving transition. 2. Execute the platform workflow to handle missing memory service without fabricated facts. 3. Capture the committed result, resource version, or run status. 4. Compare the result with the source fixture and the declared invariant. 5. Repeat or recover the operation when applicable; verify access, audit evidence, and side effects.","The platform must correctly handle missing memory service without fabricated facts; the time-zone boundary condition follows the configured contract; valid state is preserved, invalid or unauthorized work is rejected or quarantined without silent loss, retries do not duplicate side effects, lineage and audit evidence remain available, and no production records or credentials are used.",Playwright + platform UI/API,"crewai,market-platform,synthetic-data,memory,time-zone-boundary"
CrewAI,Memory and State,CRW-MEMORY-00177,Memory and State: update memory without losing audit history (time-zone boundary),CrewAI: update memory without losing audit history with time-zone boundary,Functional,Medium,Non-production tenant or isolated local fixture; synthetic records only; Place timestamps around local midnight and a daylight-saving transition. ,"1. Create a disposable, versioned synthetic fixture: Place timestamps around local midnight and a daylight-saving transition. 2. Execute the platform workflow to update memory without losing audit history. 3. Capture the committed result, resource version, or run status. 4. Compare the result with the source fixture and the declared invariant. 5. Repeat or recover the operation when applicable; verify access, audit evidence, and side effects.","The platform must correctly update memory without losing audit history; the time-zone boundary condition follows the configured contract; valid state is preserved, invalid or unauthorized work is rejected or quarantined without silent loss, retries do not duplicate side effects, lineage and audit evidence remain available, and no production records or credentials are used.",Playwright + platform UI/API,"crewai,market-platform,synthetic-data,memory,time-zone-boundary"
CrewAI,Memory and State,CRW-MEMORY-00178,Memory and State: prevent prompt text from reading another tenant's memory (time-zone boundary),CrewAI: prevent prompt text from reading another tenant's memory with time-zone boundary,Functional,High,Non-production tenant or isolated local fixture; synthetic records only; Place timestamps around local midnight and a daylight-saving transition. ,"1. Create a disposable, versioned synthetic fixture: Place timestamps around local midnight and a daylight-saving transition. 2. Execute the platform workflow to prevent prompt text from reading another tenant's memory. 3. Capture the committed result, resource version, or run status. 4. Compare the result with the source fixture and the declared invariant. 5. Repeat or recover the operation when applicable; verify access, audit evidence, and side effects.","The platform must correctly prevent prompt text from reading another tenant's memory; the time-zone boundary condition follows the configured contract; valid state is preserved, invalid or unauthorized work is rejected or quarantined without silent loss, retries do not duplicate side effects, lineage and audit evidence remain available, and no production records or credentials are used.",Playwright + platform UI/API,"crewai,market-platform,synthetic-data,memory,time-zone-boundary"
CrewAI,Memory and State,CRW-MEMORY-00179,Memory and State: replay run with fixed memory snapshot (time-zone boundary),CrewAI: replay run with fixed memory snapshot with time-zone boundary,Functional,High,Non-production tenant or isolated local fixture; synthetic records only; Place timestamps around local midnight and a daylight-saving transition. ,"1. Create a disposable, versioned synthetic fixture: Place timestamps around local midnight and a daylight-saving transition. 2. Execute the platform workflow to replay run with fixed memory snapshot. 3. Capture the committed result, resource version, or run status. 4. Compare the result with the source fixture and the declared invariant. 5. Repeat or recover the operation when applicable; verify access, audit evidence, and side effects.","The platform must correctly replay run with fixed memory snapshot; the time-zone boundary condition follows the configured contract; valid state is preserved, invalid or unauthorized work is rejected or quarantined without silent loss, retries do not duplicate side effects, lineage and audit evidence remain available, and no production records or credentials are used.",Playwright + platform UI/API,"crewai,market-platform,synthetic-data,memory,time-zone-boundary"
CrewAI,Memory and State,CRW-MEMORY-00180,Memory and State: audit memory lifecycle operations (time-zone boundary),CrewAI: audit memory lifecycle operations with time-zone boundary,Functional,High,Non-production tenant or isolated local fixture; synthetic records only; Place timestamps around local midnight and a daylight-saving transition. ,"1. Create a disposable, versioned synthetic fixture: Place timestamps around local midnight and a daylight-saving transition. 2. Execute the platform workflow to audit memory lifecycle operations. 3. Capture the committed result, resource version, or run status. 4. Compare the result with the source fixture and the declared invariant. 5. Repeat or recover the operation when applicable; verify access, audit evidence, and side effects.","The platform must correctly audit memory lifecycle operations; the time-zone boundary condition follows the configured contract; valid state is preserved, invalid or unauthorized work is rejected or quarantined without silent loss, retries do not duplicate side effects, lineage and audit evidence remain available, and no production records or credentials are used.",Playwright + platform UI/API,"crewai,market-platform,synthetic-data,memory,time-zone-boundary"
CrewAI,Memory and State,CRW-MEMORY-00181,Memory and State: store a synthetic memory with scoped identifier (skewed high volume),CrewAI: store a synthetic memory with scoped identifier with skewed high volume,Functional,Medium,Non-production tenant or isolated local fixture; synthetic records only; Use a large synthetic fixture with one intentionally skewed key or partition. ,"1. Create a disposable, versioned synthetic fixture: Use a large synthetic fixture with one intentionally skewed key or partition. 2. Execute the platform workflow to store a synthetic memory with scoped identifier. 3. Capture the committed result, resource version, or run status. 4. Compare the result with the source fixture and the declared invariant. 5. Repeat or recover the operation when applicable; verify access, audit evidence, and side effects.","The platform must correctly store a synthetic memory with scoped identifier; the skewed high volume condition follows the configured contract; valid state is preserved, invalid or unauthorized work is rejected or quarantined without silent loss, retries do not duplicate side effects, lineage and audit evidence remain available, and no production records or credentials are used.",Playwright + platform UI/API,"crewai,market-platform,synthetic-data,memory,skewed-high-volume"
CrewAI,Memory and State,CRW-MEMORY-00182,Memory and State: retrieve only memories allowed for the tenant (skewed high volume),CrewAI: retrieve only memories allowed for the tenant with skewed high volume,Functional,High,Non-production tenant or isolated local fixture; synthetic records only; Use a large synthetic fixture with one intentionally skewed key or partition. ,"1. Create a disposable, versioned synthetic fixture: Use a large synthetic fixture with one intentionally skewed key or partition. 2. Execute the platform workflow to retrieve only memories allowed for the tenant. 3. Capture the committed result, resource version, or run status. 4. Compare the result with the source fixture and the declared invariant. 5. Repeat or recover the operation when applicable; verify access, audit evidence, and side effects.","The platform must correctly retrieve only memories allowed for the tenant; the skewed high volume condition follows the configured contract; valid state is preserved, invalid or unauthorized work is rejected or quarantined without silent loss, retries do not duplicate side effects, lineage and audit evidence remain available, and no production records or credentials are used.",Playwright + platform UI/API,"crewai,market-platform,synthetic-data,memory,skewed-high-volume"
CrewAI,Memory and State,CRW-MEMORY-00183,Memory and State: isolate memory across user and project scopes (skewed high volume),CrewAI: isolate memory across user and project scopes with skewed high volume,Functional,High,Non-production tenant or isolated local fixture; synthetic records only; Use a large synthetic fixture with one intentionally skewed key or partition. ,"1. Create a disposable, versioned synthetic fixture: Use a large synthetic fixture with one intentionally skewed key or partition. 2. Execute the platform workflow to isolate memory across user and project scopes. 3. Capture the committed result, resource version, or run status. 4. Compare the result with the source fixture and the declared invariant. 5. Repeat or recover the operation when applicable; verify access, audit evidence, and side effects.","The platform must correctly isolate memory across user and project scopes; the skewed high volume condition follows the configured contract; valid state is preserved, invalid or unauthorized work is rejected or quarantined without silent loss, retries do not duplicate side effects, lineage and audit evidence remain available, and no production records or credentials are used.",Playwright + platform UI/API,"crewai,market-platform,synthetic-data,memory,skewed-high-volume"
CrewAI,Memory and State,CRW-MEMORY-00184,Memory and State: expire entries at configured retention boundary (skewed high volume),CrewAI: expire entries at configured retention boundary with skewed high volume,Functional,High,Non-production tenant or isolated local fixture; synthetic records only; Use a large synthetic fixture with one intentionally skewed key or partition. ,"1. Create a disposable, versioned synthetic fixture: Use a large synthetic fixture with one intentionally skewed key or partition. 2. Execute the platform workflow to expire entries at configured retention boundary. 3. Capture the committed result, resource version, or run status. 4. Compare the result with the source fixture and the declared invariant. 5. Repeat or recover the operation when applicable; verify access, audit evidence, and side effects.","The platform must correctly expire entries at configured retention boundary; the skewed high volume condition follows the configured contract; valid state is preserved, invalid or unauthorized work is rejected or quarantined without silent loss, retries do not duplicate side effects, lineage and audit evidence remain available, and no production records or credentials are used.",Playwright + platform UI/API,"crewai,market-platform,synthetic-data,memory,skewed-high-volume"
CrewAI,Memory and State,CRW-MEMORY-00185,Memory and State: deduplicate writes by stable key (skewed high volume),CrewAI: deduplicate writes by stable key with skewed high volume,Functional,Medium,Non-production tenant or isolated local fixture; synthetic records only; Use a large synthetic fixture with one intentionally skewed key or partition. ,"1. Create a disposable, versioned synthetic fixture: Use a large synthetic fixture with one intentionally skewed key or partition. 2. Execute the platform workflow to deduplicate writes by stable key. 3. Capture the committed result, resource version, or run status. 4. Compare the result with the source fixture and the declared invariant. 5. Repeat or recover the operation when applicable; verify access, audit evidence, and side effects.","The platform must correctly deduplicate writes by stable key; the skewed high volume condition follows the configured contract; valid state is preserved, invalid or unauthorized work is rejected or quarantined without silent loss, retries do not duplicate side effects, lineage and audit evidence remain available, and no production records or credentials are used.",Playwright + platform UI/API,"crewai,market-platform,synthetic-data,memory,skewed-high-volume"
CrewAI,Memory and State,CRW-MEMORY-00186,Memory and State: handle missing memory service without fabricated facts (skewed high volume),CrewAI: handle missing memory service without fabricated facts with skewed high volume,Functional,High,Non-production tenant or isolated local fixture; synthetic records only; Use a large synthetic fixture with one intentionally skewed key or partition. ,"1. Create a disposable, versioned synthetic fixture: Use a large synthetic fixture with one intentionally skewed key or partition. 2. Execute the platform workflow to handle missing memory service without fabricated facts. 3. Capture the committed result, resource version, or run status. 4. Compare the result with the source fixture and the declared invariant. 5. Repeat or recover the operation when applicable; verify access, audit evidence, and side effects.","The platform must correctly handle missing memory service without fabricated facts; the skewed high volume condition follows the configured contract; valid state is preserved, invalid or unauthorized work is rejected or quarantined without silent loss, retries do not duplicate side effects, lineage and audit evidence remain available, and no production records or credentials are used.",Playwright + platform UI/API,"crewai,market-platform,synthetic-data,memory,skewed-high-volume"
CrewAI,Memory and State,CRW-MEMORY-00187,Memory and State: update memory without losing audit history (skewed high volume),CrewAI: update memory without losing audit history with skewed high volume,Functional,High,Non-production tenant or isolated local fixture; synthetic records only; Use a large synthetic fixture with one intentionally skewed key or partition. ,"1. Create a disposable, versioned synthetic fixture: Use a large synthetic fixture with one intentionally skewed key or partition. 2. Execute the platform workflow to update memory without losing audit history. 3. Capture the committed result, resource version, or run status. 4. Compare the result with the source fixture and the declared invariant. 5. Repeat or recover the operation when applicable; verify access, audit evidence, and side effects.","The platform must correctly update memory without losing audit history; the skewed high volume condition follows the configured contract; valid state is preserved, invalid or unauthorized work is rejected or quarantined without silent loss, retries do not duplicate side effects, lineage and audit evidence remain available, and no production records or credentials are used.",Playwright + platform UI/API,"crewai,market-platform,synthetic-data,memory,skewed-high-volume"
CrewAI,Memory and State,CRW-MEMORY-00188,Memory and State: prevent prompt text from reading another tenant's memory (skewed high volume),CrewAI: prevent prompt text from reading another tenant's memory with skewed high volume,Functional,High,Non-production tenant or isolated local fixture; synthetic records only; Use a large synthetic fixture with one intentionally skewed key or partition. ,"1. Create a disposable, versioned synthetic fixture: Use a large synthetic fixture with one intentionally skewed key or partition. 2. Execute the platform workflow to prevent prompt text from reading another tenant's memory. 3. Capture the committed result, resource version, or run status. 4. Compare the result with the source fixture and the declared invariant. 5. Repeat or recover the operation when applicable; verify access, audit evidence, and side effects.","The platform must correctly prevent prompt text from reading another tenant's memory; the skewed high volume condition follows the configured contract; valid state is preserved, invalid or unauthorized work is rejected or quarantined without silent loss, retries do not duplicate side effects, lineage and audit evidence remain available, and no production records or credentials are used.",Playwright + platform UI/API,"crewai,market-platform,synthetic-data,memory,skewed-high-volume"
CrewAI,Memory and State,CRW-MEMORY-00189,Memory and State: replay run with fixed memory snapshot (skewed high volume),CrewAI: replay run with fixed memory snapshot with skewed high volume,Functional,Medium,Non-production tenant or isolated local fixture; synthetic records only; Use a large synthetic fixture with one intentionally skewed key or partition. ,"1. Create a disposable, versioned synthetic fixture: Use a large synthetic fixture with one intentionally skewed key or partition. 2. Execute the platform workflow to replay run with fixed memory snapshot. 3. Capture the committed result, resource version, or run status. 4. Compare the result with the source fixture and the declared invariant. 5. Repeat or recover the operation when applicable; verify access, audit evidence, and side effects.","The platform must correctly replay run with fixed memory snapshot; the skewed high volume condition follows the configured contract; valid state is preserved, invalid or unauthorized work is rejected or quarantined without silent loss, retries do not duplicate side effects, lineage and audit evidence remain available, and no production records or credentials are used.",Playwright + platform UI/API,"crewai,market-platform,synthetic-data,memory,skewed-high-volume"
CrewAI,Memory and State,CRW-MEMORY-00190,Memory and State: audit memory lifecycle operations (skewed high volume),CrewAI: audit memory lifecycle operations with skewed high volume,Functional,High,Non-production tenant or isolated local fixture; synthetic records only; Use a large synthetic fixture with one intentionally skewed key or partition. ,"1. Create a disposable, versioned synthetic fixture: Use a large synthetic fixture with one intentionally skewed key or partition. 2. Execute the platform workflow to audit memory lifecycle operations. 3. Capture the committed result, resource version, or run status. 4. Compare the result with the source fixture and the declared invariant. 5. Repeat or recover the operation when applicable; verify access, audit evidence, and side effects.","The platform must correctly audit memory lifecycle operations; the skewed high volume condition follows the configured contract; valid state is preserved, invalid or unauthorized work is rejected or quarantined without silent loss, retries do not duplicate side effects, lineage and audit evidence remain available, and no production records or credentials are used.",Playwright + platform UI/API,"crewai,market-platform,synthetic-data,memory,skewed-high-volume"
CrewAI,Memory and State,CRW-MEMORY-00191,Memory and State: store a synthetic memory with scoped identifier (corrupt input),CrewAI: store a synthetic memory with scoped identifier with corrupt input,Functional,High,Non-production tenant or isolated local fixture; synthetic records only; Include one malformed record and verify quarantine or clear failure without silent loss. ,"1. Create a disposable, versioned synthetic fixture: Include one malformed record and verify quarantine or clear failure without silent loss. 2. Execute the platform workflow to store a synthetic memory with scoped identifier. 3. Capture the committed result, resource version, or run status. 4. Compare the result with the source fixture and the declared invariant. 5. Repeat or recover the operation when applicable; verify access, audit evidence, and side effects.","The platform must correctly store a synthetic memory with scoped identifier; the corrupt input condition follows the configured contract; valid state is preserved, invalid or unauthorized work is rejected or quarantined without silent loss, retries do not duplicate side effects, lineage and audit evidence remain available, and no production records or credentials are used.",Playwright + platform UI/API,"crewai,market-platform,synthetic-data,memory,corrupt-input"
CrewAI,Memory and State,CRW-MEMORY-00192,Memory and State: retrieve only memories allowed for the tenant (corrupt input),CrewAI: retrieve only memories allowed for the tenant with corrupt input,Functional,High,Non-production tenant or isolated local fixture; synthetic records only; Include one malformed record and verify quarantine or clear failure without silent loss. ,"1. Create a disposable, versioned synthetic fixture: Include one malformed record and verify quarantine or clear failure without silent loss. 2. Execute the platform workflow to retrieve only memories allowed for the tenant. 3. Capture the committed result, resource version, or run status. 4. Compare the result with the source fixture and the declared invariant. 5. Repeat or recover the operation when applicable; verify access, audit evidence, and side effects.","The platform must correctly retrieve only memories allowed for the tenant; the corrupt input condition follows the configured contract; valid state is preserved, invalid or unauthorized work is rejected or quarantined without silent loss, retries do not duplicate side effects, lineage and audit evidence remain available, and no production records or credentials are used.",Playwright + platform UI/API,"crewai,market-platform,synthetic-data,memory,corrupt-input"
CrewAI,Memory and State,CRW-MEMORY-00193,Memory and State: isolate memory across user and project scopes (corrupt input),CrewAI: isolate memory across user and project scopes with corrupt input,Functional,Medium,Non-production tenant or isolated local fixture; synthetic records only; Include one malformed record and verify quarantine or clear failure without silent loss. ,"1. Create a disposable, versioned synthetic fixture: Include one malformed record and verify quarantine or clear failure without silent loss. 2. Execute the platform workflow to isolate memory across user and project scopes. 3. Capture the committed result, resource version, or run status. 4. Compare the result with the source fixture and the declared invariant. 5. Repeat or recover the operation when applicable; verify access, audit evidence, and side effects.","The platform must correctly isolate memory across user and project scopes; the corrupt input condition follows the configured contract; valid state is preserved, invalid or unauthorized work is rejected or quarantined without silent loss, retries do not duplicate side effects, lineage and audit evidence remain available, and no production records or credentials are used.",Playwright + platform UI/API,"crewai,market-platform,synthetic-data,memory,corrupt-input"
CrewAI,Memory and State,CRW-MEMORY-00194,Memory and State: expire entries at configured retention boundary (corrupt input),CrewAI: expire entries at configured retention boundary with corrupt input,Functional,High,Non-production tenant or isolated local fixture; synthetic records only; Include one malformed record and verify quarantine or clear failure without silent loss. ,"1. Create a disposable, versioned synthetic fixture: Include one malformed record and verify quarantine or clear failure without silent loss. 2. Execute the platform workflow to expire entries at configured retention boundary. 3. Capture the committed result, resource version, or run status. 4. Compare the result with the source fixture and the declared invariant. 5. Repeat or recover the operation when applicable; verify access, audit evidence, and side effects.","The platform must correctly expire entries at configured retention boundary; the corrupt input condition follows the configured contract; valid state is preserved, invalid or unauthorized work is rejected or quarantined without silent loss, retries do not duplicate side effects, lineage and audit evidence remain available, and no production records or credentials are used.",Playwright + platform UI/API,"crewai,market-platform,synthetic-data,memory,corrupt-input"
CrewAI,Memory and State,CRW-MEMORY-00195,Memory and State: deduplicate writes by stable key (corrupt input),CrewAI: deduplicate writes by stable key with corrupt input,Functional,High,Non-production tenant or isolated local fixture; synthetic records only; Include one malformed record and verify quarantine or clear failure without silent loss. ,"1. Create a disposable, versioned synthetic fixture: Include one malformed record and verify quarantine or clear failure without silent loss. 2. Execute the platform workflow to deduplicate writes by stable key. 3. Capture the committed result, resource version, or run status. 4. Compare the result with the source fixture and the declared invariant. 5. Repeat or recover the operation when applicable; verify access, audit evidence, and side effects.","The platform must correctly deduplicate writes by stable key; the corrupt input condition follows the configured contract; valid state is preserved, invalid or unauthorized work is rejected or quarantined without silent loss, retries do not duplicate side effects, lineage and audit evidence remain available, and no production records or credentials are used.",Playwright + platform UI/API,"crewai,market-platform,synthetic-data,memory,corrupt-input"
CrewAI,Memory and State,CRW-MEMORY-00196,Memory and State: handle missing memory service without fabricated facts (corrupt input),CrewAI: handle missing memory service without fabricated facts with corrupt input,Functional,High,Non-production tenant or isolated local fixture; synthetic records only; Include one malformed record and verify quarantine or clear failure without silent loss. ,"1. Create a disposable, versioned synthetic fixture: Include one malformed record and verify quarantine or clear failure without silent loss. 2. Execute the platform workflow to handle missing memory service without fabricated facts. 3. Capture the committed result, resource version, or run status. 4. Compare the result with the source fixture and the declared invariant. 5. Repeat or recover the operation when applicable; verify access, audit evidence, and side effects.","The platform must correctly handle missing memory service without fabricated facts; the corrupt input condition follows the configured contract; valid state is preserved, invalid or unauthorized work is rejected or quarantined without silent loss, retries do not duplicate side effects, lineage and audit evidence remain available, and no production records or credentials are used.",Playwright + platform UI/API,"crewai,market-platform,synthetic-data,memory,corrupt-input"
CrewAI,Memory and State,CRW-MEMORY-00197,Memory and State: update memory without losing audit history (corrupt input),CrewAI: update memory without losing audit history with corrupt input,Functional,Medium,Non-production tenant or isolated local fixture; synthetic records only; Include one malformed record and verify quarantine or clear failure without silent loss. ,"1. Create a disposable, versioned synthetic fixture: Include one malformed record and verify quarantine or clear failure without silent loss. 2. Execute the platform workflow to update memory without losing audit history. 3. Capture the committed result, resource version, or run status. 4. Compare the result with the source fixture and the declared invariant. 5. Repeat or recover the operation when applicable; verify access, audit evidence, and side effects.","The platform must correctly update memory without losing audit history; the corrupt input condition follows the configured contract; valid state is preserved, invalid or unauthorized work is rejected or quarantined without silent loss, retries do not duplicate side effects, lineage and audit evidence remain available, and no production records or credentials are used.",Playwright + platform UI/API,"crewai,market-platform,synthetic-data,memory,corrupt-input"
CrewAI,Memory and State,CRW-MEMORY-00198,Memory and State: prevent prompt text from reading another tenant's memory (corrupt input),CrewAI: prevent prompt text from reading another tenant's memory with corrupt input,Functional,High,Non-production tenant or isolated local fixture; synthetic records only; Include one malformed record and verify quarantine or clear failure without silent loss. ,"1. Create a disposable, versioned synthetic fixture: Include one malformed record and verify quarantine or clear failure without silent loss. 2. Execute the platform workflow to prevent prompt text from reading another tenant's memory. 3. Capture the committed result, resource version, or run status. 4. Compare the result with the source fixture and the declared invariant. 5. Repeat or recover the operation when applicable; verify access, audit evidence, and side effects.","The platform must correctly prevent prompt text from reading another tenant's memory; the corrupt input condition follows the configured contract; valid state is preserved, invalid or unauthorized work is rejected or quarantined without silent loss, retries do not duplicate side effects, lineage and audit evidence remain available, and no production records or credentials are used.",Playwright + platform UI/API,"crewai,market-platform,synthetic-data,memory,corrupt-input"
CrewAI,Memory and State,CRW-MEMORY-00199,Memory and State: replay run with fixed memory snapshot (corrupt input),CrewAI: replay run with fixed memory snapshot with corrupt input,Functional,High,Non-production tenant or isolated local fixture; synthetic records only; Include one malformed record and verify quarantine or clear failure without silent loss. ,"1. Create a disposable, versioned synthetic fixture: Include one malformed record and verify quarantine or clear failure without silent loss. 2. Execute the platform workflow to replay run with fixed memory snapshot. 3. Capture the committed result, resource version, or run status. 4. Compare the result with the source fixture and the declared invariant. 5. Repeat or recover the operation when applicable; verify access, audit evidence, and side effects.","The platform must correctly replay run with fixed memory snapshot; the corrupt input condition follows the configured contract; valid state is preserved, invalid or unauthorized work is rejected or quarantined without silent loss, retries do not duplicate side effects, lineage and audit evidence remain available, and no production records or credentials are used.",Playwright + platform UI/API,"crewai,market-platform,synthetic-data,memory,corrupt-input"
CrewAI,Memory and State,CRW-MEMORY-00200,Memory and State: audit memory lifecycle operations (corrupt input),CrewAI: audit memory lifecycle operations with corrupt input,Functional,High,Non-production tenant or isolated local fixture; synthetic records only; Include one malformed record and verify quarantine or clear failure without silent loss. ,"1. Create a disposable, versioned synthetic fixture: Include one malformed record and verify quarantine or clear failure without silent loss. 2. Execute the platform workflow to audit memory lifecycle operations. 3. Capture the committed result, resource version, or run status. 4. Compare the result with the source fixture and the declared invariant. 5. Repeat or recover the operation when applicable; verify access, audit evidence, and side effects.","The platform must correctly audit memory lifecycle operations; the corrupt input condition follows the configured contract; valid state is preserved, invalid or unauthorized work is rejected or quarantined without silent loss, retries do not duplicate side effects, lineage and audit evidence remain available, and no production records or credentials are used.",Playwright + platform UI/API,"crewai,market-platform,synthetic-data,memory,corrupt-input"
