product,module,test_case_id,test_scenario,test_case_name,test_type,priority,preconditions,test_steps,expected_result,automation_framework,tags
Cline,MCP Servers and Plugins,CLNE-MCP_PLUG-00001,MCP Servers and Plugins: load tools from the declared mock MCP configuration (clean baseline),Cline: load tools from the declared mock MCP configuration with clean baseline,Functional,Medium,"Non-production tenant or isolated local fixture; synthetic records only; Use a disposable workspace, tenant, project, and versioned synthetic fixture. Safety boundary: Use disposable synthetic repositories and mock integrations only. Never expose real credentials, modify production repositories, or publish/merge changes during a test run.","1. Create a disposable, versioned synthetic fixture: Use a disposable workspace, tenant, project, and versioned synthetic fixture. 2. Execute the platform workflow to load tools from the declared mock MCP configuration. 3. Capture the committed result, resource version, or run status. 4. Compare the result with the source fixture and the declared invariant. 5. Repeat or recover the operation when applicable; verify access, audit evidence, and side effects.","The platform must correctly load tools from the declared mock MCP configuration; the clean baseline condition follows the configured contract; valid state is preserved, invalid or unauthorized work is rejected or quarantined without silent loss, retries do not duplicate side effects, lineage and audit evidence remain available, and no production records or credentials are used. Safety boundary: Use disposable synthetic repositories and mock integrations only. Never expose real credentials, modify production repositories, or publish/merge changes during a test run.",Playwright + platform UI/API,"cline,market-platform,synthetic-data,mcp_plugins,clean-baseline"
Cline,MCP Servers and Plugins,CLNE-MCP_PLUG-00002,MCP Servers and Plugins: validate MCP server launch settings before connecting (clean baseline),Cline: validate MCP server launch settings before connecting with clean baseline,Functional,High,"Non-production tenant or isolated local fixture; synthetic records only; Use a disposable workspace, tenant, project, and versioned synthetic fixture. Safety boundary: Use disposable synthetic repositories and mock integrations only. Never expose real credentials, modify production repositories, or publish/merge changes during a test run.","1. Create a disposable, versioned synthetic fixture: Use a disposable workspace, tenant, project, and versioned synthetic fixture. 2. Execute the platform workflow to validate MCP server launch settings before connecting. 3. Capture the committed result, resource version, or run status. 4. Compare the result with the source fixture and the declared invariant. 5. Repeat or recover the operation when applicable; verify access, audit evidence, and side effects.","The platform must correctly validate MCP server launch settings before connecting; the clean baseline condition follows the configured contract; valid state is preserved, invalid or unauthorized work is rejected or quarantined without silent loss, retries do not duplicate side effects, lineage and audit evidence remain available, and no production records or credentials are used. Safety boundary: Use disposable synthetic repositories and mock integrations only. Never expose real credentials, modify production repositories, or publish/merge changes during a test run.",Playwright + platform UI/API,"cline,market-platform,synthetic-data,mcp_plugins,clean-baseline"
Cline,MCP Servers and Plugins,CLNE-MCP_PLUG-00003,MCP Servers and Plugins: prevent an unlisted server from joining the session (clean baseline),Cline: prevent an unlisted server from joining the session with clean baseline,Functional,High,"Non-production tenant or isolated local fixture; synthetic records only; Use a disposable workspace, tenant, project, and versioned synthetic fixture. Safety boundary: Use disposable synthetic repositories and mock integrations only. Never expose real credentials, modify production repositories, or publish/merge changes during a test run.","1. Create a disposable, versioned synthetic fixture: Use a disposable workspace, tenant, project, and versioned synthetic fixture. 2. Execute the platform workflow to prevent an unlisted server from joining the session. 3. Capture the committed result, resource version, or run status. 4. Compare the result with the source fixture and the declared invariant. 5. Repeat or recover the operation when applicable; verify access, audit evidence, and side effects.","The platform must correctly prevent an unlisted server from joining the session; the clean baseline condition follows the configured contract; valid state is preserved, invalid or unauthorized work is rejected or quarantined without silent loss, retries do not duplicate side effects, lineage and audit evidence remain available, and no production records or credentials are used. Safety boundary: Use disposable synthetic repositories and mock integrations only. Never expose real credentials, modify production repositories, or publish/merge changes during a test run.",Playwright + platform UI/API,"cline,market-platform,synthetic-data,mcp_plugins,clean-baseline"
Cline,MCP Servers and Plugins,CLNE-MCP_PLUG-00004,MCP Servers and Plugins: register a plugin with only its declared tools (clean baseline),Cline: register a plugin with only its declared tools with clean baseline,Functional,High,"Non-production tenant or isolated local fixture; synthetic records only; Use a disposable workspace, tenant, project, and versioned synthetic fixture. Safety boundary: Use disposable synthetic repositories and mock integrations only. Never expose real credentials, modify production repositories, or publish/merge changes during a test run.","1. Create a disposable, versioned synthetic fixture: Use a disposable workspace, tenant, project, and versioned synthetic fixture. 2. Execute the platform workflow to register a plugin with only its declared tools. 3. Capture the committed result, resource version, or run status. 4. Compare the result with the source fixture and the declared invariant. 5. Repeat or recover the operation when applicable; verify access, audit evidence, and side effects.","The platform must correctly register a plugin with only its declared tools; the clean baseline condition follows the configured contract; valid state is preserved, invalid or unauthorized work is rejected or quarantined without silent loss, retries do not duplicate side effects, lineage and audit evidence remain available, and no production records or credentials are used. Safety boundary: Use disposable synthetic repositories and mock integrations only. Never expose real credentials, modify production repositories, or publish/merge changes during a test run.",Playwright + platform UI/API,"cline,market-platform,synthetic-data,mcp_plugins,clean-baseline"
Cline,MCP Servers and Plugins,CLNE-MCP_PLUG-00005,MCP Servers and Plugins: reject a plugin whose manifest has an invalid schema (clean baseline),Cline: reject a plugin whose manifest has an invalid schema with clean baseline,Functional,Medium,"Non-production tenant or isolated local fixture; synthetic records only; Use a disposable workspace, tenant, project, and versioned synthetic fixture. Safety boundary: Use disposable synthetic repositories and mock integrations only. Never expose real credentials, modify production repositories, or publish/merge changes during a test run.","1. Create a disposable, versioned synthetic fixture: Use a disposable workspace, tenant, project, and versioned synthetic fixture. 2. Execute the platform workflow to reject a plugin whose manifest has an invalid schema. 3. Capture the committed result, resource version, or run status. 4. Compare the result with the source fixture and the declared invariant. 5. Repeat or recover the operation when applicable; verify access, audit evidence, and side effects.","The platform must correctly reject a plugin whose manifest has an invalid schema; the clean baseline condition follows the configured contract; valid state is preserved, invalid or unauthorized work is rejected or quarantined without silent loss, retries do not duplicate side effects, lineage and audit evidence remain available, and no production records or credentials are used. Safety boundary: Use disposable synthetic repositories and mock integrations only. Never expose real credentials, modify production repositories, or publish/merge changes during a test run.",Playwright + platform UI/API,"cline,market-platform,synthetic-data,mcp_plugins,clean-baseline"
Cline,MCP Servers and Plugins,CLNE-MCP_PLUG-00006,MCP Servers and Plugins: handle a missing MCP process without hanging the task (clean baseline),Cline: handle a missing MCP process without hanging the task with clean baseline,Functional,High,"Non-production tenant or isolated local fixture; synthetic records only; Use a disposable workspace, tenant, project, and versioned synthetic fixture. Safety boundary: Use disposable synthetic repositories and mock integrations only. Never expose real credentials, modify production repositories, or publish/merge changes during a test run.","1. Create a disposable, versioned synthetic fixture: Use a disposable workspace, tenant, project, and versioned synthetic fixture. 2. Execute the platform workflow to handle a missing MCP process without hanging the task. 3. Capture the committed result, resource version, or run status. 4. Compare the result with the source fixture and the declared invariant. 5. Repeat or recover the operation when applicable; verify access, audit evidence, and side effects.","The platform must correctly handle a missing MCP process without hanging the task; the clean baseline condition follows the configured contract; valid state is preserved, invalid or unauthorized work is rejected or quarantined without silent loss, retries do not duplicate side effects, lineage and audit evidence remain available, and no production records or credentials are used. Safety boundary: Use disposable synthetic repositories and mock integrations only. Never expose real credentials, modify production repositories, or publish/merge changes during a test run.",Playwright + platform UI/API,"cline,market-platform,synthetic-data,mcp_plugins,clean-baseline"
Cline,MCP Servers and Plugins,CLNE-MCP_PLUG-00007,MCP Servers and Plugins: redact server environment secrets from diagnostics (clean baseline),Cline: redact server environment secrets from diagnostics with clean baseline,Functional,High,"Non-production tenant or isolated local fixture; synthetic records only; Use a disposable workspace, tenant, project, and versioned synthetic fixture. Safety boundary: Use disposable synthetic repositories and mock integrations only. Never expose real credentials, modify production repositories, or publish/merge changes during a test run.","1. Create a disposable, versioned synthetic fixture: Use a disposable workspace, tenant, project, and versioned synthetic fixture. 2. Execute the platform workflow to redact server environment secrets from diagnostics. 3. Capture the committed result, resource version, or run status. 4. Compare the result with the source fixture and the declared invariant. 5. Repeat or recover the operation when applicable; verify access, audit evidence, and side effects.","The platform must correctly redact server environment secrets from diagnostics; the clean baseline condition follows the configured contract; valid state is preserved, invalid or unauthorized work is rejected or quarantined without silent loss, retries do not duplicate side effects, lineage and audit evidence remain available, and no production records or credentials are used. Safety boundary: Use disposable synthetic repositories and mock integrations only. Never expose real credentials, modify production repositories, or publish/merge changes during a test run.",Playwright + platform UI/API,"cline,market-platform,synthetic-data,mcp_plugins,clean-baseline"
Cline,MCP Servers and Plugins,CLNE-MCP_PLUG-00008,MCP Servers and Plugins: disable a plugin and remove its tool definitions (clean baseline),Cline: disable a plugin and remove its tool definitions with clean baseline,Functional,High,"Non-production tenant or isolated local fixture; synthetic records only; Use a disposable workspace, tenant, project, and versioned synthetic fixture. Safety boundary: Use disposable synthetic repositories and mock integrations only. Never expose real credentials, modify production repositories, or publish/merge changes during a test run.","1. Create a disposable, versioned synthetic fixture: Use a disposable workspace, tenant, project, and versioned synthetic fixture. 2. Execute the platform workflow to disable a plugin and remove its tool definitions. 3. Capture the committed result, resource version, or run status. 4. Compare the result with the source fixture and the declared invariant. 5. Repeat or recover the operation when applicable; verify access, audit evidence, and side effects.","The platform must correctly disable a plugin and remove its tool definitions; the clean baseline condition follows the configured contract; valid state is preserved, invalid or unauthorized work is rejected or quarantined without silent loss, retries do not duplicate side effects, lineage and audit evidence remain available, and no production records or credentials are used. Safety boundary: Use disposable synthetic repositories and mock integrations only. Never expose real credentials, modify production repositories, or publish/merge changes during a test run.",Playwright + platform UI/API,"cline,market-platform,synthetic-data,mcp_plugins,clean-baseline"
Cline,MCP Servers and Plugins,CLNE-MCP_PLUG-00009,MCP Servers and Plugins: restrict custom tools to the authorized workspace (clean baseline),Cline: restrict custom tools to the authorized workspace with clean baseline,Functional,Medium,"Non-production tenant or isolated local fixture; synthetic records only; Use a disposable workspace, tenant, project, and versioned synthetic fixture. Safety boundary: Use disposable synthetic repositories and mock integrations only. Never expose real credentials, modify production repositories, or publish/merge changes during a test run.","1. Create a disposable, versioned synthetic fixture: Use a disposable workspace, tenant, project, and versioned synthetic fixture. 2. Execute the platform workflow to restrict custom tools to the authorized workspace. 3. Capture the committed result, resource version, or run status. 4. Compare the result with the source fixture and the declared invariant. 5. Repeat or recover the operation when applicable; verify access, audit evidence, and side effects.","The platform must correctly restrict custom tools to the authorized workspace; the clean baseline condition follows the configured contract; valid state is preserved, invalid or unauthorized work is rejected or quarantined without silent loss, retries do not duplicate side effects, lineage and audit evidence remain available, and no production records or credentials are used. Safety boundary: Use disposable synthetic repositories and mock integrations only. Never expose real credentials, modify production repositories, or publish/merge changes during a test run.",Playwright + platform UI/API,"cline,market-platform,synthetic-data,mcp_plugins,clean-baseline"
Cline,MCP Servers and Plugins,CLNE-MCP_PLUG-00010,MCP Servers and Plugins: audit MCP and plugin lifecycle actions (clean baseline),Cline: audit MCP and plugin lifecycle actions with clean baseline,Functional,High,"Non-production tenant or isolated local fixture; synthetic records only; Use a disposable workspace, tenant, project, and versioned synthetic fixture. Safety boundary: Use disposable synthetic repositories and mock integrations only. Never expose real credentials, modify production repositories, or publish/merge changes during a test run.","1. Create a disposable, versioned synthetic fixture: Use a disposable workspace, tenant, project, and versioned synthetic fixture. 2. Execute the platform workflow to audit MCP and plugin lifecycle actions. 3. Capture the committed result, resource version, or run status. 4. Compare the result with the source fixture and the declared invariant. 5. Repeat or recover the operation when applicable; verify access, audit evidence, and side effects.","The platform must correctly audit MCP and plugin lifecycle actions; the clean baseline condition follows the configured contract; valid state is preserved, invalid or unauthorized work is rejected or quarantined without silent loss, retries do not duplicate side effects, lineage and audit evidence remain available, and no production records or credentials are used. Safety boundary: Use disposable synthetic repositories and mock integrations only. Never expose real credentials, modify production repositories, or publish/merge changes during a test run.",Playwright + platform UI/API,"cline,market-platform,synthetic-data,mcp_plugins,clean-baseline"
Cline,MCP Servers and Plugins,CLNE-MCP_PLUG-00011,MCP Servers and Plugins: load tools from the declared mock MCP configuration (empty input),Cline: load tools from the declared mock MCP configuration with empty input,Functional,High,"Non-production tenant or isolated local fixture; synthetic records only; Use an empty source or namespace and verify defined empty-result behavior. Safety boundary: Use disposable synthetic repositories and mock integrations only. Never expose real credentials, modify production repositories, or publish/merge changes during a test run.","1. Create a disposable, versioned synthetic fixture: Use an empty source or namespace and verify defined empty-result behavior. 2. Execute the platform workflow to load tools from the declared mock MCP configuration. 3. Capture the committed result, resource version, or run status. 4. Compare the result with the source fixture and the declared invariant. 5. Repeat or recover the operation when applicable; verify access, audit evidence, and side effects.","The platform must correctly load tools from the declared mock MCP configuration; the empty input condition follows the configured contract; valid state is preserved, invalid or unauthorized work is rejected or quarantined without silent loss, retries do not duplicate side effects, lineage and audit evidence remain available, and no production records or credentials are used. Safety boundary: Use disposable synthetic repositories and mock integrations only. Never expose real credentials, modify production repositories, or publish/merge changes during a test run.",Playwright + platform UI/API,"cline,market-platform,synthetic-data,mcp_plugins,empty-input"
Cline,MCP Servers and Plugins,CLNE-MCP_PLUG-00012,MCP Servers and Plugins: validate MCP server launch settings before connecting (empty input),Cline: validate MCP server launch settings before connecting with empty input,Functional,High,"Non-production tenant or isolated local fixture; synthetic records only; Use an empty source or namespace and verify defined empty-result behavior. Safety boundary: Use disposable synthetic repositories and mock integrations only. Never expose real credentials, modify production repositories, or publish/merge changes during a test run.","1. Create a disposable, versioned synthetic fixture: Use an empty source or namespace and verify defined empty-result behavior. 2. Execute the platform workflow to validate MCP server launch settings before connecting. 3. Capture the committed result, resource version, or run status. 4. Compare the result with the source fixture and the declared invariant. 5. Repeat or recover the operation when applicable; verify access, audit evidence, and side effects.","The platform must correctly validate MCP server launch settings before connecting; the empty input condition follows the configured contract; valid state is preserved, invalid or unauthorized work is rejected or quarantined without silent loss, retries do not duplicate side effects, lineage and audit evidence remain available, and no production records or credentials are used. Safety boundary: Use disposable synthetic repositories and mock integrations only. Never expose real credentials, modify production repositories, or publish/merge changes during a test run.",Playwright + platform UI/API,"cline,market-platform,synthetic-data,mcp_plugins,empty-input"
Cline,MCP Servers and Plugins,CLNE-MCP_PLUG-00013,MCP Servers and Plugins: prevent an unlisted server from joining the session (empty input),Cline: prevent an unlisted server from joining the session with empty input,Functional,Medium,"Non-production tenant or isolated local fixture; synthetic records only; Use an empty source or namespace and verify defined empty-result behavior. Safety boundary: Use disposable synthetic repositories and mock integrations only. Never expose real credentials, modify production repositories, or publish/merge changes during a test run.","1. Create a disposable, versioned synthetic fixture: Use an empty source or namespace and verify defined empty-result behavior. 2. Execute the platform workflow to prevent an unlisted server from joining the session. 3. Capture the committed result, resource version, or run status. 4. Compare the result with the source fixture and the declared invariant. 5. Repeat or recover the operation when applicable; verify access, audit evidence, and side effects.","The platform must correctly prevent an unlisted server from joining the session; the empty input condition follows the configured contract; valid state is preserved, invalid or unauthorized work is rejected or quarantined without silent loss, retries do not duplicate side effects, lineage and audit evidence remain available, and no production records or credentials are used. Safety boundary: Use disposable synthetic repositories and mock integrations only. Never expose real credentials, modify production repositories, or publish/merge changes during a test run.",Playwright + platform UI/API,"cline,market-platform,synthetic-data,mcp_plugins,empty-input"
Cline,MCP Servers and Plugins,CLNE-MCP_PLUG-00014,MCP Servers and Plugins: register a plugin with only its declared tools (empty input),Cline: register a plugin with only its declared tools with empty input,Functional,High,"Non-production tenant or isolated local fixture; synthetic records only; Use an empty source or namespace and verify defined empty-result behavior. Safety boundary: Use disposable synthetic repositories and mock integrations only. Never expose real credentials, modify production repositories, or publish/merge changes during a test run.","1. Create a disposable, versioned synthetic fixture: Use an empty source or namespace and verify defined empty-result behavior. 2. Execute the platform workflow to register a plugin with only its declared tools. 3. Capture the committed result, resource version, or run status. 4. Compare the result with the source fixture and the declared invariant. 5. Repeat or recover the operation when applicable; verify access, audit evidence, and side effects.","The platform must correctly register a plugin with only its declared tools; the empty input condition follows the configured contract; valid state is preserved, invalid or unauthorized work is rejected or quarantined without silent loss, retries do not duplicate side effects, lineage and audit evidence remain available, and no production records or credentials are used. Safety boundary: Use disposable synthetic repositories and mock integrations only. Never expose real credentials, modify production repositories, or publish/merge changes during a test run.",Playwright + platform UI/API,"cline,market-platform,synthetic-data,mcp_plugins,empty-input"
Cline,MCP Servers and Plugins,CLNE-MCP_PLUG-00015,MCP Servers and Plugins: reject a plugin whose manifest has an invalid schema (empty input),Cline: reject a plugin whose manifest has an invalid schema with empty input,Functional,High,"Non-production tenant or isolated local fixture; synthetic records only; Use an empty source or namespace and verify defined empty-result behavior. Safety boundary: Use disposable synthetic repositories and mock integrations only. Never expose real credentials, modify production repositories, or publish/merge changes during a test run.","1. Create a disposable, versioned synthetic fixture: Use an empty source or namespace and verify defined empty-result behavior. 2. Execute the platform workflow to reject a plugin whose manifest has an invalid schema. 3. Capture the committed result, resource version, or run status. 4. Compare the result with the source fixture and the declared invariant. 5. Repeat or recover the operation when applicable; verify access, audit evidence, and side effects.","The platform must correctly reject a plugin whose manifest has an invalid schema; the empty input condition follows the configured contract; valid state is preserved, invalid or unauthorized work is rejected or quarantined without silent loss, retries do not duplicate side effects, lineage and audit evidence remain available, and no production records or credentials are used. Safety boundary: Use disposable synthetic repositories and mock integrations only. Never expose real credentials, modify production repositories, or publish/merge changes during a test run.",Playwright + platform UI/API,"cline,market-platform,synthetic-data,mcp_plugins,empty-input"
Cline,MCP Servers and Plugins,CLNE-MCP_PLUG-00016,MCP Servers and Plugins: handle a missing MCP process without hanging the task (empty input),Cline: handle a missing MCP process without hanging the task with empty input,Functional,High,"Non-production tenant or isolated local fixture; synthetic records only; Use an empty source or namespace and verify defined empty-result behavior. Safety boundary: Use disposable synthetic repositories and mock integrations only. Never expose real credentials, modify production repositories, or publish/merge changes during a test run.","1. Create a disposable, versioned synthetic fixture: Use an empty source or namespace and verify defined empty-result behavior. 2. Execute the platform workflow to handle a missing MCP process without hanging the task. 3. Capture the committed result, resource version, or run status. 4. Compare the result with the source fixture and the declared invariant. 5. Repeat or recover the operation when applicable; verify access, audit evidence, and side effects.","The platform must correctly handle a missing MCP process without hanging the task; the empty input condition follows the configured contract; valid state is preserved, invalid or unauthorized work is rejected or quarantined without silent loss, retries do not duplicate side effects, lineage and audit evidence remain available, and no production records or credentials are used. Safety boundary: Use disposable synthetic repositories and mock integrations only. Never expose real credentials, modify production repositories, or publish/merge changes during a test run.",Playwright + platform UI/API,"cline,market-platform,synthetic-data,mcp_plugins,empty-input"
Cline,MCP Servers and Plugins,CLNE-MCP_PLUG-00017,MCP Servers and Plugins: redact server environment secrets from diagnostics (empty input),Cline: redact server environment secrets from diagnostics with empty input,Functional,Medium,"Non-production tenant or isolated local fixture; synthetic records only; Use an empty source or namespace and verify defined empty-result behavior. Safety boundary: Use disposable synthetic repositories and mock integrations only. Never expose real credentials, modify production repositories, or publish/merge changes during a test run.","1. Create a disposable, versioned synthetic fixture: Use an empty source or namespace and verify defined empty-result behavior. 2. Execute the platform workflow to redact server environment secrets from diagnostics. 3. Capture the committed result, resource version, or run status. 4. Compare the result with the source fixture and the declared invariant. 5. Repeat or recover the operation when applicable; verify access, audit evidence, and side effects.","The platform must correctly redact server environment secrets from diagnostics; the empty input condition follows the configured contract; valid state is preserved, invalid or unauthorized work is rejected or quarantined without silent loss, retries do not duplicate side effects, lineage and audit evidence remain available, and no production records or credentials are used. Safety boundary: Use disposable synthetic repositories and mock integrations only. Never expose real credentials, modify production repositories, or publish/merge changes during a test run.",Playwright + platform UI/API,"cline,market-platform,synthetic-data,mcp_plugins,empty-input"
Cline,MCP Servers and Plugins,CLNE-MCP_PLUG-00018,MCP Servers and Plugins: disable a plugin and remove its tool definitions (empty input),Cline: disable a plugin and remove its tool definitions with empty input,Functional,High,"Non-production tenant or isolated local fixture; synthetic records only; Use an empty source or namespace and verify defined empty-result behavior. Safety boundary: Use disposable synthetic repositories and mock integrations only. Never expose real credentials, modify production repositories, or publish/merge changes during a test run.","1. Create a disposable, versioned synthetic fixture: Use an empty source or namespace and verify defined empty-result behavior. 2. Execute the platform workflow to disable a plugin and remove its tool definitions. 3. Capture the committed result, resource version, or run status. 4. Compare the result with the source fixture and the declared invariant. 5. Repeat or recover the operation when applicable; verify access, audit evidence, and side effects.","The platform must correctly disable a plugin and remove its tool definitions; the empty input condition follows the configured contract; valid state is preserved, invalid or unauthorized work is rejected or quarantined without silent loss, retries do not duplicate side effects, lineage and audit evidence remain available, and no production records or credentials are used. Safety boundary: Use disposable synthetic repositories and mock integrations only. Never expose real credentials, modify production repositories, or publish/merge changes during a test run.",Playwright + platform UI/API,"cline,market-platform,synthetic-data,mcp_plugins,empty-input"
Cline,MCP Servers and Plugins,CLNE-MCP_PLUG-00019,MCP Servers and Plugins: restrict custom tools to the authorized workspace (empty input),Cline: restrict custom tools to the authorized workspace with empty input,Functional,High,"Non-production tenant or isolated local fixture; synthetic records only; Use an empty source or namespace and verify defined empty-result behavior. Safety boundary: Use disposable synthetic repositories and mock integrations only. Never expose real credentials, modify production repositories, or publish/merge changes during a test run.","1. Create a disposable, versioned synthetic fixture: Use an empty source or namespace and verify defined empty-result behavior. 2. Execute the platform workflow to restrict custom tools to the authorized workspace. 3. Capture the committed result, resource version, or run status. 4. Compare the result with the source fixture and the declared invariant. 5. Repeat or recover the operation when applicable; verify access, audit evidence, and side effects.","The platform must correctly restrict custom tools to the authorized workspace; the empty input condition follows the configured contract; valid state is preserved, invalid or unauthorized work is rejected or quarantined without silent loss, retries do not duplicate side effects, lineage and audit evidence remain available, and no production records or credentials are used. Safety boundary: Use disposable synthetic repositories and mock integrations only. Never expose real credentials, modify production repositories, or publish/merge changes during a test run.",Playwright + platform UI/API,"cline,market-platform,synthetic-data,mcp_plugins,empty-input"
Cline,MCP Servers and Plugins,CLNE-MCP_PLUG-00020,MCP Servers and Plugins: audit MCP and plugin lifecycle actions (empty input),Cline: audit MCP and plugin lifecycle actions with empty input,Functional,High,"Non-production tenant or isolated local fixture; synthetic records only; Use an empty source or namespace and verify defined empty-result behavior. Safety boundary: Use disposable synthetic repositories and mock integrations only. Never expose real credentials, modify production repositories, or publish/merge changes during a test run.","1. Create a disposable, versioned synthetic fixture: Use an empty source or namespace and verify defined empty-result behavior. 2. Execute the platform workflow to audit MCP and plugin lifecycle actions. 3. Capture the committed result, resource version, or run status. 4. Compare the result with the source fixture and the declared invariant. 5. Repeat or recover the operation when applicable; verify access, audit evidence, and side effects.","The platform must correctly audit MCP and plugin lifecycle actions; the empty input condition follows the configured contract; valid state is preserved, invalid or unauthorized work is rejected or quarantined without silent loss, retries do not duplicate side effects, lineage and audit evidence remain available, and no production records or credentials are used. Safety boundary: Use disposable synthetic repositories and mock integrations only. Never expose real credentials, modify production repositories, or publish/merge changes during a test run.",Playwright + platform UI/API,"cline,market-platform,synthetic-data,mcp_plugins,empty-input"
Cline,MCP Servers and Plugins,CLNE-MCP_PLUG-00021,MCP Servers and Plugins: load tools from the declared mock MCP configuration (single record),Cline: load tools from the declared mock MCP configuration with single record,Functional,Medium,"Non-production tenant or isolated local fixture; synthetic records only; Use one valid synthetic record and verify the smallest non-empty result. Safety boundary: Use disposable synthetic repositories and mock integrations only. Never expose real credentials, modify production repositories, or publish/merge changes during a test run.","1. Create a disposable, versioned synthetic fixture: Use one valid synthetic record and verify the smallest non-empty result. 2. Execute the platform workflow to load tools from the declared mock MCP configuration. 3. Capture the committed result, resource version, or run status. 4. Compare the result with the source fixture and the declared invariant. 5. Repeat or recover the operation when applicable; verify access, audit evidence, and side effects.","The platform must correctly load tools from the declared mock MCP configuration; the single record condition follows the configured contract; valid state is preserved, invalid or unauthorized work is rejected or quarantined without silent loss, retries do not duplicate side effects, lineage and audit evidence remain available, and no production records or credentials are used. Safety boundary: Use disposable synthetic repositories and mock integrations only. Never expose real credentials, modify production repositories, or publish/merge changes during a test run.",Playwright + platform UI/API,"cline,market-platform,synthetic-data,mcp_plugins,single-record"
Cline,MCP Servers and Plugins,CLNE-MCP_PLUG-00022,MCP Servers and Plugins: validate MCP server launch settings before connecting (single record),Cline: validate MCP server launch settings before connecting with single record,Functional,High,"Non-production tenant or isolated local fixture; synthetic records only; Use one valid synthetic record and verify the smallest non-empty result. Safety boundary: Use disposable synthetic repositories and mock integrations only. Never expose real credentials, modify production repositories, or publish/merge changes during a test run.","1. Create a disposable, versioned synthetic fixture: Use one valid synthetic record and verify the smallest non-empty result. 2. Execute the platform workflow to validate MCP server launch settings before connecting. 3. Capture the committed result, resource version, or run status. 4. Compare the result with the source fixture and the declared invariant. 5. Repeat or recover the operation when applicable; verify access, audit evidence, and side effects.","The platform must correctly validate MCP server launch settings before connecting; the single record condition follows the configured contract; valid state is preserved, invalid or unauthorized work is rejected or quarantined without silent loss, retries do not duplicate side effects, lineage and audit evidence remain available, and no production records or credentials are used. Safety boundary: Use disposable synthetic repositories and mock integrations only. Never expose real credentials, modify production repositories, or publish/merge changes during a test run.",Playwright + platform UI/API,"cline,market-platform,synthetic-data,mcp_plugins,single-record"
Cline,MCP Servers and Plugins,CLNE-MCP_PLUG-00023,MCP Servers and Plugins: prevent an unlisted server from joining the session (single record),Cline: prevent an unlisted server from joining the session with single record,Functional,High,"Non-production tenant or isolated local fixture; synthetic records only; Use one valid synthetic record and verify the smallest non-empty result. Safety boundary: Use disposable synthetic repositories and mock integrations only. Never expose real credentials, modify production repositories, or publish/merge changes during a test run.","1. Create a disposable, versioned synthetic fixture: Use one valid synthetic record and verify the smallest non-empty result. 2. Execute the platform workflow to prevent an unlisted server from joining the session. 3. Capture the committed result, resource version, or run status. 4. Compare the result with the source fixture and the declared invariant. 5. Repeat or recover the operation when applicable; verify access, audit evidence, and side effects.","The platform must correctly prevent an unlisted server from joining the session; the single record condition follows the configured contract; valid state is preserved, invalid or unauthorized work is rejected or quarantined without silent loss, retries do not duplicate side effects, lineage and audit evidence remain available, and no production records or credentials are used. Safety boundary: Use disposable synthetic repositories and mock integrations only. Never expose real credentials, modify production repositories, or publish/merge changes during a test run.",Playwright + platform UI/API,"cline,market-platform,synthetic-data,mcp_plugins,single-record"
Cline,MCP Servers and Plugins,CLNE-MCP_PLUG-00024,MCP Servers and Plugins: register a plugin with only its declared tools (single record),Cline: register a plugin with only its declared tools with single record,Functional,High,"Non-production tenant or isolated local fixture; synthetic records only; Use one valid synthetic record and verify the smallest non-empty result. Safety boundary: Use disposable synthetic repositories and mock integrations only. Never expose real credentials, modify production repositories, or publish/merge changes during a test run.","1. Create a disposable, versioned synthetic fixture: Use one valid synthetic record and verify the smallest non-empty result. 2. Execute the platform workflow to register a plugin with only its declared tools. 3. Capture the committed result, resource version, or run status. 4. Compare the result with the source fixture and the declared invariant. 5. Repeat or recover the operation when applicable; verify access, audit evidence, and side effects.","The platform must correctly register a plugin with only its declared tools; the single record condition follows the configured contract; valid state is preserved, invalid or unauthorized work is rejected or quarantined without silent loss, retries do not duplicate side effects, lineage and audit evidence remain available, and no production records or credentials are used. Safety boundary: Use disposable synthetic repositories and mock integrations only. Never expose real credentials, modify production repositories, or publish/merge changes during a test run.",Playwright + platform UI/API,"cline,market-platform,synthetic-data,mcp_plugins,single-record"
Cline,MCP Servers and Plugins,CLNE-MCP_PLUG-00025,MCP Servers and Plugins: reject a plugin whose manifest has an invalid schema (single record),Cline: reject a plugin whose manifest has an invalid schema with single record,Functional,Medium,"Non-production tenant or isolated local fixture; synthetic records only; Use one valid synthetic record and verify the smallest non-empty result. Safety boundary: Use disposable synthetic repositories and mock integrations only. Never expose real credentials, modify production repositories, or publish/merge changes during a test run.","1. Create a disposable, versioned synthetic fixture: Use one valid synthetic record and verify the smallest non-empty result. 2. Execute the platform workflow to reject a plugin whose manifest has an invalid schema. 3. Capture the committed result, resource version, or run status. 4. Compare the result with the source fixture and the declared invariant. 5. Repeat or recover the operation when applicable; verify access, audit evidence, and side effects.","The platform must correctly reject a plugin whose manifest has an invalid schema; the single record condition follows the configured contract; valid state is preserved, invalid or unauthorized work is rejected or quarantined without silent loss, retries do not duplicate side effects, lineage and audit evidence remain available, and no production records or credentials are used. Safety boundary: Use disposable synthetic repositories and mock integrations only. Never expose real credentials, modify production repositories, or publish/merge changes during a test run.",Playwright + platform UI/API,"cline,market-platform,synthetic-data,mcp_plugins,single-record"
Cline,MCP Servers and Plugins,CLNE-MCP_PLUG-00026,MCP Servers and Plugins: handle a missing MCP process without hanging the task (single record),Cline: handle a missing MCP process without hanging the task with single record,Functional,High,"Non-production tenant or isolated local fixture; synthetic records only; Use one valid synthetic record and verify the smallest non-empty result. Safety boundary: Use disposable synthetic repositories and mock integrations only. Never expose real credentials, modify production repositories, or publish/merge changes during a test run.","1. Create a disposable, versioned synthetic fixture: Use one valid synthetic record and verify the smallest non-empty result. 2. Execute the platform workflow to handle a missing MCP process without hanging the task. 3. Capture the committed result, resource version, or run status. 4. Compare the result with the source fixture and the declared invariant. 5. Repeat or recover the operation when applicable; verify access, audit evidence, and side effects.","The platform must correctly handle a missing MCP process without hanging the task; the single record condition follows the configured contract; valid state is preserved, invalid or unauthorized work is rejected or quarantined without silent loss, retries do not duplicate side effects, lineage and audit evidence remain available, and no production records or credentials are used. Safety boundary: Use disposable synthetic repositories and mock integrations only. Never expose real credentials, modify production repositories, or publish/merge changes during a test run.",Playwright + platform UI/API,"cline,market-platform,synthetic-data,mcp_plugins,single-record"
Cline,MCP Servers and Plugins,CLNE-MCP_PLUG-00027,MCP Servers and Plugins: redact server environment secrets from diagnostics (single record),Cline: redact server environment secrets from diagnostics with single record,Functional,High,"Non-production tenant or isolated local fixture; synthetic records only; Use one valid synthetic record and verify the smallest non-empty result. Safety boundary: Use disposable synthetic repositories and mock integrations only. Never expose real credentials, modify production repositories, or publish/merge changes during a test run.","1. Create a disposable, versioned synthetic fixture: Use one valid synthetic record and verify the smallest non-empty result. 2. Execute the platform workflow to redact server environment secrets from diagnostics. 3. Capture the committed result, resource version, or run status. 4. Compare the result with the source fixture and the declared invariant. 5. Repeat or recover the operation when applicable; verify access, audit evidence, and side effects.","The platform must correctly redact server environment secrets from diagnostics; the single record condition follows the configured contract; valid state is preserved, invalid or unauthorized work is rejected or quarantined without silent loss, retries do not duplicate side effects, lineage and audit evidence remain available, and no production records or credentials are used. Safety boundary: Use disposable synthetic repositories and mock integrations only. Never expose real credentials, modify production repositories, or publish/merge changes during a test run.",Playwright + platform UI/API,"cline,market-platform,synthetic-data,mcp_plugins,single-record"
Cline,MCP Servers and Plugins,CLNE-MCP_PLUG-00028,MCP Servers and Plugins: disable a plugin and remove its tool definitions (single record),Cline: disable a plugin and remove its tool definitions with single record,Functional,High,"Non-production tenant or isolated local fixture; synthetic records only; Use one valid synthetic record and verify the smallest non-empty result. Safety boundary: Use disposable synthetic repositories and mock integrations only. Never expose real credentials, modify production repositories, or publish/merge changes during a test run.","1. Create a disposable, versioned synthetic fixture: Use one valid synthetic record and verify the smallest non-empty result. 2. Execute the platform workflow to disable a plugin and remove its tool definitions. 3. Capture the committed result, resource version, or run status. 4. Compare the result with the source fixture and the declared invariant. 5. Repeat or recover the operation when applicable; verify access, audit evidence, and side effects.","The platform must correctly disable a plugin and remove its tool definitions; the single record condition follows the configured contract; valid state is preserved, invalid or unauthorized work is rejected or quarantined without silent loss, retries do not duplicate side effects, lineage and audit evidence remain available, and no production records or credentials are used. Safety boundary: Use disposable synthetic repositories and mock integrations only. Never expose real credentials, modify production repositories, or publish/merge changes during a test run.",Playwright + platform UI/API,"cline,market-platform,synthetic-data,mcp_plugins,single-record"
Cline,MCP Servers and Plugins,CLNE-MCP_PLUG-00029,MCP Servers and Plugins: restrict custom tools to the authorized workspace (single record),Cline: restrict custom tools to the authorized workspace with single record,Functional,Medium,"Non-production tenant or isolated local fixture; synthetic records only; Use one valid synthetic record and verify the smallest non-empty result. Safety boundary: Use disposable synthetic repositories and mock integrations only. Never expose real credentials, modify production repositories, or publish/merge changes during a test run.","1. Create a disposable, versioned synthetic fixture: Use one valid synthetic record and verify the smallest non-empty result. 2. Execute the platform workflow to restrict custom tools to the authorized workspace. 3. Capture the committed result, resource version, or run status. 4. Compare the result with the source fixture and the declared invariant. 5. Repeat or recover the operation when applicable; verify access, audit evidence, and side effects.","The platform must correctly restrict custom tools to the authorized workspace; the single record condition follows the configured contract; valid state is preserved, invalid or unauthorized work is rejected or quarantined without silent loss, retries do not duplicate side effects, lineage and audit evidence remain available, and no production records or credentials are used. Safety boundary: Use disposable synthetic repositories and mock integrations only. Never expose real credentials, modify production repositories, or publish/merge changes during a test run.",Playwright + platform UI/API,"cline,market-platform,synthetic-data,mcp_plugins,single-record"
Cline,MCP Servers and Plugins,CLNE-MCP_PLUG-00030,MCP Servers and Plugins: audit MCP and plugin lifecycle actions (single record),Cline: audit MCP and plugin lifecycle actions with single record,Functional,High,"Non-production tenant or isolated local fixture; synthetic records only; Use one valid synthetic record and verify the smallest non-empty result. Safety boundary: Use disposable synthetic repositories and mock integrations only. Never expose real credentials, modify production repositories, or publish/merge changes during a test run.","1. Create a disposable, versioned synthetic fixture: Use one valid synthetic record and verify the smallest non-empty result. 2. Execute the platform workflow to audit MCP and plugin lifecycle actions. 3. Capture the committed result, resource version, or run status. 4. Compare the result with the source fixture and the declared invariant. 5. Repeat or recover the operation when applicable; verify access, audit evidence, and side effects.","The platform must correctly audit MCP and plugin lifecycle actions; the single record condition follows the configured contract; valid state is preserved, invalid or unauthorized work is rejected or quarantined without silent loss, retries do not duplicate side effects, lineage and audit evidence remain available, and no production records or credentials are used. Safety boundary: Use disposable synthetic repositories and mock integrations only. Never expose real credentials, modify production repositories, or publish/merge changes during a test run.",Playwright + platform UI/API,"cline,market-platform,synthetic-data,mcp_plugins,single-record"
Cline,MCP Servers and Plugins,CLNE-MCP_PLUG-00031,MCP Servers and Plugins: load tools from the declared mock MCP configuration (duplicate key),Cline: load tools from the declared mock MCP configuration with duplicate key,Functional,High,"Non-production tenant or isolated local fixture; synthetic records only; Submit a duplicate business key and verify the declared deduplication or rejection rule. Safety boundary: Use disposable synthetic repositories and mock integrations only. Never expose real credentials, modify production repositories, or publish/merge changes during a test run.","1. Create a disposable, versioned synthetic fixture: Submit a duplicate business key and verify the declared deduplication or rejection rule. 2. Execute the platform workflow to load tools from the declared mock MCP configuration. 3. Capture the committed result, resource version, or run status. 4. Compare the result with the source fixture and the declared invariant. 5. Repeat or recover the operation when applicable; verify access, audit evidence, and side effects.","The platform must correctly load tools from the declared mock MCP configuration; the duplicate key condition follows the configured contract; valid state is preserved, invalid or unauthorized work is rejected or quarantined without silent loss, retries do not duplicate side effects, lineage and audit evidence remain available, and no production records or credentials are used. Safety boundary: Use disposable synthetic repositories and mock integrations only. Never expose real credentials, modify production repositories, or publish/merge changes during a test run.",Playwright + platform UI/API,"cline,market-platform,synthetic-data,mcp_plugins,duplicate-key"
Cline,MCP Servers and Plugins,CLNE-MCP_PLUG-00032,MCP Servers and Plugins: validate MCP server launch settings before connecting (duplicate key),Cline: validate MCP server launch settings before connecting with duplicate key,Functional,High,"Non-production tenant or isolated local fixture; synthetic records only; Submit a duplicate business key and verify the declared deduplication or rejection rule. Safety boundary: Use disposable synthetic repositories and mock integrations only. Never expose real credentials, modify production repositories, or publish/merge changes during a test run.","1. Create a disposable, versioned synthetic fixture: Submit a duplicate business key and verify the declared deduplication or rejection rule. 2. Execute the platform workflow to validate MCP server launch settings before connecting. 3. Capture the committed result, resource version, or run status. 4. Compare the result with the source fixture and the declared invariant. 5. Repeat or recover the operation when applicable; verify access, audit evidence, and side effects.","The platform must correctly validate MCP server launch settings before connecting; the duplicate key condition follows the configured contract; valid state is preserved, invalid or unauthorized work is rejected or quarantined without silent loss, retries do not duplicate side effects, lineage and audit evidence remain available, and no production records or credentials are used. Safety boundary: Use disposable synthetic repositories and mock integrations only. Never expose real credentials, modify production repositories, or publish/merge changes during a test run.",Playwright + platform UI/API,"cline,market-platform,synthetic-data,mcp_plugins,duplicate-key"
Cline,MCP Servers and Plugins,CLNE-MCP_PLUG-00033,MCP Servers and Plugins: prevent an unlisted server from joining the session (duplicate key),Cline: prevent an unlisted server from joining the session with duplicate key,Functional,Medium,"Non-production tenant or isolated local fixture; synthetic records only; Submit a duplicate business key and verify the declared deduplication or rejection rule. Safety boundary: Use disposable synthetic repositories and mock integrations only. Never expose real credentials, modify production repositories, or publish/merge changes during a test run.","1. Create a disposable, versioned synthetic fixture: Submit a duplicate business key and verify the declared deduplication or rejection rule. 2. Execute the platform workflow to prevent an unlisted server from joining the session. 3. Capture the committed result, resource version, or run status. 4. Compare the result with the source fixture and the declared invariant. 5. Repeat or recover the operation when applicable; verify access, audit evidence, and side effects.","The platform must correctly prevent an unlisted server from joining the session; the duplicate key condition follows the configured contract; valid state is preserved, invalid or unauthorized work is rejected or quarantined without silent loss, retries do not duplicate side effects, lineage and audit evidence remain available, and no production records or credentials are used. Safety boundary: Use disposable synthetic repositories and mock integrations only. Never expose real credentials, modify production repositories, or publish/merge changes during a test run.",Playwright + platform UI/API,"cline,market-platform,synthetic-data,mcp_plugins,duplicate-key"
Cline,MCP Servers and Plugins,CLNE-MCP_PLUG-00034,MCP Servers and Plugins: register a plugin with only its declared tools (duplicate key),Cline: register a plugin with only its declared tools with duplicate key,Functional,High,"Non-production tenant or isolated local fixture; synthetic records only; Submit a duplicate business key and verify the declared deduplication or rejection rule. Safety boundary: Use disposable synthetic repositories and mock integrations only. Never expose real credentials, modify production repositories, or publish/merge changes during a test run.","1. Create a disposable, versioned synthetic fixture: Submit a duplicate business key and verify the declared deduplication or rejection rule. 2. Execute the platform workflow to register a plugin with only its declared tools. 3. Capture the committed result, resource version, or run status. 4. Compare the result with the source fixture and the declared invariant. 5. Repeat or recover the operation when applicable; verify access, audit evidence, and side effects.","The platform must correctly register a plugin with only its declared tools; the duplicate key condition follows the configured contract; valid state is preserved, invalid or unauthorized work is rejected or quarantined without silent loss, retries do not duplicate side effects, lineage and audit evidence remain available, and no production records or credentials are used. Safety boundary: Use disposable synthetic repositories and mock integrations only. Never expose real credentials, modify production repositories, or publish/merge changes during a test run.",Playwright + platform UI/API,"cline,market-platform,synthetic-data,mcp_plugins,duplicate-key"
Cline,MCP Servers and Plugins,CLNE-MCP_PLUG-00035,MCP Servers and Plugins: reject a plugin whose manifest has an invalid schema (duplicate key),Cline: reject a plugin whose manifest has an invalid schema with duplicate key,Functional,High,"Non-production tenant or isolated local fixture; synthetic records only; Submit a duplicate business key and verify the declared deduplication or rejection rule. Safety boundary: Use disposable synthetic repositories and mock integrations only. Never expose real credentials, modify production repositories, or publish/merge changes during a test run.","1. Create a disposable, versioned synthetic fixture: Submit a duplicate business key and verify the declared deduplication or rejection rule. 2. Execute the platform workflow to reject a plugin whose manifest has an invalid schema. 3. Capture the committed result, resource version, or run status. 4. Compare the result with the source fixture and the declared invariant. 5. Repeat or recover the operation when applicable; verify access, audit evidence, and side effects.","The platform must correctly reject a plugin whose manifest has an invalid schema; the duplicate key condition follows the configured contract; valid state is preserved, invalid or unauthorized work is rejected or quarantined without silent loss, retries do not duplicate side effects, lineage and audit evidence remain available, and no production records or credentials are used. Safety boundary: Use disposable synthetic repositories and mock integrations only. Never expose real credentials, modify production repositories, or publish/merge changes during a test run.",Playwright + platform UI/API,"cline,market-platform,synthetic-data,mcp_plugins,duplicate-key"
Cline,MCP Servers and Plugins,CLNE-MCP_PLUG-00036,MCP Servers and Plugins: handle a missing MCP process without hanging the task (duplicate key),Cline: handle a missing MCP process without hanging the task with duplicate key,Functional,High,"Non-production tenant or isolated local fixture; synthetic records only; Submit a duplicate business key and verify the declared deduplication or rejection rule. Safety boundary: Use disposable synthetic repositories and mock integrations only. Never expose real credentials, modify production repositories, or publish/merge changes during a test run.","1. Create a disposable, versioned synthetic fixture: Submit a duplicate business key and verify the declared deduplication or rejection rule. 2. Execute the platform workflow to handle a missing MCP process without hanging the task. 3. Capture the committed result, resource version, or run status. 4. Compare the result with the source fixture and the declared invariant. 5. Repeat or recover the operation when applicable; verify access, audit evidence, and side effects.","The platform must correctly handle a missing MCP process without hanging the task; the duplicate key condition follows the configured contract; valid state is preserved, invalid or unauthorized work is rejected or quarantined without silent loss, retries do not duplicate side effects, lineage and audit evidence remain available, and no production records or credentials are used. Safety boundary: Use disposable synthetic repositories and mock integrations only. Never expose real credentials, modify production repositories, or publish/merge changes during a test run.",Playwright + platform UI/API,"cline,market-platform,synthetic-data,mcp_plugins,duplicate-key"
Cline,MCP Servers and Plugins,CLNE-MCP_PLUG-00037,MCP Servers and Plugins: redact server environment secrets from diagnostics (duplicate key),Cline: redact server environment secrets from diagnostics with duplicate key,Functional,Medium,"Non-production tenant or isolated local fixture; synthetic records only; Submit a duplicate business key and verify the declared deduplication or rejection rule. Safety boundary: Use disposable synthetic repositories and mock integrations only. Never expose real credentials, modify production repositories, or publish/merge changes during a test run.","1. Create a disposable, versioned synthetic fixture: Submit a duplicate business key and verify the declared deduplication or rejection rule. 2. Execute the platform workflow to redact server environment secrets from diagnostics. 3. Capture the committed result, resource version, or run status. 4. Compare the result with the source fixture and the declared invariant. 5. Repeat or recover the operation when applicable; verify access, audit evidence, and side effects.","The platform must correctly redact server environment secrets from diagnostics; the duplicate key condition follows the configured contract; valid state is preserved, invalid or unauthorized work is rejected or quarantined without silent loss, retries do not duplicate side effects, lineage and audit evidence remain available, and no production records or credentials are used. Safety boundary: Use disposable synthetic repositories and mock integrations only. Never expose real credentials, modify production repositories, or publish/merge changes during a test run.",Playwright + platform UI/API,"cline,market-platform,synthetic-data,mcp_plugins,duplicate-key"
Cline,MCP Servers and Plugins,CLNE-MCP_PLUG-00038,MCP Servers and Plugins: disable a plugin and remove its tool definitions (duplicate key),Cline: disable a plugin and remove its tool definitions with duplicate key,Functional,High,"Non-production tenant or isolated local fixture; synthetic records only; Submit a duplicate business key and verify the declared deduplication or rejection rule. Safety boundary: Use disposable synthetic repositories and mock integrations only. Never expose real credentials, modify production repositories, or publish/merge changes during a test run.","1. Create a disposable, versioned synthetic fixture: Submit a duplicate business key and verify the declared deduplication or rejection rule. 2. Execute the platform workflow to disable a plugin and remove its tool definitions. 3. Capture the committed result, resource version, or run status. 4. Compare the result with the source fixture and the declared invariant. 5. Repeat or recover the operation when applicable; verify access, audit evidence, and side effects.","The platform must correctly disable a plugin and remove its tool definitions; the duplicate key condition follows the configured contract; valid state is preserved, invalid or unauthorized work is rejected or quarantined without silent loss, retries do not duplicate side effects, lineage and audit evidence remain available, and no production records or credentials are used. Safety boundary: Use disposable synthetic repositories and mock integrations only. Never expose real credentials, modify production repositories, or publish/merge changes during a test run.",Playwright + platform UI/API,"cline,market-platform,synthetic-data,mcp_plugins,duplicate-key"
Cline,MCP Servers and Plugins,CLNE-MCP_PLUG-00039,MCP Servers and Plugins: restrict custom tools to the authorized workspace (duplicate key),Cline: restrict custom tools to the authorized workspace with duplicate key,Functional,High,"Non-production tenant or isolated local fixture; synthetic records only; Submit a duplicate business key and verify the declared deduplication or rejection rule. Safety boundary: Use disposable synthetic repositories and mock integrations only. Never expose real credentials, modify production repositories, or publish/merge changes during a test run.","1. Create a disposable, versioned synthetic fixture: Submit a duplicate business key and verify the declared deduplication or rejection rule. 2. Execute the platform workflow to restrict custom tools to the authorized workspace. 3. Capture the committed result, resource version, or run status. 4. Compare the result with the source fixture and the declared invariant. 5. Repeat or recover the operation when applicable; verify access, audit evidence, and side effects.","The platform must correctly restrict custom tools to the authorized workspace; the duplicate key condition follows the configured contract; valid state is preserved, invalid or unauthorized work is rejected or quarantined without silent loss, retries do not duplicate side effects, lineage and audit evidence remain available, and no production records or credentials are used. Safety boundary: Use disposable synthetic repositories and mock integrations only. Never expose real credentials, modify production repositories, or publish/merge changes during a test run.",Playwright + platform UI/API,"cline,market-platform,synthetic-data,mcp_plugins,duplicate-key"
Cline,MCP Servers and Plugins,CLNE-MCP_PLUG-00040,MCP Servers and Plugins: audit MCP and plugin lifecycle actions (duplicate key),Cline: audit MCP and plugin lifecycle actions with duplicate key,Functional,High,"Non-production tenant or isolated local fixture; synthetic records only; Submit a duplicate business key and verify the declared deduplication or rejection rule. Safety boundary: Use disposable synthetic repositories and mock integrations only. Never expose real credentials, modify production repositories, or publish/merge changes during a test run.","1. Create a disposable, versioned synthetic fixture: Submit a duplicate business key and verify the declared deduplication or rejection rule. 2. Execute the platform workflow to audit MCP and plugin lifecycle actions. 3. Capture the committed result, resource version, or run status. 4. Compare the result with the source fixture and the declared invariant. 5. Repeat or recover the operation when applicable; verify access, audit evidence, and side effects.","The platform must correctly audit MCP and plugin lifecycle actions; the duplicate key condition follows the configured contract; valid state is preserved, invalid or unauthorized work is rejected or quarantined without silent loss, retries do not duplicate side effects, lineage and audit evidence remain available, and no production records or credentials are used. Safety boundary: Use disposable synthetic repositories and mock integrations only. Never expose real credentials, modify production repositories, or publish/merge changes during a test run.",Playwright + platform UI/API,"cline,market-platform,synthetic-data,mcp_plugins,duplicate-key"
Cline,MCP Servers and Plugins,CLNE-MCP_PLUG-00041,MCP Servers and Plugins: load tools from the declared mock MCP configuration (nullable optional field),Cline: load tools from the declared mock MCP configuration with nullable optional field,Functional,Medium,"Non-production tenant or isolated local fixture; synthetic records only; Set optional fields to null while retaining all required identifiers. Safety boundary: Use disposable synthetic repositories and mock integrations only. Never expose real credentials, modify production repositories, or publish/merge changes during a test run.","1. Create a disposable, versioned synthetic fixture: Set optional fields to null while retaining all required identifiers. 2. Execute the platform workflow to load tools from the declared mock MCP configuration. 3. Capture the committed result, resource version, or run status. 4. Compare the result with the source fixture and the declared invariant. 5. Repeat or recover the operation when applicable; verify access, audit evidence, and side effects.","The platform must correctly load tools from the declared mock MCP configuration; the nullable optional field condition follows the configured contract; valid state is preserved, invalid or unauthorized work is rejected or quarantined without silent loss, retries do not duplicate side effects, lineage and audit evidence remain available, and no production records or credentials are used. Safety boundary: Use disposable synthetic repositories and mock integrations only. Never expose real credentials, modify production repositories, or publish/merge changes during a test run.",Playwright + platform UI/API,"cline,market-platform,synthetic-data,mcp_plugins,nullable-optional-field"
Cline,MCP Servers and Plugins,CLNE-MCP_PLUG-00042,MCP Servers and Plugins: validate MCP server launch settings before connecting (nullable optional field),Cline: validate MCP server launch settings before connecting with nullable optional field,Functional,High,"Non-production tenant or isolated local fixture; synthetic records only; Set optional fields to null while retaining all required identifiers. Safety boundary: Use disposable synthetic repositories and mock integrations only. Never expose real credentials, modify production repositories, or publish/merge changes during a test run.","1. Create a disposable, versioned synthetic fixture: Set optional fields to null while retaining all required identifiers. 2. Execute the platform workflow to validate MCP server launch settings before connecting. 3. Capture the committed result, resource version, or run status. 4. Compare the result with the source fixture and the declared invariant. 5. Repeat or recover the operation when applicable; verify access, audit evidence, and side effects.","The platform must correctly validate MCP server launch settings before connecting; the nullable optional field condition follows the configured contract; valid state is preserved, invalid or unauthorized work is rejected or quarantined without silent loss, retries do not duplicate side effects, lineage and audit evidence remain available, and no production records or credentials are used. Safety boundary: Use disposable synthetic repositories and mock integrations only. Never expose real credentials, modify production repositories, or publish/merge changes during a test run.",Playwright + platform UI/API,"cline,market-platform,synthetic-data,mcp_plugins,nullable-optional-field"
Cline,MCP Servers and Plugins,CLNE-MCP_PLUG-00043,MCP Servers and Plugins: prevent an unlisted server from joining the session (nullable optional field),Cline: prevent an unlisted server from joining the session with nullable optional field,Functional,High,"Non-production tenant or isolated local fixture; synthetic records only; Set optional fields to null while retaining all required identifiers. Safety boundary: Use disposable synthetic repositories and mock integrations only. Never expose real credentials, modify production repositories, or publish/merge changes during a test run.","1. Create a disposable, versioned synthetic fixture: Set optional fields to null while retaining all required identifiers. 2. Execute the platform workflow to prevent an unlisted server from joining the session. 3. Capture the committed result, resource version, or run status. 4. Compare the result with the source fixture and the declared invariant. 5. Repeat or recover the operation when applicable; verify access, audit evidence, and side effects.","The platform must correctly prevent an unlisted server from joining the session; the nullable optional field condition follows the configured contract; valid state is preserved, invalid or unauthorized work is rejected or quarantined without silent loss, retries do not duplicate side effects, lineage and audit evidence remain available, and no production records or credentials are used. Safety boundary: Use disposable synthetic repositories and mock integrations only. Never expose real credentials, modify production repositories, or publish/merge changes during a test run.",Playwright + platform UI/API,"cline,market-platform,synthetic-data,mcp_plugins,nullable-optional-field"
Cline,MCP Servers and Plugins,CLNE-MCP_PLUG-00044,MCP Servers and Plugins: register a plugin with only its declared tools (nullable optional field),Cline: register a plugin with only its declared tools with nullable optional field,Functional,High,"Non-production tenant or isolated local fixture; synthetic records only; Set optional fields to null while retaining all required identifiers. Safety boundary: Use disposable synthetic repositories and mock integrations only. Never expose real credentials, modify production repositories, or publish/merge changes during a test run.","1. Create a disposable, versioned synthetic fixture: Set optional fields to null while retaining all required identifiers. 2. Execute the platform workflow to register a plugin with only its declared tools. 3. Capture the committed result, resource version, or run status. 4. Compare the result with the source fixture and the declared invariant. 5. Repeat or recover the operation when applicable; verify access, audit evidence, and side effects.","The platform must correctly register a plugin with only its declared tools; the nullable optional field condition follows the configured contract; valid state is preserved, invalid or unauthorized work is rejected or quarantined without silent loss, retries do not duplicate side effects, lineage and audit evidence remain available, and no production records or credentials are used. Safety boundary: Use disposable synthetic repositories and mock integrations only. Never expose real credentials, modify production repositories, or publish/merge changes during a test run.",Playwright + platform UI/API,"cline,market-platform,synthetic-data,mcp_plugins,nullable-optional-field"
Cline,MCP Servers and Plugins,CLNE-MCP_PLUG-00045,MCP Servers and Plugins: reject a plugin whose manifest has an invalid schema (nullable optional field),Cline: reject a plugin whose manifest has an invalid schema with nullable optional field,Functional,Medium,"Non-production tenant or isolated local fixture; synthetic records only; Set optional fields to null while retaining all required identifiers. Safety boundary: Use disposable synthetic repositories and mock integrations only. Never expose real credentials, modify production repositories, or publish/merge changes during a test run.","1. Create a disposable, versioned synthetic fixture: Set optional fields to null while retaining all required identifiers. 2. Execute the platform workflow to reject a plugin whose manifest has an invalid schema. 3. Capture the committed result, resource version, or run status. 4. Compare the result with the source fixture and the declared invariant. 5. Repeat or recover the operation when applicable; verify access, audit evidence, and side effects.","The platform must correctly reject a plugin whose manifest has an invalid schema; the nullable optional field condition follows the configured contract; valid state is preserved, invalid or unauthorized work is rejected or quarantined without silent loss, retries do not duplicate side effects, lineage and audit evidence remain available, and no production records or credentials are used. Safety boundary: Use disposable synthetic repositories and mock integrations only. Never expose real credentials, modify production repositories, or publish/merge changes during a test run.",Playwright + platform UI/API,"cline,market-platform,synthetic-data,mcp_plugins,nullable-optional-field"
Cline,MCP Servers and Plugins,CLNE-MCP_PLUG-00046,MCP Servers and Plugins: handle a missing MCP process without hanging the task (nullable optional field),Cline: handle a missing MCP process without hanging the task with nullable optional field,Functional,High,"Non-production tenant or isolated local fixture; synthetic records only; Set optional fields to null while retaining all required identifiers. Safety boundary: Use disposable synthetic repositories and mock integrations only. Never expose real credentials, modify production repositories, or publish/merge changes during a test run.","1. Create a disposable, versioned synthetic fixture: Set optional fields to null while retaining all required identifiers. 2. Execute the platform workflow to handle a missing MCP process without hanging the task. 3. Capture the committed result, resource version, or run status. 4. Compare the result with the source fixture and the declared invariant. 5. Repeat or recover the operation when applicable; verify access, audit evidence, and side effects.","The platform must correctly handle a missing MCP process without hanging the task; the nullable optional field condition follows the configured contract; valid state is preserved, invalid or unauthorized work is rejected or quarantined without silent loss, retries do not duplicate side effects, lineage and audit evidence remain available, and no production records or credentials are used. Safety boundary: Use disposable synthetic repositories and mock integrations only. Never expose real credentials, modify production repositories, or publish/merge changes during a test run.",Playwright + platform UI/API,"cline,market-platform,synthetic-data,mcp_plugins,nullable-optional-field"
Cline,MCP Servers and Plugins,CLNE-MCP_PLUG-00047,MCP Servers and Plugins: redact server environment secrets from diagnostics (nullable optional field),Cline: redact server environment secrets from diagnostics with nullable optional field,Functional,High,"Non-production tenant or isolated local fixture; synthetic records only; Set optional fields to null while retaining all required identifiers. Safety boundary: Use disposable synthetic repositories and mock integrations only. Never expose real credentials, modify production repositories, or publish/merge changes during a test run.","1. Create a disposable, versioned synthetic fixture: Set optional fields to null while retaining all required identifiers. 2. Execute the platform workflow to redact server environment secrets from diagnostics. 3. Capture the committed result, resource version, or run status. 4. Compare the result with the source fixture and the declared invariant. 5. Repeat or recover the operation when applicable; verify access, audit evidence, and side effects.","The platform must correctly redact server environment secrets from diagnostics; the nullable optional field condition follows the configured contract; valid state is preserved, invalid or unauthorized work is rejected or quarantined without silent loss, retries do not duplicate side effects, lineage and audit evidence remain available, and no production records or credentials are used. Safety boundary: Use disposable synthetic repositories and mock integrations only. Never expose real credentials, modify production repositories, or publish/merge changes during a test run.",Playwright + platform UI/API,"cline,market-platform,synthetic-data,mcp_plugins,nullable-optional-field"
Cline,MCP Servers and Plugins,CLNE-MCP_PLUG-00048,MCP Servers and Plugins: disable a plugin and remove its tool definitions (nullable optional field),Cline: disable a plugin and remove its tool definitions with nullable optional field,Functional,High,"Non-production tenant or isolated local fixture; synthetic records only; Set optional fields to null while retaining all required identifiers. Safety boundary: Use disposable synthetic repositories and mock integrations only. Never expose real credentials, modify production repositories, or publish/merge changes during a test run.","1. Create a disposable, versioned synthetic fixture: Set optional fields to null while retaining all required identifiers. 2. Execute the platform workflow to disable a plugin and remove its tool definitions. 3. Capture the committed result, resource version, or run status. 4. Compare the result with the source fixture and the declared invariant. 5. Repeat or recover the operation when applicable; verify access, audit evidence, and side effects.","The platform must correctly disable a plugin and remove its tool definitions; the nullable optional field condition follows the configured contract; valid state is preserved, invalid or unauthorized work is rejected or quarantined without silent loss, retries do not duplicate side effects, lineage and audit evidence remain available, and no production records or credentials are used. Safety boundary: Use disposable synthetic repositories and mock integrations only. Never expose real credentials, modify production repositories, or publish/merge changes during a test run.",Playwright + platform UI/API,"cline,market-platform,synthetic-data,mcp_plugins,nullable-optional-field"
Cline,MCP Servers and Plugins,CLNE-MCP_PLUG-00049,MCP Servers and Plugins: restrict custom tools to the authorized workspace (nullable optional field),Cline: restrict custom tools to the authorized workspace with nullable optional field,Functional,Medium,"Non-production tenant or isolated local fixture; synthetic records only; Set optional fields to null while retaining all required identifiers. Safety boundary: Use disposable synthetic repositories and mock integrations only. Never expose real credentials, modify production repositories, or publish/merge changes during a test run.","1. Create a disposable, versioned synthetic fixture: Set optional fields to null while retaining all required identifiers. 2. Execute the platform workflow to restrict custom tools to the authorized workspace. 3. Capture the committed result, resource version, or run status. 4. Compare the result with the source fixture and the declared invariant. 5. Repeat or recover the operation when applicable; verify access, audit evidence, and side effects.","The platform must correctly restrict custom tools to the authorized workspace; the nullable optional field condition follows the configured contract; valid state is preserved, invalid or unauthorized work is rejected or quarantined without silent loss, retries do not duplicate side effects, lineage and audit evidence remain available, and no production records or credentials are used. Safety boundary: Use disposable synthetic repositories and mock integrations only. Never expose real credentials, modify production repositories, or publish/merge changes during a test run.",Playwright + platform UI/API,"cline,market-platform,synthetic-data,mcp_plugins,nullable-optional-field"
Cline,MCP Servers and Plugins,CLNE-MCP_PLUG-00050,MCP Servers and Plugins: audit MCP and plugin lifecycle actions (nullable optional field),Cline: audit MCP and plugin lifecycle actions with nullable optional field,Functional,High,"Non-production tenant or isolated local fixture; synthetic records only; Set optional fields to null while retaining all required identifiers. Safety boundary: Use disposable synthetic repositories and mock integrations only. Never expose real credentials, modify production repositories, or publish/merge changes during a test run.","1. Create a disposable, versioned synthetic fixture: Set optional fields to null while retaining all required identifiers. 2. Execute the platform workflow to audit MCP and plugin lifecycle actions. 3. Capture the committed result, resource version, or run status. 4. Compare the result with the source fixture and the declared invariant. 5. Repeat or recover the operation when applicable; verify access, audit evidence, and side effects.","The platform must correctly audit MCP and plugin lifecycle actions; the nullable optional field condition follows the configured contract; valid state is preserved, invalid or unauthorized work is rejected or quarantined without silent loss, retries do not duplicate side effects, lineage and audit evidence remain available, and no production records or credentials are used. Safety boundary: Use disposable synthetic repositories and mock integrations only. Never expose real credentials, modify production repositories, or publish/merge changes during a test run.",Playwright + platform UI/API,"cline,market-platform,synthetic-data,mcp_plugins,nullable-optional-field"
Cline,MCP Servers and Plugins,CLNE-MCP_PLUG-00051,MCP Servers and Plugins: load tools from the declared mock MCP configuration (boundary values),Cline: load tools from the declared mock MCP configuration with boundary values,Functional,High,"Non-production tenant or isolated local fixture; synthetic records only; Exercise documented minimum, maximum, and just-outside limits. Safety boundary: Use disposable synthetic repositories and mock integrations only. Never expose real credentials, modify production repositories, or publish/merge changes during a test run.","1. Create a disposable, versioned synthetic fixture: Exercise documented minimum, maximum, and just-outside limits. 2. Execute the platform workflow to load tools from the declared mock MCP configuration. 3. Capture the committed result, resource version, or run status. 4. Compare the result with the source fixture and the declared invariant. 5. Repeat or recover the operation when applicable; verify access, audit evidence, and side effects.","The platform must correctly load tools from the declared mock MCP configuration; the boundary values condition follows the configured contract; valid state is preserved, invalid or unauthorized work is rejected or quarantined without silent loss, retries do not duplicate side effects, lineage and audit evidence remain available, and no production records or credentials are used. Safety boundary: Use disposable synthetic repositories and mock integrations only. Never expose real credentials, modify production repositories, or publish/merge changes during a test run.",Playwright + platform UI/API,"cline,market-platform,synthetic-data,mcp_plugins,boundary-values"
Cline,MCP Servers and Plugins,CLNE-MCP_PLUG-00052,MCP Servers and Plugins: validate MCP server launch settings before connecting (boundary values),Cline: validate MCP server launch settings before connecting with boundary values,Functional,High,"Non-production tenant or isolated local fixture; synthetic records only; Exercise documented minimum, maximum, and just-outside limits. Safety boundary: Use disposable synthetic repositories and mock integrations only. Never expose real credentials, modify production repositories, or publish/merge changes during a test run.","1. Create a disposable, versioned synthetic fixture: Exercise documented minimum, maximum, and just-outside limits. 2. Execute the platform workflow to validate MCP server launch settings before connecting. 3. Capture the committed result, resource version, or run status. 4. Compare the result with the source fixture and the declared invariant. 5. Repeat or recover the operation when applicable; verify access, audit evidence, and side effects.","The platform must correctly validate MCP server launch settings before connecting; the boundary values condition follows the configured contract; valid state is preserved, invalid or unauthorized work is rejected or quarantined without silent loss, retries do not duplicate side effects, lineage and audit evidence remain available, and no production records or credentials are used. Safety boundary: Use disposable synthetic repositories and mock integrations only. Never expose real credentials, modify production repositories, or publish/merge changes during a test run.",Playwright + platform UI/API,"cline,market-platform,synthetic-data,mcp_plugins,boundary-values"
Cline,MCP Servers and Plugins,CLNE-MCP_PLUG-00053,MCP Servers and Plugins: prevent an unlisted server from joining the session (boundary values),Cline: prevent an unlisted server from joining the session with boundary values,Functional,Medium,"Non-production tenant or isolated local fixture; synthetic records only; Exercise documented minimum, maximum, and just-outside limits. Safety boundary: Use disposable synthetic repositories and mock integrations only. Never expose real credentials, modify production repositories, or publish/merge changes during a test run.","1. Create a disposable, versioned synthetic fixture: Exercise documented minimum, maximum, and just-outside limits. 2. Execute the platform workflow to prevent an unlisted server from joining the session. 3. Capture the committed result, resource version, or run status. 4. Compare the result with the source fixture and the declared invariant. 5. Repeat or recover the operation when applicable; verify access, audit evidence, and side effects.","The platform must correctly prevent an unlisted server from joining the session; the boundary values condition follows the configured contract; valid state is preserved, invalid or unauthorized work is rejected or quarantined without silent loss, retries do not duplicate side effects, lineage and audit evidence remain available, and no production records or credentials are used. Safety boundary: Use disposable synthetic repositories and mock integrations only. Never expose real credentials, modify production repositories, or publish/merge changes during a test run.",Playwright + platform UI/API,"cline,market-platform,synthetic-data,mcp_plugins,boundary-values"
Cline,MCP Servers and Plugins,CLNE-MCP_PLUG-00054,MCP Servers and Plugins: register a plugin with only its declared tools (boundary values),Cline: register a plugin with only its declared tools with boundary values,Functional,High,"Non-production tenant or isolated local fixture; synthetic records only; Exercise documented minimum, maximum, and just-outside limits. Safety boundary: Use disposable synthetic repositories and mock integrations only. Never expose real credentials, modify production repositories, or publish/merge changes during a test run.","1. Create a disposable, versioned synthetic fixture: Exercise documented minimum, maximum, and just-outside limits. 2. Execute the platform workflow to register a plugin with only its declared tools. 3. Capture the committed result, resource version, or run status. 4. Compare the result with the source fixture and the declared invariant. 5. Repeat or recover the operation when applicable; verify access, audit evidence, and side effects.","The platform must correctly register a plugin with only its declared tools; the boundary values condition follows the configured contract; valid state is preserved, invalid or unauthorized work is rejected or quarantined without silent loss, retries do not duplicate side effects, lineage and audit evidence remain available, and no production records or credentials are used. Safety boundary: Use disposable synthetic repositories and mock integrations only. Never expose real credentials, modify production repositories, or publish/merge changes during a test run.",Playwright + platform UI/API,"cline,market-platform,synthetic-data,mcp_plugins,boundary-values"
Cline,MCP Servers and Plugins,CLNE-MCP_PLUG-00055,MCP Servers and Plugins: reject a plugin whose manifest has an invalid schema (boundary values),Cline: reject a plugin whose manifest has an invalid schema with boundary values,Functional,High,"Non-production tenant or isolated local fixture; synthetic records only; Exercise documented minimum, maximum, and just-outside limits. Safety boundary: Use disposable synthetic repositories and mock integrations only. Never expose real credentials, modify production repositories, or publish/merge changes during a test run.","1. Create a disposable, versioned synthetic fixture: Exercise documented minimum, maximum, and just-outside limits. 2. Execute the platform workflow to reject a plugin whose manifest has an invalid schema. 3. Capture the committed result, resource version, or run status. 4. Compare the result with the source fixture and the declared invariant. 5. Repeat or recover the operation when applicable; verify access, audit evidence, and side effects.","The platform must correctly reject a plugin whose manifest has an invalid schema; the boundary values condition follows the configured contract; valid state is preserved, invalid or unauthorized work is rejected or quarantined without silent loss, retries do not duplicate side effects, lineage and audit evidence remain available, and no production records or credentials are used. Safety boundary: Use disposable synthetic repositories and mock integrations only. Never expose real credentials, modify production repositories, or publish/merge changes during a test run.",Playwright + platform UI/API,"cline,market-platform,synthetic-data,mcp_plugins,boundary-values"
Cline,MCP Servers and Plugins,CLNE-MCP_PLUG-00056,MCP Servers and Plugins: handle a missing MCP process without hanging the task (boundary values),Cline: handle a missing MCP process without hanging the task with boundary values,Functional,High,"Non-production tenant or isolated local fixture; synthetic records only; Exercise documented minimum, maximum, and just-outside limits. Safety boundary: Use disposable synthetic repositories and mock integrations only. Never expose real credentials, modify production repositories, or publish/merge changes during a test run.","1. Create a disposable, versioned synthetic fixture: Exercise documented minimum, maximum, and just-outside limits. 2. Execute the platform workflow to handle a missing MCP process without hanging the task. 3. Capture the committed result, resource version, or run status. 4. Compare the result with the source fixture and the declared invariant. 5. Repeat or recover the operation when applicable; verify access, audit evidence, and side effects.","The platform must correctly handle a missing MCP process without hanging the task; the boundary values condition follows the configured contract; valid state is preserved, invalid or unauthorized work is rejected or quarantined without silent loss, retries do not duplicate side effects, lineage and audit evidence remain available, and no production records or credentials are used. Safety boundary: Use disposable synthetic repositories and mock integrations only. Never expose real credentials, modify production repositories, or publish/merge changes during a test run.",Playwright + platform UI/API,"cline,market-platform,synthetic-data,mcp_plugins,boundary-values"
Cline,MCP Servers and Plugins,CLNE-MCP_PLUG-00057,MCP Servers and Plugins: redact server environment secrets from diagnostics (boundary values),Cline: redact server environment secrets from diagnostics with boundary values,Functional,Medium,"Non-production tenant or isolated local fixture; synthetic records only; Exercise documented minimum, maximum, and just-outside limits. Safety boundary: Use disposable synthetic repositories and mock integrations only. Never expose real credentials, modify production repositories, or publish/merge changes during a test run.","1. Create a disposable, versioned synthetic fixture: Exercise documented minimum, maximum, and just-outside limits. 2. Execute the platform workflow to redact server environment secrets from diagnostics. 3. Capture the committed result, resource version, or run status. 4. Compare the result with the source fixture and the declared invariant. 5. Repeat or recover the operation when applicable; verify access, audit evidence, and side effects.","The platform must correctly redact server environment secrets from diagnostics; the boundary values condition follows the configured contract; valid state is preserved, invalid or unauthorized work is rejected or quarantined without silent loss, retries do not duplicate side effects, lineage and audit evidence remain available, and no production records or credentials are used. Safety boundary: Use disposable synthetic repositories and mock integrations only. Never expose real credentials, modify production repositories, or publish/merge changes during a test run.",Playwright + platform UI/API,"cline,market-platform,synthetic-data,mcp_plugins,boundary-values"
Cline,MCP Servers and Plugins,CLNE-MCP_PLUG-00058,MCP Servers and Plugins: disable a plugin and remove its tool definitions (boundary values),Cline: disable a plugin and remove its tool definitions with boundary values,Functional,High,"Non-production tenant or isolated local fixture; synthetic records only; Exercise documented minimum, maximum, and just-outside limits. Safety boundary: Use disposable synthetic repositories and mock integrations only. Never expose real credentials, modify production repositories, or publish/merge changes during a test run.","1. Create a disposable, versioned synthetic fixture: Exercise documented minimum, maximum, and just-outside limits. 2. Execute the platform workflow to disable a plugin and remove its tool definitions. 3. Capture the committed result, resource version, or run status. 4. Compare the result with the source fixture and the declared invariant. 5. Repeat or recover the operation when applicable; verify access, audit evidence, and side effects.","The platform must correctly disable a plugin and remove its tool definitions; the boundary values condition follows the configured contract; valid state is preserved, invalid or unauthorized work is rejected or quarantined without silent loss, retries do not duplicate side effects, lineage and audit evidence remain available, and no production records or credentials are used. Safety boundary: Use disposable synthetic repositories and mock integrations only. Never expose real credentials, modify production repositories, or publish/merge changes during a test run.",Playwright + platform UI/API,"cline,market-platform,synthetic-data,mcp_plugins,boundary-values"
Cline,MCP Servers and Plugins,CLNE-MCP_PLUG-00059,MCP Servers and Plugins: restrict custom tools to the authorized workspace (boundary values),Cline: restrict custom tools to the authorized workspace with boundary values,Functional,High,"Non-production tenant or isolated local fixture; synthetic records only; Exercise documented minimum, maximum, and just-outside limits. Safety boundary: Use disposable synthetic repositories and mock integrations only. Never expose real credentials, modify production repositories, or publish/merge changes during a test run.","1. Create a disposable, versioned synthetic fixture: Exercise documented minimum, maximum, and just-outside limits. 2. Execute the platform workflow to restrict custom tools to the authorized workspace. 3. Capture the committed result, resource version, or run status. 4. Compare the result with the source fixture and the declared invariant. 5. Repeat or recover the operation when applicable; verify access, audit evidence, and side effects.","The platform must correctly restrict custom tools to the authorized workspace; the boundary values condition follows the configured contract; valid state is preserved, invalid or unauthorized work is rejected or quarantined without silent loss, retries do not duplicate side effects, lineage and audit evidence remain available, and no production records or credentials are used. Safety boundary: Use disposable synthetic repositories and mock integrations only. Never expose real credentials, modify production repositories, or publish/merge changes during a test run.",Playwright + platform UI/API,"cline,market-platform,synthetic-data,mcp_plugins,boundary-values"
Cline,MCP Servers and Plugins,CLNE-MCP_PLUG-00060,MCP Servers and Plugins: audit MCP and plugin lifecycle actions (boundary values),Cline: audit MCP and plugin lifecycle actions with boundary values,Functional,High,"Non-production tenant or isolated local fixture; synthetic records only; Exercise documented minimum, maximum, and just-outside limits. Safety boundary: Use disposable synthetic repositories and mock integrations only. Never expose real credentials, modify production repositories, or publish/merge changes during a test run.","1. Create a disposable, versioned synthetic fixture: Exercise documented minimum, maximum, and just-outside limits. 2. Execute the platform workflow to audit MCP and plugin lifecycle actions. 3. Capture the committed result, resource version, or run status. 4. Compare the result with the source fixture and the declared invariant. 5. Repeat or recover the operation when applicable; verify access, audit evidence, and side effects.","The platform must correctly audit MCP and plugin lifecycle actions; the boundary values condition follows the configured contract; valid state is preserved, invalid or unauthorized work is rejected or quarantined without silent loss, retries do not duplicate side effects, lineage and audit evidence remain available, and no production records or credentials are used. Safety boundary: Use disposable synthetic repositories and mock integrations only. Never expose real credentials, modify production repositories, or publish/merge changes during a test run.",Playwright + platform UI/API,"cline,market-platform,synthetic-data,mcp_plugins,boundary-values"
Cline,MCP Servers and Plugins,CLNE-MCP_PLUG-00061,MCP Servers and Plugins: load tools from the declared mock MCP configuration (late arriving data),Cline: load tools from the declared mock MCP configuration with late arriving data,Functional,Medium,"Non-production tenant or isolated local fixture; synthetic records only; Deliver an older event after a newer watermark or processing window has advanced. Safety boundary: Use disposable synthetic repositories and mock integrations only. Never expose real credentials, modify production repositories, or publish/merge changes during a test run.","1. Create a disposable, versioned synthetic fixture: Deliver an older event after a newer watermark or processing window has advanced. 2. Execute the platform workflow to load tools from the declared mock MCP configuration. 3. Capture the committed result, resource version, or run status. 4. Compare the result with the source fixture and the declared invariant. 5. Repeat or recover the operation when applicable; verify access, audit evidence, and side effects.","The platform must correctly load tools from the declared mock MCP configuration; the late arriving data condition follows the configured contract; valid state is preserved, invalid or unauthorized work is rejected or quarantined without silent loss, retries do not duplicate side effects, lineage and audit evidence remain available, and no production records or credentials are used. Safety boundary: Use disposable synthetic repositories and mock integrations only. Never expose real credentials, modify production repositories, or publish/merge changes during a test run.",Playwright + platform UI/API,"cline,market-platform,synthetic-data,mcp_plugins,late-arriving-data"
Cline,MCP Servers and Plugins,CLNE-MCP_PLUG-00062,MCP Servers and Plugins: validate MCP server launch settings before connecting (late arriving data),Cline: validate MCP server launch settings before connecting with late arriving data,Functional,High,"Non-production tenant or isolated local fixture; synthetic records only; Deliver an older event after a newer watermark or processing window has advanced. Safety boundary: Use disposable synthetic repositories and mock integrations only. Never expose real credentials, modify production repositories, or publish/merge changes during a test run.","1. Create a disposable, versioned synthetic fixture: Deliver an older event after a newer watermark or processing window has advanced. 2. Execute the platform workflow to validate MCP server launch settings before connecting. 3. Capture the committed result, resource version, or run status. 4. Compare the result with the source fixture and the declared invariant. 5. Repeat or recover the operation when applicable; verify access, audit evidence, and side effects.","The platform must correctly validate MCP server launch settings before connecting; the late arriving data condition follows the configured contract; valid state is preserved, invalid or unauthorized work is rejected or quarantined without silent loss, retries do not duplicate side effects, lineage and audit evidence remain available, and no production records or credentials are used. Safety boundary: Use disposable synthetic repositories and mock integrations only. Never expose real credentials, modify production repositories, or publish/merge changes during a test run.",Playwright + platform UI/API,"cline,market-platform,synthetic-data,mcp_plugins,late-arriving-data"
Cline,MCP Servers and Plugins,CLNE-MCP_PLUG-00063,MCP Servers and Plugins: prevent an unlisted server from joining the session (late arriving data),Cline: prevent an unlisted server from joining the session with late arriving data,Functional,High,"Non-production tenant or isolated local fixture; synthetic records only; Deliver an older event after a newer watermark or processing window has advanced. Safety boundary: Use disposable synthetic repositories and mock integrations only. Never expose real credentials, modify production repositories, or publish/merge changes during a test run.","1. Create a disposable, versioned synthetic fixture: Deliver an older event after a newer watermark or processing window has advanced. 2. Execute the platform workflow to prevent an unlisted server from joining the session. 3. Capture the committed result, resource version, or run status. 4. Compare the result with the source fixture and the declared invariant. 5. Repeat or recover the operation when applicable; verify access, audit evidence, and side effects.","The platform must correctly prevent an unlisted server from joining the session; the late arriving data condition follows the configured contract; valid state is preserved, invalid or unauthorized work is rejected or quarantined without silent loss, retries do not duplicate side effects, lineage and audit evidence remain available, and no production records or credentials are used. Safety boundary: Use disposable synthetic repositories and mock integrations only. Never expose real credentials, modify production repositories, or publish/merge changes during a test run.",Playwright + platform UI/API,"cline,market-platform,synthetic-data,mcp_plugins,late-arriving-data"
Cline,MCP Servers and Plugins,CLNE-MCP_PLUG-00064,MCP Servers and Plugins: register a plugin with only its declared tools (late arriving data),Cline: register a plugin with only its declared tools with late arriving data,Functional,High,"Non-production tenant or isolated local fixture; synthetic records only; Deliver an older event after a newer watermark or processing window has advanced. Safety boundary: Use disposable synthetic repositories and mock integrations only. Never expose real credentials, modify production repositories, or publish/merge changes during a test run.","1. Create a disposable, versioned synthetic fixture: Deliver an older event after a newer watermark or processing window has advanced. 2. Execute the platform workflow to register a plugin with only its declared tools. 3. Capture the committed result, resource version, or run status. 4. Compare the result with the source fixture and the declared invariant. 5. Repeat or recover the operation when applicable; verify access, audit evidence, and side effects.","The platform must correctly register a plugin with only its declared tools; the late arriving data condition follows the configured contract; valid state is preserved, invalid or unauthorized work is rejected or quarantined without silent loss, retries do not duplicate side effects, lineage and audit evidence remain available, and no production records or credentials are used. Safety boundary: Use disposable synthetic repositories and mock integrations only. Never expose real credentials, modify production repositories, or publish/merge changes during a test run.",Playwright + platform UI/API,"cline,market-platform,synthetic-data,mcp_plugins,late-arriving-data"
Cline,MCP Servers and Plugins,CLNE-MCP_PLUG-00065,MCP Servers and Plugins: reject a plugin whose manifest has an invalid schema (late arriving data),Cline: reject a plugin whose manifest has an invalid schema with late arriving data,Functional,Medium,"Non-production tenant or isolated local fixture; synthetic records only; Deliver an older event after a newer watermark or processing window has advanced. Safety boundary: Use disposable synthetic repositories and mock integrations only. Never expose real credentials, modify production repositories, or publish/merge changes during a test run.","1. Create a disposable, versioned synthetic fixture: Deliver an older event after a newer watermark or processing window has advanced. 2. Execute the platform workflow to reject a plugin whose manifest has an invalid schema. 3. Capture the committed result, resource version, or run status. 4. Compare the result with the source fixture and the declared invariant. 5. Repeat or recover the operation when applicable; verify access, audit evidence, and side effects.","The platform must correctly reject a plugin whose manifest has an invalid schema; the late arriving data condition follows the configured contract; valid state is preserved, invalid or unauthorized work is rejected or quarantined without silent loss, retries do not duplicate side effects, lineage and audit evidence remain available, and no production records or credentials are used. Safety boundary: Use disposable synthetic repositories and mock integrations only. Never expose real credentials, modify production repositories, or publish/merge changes during a test run.",Playwright + platform UI/API,"cline,market-platform,synthetic-data,mcp_plugins,late-arriving-data"
Cline,MCP Servers and Plugins,CLNE-MCP_PLUG-00066,MCP Servers and Plugins: handle a missing MCP process without hanging the task (late arriving data),Cline: handle a missing MCP process without hanging the task with late arriving data,Functional,High,"Non-production tenant or isolated local fixture; synthetic records only; Deliver an older event after a newer watermark or processing window has advanced. Safety boundary: Use disposable synthetic repositories and mock integrations only. Never expose real credentials, modify production repositories, or publish/merge changes during a test run.","1. Create a disposable, versioned synthetic fixture: Deliver an older event after a newer watermark or processing window has advanced. 2. Execute the platform workflow to handle a missing MCP process without hanging the task. 3. Capture the committed result, resource version, or run status. 4. Compare the result with the source fixture and the declared invariant. 5. Repeat or recover the operation when applicable; verify access, audit evidence, and side effects.","The platform must correctly handle a missing MCP process without hanging the task; the late arriving data condition follows the configured contract; valid state is preserved, invalid or unauthorized work is rejected or quarantined without silent loss, retries do not duplicate side effects, lineage and audit evidence remain available, and no production records or credentials are used. Safety boundary: Use disposable synthetic repositories and mock integrations only. Never expose real credentials, modify production repositories, or publish/merge changes during a test run.",Playwright + platform UI/API,"cline,market-platform,synthetic-data,mcp_plugins,late-arriving-data"
Cline,MCP Servers and Plugins,CLNE-MCP_PLUG-00067,MCP Servers and Plugins: redact server environment secrets from diagnostics (late arriving data),Cline: redact server environment secrets from diagnostics with late arriving data,Functional,High,"Non-production tenant or isolated local fixture; synthetic records only; Deliver an older event after a newer watermark or processing window has advanced. Safety boundary: Use disposable synthetic repositories and mock integrations only. Never expose real credentials, modify production repositories, or publish/merge changes during a test run.","1. Create a disposable, versioned synthetic fixture: Deliver an older event after a newer watermark or processing window has advanced. 2. Execute the platform workflow to redact server environment secrets from diagnostics. 3. Capture the committed result, resource version, or run status. 4. Compare the result with the source fixture and the declared invariant. 5. Repeat or recover the operation when applicable; verify access, audit evidence, and side effects.","The platform must correctly redact server environment secrets from diagnostics; the late arriving data condition follows the configured contract; valid state is preserved, invalid or unauthorized work is rejected or quarantined without silent loss, retries do not duplicate side effects, lineage and audit evidence remain available, and no production records or credentials are used. Safety boundary: Use disposable synthetic repositories and mock integrations only. Never expose real credentials, modify production repositories, or publish/merge changes during a test run.",Playwright + platform UI/API,"cline,market-platform,synthetic-data,mcp_plugins,late-arriving-data"
Cline,MCP Servers and Plugins,CLNE-MCP_PLUG-00068,MCP Servers and Plugins: disable a plugin and remove its tool definitions (late arriving data),Cline: disable a plugin and remove its tool definitions with late arriving data,Functional,High,"Non-production tenant or isolated local fixture; synthetic records only; Deliver an older event after a newer watermark or processing window has advanced. Safety boundary: Use disposable synthetic repositories and mock integrations only. Never expose real credentials, modify production repositories, or publish/merge changes during a test run.","1. Create a disposable, versioned synthetic fixture: Deliver an older event after a newer watermark or processing window has advanced. 2. Execute the platform workflow to disable a plugin and remove its tool definitions. 3. Capture the committed result, resource version, or run status. 4. Compare the result with the source fixture and the declared invariant. 5. Repeat or recover the operation when applicable; verify access, audit evidence, and side effects.","The platform must correctly disable a plugin and remove its tool definitions; the late arriving data condition follows the configured contract; valid state is preserved, invalid or unauthorized work is rejected or quarantined without silent loss, retries do not duplicate side effects, lineage and audit evidence remain available, and no production records or credentials are used. Safety boundary: Use disposable synthetic repositories and mock integrations only. Never expose real credentials, modify production repositories, or publish/merge changes during a test run.",Playwright + platform UI/API,"cline,market-platform,synthetic-data,mcp_plugins,late-arriving-data"
Cline,MCP Servers and Plugins,CLNE-MCP_PLUG-00069,MCP Servers and Plugins: restrict custom tools to the authorized workspace (late arriving data),Cline: restrict custom tools to the authorized workspace with late arriving data,Functional,Medium,"Non-production tenant or isolated local fixture; synthetic records only; Deliver an older event after a newer watermark or processing window has advanced. Safety boundary: Use disposable synthetic repositories and mock integrations only. Never expose real credentials, modify production repositories, or publish/merge changes during a test run.","1. Create a disposable, versioned synthetic fixture: Deliver an older event after a newer watermark or processing window has advanced. 2. Execute the platform workflow to restrict custom tools to the authorized workspace. 3. Capture the committed result, resource version, or run status. 4. Compare the result with the source fixture and the declared invariant. 5. Repeat or recover the operation when applicable; verify access, audit evidence, and side effects.","The platform must correctly restrict custom tools to the authorized workspace; the late arriving data condition follows the configured contract; valid state is preserved, invalid or unauthorized work is rejected or quarantined without silent loss, retries do not duplicate side effects, lineage and audit evidence remain available, and no production records or credentials are used. Safety boundary: Use disposable synthetic repositories and mock integrations only. Never expose real credentials, modify production repositories, or publish/merge changes during a test run.",Playwright + platform UI/API,"cline,market-platform,synthetic-data,mcp_plugins,late-arriving-data"
Cline,MCP Servers and Plugins,CLNE-MCP_PLUG-00070,MCP Servers and Plugins: audit MCP and plugin lifecycle actions (late arriving data),Cline: audit MCP and plugin lifecycle actions with late arriving data,Functional,High,"Non-production tenant or isolated local fixture; synthetic records only; Deliver an older event after a newer watermark or processing window has advanced. Safety boundary: Use disposable synthetic repositories and mock integrations only. Never expose real credentials, modify production repositories, or publish/merge changes during a test run.","1. Create a disposable, versioned synthetic fixture: Deliver an older event after a newer watermark or processing window has advanced. 2. Execute the platform workflow to audit MCP and plugin lifecycle actions. 3. Capture the committed result, resource version, or run status. 4. Compare the result with the source fixture and the declared invariant. 5. Repeat or recover the operation when applicable; verify access, audit evidence, and side effects.","The platform must correctly audit MCP and plugin lifecycle actions; the late arriving data condition follows the configured contract; valid state is preserved, invalid or unauthorized work is rejected or quarantined without silent loss, retries do not duplicate side effects, lineage and audit evidence remain available, and no production records or credentials are used. Safety boundary: Use disposable synthetic repositories and mock integrations only. Never expose real credentials, modify production repositories, or publish/merge changes during a test run.",Playwright + platform UI/API,"cline,market-platform,synthetic-data,mcp_plugins,late-arriving-data"
Cline,MCP Servers and Plugins,CLNE-MCP_PLUG-00071,MCP Servers and Plugins: load tools from the declared mock MCP configuration (out-of-order events),Cline: load tools from the declared mock MCP configuration with out-of-order events,Functional,High,"Non-production tenant or isolated local fixture; synthetic records only; Shuffle event or commit order while preserving source event-time values. Safety boundary: Use disposable synthetic repositories and mock integrations only. Never expose real credentials, modify production repositories, or publish/merge changes during a test run.","1. Create a disposable, versioned synthetic fixture: Shuffle event or commit order while preserving source event-time values. 2. Execute the platform workflow to load tools from the declared mock MCP configuration. 3. Capture the committed result, resource version, or run status. 4. Compare the result with the source fixture and the declared invariant. 5. Repeat or recover the operation when applicable; verify access, audit evidence, and side effects.","The platform must correctly load tools from the declared mock MCP configuration; the out-of-order events condition follows the configured contract; valid state is preserved, invalid or unauthorized work is rejected or quarantined without silent loss, retries do not duplicate side effects, lineage and audit evidence remain available, and no production records or credentials are used. Safety boundary: Use disposable synthetic repositories and mock integrations only. Never expose real credentials, modify production repositories, or publish/merge changes during a test run.",Playwright + platform UI/API,"cline,market-platform,synthetic-data,mcp_plugins,out-of-order-events"
Cline,MCP Servers and Plugins,CLNE-MCP_PLUG-00072,MCP Servers and Plugins: validate MCP server launch settings before connecting (out-of-order events),Cline: validate MCP server launch settings before connecting with out-of-order events,Functional,High,"Non-production tenant or isolated local fixture; synthetic records only; Shuffle event or commit order while preserving source event-time values. Safety boundary: Use disposable synthetic repositories and mock integrations only. Never expose real credentials, modify production repositories, or publish/merge changes during a test run.","1. Create a disposable, versioned synthetic fixture: Shuffle event or commit order while preserving source event-time values. 2. Execute the platform workflow to validate MCP server launch settings before connecting. 3. Capture the committed result, resource version, or run status. 4. Compare the result with the source fixture and the declared invariant. 5. Repeat or recover the operation when applicable; verify access, audit evidence, and side effects.","The platform must correctly validate MCP server launch settings before connecting; the out-of-order events condition follows the configured contract; valid state is preserved, invalid or unauthorized work is rejected or quarantined without silent loss, retries do not duplicate side effects, lineage and audit evidence remain available, and no production records or credentials are used. Safety boundary: Use disposable synthetic repositories and mock integrations only. Never expose real credentials, modify production repositories, or publish/merge changes during a test run.",Playwright + platform UI/API,"cline,market-platform,synthetic-data,mcp_plugins,out-of-order-events"
Cline,MCP Servers and Plugins,CLNE-MCP_PLUG-00073,MCP Servers and Plugins: prevent an unlisted server from joining the session (out-of-order events),Cline: prevent an unlisted server from joining the session with out-of-order events,Functional,Medium,"Non-production tenant or isolated local fixture; synthetic records only; Shuffle event or commit order while preserving source event-time values. Safety boundary: Use disposable synthetic repositories and mock integrations only. Never expose real credentials, modify production repositories, or publish/merge changes during a test run.","1. Create a disposable, versioned synthetic fixture: Shuffle event or commit order while preserving source event-time values. 2. Execute the platform workflow to prevent an unlisted server from joining the session. 3. Capture the committed result, resource version, or run status. 4. Compare the result with the source fixture and the declared invariant. 5. Repeat or recover the operation when applicable; verify access, audit evidence, and side effects.","The platform must correctly prevent an unlisted server from joining the session; the out-of-order events condition follows the configured contract; valid state is preserved, invalid or unauthorized work is rejected or quarantined without silent loss, retries do not duplicate side effects, lineage and audit evidence remain available, and no production records or credentials are used. Safety boundary: Use disposable synthetic repositories and mock integrations only. Never expose real credentials, modify production repositories, or publish/merge changes during a test run.",Playwright + platform UI/API,"cline,market-platform,synthetic-data,mcp_plugins,out-of-order-events"
Cline,MCP Servers and Plugins,CLNE-MCP_PLUG-00074,MCP Servers and Plugins: register a plugin with only its declared tools (out-of-order events),Cline: register a plugin with only its declared tools with out-of-order events,Functional,High,"Non-production tenant or isolated local fixture; synthetic records only; Shuffle event or commit order while preserving source event-time values. Safety boundary: Use disposable synthetic repositories and mock integrations only. Never expose real credentials, modify production repositories, or publish/merge changes during a test run.","1. Create a disposable, versioned synthetic fixture: Shuffle event or commit order while preserving source event-time values. 2. Execute the platform workflow to register a plugin with only its declared tools. 3. Capture the committed result, resource version, or run status. 4. Compare the result with the source fixture and the declared invariant. 5. Repeat or recover the operation when applicable; verify access, audit evidence, and side effects.","The platform must correctly register a plugin with only its declared tools; the out-of-order events condition follows the configured contract; valid state is preserved, invalid or unauthorized work is rejected or quarantined without silent loss, retries do not duplicate side effects, lineage and audit evidence remain available, and no production records or credentials are used. Safety boundary: Use disposable synthetic repositories and mock integrations only. Never expose real credentials, modify production repositories, or publish/merge changes during a test run.",Playwright + platform UI/API,"cline,market-platform,synthetic-data,mcp_plugins,out-of-order-events"
Cline,MCP Servers and Plugins,CLNE-MCP_PLUG-00075,MCP Servers and Plugins: reject a plugin whose manifest has an invalid schema (out-of-order events),Cline: reject a plugin whose manifest has an invalid schema with out-of-order events,Functional,High,"Non-production tenant or isolated local fixture; synthetic records only; Shuffle event or commit order while preserving source event-time values. Safety boundary: Use disposable synthetic repositories and mock integrations only. Never expose real credentials, modify production repositories, or publish/merge changes during a test run.","1. Create a disposable, versioned synthetic fixture: Shuffle event or commit order while preserving source event-time values. 2. Execute the platform workflow to reject a plugin whose manifest has an invalid schema. 3. Capture the committed result, resource version, or run status. 4. Compare the result with the source fixture and the declared invariant. 5. Repeat or recover the operation when applicable; verify access, audit evidence, and side effects.","The platform must correctly reject a plugin whose manifest has an invalid schema; the out-of-order events condition follows the configured contract; valid state is preserved, invalid or unauthorized work is rejected or quarantined without silent loss, retries do not duplicate side effects, lineage and audit evidence remain available, and no production records or credentials are used. Safety boundary: Use disposable synthetic repositories and mock integrations only. Never expose real credentials, modify production repositories, or publish/merge changes during a test run.",Playwright + platform UI/API,"cline,market-platform,synthetic-data,mcp_plugins,out-of-order-events"
Cline,MCP Servers and Plugins,CLNE-MCP_PLUG-00076,MCP Servers and Plugins: handle a missing MCP process without hanging the task (out-of-order events),Cline: handle a missing MCP process without hanging the task with out-of-order events,Functional,High,"Non-production tenant or isolated local fixture; synthetic records only; Shuffle event or commit order while preserving source event-time values. Safety boundary: Use disposable synthetic repositories and mock integrations only. Never expose real credentials, modify production repositories, or publish/merge changes during a test run.","1. Create a disposable, versioned synthetic fixture: Shuffle event or commit order while preserving source event-time values. 2. Execute the platform workflow to handle a missing MCP process without hanging the task. 3. Capture the committed result, resource version, or run status. 4. Compare the result with the source fixture and the declared invariant. 5. Repeat or recover the operation when applicable; verify access, audit evidence, and side effects.","The platform must correctly handle a missing MCP process without hanging the task; the out-of-order events condition follows the configured contract; valid state is preserved, invalid or unauthorized work is rejected or quarantined without silent loss, retries do not duplicate side effects, lineage and audit evidence remain available, and no production records or credentials are used. Safety boundary: Use disposable synthetic repositories and mock integrations only. Never expose real credentials, modify production repositories, or publish/merge changes during a test run.",Playwright + platform UI/API,"cline,market-platform,synthetic-data,mcp_plugins,out-of-order-events"
Cline,MCP Servers and Plugins,CLNE-MCP_PLUG-00077,MCP Servers and Plugins: redact server environment secrets from diagnostics (out-of-order events),Cline: redact server environment secrets from diagnostics with out-of-order events,Functional,Medium,"Non-production tenant or isolated local fixture; synthetic records only; Shuffle event or commit order while preserving source event-time values. Safety boundary: Use disposable synthetic repositories and mock integrations only. Never expose real credentials, modify production repositories, or publish/merge changes during a test run.","1. Create a disposable, versioned synthetic fixture: Shuffle event or commit order while preserving source event-time values. 2. Execute the platform workflow to redact server environment secrets from diagnostics. 3. Capture the committed result, resource version, or run status. 4. Compare the result with the source fixture and the declared invariant. 5. Repeat or recover the operation when applicable; verify access, audit evidence, and side effects.","The platform must correctly redact server environment secrets from diagnostics; the out-of-order events condition follows the configured contract; valid state is preserved, invalid or unauthorized work is rejected or quarantined without silent loss, retries do not duplicate side effects, lineage and audit evidence remain available, and no production records or credentials are used. Safety boundary: Use disposable synthetic repositories and mock integrations only. Never expose real credentials, modify production repositories, or publish/merge changes during a test run.",Playwright + platform UI/API,"cline,market-platform,synthetic-data,mcp_plugins,out-of-order-events"
Cline,MCP Servers and Plugins,CLNE-MCP_PLUG-00078,MCP Servers and Plugins: disable a plugin and remove its tool definitions (out-of-order events),Cline: disable a plugin and remove its tool definitions with out-of-order events,Functional,High,"Non-production tenant or isolated local fixture; synthetic records only; Shuffle event or commit order while preserving source event-time values. Safety boundary: Use disposable synthetic repositories and mock integrations only. Never expose real credentials, modify production repositories, or publish/merge changes during a test run.","1. Create a disposable, versioned synthetic fixture: Shuffle event or commit order while preserving source event-time values. 2. Execute the platform workflow to disable a plugin and remove its tool definitions. 3. Capture the committed result, resource version, or run status. 4. Compare the result with the source fixture and the declared invariant. 5. Repeat or recover the operation when applicable; verify access, audit evidence, and side effects.","The platform must correctly disable a plugin and remove its tool definitions; the out-of-order events condition follows the configured contract; valid state is preserved, invalid or unauthorized work is rejected or quarantined without silent loss, retries do not duplicate side effects, lineage and audit evidence remain available, and no production records or credentials are used. Safety boundary: Use disposable synthetic repositories and mock integrations only. Never expose real credentials, modify production repositories, or publish/merge changes during a test run.",Playwright + platform UI/API,"cline,market-platform,synthetic-data,mcp_plugins,out-of-order-events"
Cline,MCP Servers and Plugins,CLNE-MCP_PLUG-00079,MCP Servers and Plugins: restrict custom tools to the authorized workspace (out-of-order events),Cline: restrict custom tools to the authorized workspace with out-of-order events,Functional,High,"Non-production tenant or isolated local fixture; synthetic records only; Shuffle event or commit order while preserving source event-time values. Safety boundary: Use disposable synthetic repositories and mock integrations only. Never expose real credentials, modify production repositories, or publish/merge changes during a test run.","1. Create a disposable, versioned synthetic fixture: Shuffle event or commit order while preserving source event-time values. 2. Execute the platform workflow to restrict custom tools to the authorized workspace. 3. Capture the committed result, resource version, or run status. 4. Compare the result with the source fixture and the declared invariant. 5. Repeat or recover the operation when applicable; verify access, audit evidence, and side effects.","The platform must correctly restrict custom tools to the authorized workspace; the out-of-order events condition follows the configured contract; valid state is preserved, invalid or unauthorized work is rejected or quarantined without silent loss, retries do not duplicate side effects, lineage and audit evidence remain available, and no production records or credentials are used. Safety boundary: Use disposable synthetic repositories and mock integrations only. Never expose real credentials, modify production repositories, or publish/merge changes during a test run.",Playwright + platform UI/API,"cline,market-platform,synthetic-data,mcp_plugins,out-of-order-events"
Cline,MCP Servers and Plugins,CLNE-MCP_PLUG-00080,MCP Servers and Plugins: audit MCP and plugin lifecycle actions (out-of-order events),Cline: audit MCP and plugin lifecycle actions with out-of-order events,Functional,High,"Non-production tenant or isolated local fixture; synthetic records only; Shuffle event or commit order while preserving source event-time values. Safety boundary: Use disposable synthetic repositories and mock integrations only. Never expose real credentials, modify production repositories, or publish/merge changes during a test run.","1. Create a disposable, versioned synthetic fixture: Shuffle event or commit order while preserving source event-time values. 2. Execute the platform workflow to audit MCP and plugin lifecycle actions. 3. Capture the committed result, resource version, or run status. 4. Compare the result with the source fixture and the declared invariant. 5. Repeat or recover the operation when applicable; verify access, audit evidence, and side effects.","The platform must correctly audit MCP and plugin lifecycle actions; the out-of-order events condition follows the configured contract; valid state is preserved, invalid or unauthorized work is rejected or quarantined without silent loss, retries do not duplicate side effects, lineage and audit evidence remain available, and no production records or credentials are used. Safety boundary: Use disposable synthetic repositories and mock integrations only. Never expose real credentials, modify production repositories, or publish/merge changes during a test run.",Playwright + platform UI/API,"cline,market-platform,synthetic-data,mcp_plugins,out-of-order-events"
Cline,MCP Servers and Plugins,CLNE-MCP_PLUG-00081,MCP Servers and Plugins: load tools from the declared mock MCP configuration (compatible schema change),Cline: load tools from the declared mock MCP configuration with compatible schema change,Functional,Medium,"Non-production tenant or isolated local fixture; synthetic records only; Add a nullable field while existing readers and stored versions remain active. Safety boundary: Use disposable synthetic repositories and mock integrations only. Never expose real credentials, modify production repositories, or publish/merge changes during a test run.","1. Create a disposable, versioned synthetic fixture: Add a nullable field while existing readers and stored versions remain active. 2. Execute the platform workflow to load tools from the declared mock MCP configuration. 3. Capture the committed result, resource version, or run status. 4. Compare the result with the source fixture and the declared invariant. 5. Repeat or recover the operation when applicable; verify access, audit evidence, and side effects.","The platform must correctly load tools from the declared mock MCP configuration; the compatible schema change condition follows the configured contract; valid state is preserved, invalid or unauthorized work is rejected or quarantined without silent loss, retries do not duplicate side effects, lineage and audit evidence remain available, and no production records or credentials are used. Safety boundary: Use disposable synthetic repositories and mock integrations only. Never expose real credentials, modify production repositories, or publish/merge changes during a test run.",Playwright + platform UI/API,"cline,market-platform,synthetic-data,mcp_plugins,compatible-schema-change"
Cline,MCP Servers and Plugins,CLNE-MCP_PLUG-00082,MCP Servers and Plugins: validate MCP server launch settings before connecting (compatible schema change),Cline: validate MCP server launch settings before connecting with compatible schema change,Functional,High,"Non-production tenant or isolated local fixture; synthetic records only; Add a nullable field while existing readers and stored versions remain active. Safety boundary: Use disposable synthetic repositories and mock integrations only. Never expose real credentials, modify production repositories, or publish/merge changes during a test run.","1. Create a disposable, versioned synthetic fixture: Add a nullable field while existing readers and stored versions remain active. 2. Execute the platform workflow to validate MCP server launch settings before connecting. 3. Capture the committed result, resource version, or run status. 4. Compare the result with the source fixture and the declared invariant. 5. Repeat or recover the operation when applicable; verify access, audit evidence, and side effects.","The platform must correctly validate MCP server launch settings before connecting; the compatible schema change condition follows the configured contract; valid state is preserved, invalid or unauthorized work is rejected or quarantined without silent loss, retries do not duplicate side effects, lineage and audit evidence remain available, and no production records or credentials are used. Safety boundary: Use disposable synthetic repositories and mock integrations only. Never expose real credentials, modify production repositories, or publish/merge changes during a test run.",Playwright + platform UI/API,"cline,market-platform,synthetic-data,mcp_plugins,compatible-schema-change"
Cline,MCP Servers and Plugins,CLNE-MCP_PLUG-00083,MCP Servers and Plugins: prevent an unlisted server from joining the session (compatible schema change),Cline: prevent an unlisted server from joining the session with compatible schema change,Functional,High,"Non-production tenant or isolated local fixture; synthetic records only; Add a nullable field while existing readers and stored versions remain active. Safety boundary: Use disposable synthetic repositories and mock integrations only. Never expose real credentials, modify production repositories, or publish/merge changes during a test run.","1. Create a disposable, versioned synthetic fixture: Add a nullable field while existing readers and stored versions remain active. 2. Execute the platform workflow to prevent an unlisted server from joining the session. 3. Capture the committed result, resource version, or run status. 4. Compare the result with the source fixture and the declared invariant. 5. Repeat or recover the operation when applicable; verify access, audit evidence, and side effects.","The platform must correctly prevent an unlisted server from joining the session; the compatible schema change condition follows the configured contract; valid state is preserved, invalid or unauthorized work is rejected or quarantined without silent loss, retries do not duplicate side effects, lineage and audit evidence remain available, and no production records or credentials are used. Safety boundary: Use disposable synthetic repositories and mock integrations only. Never expose real credentials, modify production repositories, or publish/merge changes during a test run.",Playwright + platform UI/API,"cline,market-platform,synthetic-data,mcp_plugins,compatible-schema-change"
Cline,MCP Servers and Plugins,CLNE-MCP_PLUG-00084,MCP Servers and Plugins: register a plugin with only its declared tools (compatible schema change),Cline: register a plugin with only its declared tools with compatible schema change,Functional,High,"Non-production tenant or isolated local fixture; synthetic records only; Add a nullable field while existing readers and stored versions remain active. Safety boundary: Use disposable synthetic repositories and mock integrations only. Never expose real credentials, modify production repositories, or publish/merge changes during a test run.","1. Create a disposable, versioned synthetic fixture: Add a nullable field while existing readers and stored versions remain active. 2. Execute the platform workflow to register a plugin with only its declared tools. 3. Capture the committed result, resource version, or run status. 4. Compare the result with the source fixture and the declared invariant. 5. Repeat or recover the operation when applicable; verify access, audit evidence, and side effects.","The platform must correctly register a plugin with only its declared tools; the compatible schema change condition follows the configured contract; valid state is preserved, invalid or unauthorized work is rejected or quarantined without silent loss, retries do not duplicate side effects, lineage and audit evidence remain available, and no production records or credentials are used. Safety boundary: Use disposable synthetic repositories and mock integrations only. Never expose real credentials, modify production repositories, or publish/merge changes during a test run.",Playwright + platform UI/API,"cline,market-platform,synthetic-data,mcp_plugins,compatible-schema-change"
Cline,MCP Servers and Plugins,CLNE-MCP_PLUG-00085,MCP Servers and Plugins: reject a plugin whose manifest has an invalid schema (compatible schema change),Cline: reject a plugin whose manifest has an invalid schema with compatible schema change,Functional,Medium,"Non-production tenant or isolated local fixture; synthetic records only; Add a nullable field while existing readers and stored versions remain active. Safety boundary: Use disposable synthetic repositories and mock integrations only. Never expose real credentials, modify production repositories, or publish/merge changes during a test run.","1. Create a disposable, versioned synthetic fixture: Add a nullable field while existing readers and stored versions remain active. 2. Execute the platform workflow to reject a plugin whose manifest has an invalid schema. 3. Capture the committed result, resource version, or run status. 4. Compare the result with the source fixture and the declared invariant. 5. Repeat or recover the operation when applicable; verify access, audit evidence, and side effects.","The platform must correctly reject a plugin whose manifest has an invalid schema; the compatible schema change condition follows the configured contract; valid state is preserved, invalid or unauthorized work is rejected or quarantined without silent loss, retries do not duplicate side effects, lineage and audit evidence remain available, and no production records or credentials are used. Safety boundary: Use disposable synthetic repositories and mock integrations only. Never expose real credentials, modify production repositories, or publish/merge changes during a test run.",Playwright + platform UI/API,"cline,market-platform,synthetic-data,mcp_plugins,compatible-schema-change"
Cline,MCP Servers and Plugins,CLNE-MCP_PLUG-00086,MCP Servers and Plugins: handle a missing MCP process without hanging the task (compatible schema change),Cline: handle a missing MCP process without hanging the task with compatible schema change,Functional,High,"Non-production tenant or isolated local fixture; synthetic records only; Add a nullable field while existing readers and stored versions remain active. Safety boundary: Use disposable synthetic repositories and mock integrations only. Never expose real credentials, modify production repositories, or publish/merge changes during a test run.","1. Create a disposable, versioned synthetic fixture: Add a nullable field while existing readers and stored versions remain active. 2. Execute the platform workflow to handle a missing MCP process without hanging the task. 3. Capture the committed result, resource version, or run status. 4. Compare the result with the source fixture and the declared invariant. 5. Repeat or recover the operation when applicable; verify access, audit evidence, and side effects.","The platform must correctly handle a missing MCP process without hanging the task; the compatible schema change condition follows the configured contract; valid state is preserved, invalid or unauthorized work is rejected or quarantined without silent loss, retries do not duplicate side effects, lineage and audit evidence remain available, and no production records or credentials are used. Safety boundary: Use disposable synthetic repositories and mock integrations only. Never expose real credentials, modify production repositories, or publish/merge changes during a test run.",Playwright + platform UI/API,"cline,market-platform,synthetic-data,mcp_plugins,compatible-schema-change"
Cline,MCP Servers and Plugins,CLNE-MCP_PLUG-00087,MCP Servers and Plugins: redact server environment secrets from diagnostics (compatible schema change),Cline: redact server environment secrets from diagnostics with compatible schema change,Functional,High,"Non-production tenant or isolated local fixture; synthetic records only; Add a nullable field while existing readers and stored versions remain active. Safety boundary: Use disposable synthetic repositories and mock integrations only. Never expose real credentials, modify production repositories, or publish/merge changes during a test run.","1. Create a disposable, versioned synthetic fixture: Add a nullable field while existing readers and stored versions remain active. 2. Execute the platform workflow to redact server environment secrets from diagnostics. 3. Capture the committed result, resource version, or run status. 4. Compare the result with the source fixture and the declared invariant. 5. Repeat or recover the operation when applicable; verify access, audit evidence, and side effects.","The platform must correctly redact server environment secrets from diagnostics; the compatible schema change condition follows the configured contract; valid state is preserved, invalid or unauthorized work is rejected or quarantined without silent loss, retries do not duplicate side effects, lineage and audit evidence remain available, and no production records or credentials are used. Safety boundary: Use disposable synthetic repositories and mock integrations only. Never expose real credentials, modify production repositories, or publish/merge changes during a test run.",Playwright + platform UI/API,"cline,market-platform,synthetic-data,mcp_plugins,compatible-schema-change"
Cline,MCP Servers and Plugins,CLNE-MCP_PLUG-00088,MCP Servers and Plugins: disable a plugin and remove its tool definitions (compatible schema change),Cline: disable a plugin and remove its tool definitions with compatible schema change,Functional,High,"Non-production tenant or isolated local fixture; synthetic records only; Add a nullable field while existing readers and stored versions remain active. Safety boundary: Use disposable synthetic repositories and mock integrations only. Never expose real credentials, modify production repositories, or publish/merge changes during a test run.","1. Create a disposable, versioned synthetic fixture: Add a nullable field while existing readers and stored versions remain active. 2. Execute the platform workflow to disable a plugin and remove its tool definitions. 3. Capture the committed result, resource version, or run status. 4. Compare the result with the source fixture and the declared invariant. 5. Repeat or recover the operation when applicable; verify access, audit evidence, and side effects.","The platform must correctly disable a plugin and remove its tool definitions; the compatible schema change condition follows the configured contract; valid state is preserved, invalid or unauthorized work is rejected or quarantined without silent loss, retries do not duplicate side effects, lineage and audit evidence remain available, and no production records or credentials are used. Safety boundary: Use disposable synthetic repositories and mock integrations only. Never expose real credentials, modify production repositories, or publish/merge changes during a test run.",Playwright + platform UI/API,"cline,market-platform,synthetic-data,mcp_plugins,compatible-schema-change"
Cline,MCP Servers and Plugins,CLNE-MCP_PLUG-00089,MCP Servers and Plugins: restrict custom tools to the authorized workspace (compatible schema change),Cline: restrict custom tools to the authorized workspace with compatible schema change,Functional,Medium,"Non-production tenant or isolated local fixture; synthetic records only; Add a nullable field while existing readers and stored versions remain active. Safety boundary: Use disposable synthetic repositories and mock integrations only. Never expose real credentials, modify production repositories, or publish/merge changes during a test run.","1. Create a disposable, versioned synthetic fixture: Add a nullable field while existing readers and stored versions remain active. 2. Execute the platform workflow to restrict custom tools to the authorized workspace. 3. Capture the committed result, resource version, or run status. 4. Compare the result with the source fixture and the declared invariant. 5. Repeat or recover the operation when applicable; verify access, audit evidence, and side effects.","The platform must correctly restrict custom tools to the authorized workspace; the compatible schema change condition follows the configured contract; valid state is preserved, invalid or unauthorized work is rejected or quarantined without silent loss, retries do not duplicate side effects, lineage and audit evidence remain available, and no production records or credentials are used. Safety boundary: Use disposable synthetic repositories and mock integrations only. Never expose real credentials, modify production repositories, or publish/merge changes during a test run.",Playwright + platform UI/API,"cline,market-platform,synthetic-data,mcp_plugins,compatible-schema-change"
Cline,MCP Servers and Plugins,CLNE-MCP_PLUG-00090,MCP Servers and Plugins: audit MCP and plugin lifecycle actions (compatible schema change),Cline: audit MCP and plugin lifecycle actions with compatible schema change,Functional,High,"Non-production tenant or isolated local fixture; synthetic records only; Add a nullable field while existing readers and stored versions remain active. Safety boundary: Use disposable synthetic repositories and mock integrations only. Never expose real credentials, modify production repositories, or publish/merge changes during a test run.","1. Create a disposable, versioned synthetic fixture: Add a nullable field while existing readers and stored versions remain active. 2. Execute the platform workflow to audit MCP and plugin lifecycle actions. 3. Capture the committed result, resource version, or run status. 4. Compare the result with the source fixture and the declared invariant. 5. Repeat or recover the operation when applicable; verify access, audit evidence, and side effects.","The platform must correctly audit MCP and plugin lifecycle actions; the compatible schema change condition follows the configured contract; valid state is preserved, invalid or unauthorized work is rejected or quarantined without silent loss, retries do not duplicate side effects, lineage and audit evidence remain available, and no production records or credentials are used. Safety boundary: Use disposable synthetic repositories and mock integrations only. Never expose real credentials, modify production repositories, or publish/merge changes during a test run.",Playwright + platform UI/API,"cline,market-platform,synthetic-data,mcp_plugins,compatible-schema-change"
Cline,MCP Servers and Plugins,CLNE-MCP_PLUG-00091,MCP Servers and Plugins: load tools from the declared mock MCP configuration (field rename),Cline: load tools from the declared mock MCP configuration with field rename,Functional,High,"Non-production tenant or isolated local fixture; synthetic records only; Rename a field using the supported migration path and inspect historical reads. Safety boundary: Use disposable synthetic repositories and mock integrations only. Never expose real credentials, modify production repositories, or publish/merge changes during a test run.","1. Create a disposable, versioned synthetic fixture: Rename a field using the supported migration path and inspect historical reads. 2. Execute the platform workflow to load tools from the declared mock MCP configuration. 3. Capture the committed result, resource version, or run status. 4. Compare the result with the source fixture and the declared invariant. 5. Repeat or recover the operation when applicable; verify access, audit evidence, and side effects.","The platform must correctly load tools from the declared mock MCP configuration; the field rename condition follows the configured contract; valid state is preserved, invalid or unauthorized work is rejected or quarantined without silent loss, retries do not duplicate side effects, lineage and audit evidence remain available, and no production records or credentials are used. Safety boundary: Use disposable synthetic repositories and mock integrations only. Never expose real credentials, modify production repositories, or publish/merge changes during a test run.",Playwright + platform UI/API,"cline,market-platform,synthetic-data,mcp_plugins,field-rename"
Cline,MCP Servers and Plugins,CLNE-MCP_PLUG-00092,MCP Servers and Plugins: validate MCP server launch settings before connecting (field rename),Cline: validate MCP server launch settings before connecting with field rename,Functional,High,"Non-production tenant or isolated local fixture; synthetic records only; Rename a field using the supported migration path and inspect historical reads. Safety boundary: Use disposable synthetic repositories and mock integrations only. Never expose real credentials, modify production repositories, or publish/merge changes during a test run.","1. Create a disposable, versioned synthetic fixture: Rename a field using the supported migration path and inspect historical reads. 2. Execute the platform workflow to validate MCP server launch settings before connecting. 3. Capture the committed result, resource version, or run status. 4. Compare the result with the source fixture and the declared invariant. 5. Repeat or recover the operation when applicable; verify access, audit evidence, and side effects.","The platform must correctly validate MCP server launch settings before connecting; the field rename condition follows the configured contract; valid state is preserved, invalid or unauthorized work is rejected or quarantined without silent loss, retries do not duplicate side effects, lineage and audit evidence remain available, and no production records or credentials are used. Safety boundary: Use disposable synthetic repositories and mock integrations only. Never expose real credentials, modify production repositories, or publish/merge changes during a test run.",Playwright + platform UI/API,"cline,market-platform,synthetic-data,mcp_plugins,field-rename"
Cline,MCP Servers and Plugins,CLNE-MCP_PLUG-00093,MCP Servers and Plugins: prevent an unlisted server from joining the session (field rename),Cline: prevent an unlisted server from joining the session with field rename,Functional,Medium,"Non-production tenant or isolated local fixture; synthetic records only; Rename a field using the supported migration path and inspect historical reads. Safety boundary: Use disposable synthetic repositories and mock integrations only. Never expose real credentials, modify production repositories, or publish/merge changes during a test run.","1. Create a disposable, versioned synthetic fixture: Rename a field using the supported migration path and inspect historical reads. 2. Execute the platform workflow to prevent an unlisted server from joining the session. 3. Capture the committed result, resource version, or run status. 4. Compare the result with the source fixture and the declared invariant. 5. Repeat or recover the operation when applicable; verify access, audit evidence, and side effects.","The platform must correctly prevent an unlisted server from joining the session; the field rename condition follows the configured contract; valid state is preserved, invalid or unauthorized work is rejected or quarantined without silent loss, retries do not duplicate side effects, lineage and audit evidence remain available, and no production records or credentials are used. Safety boundary: Use disposable synthetic repositories and mock integrations only. Never expose real credentials, modify production repositories, or publish/merge changes during a test run.",Playwright + platform UI/API,"cline,market-platform,synthetic-data,mcp_plugins,field-rename"
Cline,MCP Servers and Plugins,CLNE-MCP_PLUG-00094,MCP Servers and Plugins: register a plugin with only its declared tools (field rename),Cline: register a plugin with only its declared tools with field rename,Functional,High,"Non-production tenant or isolated local fixture; synthetic records only; Rename a field using the supported migration path and inspect historical reads. Safety boundary: Use disposable synthetic repositories and mock integrations only. Never expose real credentials, modify production repositories, or publish/merge changes during a test run.","1. Create a disposable, versioned synthetic fixture: Rename a field using the supported migration path and inspect historical reads. 2. Execute the platform workflow to register a plugin with only its declared tools. 3. Capture the committed result, resource version, or run status. 4. Compare the result with the source fixture and the declared invariant. 5. Repeat or recover the operation when applicable; verify access, audit evidence, and side effects.","The platform must correctly register a plugin with only its declared tools; the field rename condition follows the configured contract; valid state is preserved, invalid or unauthorized work is rejected or quarantined without silent loss, retries do not duplicate side effects, lineage and audit evidence remain available, and no production records or credentials are used. Safety boundary: Use disposable synthetic repositories and mock integrations only. Never expose real credentials, modify production repositories, or publish/merge changes during a test run.",Playwright + platform UI/API,"cline,market-platform,synthetic-data,mcp_plugins,field-rename"
Cline,MCP Servers and Plugins,CLNE-MCP_PLUG-00095,MCP Servers and Plugins: reject a plugin whose manifest has an invalid schema (field rename),Cline: reject a plugin whose manifest has an invalid schema with field rename,Functional,High,"Non-production tenant or isolated local fixture; synthetic records only; Rename a field using the supported migration path and inspect historical reads. Safety boundary: Use disposable synthetic repositories and mock integrations only. Never expose real credentials, modify production repositories, or publish/merge changes during a test run.","1. Create a disposable, versioned synthetic fixture: Rename a field using the supported migration path and inspect historical reads. 2. Execute the platform workflow to reject a plugin whose manifest has an invalid schema. 3. Capture the committed result, resource version, or run status. 4. Compare the result with the source fixture and the declared invariant. 5. Repeat or recover the operation when applicable; verify access, audit evidence, and side effects.","The platform must correctly reject a plugin whose manifest has an invalid schema; the field rename condition follows the configured contract; valid state is preserved, invalid or unauthorized work is rejected or quarantined without silent loss, retries do not duplicate side effects, lineage and audit evidence remain available, and no production records or credentials are used. Safety boundary: Use disposable synthetic repositories and mock integrations only. Never expose real credentials, modify production repositories, or publish/merge changes during a test run.",Playwright + platform UI/API,"cline,market-platform,synthetic-data,mcp_plugins,field-rename"
Cline,MCP Servers and Plugins,CLNE-MCP_PLUG-00096,MCP Servers and Plugins: handle a missing MCP process without hanging the task (field rename),Cline: handle a missing MCP process without hanging the task with field rename,Functional,High,"Non-production tenant or isolated local fixture; synthetic records only; Rename a field using the supported migration path and inspect historical reads. Safety boundary: Use disposable synthetic repositories and mock integrations only. Never expose real credentials, modify production repositories, or publish/merge changes during a test run.","1. Create a disposable, versioned synthetic fixture: Rename a field using the supported migration path and inspect historical reads. 2. Execute the platform workflow to handle a missing MCP process without hanging the task. 3. Capture the committed result, resource version, or run status. 4. Compare the result with the source fixture and the declared invariant. 5. Repeat or recover the operation when applicable; verify access, audit evidence, and side effects.","The platform must correctly handle a missing MCP process without hanging the task; the field rename condition follows the configured contract; valid state is preserved, invalid or unauthorized work is rejected or quarantined without silent loss, retries do not duplicate side effects, lineage and audit evidence remain available, and no production records or credentials are used. Safety boundary: Use disposable synthetic repositories and mock integrations only. Never expose real credentials, modify production repositories, or publish/merge changes during a test run.",Playwright + platform UI/API,"cline,market-platform,synthetic-data,mcp_plugins,field-rename"
Cline,MCP Servers and Plugins,CLNE-MCP_PLUG-00097,MCP Servers and Plugins: redact server environment secrets from diagnostics (field rename),Cline: redact server environment secrets from diagnostics with field rename,Functional,Medium,"Non-production tenant or isolated local fixture; synthetic records only; Rename a field using the supported migration path and inspect historical reads. Safety boundary: Use disposable synthetic repositories and mock integrations only. Never expose real credentials, modify production repositories, or publish/merge changes during a test run.","1. Create a disposable, versioned synthetic fixture: Rename a field using the supported migration path and inspect historical reads. 2. Execute the platform workflow to redact server environment secrets from diagnostics. 3. Capture the committed result, resource version, or run status. 4. Compare the result with the source fixture and the declared invariant. 5. Repeat or recover the operation when applicable; verify access, audit evidence, and side effects.","The platform must correctly redact server environment secrets from diagnostics; the field rename condition follows the configured contract; valid state is preserved, invalid or unauthorized work is rejected or quarantined without silent loss, retries do not duplicate side effects, lineage and audit evidence remain available, and no production records or credentials are used. Safety boundary: Use disposable synthetic repositories and mock integrations only. Never expose real credentials, modify production repositories, or publish/merge changes during a test run.",Playwright + platform UI/API,"cline,market-platform,synthetic-data,mcp_plugins,field-rename"
Cline,MCP Servers and Plugins,CLNE-MCP_PLUG-00098,MCP Servers and Plugins: disable a plugin and remove its tool definitions (field rename),Cline: disable a plugin and remove its tool definitions with field rename,Functional,High,"Non-production tenant or isolated local fixture; synthetic records only; Rename a field using the supported migration path and inspect historical reads. Safety boundary: Use disposable synthetic repositories and mock integrations only. Never expose real credentials, modify production repositories, or publish/merge changes during a test run.","1. Create a disposable, versioned synthetic fixture: Rename a field using the supported migration path and inspect historical reads. 2. Execute the platform workflow to disable a plugin and remove its tool definitions. 3. Capture the committed result, resource version, or run status. 4. Compare the result with the source fixture and the declared invariant. 5. Repeat or recover the operation when applicable; verify access, audit evidence, and side effects.","The platform must correctly disable a plugin and remove its tool definitions; the field rename condition follows the configured contract; valid state is preserved, invalid or unauthorized work is rejected or quarantined without silent loss, retries do not duplicate side effects, lineage and audit evidence remain available, and no production records or credentials are used. Safety boundary: Use disposable synthetic repositories and mock integrations only. Never expose real credentials, modify production repositories, or publish/merge changes during a test run.",Playwright + platform UI/API,"cline,market-platform,synthetic-data,mcp_plugins,field-rename"
Cline,MCP Servers and Plugins,CLNE-MCP_PLUG-00099,MCP Servers and Plugins: restrict custom tools to the authorized workspace (field rename),Cline: restrict custom tools to the authorized workspace with field rename,Functional,High,"Non-production tenant or isolated local fixture; synthetic records only; Rename a field using the supported migration path and inspect historical reads. Safety boundary: Use disposable synthetic repositories and mock integrations only. Never expose real credentials, modify production repositories, or publish/merge changes during a test run.","1. Create a disposable, versioned synthetic fixture: Rename a field using the supported migration path and inspect historical reads. 2. Execute the platform workflow to restrict custom tools to the authorized workspace. 3. Capture the committed result, resource version, or run status. 4. Compare the result with the source fixture and the declared invariant. 5. Repeat or recover the operation when applicable; verify access, audit evidence, and side effects.","The platform must correctly restrict custom tools to the authorized workspace; the field rename condition follows the configured contract; valid state is preserved, invalid or unauthorized work is rejected or quarantined without silent loss, retries do not duplicate side effects, lineage and audit evidence remain available, and no production records or credentials are used. Safety boundary: Use disposable synthetic repositories and mock integrations only. Never expose real credentials, modify production repositories, or publish/merge changes during a test run.",Playwright + platform UI/API,"cline,market-platform,synthetic-data,mcp_plugins,field-rename"
Cline,MCP Servers and Plugins,CLNE-MCP_PLUG-00100,MCP Servers and Plugins: audit MCP and plugin lifecycle actions (field rename),Cline: audit MCP and plugin lifecycle actions with field rename,Functional,High,"Non-production tenant or isolated local fixture; synthetic records only; Rename a field using the supported migration path and inspect historical reads. Safety boundary: Use disposable synthetic repositories and mock integrations only. Never expose real credentials, modify production repositories, or publish/merge changes during a test run.","1. Create a disposable, versioned synthetic fixture: Rename a field using the supported migration path and inspect historical reads. 2. Execute the platform workflow to audit MCP and plugin lifecycle actions. 3. Capture the committed result, resource version, or run status. 4. Compare the result with the source fixture and the declared invariant. 5. Repeat or recover the operation when applicable; verify access, audit evidence, and side effects.","The platform must correctly audit MCP and plugin lifecycle actions; the field rename condition follows the configured contract; valid state is preserved, invalid or unauthorized work is rejected or quarantined without silent loss, retries do not duplicate side effects, lineage and audit evidence remain available, and no production records or credentials are used. Safety boundary: Use disposable synthetic repositories and mock integrations only. Never expose real credentials, modify production repositories, or publish/merge changes during a test run.",Playwright + platform UI/API,"cline,market-platform,synthetic-data,mcp_plugins,field-rename"
Cline,MCP Servers and Plugins,CLNE-MCP_PLUG-00101,MCP Servers and Plugins: load tools from the declared mock MCP configuration (worker restart),Cline: load tools from the declared mock MCP configuration with worker restart,Resilience,Medium,"Non-production tenant or isolated local fixture; synthetic records only; Restart a worker after processing input but before final checkpoint or commit. Safety boundary: Use disposable synthetic repositories and mock integrations only. Never expose real credentials, modify production repositories, or publish/merge changes during a test run.","1. Create a disposable, versioned synthetic fixture: Restart a worker after processing input but before final checkpoint or commit. 2. Execute the platform workflow to load tools from the declared mock MCP configuration. 3. Capture the committed result, resource version, or run status. 4. Compare the result with the source fixture and the declared invariant. 5. Repeat or recover the operation when applicable; verify access, audit evidence, and side effects.","The platform must correctly load tools from the declared mock MCP configuration; the worker restart condition follows the configured contract; valid state is preserved, invalid or unauthorized work is rejected or quarantined without silent loss, retries do not duplicate side effects, lineage and audit evidence remain available, and no production records or credentials are used. Safety boundary: Use disposable synthetic repositories and mock integrations only. Never expose real credentials, modify production repositories, or publish/merge changes during a test run.",Playwright + platform UI/API,"cline,market-platform,synthetic-data,mcp_plugins,worker-restart"
Cline,MCP Servers and Plugins,CLNE-MCP_PLUG-00102,MCP Servers and Plugins: validate MCP server launch settings before connecting (worker restart),Cline: validate MCP server launch settings before connecting with worker restart,Resilience,High,"Non-production tenant or isolated local fixture; synthetic records only; Restart a worker after processing input but before final checkpoint or commit. Safety boundary: Use disposable synthetic repositories and mock integrations only. Never expose real credentials, modify production repositories, or publish/merge changes during a test run.","1. Create a disposable, versioned synthetic fixture: Restart a worker after processing input but before final checkpoint or commit. 2. Execute the platform workflow to validate MCP server launch settings before connecting. 3. Capture the committed result, resource version, or run status. 4. Compare the result with the source fixture and the declared invariant. 5. Repeat or recover the operation when applicable; verify access, audit evidence, and side effects.","The platform must correctly validate MCP server launch settings before connecting; the worker restart condition follows the configured contract; valid state is preserved, invalid or unauthorized work is rejected or quarantined without silent loss, retries do not duplicate side effects, lineage and audit evidence remain available, and no production records or credentials are used. Safety boundary: Use disposable synthetic repositories and mock integrations only. Never expose real credentials, modify production repositories, or publish/merge changes during a test run.",Playwright + platform UI/API,"cline,market-platform,synthetic-data,mcp_plugins,worker-restart"
Cline,MCP Servers and Plugins,CLNE-MCP_PLUG-00103,MCP Servers and Plugins: prevent an unlisted server from joining the session (worker restart),Cline: prevent an unlisted server from joining the session with worker restart,Resilience,High,"Non-production tenant or isolated local fixture; synthetic records only; Restart a worker after processing input but before final checkpoint or commit. Safety boundary: Use disposable synthetic repositories and mock integrations only. Never expose real credentials, modify production repositories, or publish/merge changes during a test run.","1. Create a disposable, versioned synthetic fixture: Restart a worker after processing input but before final checkpoint or commit. 2. Execute the platform workflow to prevent an unlisted server from joining the session. 3. Capture the committed result, resource version, or run status. 4. Compare the result with the source fixture and the declared invariant. 5. Repeat or recover the operation when applicable; verify access, audit evidence, and side effects.","The platform must correctly prevent an unlisted server from joining the session; the worker restart condition follows the configured contract; valid state is preserved, invalid or unauthorized work is rejected or quarantined without silent loss, retries do not duplicate side effects, lineage and audit evidence remain available, and no production records or credentials are used. Safety boundary: Use disposable synthetic repositories and mock integrations only. Never expose real credentials, modify production repositories, or publish/merge changes during a test run.",Playwright + platform UI/API,"cline,market-platform,synthetic-data,mcp_plugins,worker-restart"
Cline,MCP Servers and Plugins,CLNE-MCP_PLUG-00104,MCP Servers and Plugins: register a plugin with only its declared tools (worker restart),Cline: register a plugin with only its declared tools with worker restart,Resilience,High,"Non-production tenant or isolated local fixture; synthetic records only; Restart a worker after processing input but before final checkpoint or commit. Safety boundary: Use disposable synthetic repositories and mock integrations only. Never expose real credentials, modify production repositories, or publish/merge changes during a test run.","1. Create a disposable, versioned synthetic fixture: Restart a worker after processing input but before final checkpoint or commit. 2. Execute the platform workflow to register a plugin with only its declared tools. 3. Capture the committed result, resource version, or run status. 4. Compare the result with the source fixture and the declared invariant. 5. Repeat or recover the operation when applicable; verify access, audit evidence, and side effects.","The platform must correctly register a plugin with only its declared tools; the worker restart condition follows the configured contract; valid state is preserved, invalid or unauthorized work is rejected or quarantined without silent loss, retries do not duplicate side effects, lineage and audit evidence remain available, and no production records or credentials are used. Safety boundary: Use disposable synthetic repositories and mock integrations only. Never expose real credentials, modify production repositories, or publish/merge changes during a test run.",Playwright + platform UI/API,"cline,market-platform,synthetic-data,mcp_plugins,worker-restart"
Cline,MCP Servers and Plugins,CLNE-MCP_PLUG-00105,MCP Servers and Plugins: reject a plugin whose manifest has an invalid schema (worker restart),Cline: reject a plugin whose manifest has an invalid schema with worker restart,Resilience,Medium,"Non-production tenant or isolated local fixture; synthetic records only; Restart a worker after processing input but before final checkpoint or commit. Safety boundary: Use disposable synthetic repositories and mock integrations only. Never expose real credentials, modify production repositories, or publish/merge changes during a test run.","1. Create a disposable, versioned synthetic fixture: Restart a worker after processing input but before final checkpoint or commit. 2. Execute the platform workflow to reject a plugin whose manifest has an invalid schema. 3. Capture the committed result, resource version, or run status. 4. Compare the result with the source fixture and the declared invariant. 5. Repeat or recover the operation when applicable; verify access, audit evidence, and side effects.","The platform must correctly reject a plugin whose manifest has an invalid schema; the worker restart condition follows the configured contract; valid state is preserved, invalid or unauthorized work is rejected or quarantined without silent loss, retries do not duplicate side effects, lineage and audit evidence remain available, and no production records or credentials are used. Safety boundary: Use disposable synthetic repositories and mock integrations only. Never expose real credentials, modify production repositories, or publish/merge changes during a test run.",Playwright + platform UI/API,"cline,market-platform,synthetic-data,mcp_plugins,worker-restart"
Cline,MCP Servers and Plugins,CLNE-MCP_PLUG-00106,MCP Servers and Plugins: handle a missing MCP process without hanging the task (worker restart),Cline: handle a missing MCP process without hanging the task with worker restart,Resilience,High,"Non-production tenant or isolated local fixture; synthetic records only; Restart a worker after processing input but before final checkpoint or commit. Safety boundary: Use disposable synthetic repositories and mock integrations only. Never expose real credentials, modify production repositories, or publish/merge changes during a test run.","1. Create a disposable, versioned synthetic fixture: Restart a worker after processing input but before final checkpoint or commit. 2. Execute the platform workflow to handle a missing MCP process without hanging the task. 3. Capture the committed result, resource version, or run status. 4. Compare the result with the source fixture and the declared invariant. 5. Repeat or recover the operation when applicable; verify access, audit evidence, and side effects.","The platform must correctly handle a missing MCP process without hanging the task; the worker restart condition follows the configured contract; valid state is preserved, invalid or unauthorized work is rejected or quarantined without silent loss, retries do not duplicate side effects, lineage and audit evidence remain available, and no production records or credentials are used. Safety boundary: Use disposable synthetic repositories and mock integrations only. Never expose real credentials, modify production repositories, or publish/merge changes during a test run.",Playwright + platform UI/API,"cline,market-platform,synthetic-data,mcp_plugins,worker-restart"
Cline,MCP Servers and Plugins,CLNE-MCP_PLUG-00107,MCP Servers and Plugins: redact server environment secrets from diagnostics (worker restart),Cline: redact server environment secrets from diagnostics with worker restart,Resilience,High,"Non-production tenant or isolated local fixture; synthetic records only; Restart a worker after processing input but before final checkpoint or commit. Safety boundary: Use disposable synthetic repositories and mock integrations only. Never expose real credentials, modify production repositories, or publish/merge changes during a test run.","1. Create a disposable, versioned synthetic fixture: Restart a worker after processing input but before final checkpoint or commit. 2. Execute the platform workflow to redact server environment secrets from diagnostics. 3. Capture the committed result, resource version, or run status. 4. Compare the result with the source fixture and the declared invariant. 5. Repeat or recover the operation when applicable; verify access, audit evidence, and side effects.","The platform must correctly redact server environment secrets from diagnostics; the worker restart condition follows the configured contract; valid state is preserved, invalid or unauthorized work is rejected or quarantined without silent loss, retries do not duplicate side effects, lineage and audit evidence remain available, and no production records or credentials are used. Safety boundary: Use disposable synthetic repositories and mock integrations only. Never expose real credentials, modify production repositories, or publish/merge changes during a test run.",Playwright + platform UI/API,"cline,market-platform,synthetic-data,mcp_plugins,worker-restart"
Cline,MCP Servers and Plugins,CLNE-MCP_PLUG-00108,MCP Servers and Plugins: disable a plugin and remove its tool definitions (worker restart),Cline: disable a plugin and remove its tool definitions with worker restart,Resilience,High,"Non-production tenant or isolated local fixture; synthetic records only; Restart a worker after processing input but before final checkpoint or commit. Safety boundary: Use disposable synthetic repositories and mock integrations only. Never expose real credentials, modify production repositories, or publish/merge changes during a test run.","1. Create a disposable, versioned synthetic fixture: Restart a worker after processing input but before final checkpoint or commit. 2. Execute the platform workflow to disable a plugin and remove its tool definitions. 3. Capture the committed result, resource version, or run status. 4. Compare the result with the source fixture and the declared invariant. 5. Repeat or recover the operation when applicable; verify access, audit evidence, and side effects.","The platform must correctly disable a plugin and remove its tool definitions; the worker restart condition follows the configured contract; valid state is preserved, invalid or unauthorized work is rejected or quarantined without silent loss, retries do not duplicate side effects, lineage and audit evidence remain available, and no production records or credentials are used. Safety boundary: Use disposable synthetic repositories and mock integrations only. Never expose real credentials, modify production repositories, or publish/merge changes during a test run.",Playwright + platform UI/API,"cline,market-platform,synthetic-data,mcp_plugins,worker-restart"
Cline,MCP Servers and Plugins,CLNE-MCP_PLUG-00109,MCP Servers and Plugins: restrict custom tools to the authorized workspace (worker restart),Cline: restrict custom tools to the authorized workspace with worker restart,Resilience,Medium,"Non-production tenant or isolated local fixture; synthetic records only; Restart a worker after processing input but before final checkpoint or commit. Safety boundary: Use disposable synthetic repositories and mock integrations only. Never expose real credentials, modify production repositories, or publish/merge changes during a test run.","1. Create a disposable, versioned synthetic fixture: Restart a worker after processing input but before final checkpoint or commit. 2. Execute the platform workflow to restrict custom tools to the authorized workspace. 3. Capture the committed result, resource version, or run status. 4. Compare the result with the source fixture and the declared invariant. 5. Repeat or recover the operation when applicable; verify access, audit evidence, and side effects.","The platform must correctly restrict custom tools to the authorized workspace; the worker restart condition follows the configured contract; valid state is preserved, invalid or unauthorized work is rejected or quarantined without silent loss, retries do not duplicate side effects, lineage and audit evidence remain available, and no production records or credentials are used. Safety boundary: Use disposable synthetic repositories and mock integrations only. Never expose real credentials, modify production repositories, or publish/merge changes during a test run.",Playwright + platform UI/API,"cline,market-platform,synthetic-data,mcp_plugins,worker-restart"
Cline,MCP Servers and Plugins,CLNE-MCP_PLUG-00110,MCP Servers and Plugins: audit MCP and plugin lifecycle actions (worker restart),Cline: audit MCP and plugin lifecycle actions with worker restart,Resilience,High,"Non-production tenant or isolated local fixture; synthetic records only; Restart a worker after processing input but before final checkpoint or commit. Safety boundary: Use disposable synthetic repositories and mock integrations only. Never expose real credentials, modify production repositories, or publish/merge changes during a test run.","1. Create a disposable, versioned synthetic fixture: Restart a worker after processing input but before final checkpoint or commit. 2. Execute the platform workflow to audit MCP and plugin lifecycle actions. 3. Capture the committed result, resource version, or run status. 4. Compare the result with the source fixture and the declared invariant. 5. Repeat or recover the operation when applicable; verify access, audit evidence, and side effects.","The platform must correctly audit MCP and plugin lifecycle actions; the worker restart condition follows the configured contract; valid state is preserved, invalid or unauthorized work is rejected or quarantined without silent loss, retries do not duplicate side effects, lineage and audit evidence remain available, and no production records or credentials are used. Safety boundary: Use disposable synthetic repositories and mock integrations only. Never expose real credentials, modify production repositories, or publish/merge changes during a test run.",Playwright + platform UI/API,"cline,market-platform,synthetic-data,mcp_plugins,worker-restart"
Cline,MCP Servers and Plugins,CLNE-MCP_PLUG-00111,MCP Servers and Plugins: load tools from the declared mock MCP configuration (least privilege),Cline: load tools from the declared mock MCP configuration with least privilege,Security,Critical,"Non-production tenant or isolated local fixture; synthetic records only; Compare the authorized role with a role missing the required grant. Safety boundary: Use disposable synthetic repositories and mock integrations only. Never expose real credentials, modify production repositories, or publish/merge changes during a test run.","1. Create a disposable, versioned synthetic fixture: Compare the authorized role with a role missing the required grant. 2. Execute the platform workflow to load tools from the declared mock MCP configuration. 3. Capture the committed result, resource version, or run status. 4. Compare the result with the source fixture and the declared invariant. 5. Repeat or recover the operation when applicable; verify access, audit evidence, and side effects.","The platform must correctly load tools from the declared mock MCP configuration; the least privilege condition follows the configured contract; valid state is preserved, invalid or unauthorized work is rejected or quarantined without silent loss, retries do not duplicate side effects, lineage and audit evidence remain available, and no production records or credentials are used. Safety boundary: Use disposable synthetic repositories and mock integrations only. Never expose real credentials, modify production repositories, or publish/merge changes during a test run.",Playwright + platform UI/API,"cline,market-platform,synthetic-data,mcp_plugins,least-privilege"
Cline,MCP Servers and Plugins,CLNE-MCP_PLUG-00112,MCP Servers and Plugins: validate MCP server launch settings before connecting (least privilege),Cline: validate MCP server launch settings before connecting with least privilege,Security,Critical,"Non-production tenant or isolated local fixture; synthetic records only; Compare the authorized role with a role missing the required grant. Safety boundary: Use disposable synthetic repositories and mock integrations only. Never expose real credentials, modify production repositories, or publish/merge changes during a test run.","1. Create a disposable, versioned synthetic fixture: Compare the authorized role with a role missing the required grant. 2. Execute the platform workflow to validate MCP server launch settings before connecting. 3. Capture the committed result, resource version, or run status. 4. Compare the result with the source fixture and the declared invariant. 5. Repeat or recover the operation when applicable; verify access, audit evidence, and side effects.","The platform must correctly validate MCP server launch settings before connecting; the least privilege condition follows the configured contract; valid state is preserved, invalid or unauthorized work is rejected or quarantined without silent loss, retries do not duplicate side effects, lineage and audit evidence remain available, and no production records or credentials are used. Safety boundary: Use disposable synthetic repositories and mock integrations only. Never expose real credentials, modify production repositories, or publish/merge changes during a test run.",Playwright + platform UI/API,"cline,market-platform,synthetic-data,mcp_plugins,least-privilege"
Cline,MCP Servers and Plugins,CLNE-MCP_PLUG-00113,MCP Servers and Plugins: prevent an unlisted server from joining the session (least privilege),Cline: prevent an unlisted server from joining the session with least privilege,Security,Critical,"Non-production tenant or isolated local fixture; synthetic records only; Compare the authorized role with a role missing the required grant. Safety boundary: Use disposable synthetic repositories and mock integrations only. Never expose real credentials, modify production repositories, or publish/merge changes during a test run.","1. Create a disposable, versioned synthetic fixture: Compare the authorized role with a role missing the required grant. 2. Execute the platform workflow to prevent an unlisted server from joining the session. 3. Capture the committed result, resource version, or run status. 4. Compare the result with the source fixture and the declared invariant. 5. Repeat or recover the operation when applicable; verify access, audit evidence, and side effects.","The platform must correctly prevent an unlisted server from joining the session; the least privilege condition follows the configured contract; valid state is preserved, invalid or unauthorized work is rejected or quarantined without silent loss, retries do not duplicate side effects, lineage and audit evidence remain available, and no production records or credentials are used. Safety boundary: Use disposable synthetic repositories and mock integrations only. Never expose real credentials, modify production repositories, or publish/merge changes during a test run.",Playwright + platform UI/API,"cline,market-platform,synthetic-data,mcp_plugins,least-privilege"
Cline,MCP Servers and Plugins,CLNE-MCP_PLUG-00114,MCP Servers and Plugins: register a plugin with only its declared tools (least privilege),Cline: register a plugin with only its declared tools with least privilege,Security,Critical,"Non-production tenant or isolated local fixture; synthetic records only; Compare the authorized role with a role missing the required grant. Safety boundary: Use disposable synthetic repositories and mock integrations only. Never expose real credentials, modify production repositories, or publish/merge changes during a test run.","1. Create a disposable, versioned synthetic fixture: Compare the authorized role with a role missing the required grant. 2. Execute the platform workflow to register a plugin with only its declared tools. 3. Capture the committed result, resource version, or run status. 4. Compare the result with the source fixture and the declared invariant. 5. Repeat or recover the operation when applicable; verify access, audit evidence, and side effects.","The platform must correctly register a plugin with only its declared tools; the least privilege condition follows the configured contract; valid state is preserved, invalid or unauthorized work is rejected or quarantined without silent loss, retries do not duplicate side effects, lineage and audit evidence remain available, and no production records or credentials are used. Safety boundary: Use disposable synthetic repositories and mock integrations only. Never expose real credentials, modify production repositories, or publish/merge changes during a test run.",Playwright + platform UI/API,"cline,market-platform,synthetic-data,mcp_plugins,least-privilege"
Cline,MCP Servers and Plugins,CLNE-MCP_PLUG-00115,MCP Servers and Plugins: reject a plugin whose manifest has an invalid schema (least privilege),Cline: reject a plugin whose manifest has an invalid schema with least privilege,Security,Critical,"Non-production tenant or isolated local fixture; synthetic records only; Compare the authorized role with a role missing the required grant. Safety boundary: Use disposable synthetic repositories and mock integrations only. Never expose real credentials, modify production repositories, or publish/merge changes during a test run.","1. Create a disposable, versioned synthetic fixture: Compare the authorized role with a role missing the required grant. 2. Execute the platform workflow to reject a plugin whose manifest has an invalid schema. 3. Capture the committed result, resource version, or run status. 4. Compare the result with the source fixture and the declared invariant. 5. Repeat or recover the operation when applicable; verify access, audit evidence, and side effects.","The platform must correctly reject a plugin whose manifest has an invalid schema; the least privilege condition follows the configured contract; valid state is preserved, invalid or unauthorized work is rejected or quarantined without silent loss, retries do not duplicate side effects, lineage and audit evidence remain available, and no production records or credentials are used. Safety boundary: Use disposable synthetic repositories and mock integrations only. Never expose real credentials, modify production repositories, or publish/merge changes during a test run.",Playwright + platform UI/API,"cline,market-platform,synthetic-data,mcp_plugins,least-privilege"
Cline,MCP Servers and Plugins,CLNE-MCP_PLUG-00116,MCP Servers and Plugins: handle a missing MCP process without hanging the task (least privilege),Cline: handle a missing MCP process without hanging the task with least privilege,Security,Critical,"Non-production tenant or isolated local fixture; synthetic records only; Compare the authorized role with a role missing the required grant. Safety boundary: Use disposable synthetic repositories and mock integrations only. Never expose real credentials, modify production repositories, or publish/merge changes during a test run.","1. Create a disposable, versioned synthetic fixture: Compare the authorized role with a role missing the required grant. 2. Execute the platform workflow to handle a missing MCP process without hanging the task. 3. Capture the committed result, resource version, or run status. 4. Compare the result with the source fixture and the declared invariant. 5. Repeat or recover the operation when applicable; verify access, audit evidence, and side effects.","The platform must correctly handle a missing MCP process without hanging the task; the least privilege condition follows the configured contract; valid state is preserved, invalid or unauthorized work is rejected or quarantined without silent loss, retries do not duplicate side effects, lineage and audit evidence remain available, and no production records or credentials are used. Safety boundary: Use disposable synthetic repositories and mock integrations only. Never expose real credentials, modify production repositories, or publish/merge changes during a test run.",Playwright + platform UI/API,"cline,market-platform,synthetic-data,mcp_plugins,least-privilege"
Cline,MCP Servers and Plugins,CLNE-MCP_PLUG-00117,MCP Servers and Plugins: redact server environment secrets from diagnostics (least privilege),Cline: redact server environment secrets from diagnostics with least privilege,Security,Critical,"Non-production tenant or isolated local fixture; synthetic records only; Compare the authorized role with a role missing the required grant. Safety boundary: Use disposable synthetic repositories and mock integrations only. Never expose real credentials, modify production repositories, or publish/merge changes during a test run.","1. Create a disposable, versioned synthetic fixture: Compare the authorized role with a role missing the required grant. 2. Execute the platform workflow to redact server environment secrets from diagnostics. 3. Capture the committed result, resource version, or run status. 4. Compare the result with the source fixture and the declared invariant. 5. Repeat or recover the operation when applicable; verify access, audit evidence, and side effects.","The platform must correctly redact server environment secrets from diagnostics; the least privilege condition follows the configured contract; valid state is preserved, invalid or unauthorized work is rejected or quarantined without silent loss, retries do not duplicate side effects, lineage and audit evidence remain available, and no production records or credentials are used. Safety boundary: Use disposable synthetic repositories and mock integrations only. Never expose real credentials, modify production repositories, or publish/merge changes during a test run.",Playwright + platform UI/API,"cline,market-platform,synthetic-data,mcp_plugins,least-privilege"
Cline,MCP Servers and Plugins,CLNE-MCP_PLUG-00118,MCP Servers and Plugins: disable a plugin and remove its tool definitions (least privilege),Cline: disable a plugin and remove its tool definitions with least privilege,Security,Critical,"Non-production tenant or isolated local fixture; synthetic records only; Compare the authorized role with a role missing the required grant. Safety boundary: Use disposable synthetic repositories and mock integrations only. Never expose real credentials, modify production repositories, or publish/merge changes during a test run.","1. Create a disposable, versioned synthetic fixture: Compare the authorized role with a role missing the required grant. 2. Execute the platform workflow to disable a plugin and remove its tool definitions. 3. Capture the committed result, resource version, or run status. 4. Compare the result with the source fixture and the declared invariant. 5. Repeat or recover the operation when applicable; verify access, audit evidence, and side effects.","The platform must correctly disable a plugin and remove its tool definitions; the least privilege condition follows the configured contract; valid state is preserved, invalid or unauthorized work is rejected or quarantined without silent loss, retries do not duplicate side effects, lineage and audit evidence remain available, and no production records or credentials are used. Safety boundary: Use disposable synthetic repositories and mock integrations only. Never expose real credentials, modify production repositories, or publish/merge changes during a test run.",Playwright + platform UI/API,"cline,market-platform,synthetic-data,mcp_plugins,least-privilege"
Cline,MCP Servers and Plugins,CLNE-MCP_PLUG-00119,MCP Servers and Plugins: restrict custom tools to the authorized workspace (least privilege),Cline: restrict custom tools to the authorized workspace with least privilege,Security,Critical,"Non-production tenant or isolated local fixture; synthetic records only; Compare the authorized role with a role missing the required grant. Safety boundary: Use disposable synthetic repositories and mock integrations only. Never expose real credentials, modify production repositories, or publish/merge changes during a test run.","1. Create a disposable, versioned synthetic fixture: Compare the authorized role with a role missing the required grant. 2. Execute the platform workflow to restrict custom tools to the authorized workspace. 3. Capture the committed result, resource version, or run status. 4. Compare the result with the source fixture and the declared invariant. 5. Repeat or recover the operation when applicable; verify access, audit evidence, and side effects.","The platform must correctly restrict custom tools to the authorized workspace; the least privilege condition follows the configured contract; valid state is preserved, invalid or unauthorized work is rejected or quarantined without silent loss, retries do not duplicate side effects, lineage and audit evidence remain available, and no production records or credentials are used. Safety boundary: Use disposable synthetic repositories and mock integrations only. Never expose real credentials, modify production repositories, or publish/merge changes during a test run.",Playwright + platform UI/API,"cline,market-platform,synthetic-data,mcp_plugins,least-privilege"
Cline,MCP Servers and Plugins,CLNE-MCP_PLUG-00120,MCP Servers and Plugins: audit MCP and plugin lifecycle actions (least privilege),Cline: audit MCP and plugin lifecycle actions with least privilege,Security,Critical,"Non-production tenant or isolated local fixture; synthetic records only; Compare the authorized role with a role missing the required grant. Safety boundary: Use disposable synthetic repositories and mock integrations only. Never expose real credentials, modify production repositories, or publish/merge changes during a test run.","1. Create a disposable, versioned synthetic fixture: Compare the authorized role with a role missing the required grant. 2. Execute the platform workflow to audit MCP and plugin lifecycle actions. 3. Capture the committed result, resource version, or run status. 4. Compare the result with the source fixture and the declared invariant. 5. Repeat or recover the operation when applicable; verify access, audit evidence, and side effects.","The platform must correctly audit MCP and plugin lifecycle actions; the least privilege condition follows the configured contract; valid state is preserved, invalid or unauthorized work is rejected or quarantined without silent loss, retries do not duplicate side effects, lineage and audit evidence remain available, and no production records or credentials are used. Safety boundary: Use disposable synthetic repositories and mock integrations only. Never expose real credentials, modify production repositories, or publish/merge changes during a test run.",Playwright + platform UI/API,"cline,market-platform,synthetic-data,mcp_plugins,least-privilege"
Cline,MCP Servers and Plugins,CLNE-MCP_PLUG-00121,MCP Servers and Plugins: load tools from the declared mock MCP configuration (concurrent writers),Cline: load tools from the declared mock MCP configuration with concurrent writers,Functional,Medium,"Non-production tenant or isolated local fixture; synthetic records only; Run two valid writers against overlapping logical data at the same time. Safety boundary: Use disposable synthetic repositories and mock integrations only. Never expose real credentials, modify production repositories, or publish/merge changes during a test run.","1. Create a disposable, versioned synthetic fixture: Run two valid writers against overlapping logical data at the same time. 2. Execute the platform workflow to load tools from the declared mock MCP configuration. 3. Capture the committed result, resource version, or run status. 4. Compare the result with the source fixture and the declared invariant. 5. Repeat or recover the operation when applicable; verify access, audit evidence, and side effects.","The platform must correctly load tools from the declared mock MCP configuration; the concurrent writers condition follows the configured contract; valid state is preserved, invalid or unauthorized work is rejected or quarantined without silent loss, retries do not duplicate side effects, lineage and audit evidence remain available, and no production records or credentials are used. Safety boundary: Use disposable synthetic repositories and mock integrations only. Never expose real credentials, modify production repositories, or publish/merge changes during a test run.",Playwright + platform UI/API,"cline,market-platform,synthetic-data,mcp_plugins,concurrent-writers"
Cline,MCP Servers and Plugins,CLNE-MCP_PLUG-00122,MCP Servers and Plugins: validate MCP server launch settings before connecting (concurrent writers),Cline: validate MCP server launch settings before connecting with concurrent writers,Functional,High,"Non-production tenant or isolated local fixture; synthetic records only; Run two valid writers against overlapping logical data at the same time. Safety boundary: Use disposable synthetic repositories and mock integrations only. Never expose real credentials, modify production repositories, or publish/merge changes during a test run.","1. Create a disposable, versioned synthetic fixture: Run two valid writers against overlapping logical data at the same time. 2. Execute the platform workflow to validate MCP server launch settings before connecting. 3. Capture the committed result, resource version, or run status. 4. Compare the result with the source fixture and the declared invariant. 5. Repeat or recover the operation when applicable; verify access, audit evidence, and side effects.","The platform must correctly validate MCP server launch settings before connecting; the concurrent writers condition follows the configured contract; valid state is preserved, invalid or unauthorized work is rejected or quarantined without silent loss, retries do not duplicate side effects, lineage and audit evidence remain available, and no production records or credentials are used. Safety boundary: Use disposable synthetic repositories and mock integrations only. Never expose real credentials, modify production repositories, or publish/merge changes during a test run.",Playwright + platform UI/API,"cline,market-platform,synthetic-data,mcp_plugins,concurrent-writers"
Cline,MCP Servers and Plugins,CLNE-MCP_PLUG-00123,MCP Servers and Plugins: prevent an unlisted server from joining the session (concurrent writers),Cline: prevent an unlisted server from joining the session with concurrent writers,Functional,High,"Non-production tenant or isolated local fixture; synthetic records only; Run two valid writers against overlapping logical data at the same time. Safety boundary: Use disposable synthetic repositories and mock integrations only. Never expose real credentials, modify production repositories, or publish/merge changes during a test run.","1. Create a disposable, versioned synthetic fixture: Run two valid writers against overlapping logical data at the same time. 2. Execute the platform workflow to prevent an unlisted server from joining the session. 3. Capture the committed result, resource version, or run status. 4. Compare the result with the source fixture and the declared invariant. 5. Repeat or recover the operation when applicable; verify access, audit evidence, and side effects.","The platform must correctly prevent an unlisted server from joining the session; the concurrent writers condition follows the configured contract; valid state is preserved, invalid or unauthorized work is rejected or quarantined without silent loss, retries do not duplicate side effects, lineage and audit evidence remain available, and no production records or credentials are used. Safety boundary: Use disposable synthetic repositories and mock integrations only. Never expose real credentials, modify production repositories, or publish/merge changes during a test run.",Playwright + platform UI/API,"cline,market-platform,synthetic-data,mcp_plugins,concurrent-writers"
Cline,MCP Servers and Plugins,CLNE-MCP_PLUG-00124,MCP Servers and Plugins: register a plugin with only its declared tools (concurrent writers),Cline: register a plugin with only its declared tools with concurrent writers,Functional,High,"Non-production tenant or isolated local fixture; synthetic records only; Run two valid writers against overlapping logical data at the same time. Safety boundary: Use disposable synthetic repositories and mock integrations only. Never expose real credentials, modify production repositories, or publish/merge changes during a test run.","1. Create a disposable, versioned synthetic fixture: Run two valid writers against overlapping logical data at the same time. 2. Execute the platform workflow to register a plugin with only its declared tools. 3. Capture the committed result, resource version, or run status. 4. Compare the result with the source fixture and the declared invariant. 5. Repeat or recover the operation when applicable; verify access, audit evidence, and side effects.","The platform must correctly register a plugin with only its declared tools; the concurrent writers condition follows the configured contract; valid state is preserved, invalid or unauthorized work is rejected or quarantined without silent loss, retries do not duplicate side effects, lineage and audit evidence remain available, and no production records or credentials are used. Safety boundary: Use disposable synthetic repositories and mock integrations only. Never expose real credentials, modify production repositories, or publish/merge changes during a test run.",Playwright + platform UI/API,"cline,market-platform,synthetic-data,mcp_plugins,concurrent-writers"
Cline,MCP Servers and Plugins,CLNE-MCP_PLUG-00125,MCP Servers and Plugins: reject a plugin whose manifest has an invalid schema (concurrent writers),Cline: reject a plugin whose manifest has an invalid schema with concurrent writers,Functional,Medium,"Non-production tenant or isolated local fixture; synthetic records only; Run two valid writers against overlapping logical data at the same time. Safety boundary: Use disposable synthetic repositories and mock integrations only. Never expose real credentials, modify production repositories, or publish/merge changes during a test run.","1. Create a disposable, versioned synthetic fixture: Run two valid writers against overlapping logical data at the same time. 2. Execute the platform workflow to reject a plugin whose manifest has an invalid schema. 3. Capture the committed result, resource version, or run status. 4. Compare the result with the source fixture and the declared invariant. 5. Repeat or recover the operation when applicable; verify access, audit evidence, and side effects.","The platform must correctly reject a plugin whose manifest has an invalid schema; the concurrent writers condition follows the configured contract; valid state is preserved, invalid or unauthorized work is rejected or quarantined without silent loss, retries do not duplicate side effects, lineage and audit evidence remain available, and no production records or credentials are used. Safety boundary: Use disposable synthetic repositories and mock integrations only. Never expose real credentials, modify production repositories, or publish/merge changes during a test run.",Playwright + platform UI/API,"cline,market-platform,synthetic-data,mcp_plugins,concurrent-writers"
Cline,MCP Servers and Plugins,CLNE-MCP_PLUG-00126,MCP Servers and Plugins: handle a missing MCP process without hanging the task (concurrent writers),Cline: handle a missing MCP process without hanging the task with concurrent writers,Functional,High,"Non-production tenant or isolated local fixture; synthetic records only; Run two valid writers against overlapping logical data at the same time. Safety boundary: Use disposable synthetic repositories and mock integrations only. Never expose real credentials, modify production repositories, or publish/merge changes during a test run.","1. Create a disposable, versioned synthetic fixture: Run two valid writers against overlapping logical data at the same time. 2. Execute the platform workflow to handle a missing MCP process without hanging the task. 3. Capture the committed result, resource version, or run status. 4. Compare the result with the source fixture and the declared invariant. 5. Repeat or recover the operation when applicable; verify access, audit evidence, and side effects.","The platform must correctly handle a missing MCP process without hanging the task; the concurrent writers condition follows the configured contract; valid state is preserved, invalid or unauthorized work is rejected or quarantined without silent loss, retries do not duplicate side effects, lineage and audit evidence remain available, and no production records or credentials are used. Safety boundary: Use disposable synthetic repositories and mock integrations only. Never expose real credentials, modify production repositories, or publish/merge changes during a test run.",Playwright + platform UI/API,"cline,market-platform,synthetic-data,mcp_plugins,concurrent-writers"
Cline,MCP Servers and Plugins,CLNE-MCP_PLUG-00127,MCP Servers and Plugins: redact server environment secrets from diagnostics (concurrent writers),Cline: redact server environment secrets from diagnostics with concurrent writers,Functional,High,"Non-production tenant or isolated local fixture; synthetic records only; Run two valid writers against overlapping logical data at the same time. Safety boundary: Use disposable synthetic repositories and mock integrations only. Never expose real credentials, modify production repositories, or publish/merge changes during a test run.","1. Create a disposable, versioned synthetic fixture: Run two valid writers against overlapping logical data at the same time. 2. Execute the platform workflow to redact server environment secrets from diagnostics. 3. Capture the committed result, resource version, or run status. 4. Compare the result with the source fixture and the declared invariant. 5. Repeat or recover the operation when applicable; verify access, audit evidence, and side effects.","The platform must correctly redact server environment secrets from diagnostics; the concurrent writers condition follows the configured contract; valid state is preserved, invalid or unauthorized work is rejected or quarantined without silent loss, retries do not duplicate side effects, lineage and audit evidence remain available, and no production records or credentials are used. Safety boundary: Use disposable synthetic repositories and mock integrations only. Never expose real credentials, modify production repositories, or publish/merge changes during a test run.",Playwright + platform UI/API,"cline,market-platform,synthetic-data,mcp_plugins,concurrent-writers"
Cline,MCP Servers and Plugins,CLNE-MCP_PLUG-00128,MCP Servers and Plugins: disable a plugin and remove its tool definitions (concurrent writers),Cline: disable a plugin and remove its tool definitions with concurrent writers,Functional,High,"Non-production tenant or isolated local fixture; synthetic records only; Run two valid writers against overlapping logical data at the same time. Safety boundary: Use disposable synthetic repositories and mock integrations only. Never expose real credentials, modify production repositories, or publish/merge changes during a test run.","1. Create a disposable, versioned synthetic fixture: Run two valid writers against overlapping logical data at the same time. 2. Execute the platform workflow to disable a plugin and remove its tool definitions. 3. Capture the committed result, resource version, or run status. 4. Compare the result with the source fixture and the declared invariant. 5. Repeat or recover the operation when applicable; verify access, audit evidence, and side effects.","The platform must correctly disable a plugin and remove its tool definitions; the concurrent writers condition follows the configured contract; valid state is preserved, invalid or unauthorized work is rejected or quarantined without silent loss, retries do not duplicate side effects, lineage and audit evidence remain available, and no production records or credentials are used. Safety boundary: Use disposable synthetic repositories and mock integrations only. Never expose real credentials, modify production repositories, or publish/merge changes during a test run.",Playwright + platform UI/API,"cline,market-platform,synthetic-data,mcp_plugins,concurrent-writers"
Cline,MCP Servers and Plugins,CLNE-MCP_PLUG-00129,MCP Servers and Plugins: restrict custom tools to the authorized workspace (concurrent writers),Cline: restrict custom tools to the authorized workspace with concurrent writers,Functional,Medium,"Non-production tenant or isolated local fixture; synthetic records only; Run two valid writers against overlapping logical data at the same time. Safety boundary: Use disposable synthetic repositories and mock integrations only. Never expose real credentials, modify production repositories, or publish/merge changes during a test run.","1. Create a disposable, versioned synthetic fixture: Run two valid writers against overlapping logical data at the same time. 2. Execute the platform workflow to restrict custom tools to the authorized workspace. 3. Capture the committed result, resource version, or run status. 4. Compare the result with the source fixture and the declared invariant. 5. Repeat or recover the operation when applicable; verify access, audit evidence, and side effects.","The platform must correctly restrict custom tools to the authorized workspace; the concurrent writers condition follows the configured contract; valid state is preserved, invalid or unauthorized work is rejected or quarantined without silent loss, retries do not duplicate side effects, lineage and audit evidence remain available, and no production records or credentials are used. Safety boundary: Use disposable synthetic repositories and mock integrations only. Never expose real credentials, modify production repositories, or publish/merge changes during a test run.",Playwright + platform UI/API,"cline,market-platform,synthetic-data,mcp_plugins,concurrent-writers"
Cline,MCP Servers and Plugins,CLNE-MCP_PLUG-00130,MCP Servers and Plugins: audit MCP and plugin lifecycle actions (concurrent writers),Cline: audit MCP and plugin lifecycle actions with concurrent writers,Functional,High,"Non-production tenant or isolated local fixture; synthetic records only; Run two valid writers against overlapping logical data at the same time. Safety boundary: Use disposable synthetic repositories and mock integrations only. Never expose real credentials, modify production repositories, or publish/merge changes during a test run.","1. Create a disposable, versioned synthetic fixture: Run two valid writers against overlapping logical data at the same time. 2. Execute the platform workflow to audit MCP and plugin lifecycle actions. 3. Capture the committed result, resource version, or run status. 4. Compare the result with the source fixture and the declared invariant. 5. Repeat or recover the operation when applicable; verify access, audit evidence, and side effects.","The platform must correctly audit MCP and plugin lifecycle actions; the concurrent writers condition follows the configured contract; valid state is preserved, invalid or unauthorized work is rejected or quarantined without silent loss, retries do not duplicate side effects, lineage and audit evidence remain available, and no production records or credentials are used. Safety boundary: Use disposable synthetic repositories and mock integrations only. Never expose real credentials, modify production repositories, or publish/merge changes during a test run.",Playwright + platform UI/API,"cline,market-platform,synthetic-data,mcp_plugins,concurrent-writers"
Cline,MCP Servers and Plugins,CLNE-MCP_PLUG-00131,MCP Servers and Plugins: load tools from the declared mock MCP configuration (transient retry),Cline: load tools from the declared mock MCP configuration with transient retry,Resilience,High,"Non-production tenant or isolated local fixture; synthetic records only; Inject one transient service failure, restore the dependency, and retry. Safety boundary: Use disposable synthetic repositories and mock integrations only. Never expose real credentials, modify production repositories, or publish/merge changes during a test run.","1. Create a disposable, versioned synthetic fixture: Inject one transient service failure, restore the dependency, and retry. 2. Execute the platform workflow to load tools from the declared mock MCP configuration. 3. Capture the committed result, resource version, or run status. 4. Compare the result with the source fixture and the declared invariant. 5. Repeat or recover the operation when applicable; verify access, audit evidence, and side effects.","The platform must correctly load tools from the declared mock MCP configuration; the transient retry condition follows the configured contract; valid state is preserved, invalid or unauthorized work is rejected or quarantined without silent loss, retries do not duplicate side effects, lineage and audit evidence remain available, and no production records or credentials are used. Safety boundary: Use disposable synthetic repositories and mock integrations only. Never expose real credentials, modify production repositories, or publish/merge changes during a test run.",Playwright + platform UI/API,"cline,market-platform,synthetic-data,mcp_plugins,transient-retry"
Cline,MCP Servers and Plugins,CLNE-MCP_PLUG-00132,MCP Servers and Plugins: validate MCP server launch settings before connecting (transient retry),Cline: validate MCP server launch settings before connecting with transient retry,Resilience,High,"Non-production tenant or isolated local fixture; synthetic records only; Inject one transient service failure, restore the dependency, and retry. Safety boundary: Use disposable synthetic repositories and mock integrations only. Never expose real credentials, modify production repositories, or publish/merge changes during a test run.","1. Create a disposable, versioned synthetic fixture: Inject one transient service failure, restore the dependency, and retry. 2. Execute the platform workflow to validate MCP server launch settings before connecting. 3. Capture the committed result, resource version, or run status. 4. Compare the result with the source fixture and the declared invariant. 5. Repeat or recover the operation when applicable; verify access, audit evidence, and side effects.","The platform must correctly validate MCP server launch settings before connecting; the transient retry condition follows the configured contract; valid state is preserved, invalid or unauthorized work is rejected or quarantined without silent loss, retries do not duplicate side effects, lineage and audit evidence remain available, and no production records or credentials are used. Safety boundary: Use disposable synthetic repositories and mock integrations only. Never expose real credentials, modify production repositories, or publish/merge changes during a test run.",Playwright + platform UI/API,"cline,market-platform,synthetic-data,mcp_plugins,transient-retry"
Cline,MCP Servers and Plugins,CLNE-MCP_PLUG-00133,MCP Servers and Plugins: prevent an unlisted server from joining the session (transient retry),Cline: prevent an unlisted server from joining the session with transient retry,Resilience,Medium,"Non-production tenant or isolated local fixture; synthetic records only; Inject one transient service failure, restore the dependency, and retry. Safety boundary: Use disposable synthetic repositories and mock integrations only. Never expose real credentials, modify production repositories, or publish/merge changes during a test run.","1. Create a disposable, versioned synthetic fixture: Inject one transient service failure, restore the dependency, and retry. 2. Execute the platform workflow to prevent an unlisted server from joining the session. 3. Capture the committed result, resource version, or run status. 4. Compare the result with the source fixture and the declared invariant. 5. Repeat or recover the operation when applicable; verify access, audit evidence, and side effects.","The platform must correctly prevent an unlisted server from joining the session; the transient retry condition follows the configured contract; valid state is preserved, invalid or unauthorized work is rejected or quarantined without silent loss, retries do not duplicate side effects, lineage and audit evidence remain available, and no production records or credentials are used. Safety boundary: Use disposable synthetic repositories and mock integrations only. Never expose real credentials, modify production repositories, or publish/merge changes during a test run.",Playwright + platform UI/API,"cline,market-platform,synthetic-data,mcp_plugins,transient-retry"
Cline,MCP Servers and Plugins,CLNE-MCP_PLUG-00134,MCP Servers and Plugins: register a plugin with only its declared tools (transient retry),Cline: register a plugin with only its declared tools with transient retry,Resilience,High,"Non-production tenant or isolated local fixture; synthetic records only; Inject one transient service failure, restore the dependency, and retry. Safety boundary: Use disposable synthetic repositories and mock integrations only. Never expose real credentials, modify production repositories, or publish/merge changes during a test run.","1. Create a disposable, versioned synthetic fixture: Inject one transient service failure, restore the dependency, and retry. 2. Execute the platform workflow to register a plugin with only its declared tools. 3. Capture the committed result, resource version, or run status. 4. Compare the result with the source fixture and the declared invariant. 5. Repeat or recover the operation when applicable; verify access, audit evidence, and side effects.","The platform must correctly register a plugin with only its declared tools; the transient retry condition follows the configured contract; valid state is preserved, invalid or unauthorized work is rejected or quarantined without silent loss, retries do not duplicate side effects, lineage and audit evidence remain available, and no production records or credentials are used. Safety boundary: Use disposable synthetic repositories and mock integrations only. Never expose real credentials, modify production repositories, or publish/merge changes during a test run.",Playwright + platform UI/API,"cline,market-platform,synthetic-data,mcp_plugins,transient-retry"
Cline,MCP Servers and Plugins,CLNE-MCP_PLUG-00135,MCP Servers and Plugins: reject a plugin whose manifest has an invalid schema (transient retry),Cline: reject a plugin whose manifest has an invalid schema with transient retry,Resilience,High,"Non-production tenant or isolated local fixture; synthetic records only; Inject one transient service failure, restore the dependency, and retry. Safety boundary: Use disposable synthetic repositories and mock integrations only. Never expose real credentials, modify production repositories, or publish/merge changes during a test run.","1. Create a disposable, versioned synthetic fixture: Inject one transient service failure, restore the dependency, and retry. 2. Execute the platform workflow to reject a plugin whose manifest has an invalid schema. 3. Capture the committed result, resource version, or run status. 4. Compare the result with the source fixture and the declared invariant. 5. Repeat or recover the operation when applicable; verify access, audit evidence, and side effects.","The platform must correctly reject a plugin whose manifest has an invalid schema; the transient retry condition follows the configured contract; valid state is preserved, invalid or unauthorized work is rejected or quarantined without silent loss, retries do not duplicate side effects, lineage and audit evidence remain available, and no production records or credentials are used. Safety boundary: Use disposable synthetic repositories and mock integrations only. Never expose real credentials, modify production repositories, or publish/merge changes during a test run.",Playwright + platform UI/API,"cline,market-platform,synthetic-data,mcp_plugins,transient-retry"
Cline,MCP Servers and Plugins,CLNE-MCP_PLUG-00136,MCP Servers and Plugins: handle a missing MCP process without hanging the task (transient retry),Cline: handle a missing MCP process without hanging the task with transient retry,Resilience,High,"Non-production tenant or isolated local fixture; synthetic records only; Inject one transient service failure, restore the dependency, and retry. Safety boundary: Use disposable synthetic repositories and mock integrations only. Never expose real credentials, modify production repositories, or publish/merge changes during a test run.","1. Create a disposable, versioned synthetic fixture: Inject one transient service failure, restore the dependency, and retry. 2. Execute the platform workflow to handle a missing MCP process without hanging the task. 3. Capture the committed result, resource version, or run status. 4. Compare the result with the source fixture and the declared invariant. 5. Repeat or recover the operation when applicable; verify access, audit evidence, and side effects.","The platform must correctly handle a missing MCP process without hanging the task; the transient retry condition follows the configured contract; valid state is preserved, invalid or unauthorized work is rejected or quarantined without silent loss, retries do not duplicate side effects, lineage and audit evidence remain available, and no production records or credentials are used. Safety boundary: Use disposable synthetic repositories and mock integrations only. Never expose real credentials, modify production repositories, or publish/merge changes during a test run.",Playwright + platform UI/API,"cline,market-platform,synthetic-data,mcp_plugins,transient-retry"
Cline,MCP Servers and Plugins,CLNE-MCP_PLUG-00137,MCP Servers and Plugins: redact server environment secrets from diagnostics (transient retry),Cline: redact server environment secrets from diagnostics with transient retry,Resilience,Medium,"Non-production tenant or isolated local fixture; synthetic records only; Inject one transient service failure, restore the dependency, and retry. Safety boundary: Use disposable synthetic repositories and mock integrations only. Never expose real credentials, modify production repositories, or publish/merge changes during a test run.","1. Create a disposable, versioned synthetic fixture: Inject one transient service failure, restore the dependency, and retry. 2. Execute the platform workflow to redact server environment secrets from diagnostics. 3. Capture the committed result, resource version, or run status. 4. Compare the result with the source fixture and the declared invariant. 5. Repeat or recover the operation when applicable; verify access, audit evidence, and side effects.","The platform must correctly redact server environment secrets from diagnostics; the transient retry condition follows the configured contract; valid state is preserved, invalid or unauthorized work is rejected or quarantined without silent loss, retries do not duplicate side effects, lineage and audit evidence remain available, and no production records or credentials are used. Safety boundary: Use disposable synthetic repositories and mock integrations only. Never expose real credentials, modify production repositories, or publish/merge changes during a test run.",Playwright + platform UI/API,"cline,market-platform,synthetic-data,mcp_plugins,transient-retry"
Cline,MCP Servers and Plugins,CLNE-MCP_PLUG-00138,MCP Servers and Plugins: disable a plugin and remove its tool definitions (transient retry),Cline: disable a plugin and remove its tool definitions with transient retry,Resilience,High,"Non-production tenant or isolated local fixture; synthetic records only; Inject one transient service failure, restore the dependency, and retry. Safety boundary: Use disposable synthetic repositories and mock integrations only. Never expose real credentials, modify production repositories, or publish/merge changes during a test run.","1. Create a disposable, versioned synthetic fixture: Inject one transient service failure, restore the dependency, and retry. 2. Execute the platform workflow to disable a plugin and remove its tool definitions. 3. Capture the committed result, resource version, or run status. 4. Compare the result with the source fixture and the declared invariant. 5. Repeat or recover the operation when applicable; verify access, audit evidence, and side effects.","The platform must correctly disable a plugin and remove its tool definitions; the transient retry condition follows the configured contract; valid state is preserved, invalid or unauthorized work is rejected or quarantined without silent loss, retries do not duplicate side effects, lineage and audit evidence remain available, and no production records or credentials are used. Safety boundary: Use disposable synthetic repositories and mock integrations only. Never expose real credentials, modify production repositories, or publish/merge changes during a test run.",Playwright + platform UI/API,"cline,market-platform,synthetic-data,mcp_plugins,transient-retry"
Cline,MCP Servers and Plugins,CLNE-MCP_PLUG-00139,MCP Servers and Plugins: restrict custom tools to the authorized workspace (transient retry),Cline: restrict custom tools to the authorized workspace with transient retry,Resilience,High,"Non-production tenant or isolated local fixture; synthetic records only; Inject one transient service failure, restore the dependency, and retry. Safety boundary: Use disposable synthetic repositories and mock integrations only. Never expose real credentials, modify production repositories, or publish/merge changes during a test run.","1. Create a disposable, versioned synthetic fixture: Inject one transient service failure, restore the dependency, and retry. 2. Execute the platform workflow to restrict custom tools to the authorized workspace. 3. Capture the committed result, resource version, or run status. 4. Compare the result with the source fixture and the declared invariant. 5. Repeat or recover the operation when applicable; verify access, audit evidence, and side effects.","The platform must correctly restrict custom tools to the authorized workspace; the transient retry condition follows the configured contract; valid state is preserved, invalid or unauthorized work is rejected or quarantined without silent loss, retries do not duplicate side effects, lineage and audit evidence remain available, and no production records or credentials are used. Safety boundary: Use disposable synthetic repositories and mock integrations only. Never expose real credentials, modify production repositories, or publish/merge changes during a test run.",Playwright + platform UI/API,"cline,market-platform,synthetic-data,mcp_plugins,transient-retry"
Cline,MCP Servers and Plugins,CLNE-MCP_PLUG-00140,MCP Servers and Plugins: audit MCP and plugin lifecycle actions (transient retry),Cline: audit MCP and plugin lifecycle actions with transient retry,Resilience,High,"Non-production tenant or isolated local fixture; synthetic records only; Inject one transient service failure, restore the dependency, and retry. Safety boundary: Use disposable synthetic repositories and mock integrations only. Never expose real credentials, modify production repositories, or publish/merge changes during a test run.","1. Create a disposable, versioned synthetic fixture: Inject one transient service failure, restore the dependency, and retry. 2. Execute the platform workflow to audit MCP and plugin lifecycle actions. 3. Capture the committed result, resource version, or run status. 4. Compare the result with the source fixture and the declared invariant. 5. Repeat or recover the operation when applicable; verify access, audit evidence, and side effects.","The platform must correctly audit MCP and plugin lifecycle actions; the transient retry condition follows the configured contract; valid state is preserved, invalid or unauthorized work is rejected or quarantined without silent loss, retries do not duplicate side effects, lineage and audit evidence remain available, and no production records or credentials are used. Safety boundary: Use disposable synthetic repositories and mock integrations only. Never expose real credentials, modify production repositories, or publish/merge changes during a test run.",Playwright + platform UI/API,"cline,market-platform,synthetic-data,mcp_plugins,transient-retry"
Cline,MCP Servers and Plugins,CLNE-MCP_PLUG-00141,MCP Servers and Plugins: load tools from the declared mock MCP configuration (commit conflict),Cline: load tools from the declared mock MCP configuration with commit conflict,Functional,Medium,"Non-production tenant or isolated local fixture; synthetic records only; Advance the resource version between read and write to create an optimistic conflict. Safety boundary: Use disposable synthetic repositories and mock integrations only. Never expose real credentials, modify production repositories, or publish/merge changes during a test run.","1. Create a disposable, versioned synthetic fixture: Advance the resource version between read and write to create an optimistic conflict. 2. Execute the platform workflow to load tools from the declared mock MCP configuration. 3. Capture the committed result, resource version, or run status. 4. Compare the result with the source fixture and the declared invariant. 5. Repeat or recover the operation when applicable; verify access, audit evidence, and side effects.","The platform must correctly load tools from the declared mock MCP configuration; the commit conflict condition follows the configured contract; valid state is preserved, invalid or unauthorized work is rejected or quarantined without silent loss, retries do not duplicate side effects, lineage and audit evidence remain available, and no production records or credentials are used. Safety boundary: Use disposable synthetic repositories and mock integrations only. Never expose real credentials, modify production repositories, or publish/merge changes during a test run.",Playwright + platform UI/API,"cline,market-platform,synthetic-data,mcp_plugins,commit-conflict"
Cline,MCP Servers and Plugins,CLNE-MCP_PLUG-00142,MCP Servers and Plugins: validate MCP server launch settings before connecting (commit conflict),Cline: validate MCP server launch settings before connecting with commit conflict,Functional,High,"Non-production tenant or isolated local fixture; synthetic records only; Advance the resource version between read and write to create an optimistic conflict. Safety boundary: Use disposable synthetic repositories and mock integrations only. Never expose real credentials, modify production repositories, or publish/merge changes during a test run.","1. Create a disposable, versioned synthetic fixture: Advance the resource version between read and write to create an optimistic conflict. 2. Execute the platform workflow to validate MCP server launch settings before connecting. 3. Capture the committed result, resource version, or run status. 4. Compare the result with the source fixture and the declared invariant. 5. Repeat or recover the operation when applicable; verify access, audit evidence, and side effects.","The platform must correctly validate MCP server launch settings before connecting; the commit conflict condition follows the configured contract; valid state is preserved, invalid or unauthorized work is rejected or quarantined without silent loss, retries do not duplicate side effects, lineage and audit evidence remain available, and no production records or credentials are used. Safety boundary: Use disposable synthetic repositories and mock integrations only. Never expose real credentials, modify production repositories, or publish/merge changes during a test run.",Playwright + platform UI/API,"cline,market-platform,synthetic-data,mcp_plugins,commit-conflict"
Cline,MCP Servers and Plugins,CLNE-MCP_PLUG-00143,MCP Servers and Plugins: prevent an unlisted server from joining the session (commit conflict),Cline: prevent an unlisted server from joining the session with commit conflict,Functional,High,"Non-production tenant or isolated local fixture; synthetic records only; Advance the resource version between read and write to create an optimistic conflict. Safety boundary: Use disposable synthetic repositories and mock integrations only. Never expose real credentials, modify production repositories, or publish/merge changes during a test run.","1. Create a disposable, versioned synthetic fixture: Advance the resource version between read and write to create an optimistic conflict. 2. Execute the platform workflow to prevent an unlisted server from joining the session. 3. Capture the committed result, resource version, or run status. 4. Compare the result with the source fixture and the declared invariant. 5. Repeat or recover the operation when applicable; verify access, audit evidence, and side effects.","The platform must correctly prevent an unlisted server from joining the session; the commit conflict condition follows the configured contract; valid state is preserved, invalid or unauthorized work is rejected or quarantined without silent loss, retries do not duplicate side effects, lineage and audit evidence remain available, and no production records or credentials are used. Safety boundary: Use disposable synthetic repositories and mock integrations only. Never expose real credentials, modify production repositories, or publish/merge changes during a test run.",Playwright + platform UI/API,"cline,market-platform,synthetic-data,mcp_plugins,commit-conflict"
Cline,MCP Servers and Plugins,CLNE-MCP_PLUG-00144,MCP Servers and Plugins: register a plugin with only its declared tools (commit conflict),Cline: register a plugin with only its declared tools with commit conflict,Functional,High,"Non-production tenant or isolated local fixture; synthetic records only; Advance the resource version between read and write to create an optimistic conflict. Safety boundary: Use disposable synthetic repositories and mock integrations only. Never expose real credentials, modify production repositories, or publish/merge changes during a test run.","1. Create a disposable, versioned synthetic fixture: Advance the resource version between read and write to create an optimistic conflict. 2. Execute the platform workflow to register a plugin with only its declared tools. 3. Capture the committed result, resource version, or run status. 4. Compare the result with the source fixture and the declared invariant. 5. Repeat or recover the operation when applicable; verify access, audit evidence, and side effects.","The platform must correctly register a plugin with only its declared tools; the commit conflict condition follows the configured contract; valid state is preserved, invalid or unauthorized work is rejected or quarantined without silent loss, retries do not duplicate side effects, lineage and audit evidence remain available, and no production records or credentials are used. Safety boundary: Use disposable synthetic repositories and mock integrations only. Never expose real credentials, modify production repositories, or publish/merge changes during a test run.",Playwright + platform UI/API,"cline,market-platform,synthetic-data,mcp_plugins,commit-conflict"
Cline,MCP Servers and Plugins,CLNE-MCP_PLUG-00145,MCP Servers and Plugins: reject a plugin whose manifest has an invalid schema (commit conflict),Cline: reject a plugin whose manifest has an invalid schema with commit conflict,Functional,Medium,"Non-production tenant or isolated local fixture; synthetic records only; Advance the resource version between read and write to create an optimistic conflict. Safety boundary: Use disposable synthetic repositories and mock integrations only. Never expose real credentials, modify production repositories, or publish/merge changes during a test run.","1. Create a disposable, versioned synthetic fixture: Advance the resource version between read and write to create an optimistic conflict. 2. Execute the platform workflow to reject a plugin whose manifest has an invalid schema. 3. Capture the committed result, resource version, or run status. 4. Compare the result with the source fixture and the declared invariant. 5. Repeat or recover the operation when applicable; verify access, audit evidence, and side effects.","The platform must correctly reject a plugin whose manifest has an invalid schema; the commit conflict condition follows the configured contract; valid state is preserved, invalid or unauthorized work is rejected or quarantined without silent loss, retries do not duplicate side effects, lineage and audit evidence remain available, and no production records or credentials are used. Safety boundary: Use disposable synthetic repositories and mock integrations only. Never expose real credentials, modify production repositories, or publish/merge changes during a test run.",Playwright + platform UI/API,"cline,market-platform,synthetic-data,mcp_plugins,commit-conflict"
Cline,MCP Servers and Plugins,CLNE-MCP_PLUG-00146,MCP Servers and Plugins: handle a missing MCP process without hanging the task (commit conflict),Cline: handle a missing MCP process without hanging the task with commit conflict,Functional,High,"Non-production tenant or isolated local fixture; synthetic records only; Advance the resource version between read and write to create an optimistic conflict. Safety boundary: Use disposable synthetic repositories and mock integrations only. Never expose real credentials, modify production repositories, or publish/merge changes during a test run.","1. Create a disposable, versioned synthetic fixture: Advance the resource version between read and write to create an optimistic conflict. 2. Execute the platform workflow to handle a missing MCP process without hanging the task. 3. Capture the committed result, resource version, or run status. 4. Compare the result with the source fixture and the declared invariant. 5. Repeat or recover the operation when applicable; verify access, audit evidence, and side effects.","The platform must correctly handle a missing MCP process without hanging the task; the commit conflict condition follows the configured contract; valid state is preserved, invalid or unauthorized work is rejected or quarantined without silent loss, retries do not duplicate side effects, lineage and audit evidence remain available, and no production records or credentials are used. Safety boundary: Use disposable synthetic repositories and mock integrations only. Never expose real credentials, modify production repositories, or publish/merge changes during a test run.",Playwright + platform UI/API,"cline,market-platform,synthetic-data,mcp_plugins,commit-conflict"
Cline,MCP Servers and Plugins,CLNE-MCP_PLUG-00147,MCP Servers and Plugins: redact server environment secrets from diagnostics (commit conflict),Cline: redact server environment secrets from diagnostics with commit conflict,Functional,High,"Non-production tenant or isolated local fixture; synthetic records only; Advance the resource version between read and write to create an optimistic conflict. Safety boundary: Use disposable synthetic repositories and mock integrations only. Never expose real credentials, modify production repositories, or publish/merge changes during a test run.","1. Create a disposable, versioned synthetic fixture: Advance the resource version between read and write to create an optimistic conflict. 2. Execute the platform workflow to redact server environment secrets from diagnostics. 3. Capture the committed result, resource version, or run status. 4. Compare the result with the source fixture and the declared invariant. 5. Repeat or recover the operation when applicable; verify access, audit evidence, and side effects.","The platform must correctly redact server environment secrets from diagnostics; the commit conflict condition follows the configured contract; valid state is preserved, invalid or unauthorized work is rejected or quarantined without silent loss, retries do not duplicate side effects, lineage and audit evidence remain available, and no production records or credentials are used. Safety boundary: Use disposable synthetic repositories and mock integrations only. Never expose real credentials, modify production repositories, or publish/merge changes during a test run.",Playwright + platform UI/API,"cline,market-platform,synthetic-data,mcp_plugins,commit-conflict"
Cline,MCP Servers and Plugins,CLNE-MCP_PLUG-00148,MCP Servers and Plugins: disable a plugin and remove its tool definitions (commit conflict),Cline: disable a plugin and remove its tool definitions with commit conflict,Functional,High,"Non-production tenant or isolated local fixture; synthetic records only; Advance the resource version between read and write to create an optimistic conflict. Safety boundary: Use disposable synthetic repositories and mock integrations only. Never expose real credentials, modify production repositories, or publish/merge changes during a test run.","1. Create a disposable, versioned synthetic fixture: Advance the resource version between read and write to create an optimistic conflict. 2. Execute the platform workflow to disable a plugin and remove its tool definitions. 3. Capture the committed result, resource version, or run status. 4. Compare the result with the source fixture and the declared invariant. 5. Repeat or recover the operation when applicable; verify access, audit evidence, and side effects.","The platform must correctly disable a plugin and remove its tool definitions; the commit conflict condition follows the configured contract; valid state is preserved, invalid or unauthorized work is rejected or quarantined without silent loss, retries do not duplicate side effects, lineage and audit evidence remain available, and no production records or credentials are used. Safety boundary: Use disposable synthetic repositories and mock integrations only. Never expose real credentials, modify production repositories, or publish/merge changes during a test run.",Playwright + platform UI/API,"cline,market-platform,synthetic-data,mcp_plugins,commit-conflict"
Cline,MCP Servers and Plugins,CLNE-MCP_PLUG-00149,MCP Servers and Plugins: restrict custom tools to the authorized workspace (commit conflict),Cline: restrict custom tools to the authorized workspace with commit conflict,Functional,Medium,"Non-production tenant or isolated local fixture; synthetic records only; Advance the resource version between read and write to create an optimistic conflict. Safety boundary: Use disposable synthetic repositories and mock integrations only. Never expose real credentials, modify production repositories, or publish/merge changes during a test run.","1. Create a disposable, versioned synthetic fixture: Advance the resource version between read and write to create an optimistic conflict. 2. Execute the platform workflow to restrict custom tools to the authorized workspace. 3. Capture the committed result, resource version, or run status. 4. Compare the result with the source fixture and the declared invariant. 5. Repeat or recover the operation when applicable; verify access, audit evidence, and side effects.","The platform must correctly restrict custom tools to the authorized workspace; the commit conflict condition follows the configured contract; valid state is preserved, invalid or unauthorized work is rejected or quarantined without silent loss, retries do not duplicate side effects, lineage and audit evidence remain available, and no production records or credentials are used. Safety boundary: Use disposable synthetic repositories and mock integrations only. Never expose real credentials, modify production repositories, or publish/merge changes during a test run.",Playwright + platform UI/API,"cline,market-platform,synthetic-data,mcp_plugins,commit-conflict"
Cline,MCP Servers and Plugins,CLNE-MCP_PLUG-00150,MCP Servers and Plugins: audit MCP and plugin lifecycle actions (commit conflict),Cline: audit MCP and plugin lifecycle actions with commit conflict,Functional,High,"Non-production tenant or isolated local fixture; synthetic records only; Advance the resource version between read and write to create an optimistic conflict. Safety boundary: Use disposable synthetic repositories and mock integrations only. Never expose real credentials, modify production repositories, or publish/merge changes during a test run.","1. Create a disposable, versioned synthetic fixture: Advance the resource version between read and write to create an optimistic conflict. 2. Execute the platform workflow to audit MCP and plugin lifecycle actions. 3. Capture the committed result, resource version, or run status. 4. Compare the result with the source fixture and the declared invariant. 5. Repeat or recover the operation when applicable; verify access, audit evidence, and side effects.","The platform must correctly audit MCP and plugin lifecycle actions; the commit conflict condition follows the configured contract; valid state is preserved, invalid or unauthorized work is rejected or quarantined without silent loss, retries do not duplicate side effects, lineage and audit evidence remain available, and no production records or credentials are used. Safety boundary: Use disposable synthetic repositories and mock integrations only. Never expose real credentials, modify production repositories, or publish/merge changes during a test run.",Playwright + platform UI/API,"cline,market-platform,synthetic-data,mcp_plugins,commit-conflict"
Cline,MCP Servers and Plugins,CLNE-MCP_PLUG-00151,MCP Servers and Plugins: load tools from the declared mock MCP configuration (rollback and replay),Cline: load tools from the declared mock MCP configuration with rollback and replay,Functional,High,"Non-production tenant or isolated local fixture; synthetic records only; Restore a prior version in a disposable fixture and replay the same operation. Safety boundary: Use disposable synthetic repositories and mock integrations only. Never expose real credentials, modify production repositories, or publish/merge changes during a test run.","1. Create a disposable, versioned synthetic fixture: Restore a prior version in a disposable fixture and replay the same operation. 2. Execute the platform workflow to load tools from the declared mock MCP configuration. 3. Capture the committed result, resource version, or run status. 4. Compare the result with the source fixture and the declared invariant. 5. Repeat or recover the operation when applicable; verify access, audit evidence, and side effects.","The platform must correctly load tools from the declared mock MCP configuration; the rollback and replay condition follows the configured contract; valid state is preserved, invalid or unauthorized work is rejected or quarantined without silent loss, retries do not duplicate side effects, lineage and audit evidence remain available, and no production records or credentials are used. Safety boundary: Use disposable synthetic repositories and mock integrations only. Never expose real credentials, modify production repositories, or publish/merge changes during a test run.",Playwright + platform UI/API,"cline,market-platform,synthetic-data,mcp_plugins,rollback-and-replay"
Cline,MCP Servers and Plugins,CLNE-MCP_PLUG-00152,MCP Servers and Plugins: validate MCP server launch settings before connecting (rollback and replay),Cline: validate MCP server launch settings before connecting with rollback and replay,Functional,High,"Non-production tenant or isolated local fixture; synthetic records only; Restore a prior version in a disposable fixture and replay the same operation. Safety boundary: Use disposable synthetic repositories and mock integrations only. Never expose real credentials, modify production repositories, or publish/merge changes during a test run.","1. Create a disposable, versioned synthetic fixture: Restore a prior version in a disposable fixture and replay the same operation. 2. Execute the platform workflow to validate MCP server launch settings before connecting. 3. Capture the committed result, resource version, or run status. 4. Compare the result with the source fixture and the declared invariant. 5. Repeat or recover the operation when applicable; verify access, audit evidence, and side effects.","The platform must correctly validate MCP server launch settings before connecting; the rollback and replay condition follows the configured contract; valid state is preserved, invalid or unauthorized work is rejected or quarantined without silent loss, retries do not duplicate side effects, lineage and audit evidence remain available, and no production records or credentials are used. Safety boundary: Use disposable synthetic repositories and mock integrations only. Never expose real credentials, modify production repositories, or publish/merge changes during a test run.",Playwright + platform UI/API,"cline,market-platform,synthetic-data,mcp_plugins,rollback-and-replay"
Cline,MCP Servers and Plugins,CLNE-MCP_PLUG-00153,MCP Servers and Plugins: prevent an unlisted server from joining the session (rollback and replay),Cline: prevent an unlisted server from joining the session with rollback and replay,Functional,Medium,"Non-production tenant or isolated local fixture; synthetic records only; Restore a prior version in a disposable fixture and replay the same operation. Safety boundary: Use disposable synthetic repositories and mock integrations only. Never expose real credentials, modify production repositories, or publish/merge changes during a test run.","1. Create a disposable, versioned synthetic fixture: Restore a prior version in a disposable fixture and replay the same operation. 2. Execute the platform workflow to prevent an unlisted server from joining the session. 3. Capture the committed result, resource version, or run status. 4. Compare the result with the source fixture and the declared invariant. 5. Repeat or recover the operation when applicable; verify access, audit evidence, and side effects.","The platform must correctly prevent an unlisted server from joining the session; the rollback and replay condition follows the configured contract; valid state is preserved, invalid or unauthorized work is rejected or quarantined without silent loss, retries do not duplicate side effects, lineage and audit evidence remain available, and no production records or credentials are used. Safety boundary: Use disposable synthetic repositories and mock integrations only. Never expose real credentials, modify production repositories, or publish/merge changes during a test run.",Playwright + platform UI/API,"cline,market-platform,synthetic-data,mcp_plugins,rollback-and-replay"
Cline,MCP Servers and Plugins,CLNE-MCP_PLUG-00154,MCP Servers and Plugins: register a plugin with only its declared tools (rollback and replay),Cline: register a plugin with only its declared tools with rollback and replay,Functional,High,"Non-production tenant or isolated local fixture; synthetic records only; Restore a prior version in a disposable fixture and replay the same operation. Safety boundary: Use disposable synthetic repositories and mock integrations only. Never expose real credentials, modify production repositories, or publish/merge changes during a test run.","1. Create a disposable, versioned synthetic fixture: Restore a prior version in a disposable fixture and replay the same operation. 2. Execute the platform workflow to register a plugin with only its declared tools. 3. Capture the committed result, resource version, or run status. 4. Compare the result with the source fixture and the declared invariant. 5. Repeat or recover the operation when applicable; verify access, audit evidence, and side effects.","The platform must correctly register a plugin with only its declared tools; the rollback and replay condition follows the configured contract; valid state is preserved, invalid or unauthorized work is rejected or quarantined without silent loss, retries do not duplicate side effects, lineage and audit evidence remain available, and no production records or credentials are used. Safety boundary: Use disposable synthetic repositories and mock integrations only. Never expose real credentials, modify production repositories, or publish/merge changes during a test run.",Playwright + platform UI/API,"cline,market-platform,synthetic-data,mcp_plugins,rollback-and-replay"
Cline,MCP Servers and Plugins,CLNE-MCP_PLUG-00155,MCP Servers and Plugins: reject a plugin whose manifest has an invalid schema (rollback and replay),Cline: reject a plugin whose manifest has an invalid schema with rollback and replay,Functional,High,"Non-production tenant or isolated local fixture; synthetic records only; Restore a prior version in a disposable fixture and replay the same operation. Safety boundary: Use disposable synthetic repositories and mock integrations only. Never expose real credentials, modify production repositories, or publish/merge changes during a test run.","1. Create a disposable, versioned synthetic fixture: Restore a prior version in a disposable fixture and replay the same operation. 2. Execute the platform workflow to reject a plugin whose manifest has an invalid schema. 3. Capture the committed result, resource version, or run status. 4. Compare the result with the source fixture and the declared invariant. 5. Repeat or recover the operation when applicable; verify access, audit evidence, and side effects.","The platform must correctly reject a plugin whose manifest has an invalid schema; the rollback and replay condition follows the configured contract; valid state is preserved, invalid or unauthorized work is rejected or quarantined without silent loss, retries do not duplicate side effects, lineage and audit evidence remain available, and no production records or credentials are used. Safety boundary: Use disposable synthetic repositories and mock integrations only. Never expose real credentials, modify production repositories, or publish/merge changes during a test run.",Playwright + platform UI/API,"cline,market-platform,synthetic-data,mcp_plugins,rollback-and-replay"
Cline,MCP Servers and Plugins,CLNE-MCP_PLUG-00156,MCP Servers and Plugins: handle a missing MCP process without hanging the task (rollback and replay),Cline: handle a missing MCP process without hanging the task with rollback and replay,Functional,High,"Non-production tenant or isolated local fixture; synthetic records only; Restore a prior version in a disposable fixture and replay the same operation. Safety boundary: Use disposable synthetic repositories and mock integrations only. Never expose real credentials, modify production repositories, or publish/merge changes during a test run.","1. Create a disposable, versioned synthetic fixture: Restore a prior version in a disposable fixture and replay the same operation. 2. Execute the platform workflow to handle a missing MCP process without hanging the task. 3. Capture the committed result, resource version, or run status. 4. Compare the result with the source fixture and the declared invariant. 5. Repeat or recover the operation when applicable; verify access, audit evidence, and side effects.","The platform must correctly handle a missing MCP process without hanging the task; the rollback and replay condition follows the configured contract; valid state is preserved, invalid or unauthorized work is rejected or quarantined without silent loss, retries do not duplicate side effects, lineage and audit evidence remain available, and no production records or credentials are used. Safety boundary: Use disposable synthetic repositories and mock integrations only. Never expose real credentials, modify production repositories, or publish/merge changes during a test run.",Playwright + platform UI/API,"cline,market-platform,synthetic-data,mcp_plugins,rollback-and-replay"
Cline,MCP Servers and Plugins,CLNE-MCP_PLUG-00157,MCP Servers and Plugins: redact server environment secrets from diagnostics (rollback and replay),Cline: redact server environment secrets from diagnostics with rollback and replay,Functional,Medium,"Non-production tenant or isolated local fixture; synthetic records only; Restore a prior version in a disposable fixture and replay the same operation. Safety boundary: Use disposable synthetic repositories and mock integrations only. Never expose real credentials, modify production repositories, or publish/merge changes during a test run.","1. Create a disposable, versioned synthetic fixture: Restore a prior version in a disposable fixture and replay the same operation. 2. Execute the platform workflow to redact server environment secrets from diagnostics. 3. Capture the committed result, resource version, or run status. 4. Compare the result with the source fixture and the declared invariant. 5. Repeat or recover the operation when applicable; verify access, audit evidence, and side effects.","The platform must correctly redact server environment secrets from diagnostics; the rollback and replay condition follows the configured contract; valid state is preserved, invalid or unauthorized work is rejected or quarantined without silent loss, retries do not duplicate side effects, lineage and audit evidence remain available, and no production records or credentials are used. Safety boundary: Use disposable synthetic repositories and mock integrations only. Never expose real credentials, modify production repositories, or publish/merge changes during a test run.",Playwright + platform UI/API,"cline,market-platform,synthetic-data,mcp_plugins,rollback-and-replay"
Cline,MCP Servers and Plugins,CLNE-MCP_PLUG-00158,MCP Servers and Plugins: disable a plugin and remove its tool definitions (rollback and replay),Cline: disable a plugin and remove its tool definitions with rollback and replay,Functional,High,"Non-production tenant or isolated local fixture; synthetic records only; Restore a prior version in a disposable fixture and replay the same operation. Safety boundary: Use disposable synthetic repositories and mock integrations only. Never expose real credentials, modify production repositories, or publish/merge changes during a test run.","1. Create a disposable, versioned synthetic fixture: Restore a prior version in a disposable fixture and replay the same operation. 2. Execute the platform workflow to disable a plugin and remove its tool definitions. 3. Capture the committed result, resource version, or run status. 4. Compare the result with the source fixture and the declared invariant. 5. Repeat or recover the operation when applicable; verify access, audit evidence, and side effects.","The platform must correctly disable a plugin and remove its tool definitions; the rollback and replay condition follows the configured contract; valid state is preserved, invalid or unauthorized work is rejected or quarantined without silent loss, retries do not duplicate side effects, lineage and audit evidence remain available, and no production records or credentials are used. Safety boundary: Use disposable synthetic repositories and mock integrations only. Never expose real credentials, modify production repositories, or publish/merge changes during a test run.",Playwright + platform UI/API,"cline,market-platform,synthetic-data,mcp_plugins,rollback-and-replay"
Cline,MCP Servers and Plugins,CLNE-MCP_PLUG-00159,MCP Servers and Plugins: restrict custom tools to the authorized workspace (rollback and replay),Cline: restrict custom tools to the authorized workspace with rollback and replay,Functional,High,"Non-production tenant or isolated local fixture; synthetic records only; Restore a prior version in a disposable fixture and replay the same operation. Safety boundary: Use disposable synthetic repositories and mock integrations only. Never expose real credentials, modify production repositories, or publish/merge changes during a test run.","1. Create a disposable, versioned synthetic fixture: Restore a prior version in a disposable fixture and replay the same operation. 2. Execute the platform workflow to restrict custom tools to the authorized workspace. 3. Capture the committed result, resource version, or run status. 4. Compare the result with the source fixture and the declared invariant. 5. Repeat or recover the operation when applicable; verify access, audit evidence, and side effects.","The platform must correctly restrict custom tools to the authorized workspace; the rollback and replay condition follows the configured contract; valid state is preserved, invalid or unauthorized work is rejected or quarantined without silent loss, retries do not duplicate side effects, lineage and audit evidence remain available, and no production records or credentials are used. Safety boundary: Use disposable synthetic repositories and mock integrations only. Never expose real credentials, modify production repositories, or publish/merge changes during a test run.",Playwright + platform UI/API,"cline,market-platform,synthetic-data,mcp_plugins,rollback-and-replay"
Cline,MCP Servers and Plugins,CLNE-MCP_PLUG-00160,MCP Servers and Plugins: audit MCP and plugin lifecycle actions (rollback and replay),Cline: audit MCP and plugin lifecycle actions with rollback and replay,Functional,High,"Non-production tenant or isolated local fixture; synthetic records only; Restore a prior version in a disposable fixture and replay the same operation. Safety boundary: Use disposable synthetic repositories and mock integrations only. Never expose real credentials, modify production repositories, or publish/merge changes during a test run.","1. Create a disposable, versioned synthetic fixture: Restore a prior version in a disposable fixture and replay the same operation. 2. Execute the platform workflow to audit MCP and plugin lifecycle actions. 3. Capture the committed result, resource version, or run status. 4. Compare the result with the source fixture and the declared invariant. 5. Repeat or recover the operation when applicable; verify access, audit evidence, and side effects.","The platform must correctly audit MCP and plugin lifecycle actions; the rollback and replay condition follows the configured contract; valid state is preserved, invalid or unauthorized work is rejected or quarantined without silent loss, retries do not duplicate side effects, lineage and audit evidence remain available, and no production records or credentials are used. Safety boundary: Use disposable synthetic repositories and mock integrations only. Never expose real credentials, modify production repositories, or publish/merge changes during a test run.",Playwright + platform UI/API,"cline,market-platform,synthetic-data,mcp_plugins,rollback-and-replay"
Cline,MCP Servers and Plugins,CLNE-MCP_PLUG-00161,MCP Servers and Plugins: load tools from the declared mock MCP configuration (Unicode identifiers),Cline: load tools from the declared mock MCP configuration with Unicode identifiers,Functional,Medium,"Non-production tenant or isolated local fixture; synthetic records only; Use Unicode in safe project, model, table, index, and synthetic account labels. Safety boundary: Use disposable synthetic repositories and mock integrations only. Never expose real credentials, modify production repositories, or publish/merge changes during a test run.","1. Create a disposable, versioned synthetic fixture: Use Unicode in safe project, model, table, index, and synthetic account labels. 2. Execute the platform workflow to load tools from the declared mock MCP configuration. 3. Capture the committed result, resource version, or run status. 4. Compare the result with the source fixture and the declared invariant. 5. Repeat or recover the operation when applicable; verify access, audit evidence, and side effects.","The platform must correctly load tools from the declared mock MCP configuration; the Unicode identifiers condition follows the configured contract; valid state is preserved, invalid or unauthorized work is rejected or quarantined without silent loss, retries do not duplicate side effects, lineage and audit evidence remain available, and no production records or credentials are used. Safety boundary: Use disposable synthetic repositories and mock integrations only. Never expose real credentials, modify production repositories, or publish/merge changes during a test run.",Playwright + platform UI/API,"cline,market-platform,synthetic-data,mcp_plugins,Unicode-identifiers"
Cline,MCP Servers and Plugins,CLNE-MCP_PLUG-00162,MCP Servers and Plugins: validate MCP server launch settings before connecting (Unicode identifiers),Cline: validate MCP server launch settings before connecting with Unicode identifiers,Functional,High,"Non-production tenant or isolated local fixture; synthetic records only; Use Unicode in safe project, model, table, index, and synthetic account labels. Safety boundary: Use disposable synthetic repositories and mock integrations only. Never expose real credentials, modify production repositories, or publish/merge changes during a test run.","1. Create a disposable, versioned synthetic fixture: Use Unicode in safe project, model, table, index, and synthetic account labels. 2. Execute the platform workflow to validate MCP server launch settings before connecting. 3. Capture the committed result, resource version, or run status. 4. Compare the result with the source fixture and the declared invariant. 5. Repeat or recover the operation when applicable; verify access, audit evidence, and side effects.","The platform must correctly validate MCP server launch settings before connecting; the Unicode identifiers condition follows the configured contract; valid state is preserved, invalid or unauthorized work is rejected or quarantined without silent loss, retries do not duplicate side effects, lineage and audit evidence remain available, and no production records or credentials are used. Safety boundary: Use disposable synthetic repositories and mock integrations only. Never expose real credentials, modify production repositories, or publish/merge changes during a test run.",Playwright + platform UI/API,"cline,market-platform,synthetic-data,mcp_plugins,Unicode-identifiers"
Cline,MCP Servers and Plugins,CLNE-MCP_PLUG-00163,MCP Servers and Plugins: prevent an unlisted server from joining the session (Unicode identifiers),Cline: prevent an unlisted server from joining the session with Unicode identifiers,Functional,High,"Non-production tenant or isolated local fixture; synthetic records only; Use Unicode in safe project, model, table, index, and synthetic account labels. Safety boundary: Use disposable synthetic repositories and mock integrations only. Never expose real credentials, modify production repositories, or publish/merge changes during a test run.","1. Create a disposable, versioned synthetic fixture: Use Unicode in safe project, model, table, index, and synthetic account labels. 2. Execute the platform workflow to prevent an unlisted server from joining the session. 3. Capture the committed result, resource version, or run status. 4. Compare the result with the source fixture and the declared invariant. 5. Repeat or recover the operation when applicable; verify access, audit evidence, and side effects.","The platform must correctly prevent an unlisted server from joining the session; the Unicode identifiers condition follows the configured contract; valid state is preserved, invalid or unauthorized work is rejected or quarantined without silent loss, retries do not duplicate side effects, lineage and audit evidence remain available, and no production records or credentials are used. Safety boundary: Use disposable synthetic repositories and mock integrations only. Never expose real credentials, modify production repositories, or publish/merge changes during a test run.",Playwright + platform UI/API,"cline,market-platform,synthetic-data,mcp_plugins,Unicode-identifiers"
Cline,MCP Servers and Plugins,CLNE-MCP_PLUG-00164,MCP Servers and Plugins: register a plugin with only its declared tools (Unicode identifiers),Cline: register a plugin with only its declared tools with Unicode identifiers,Functional,High,"Non-production tenant or isolated local fixture; synthetic records only; Use Unicode in safe project, model, table, index, and synthetic account labels. Safety boundary: Use disposable synthetic repositories and mock integrations only. Never expose real credentials, modify production repositories, or publish/merge changes during a test run.","1. Create a disposable, versioned synthetic fixture: Use Unicode in safe project, model, table, index, and synthetic account labels. 2. Execute the platform workflow to register a plugin with only its declared tools. 3. Capture the committed result, resource version, or run status. 4. Compare the result with the source fixture and the declared invariant. 5. Repeat or recover the operation when applicable; verify access, audit evidence, and side effects.","The platform must correctly register a plugin with only its declared tools; the Unicode identifiers condition follows the configured contract; valid state is preserved, invalid or unauthorized work is rejected or quarantined without silent loss, retries do not duplicate side effects, lineage and audit evidence remain available, and no production records or credentials are used. Safety boundary: Use disposable synthetic repositories and mock integrations only. Never expose real credentials, modify production repositories, or publish/merge changes during a test run.",Playwright + platform UI/API,"cline,market-platform,synthetic-data,mcp_plugins,Unicode-identifiers"
Cline,MCP Servers and Plugins,CLNE-MCP_PLUG-00165,MCP Servers and Plugins: reject a plugin whose manifest has an invalid schema (Unicode identifiers),Cline: reject a plugin whose manifest has an invalid schema with Unicode identifiers,Functional,Medium,"Non-production tenant or isolated local fixture; synthetic records only; Use Unicode in safe project, model, table, index, and synthetic account labels. Safety boundary: Use disposable synthetic repositories and mock integrations only. Never expose real credentials, modify production repositories, or publish/merge changes during a test run.","1. Create a disposable, versioned synthetic fixture: Use Unicode in safe project, model, table, index, and synthetic account labels. 2. Execute the platform workflow to reject a plugin whose manifest has an invalid schema. 3. Capture the committed result, resource version, or run status. 4. Compare the result with the source fixture and the declared invariant. 5. Repeat or recover the operation when applicable; verify access, audit evidence, and side effects.","The platform must correctly reject a plugin whose manifest has an invalid schema; the Unicode identifiers condition follows the configured contract; valid state is preserved, invalid or unauthorized work is rejected or quarantined without silent loss, retries do not duplicate side effects, lineage and audit evidence remain available, and no production records or credentials are used. Safety boundary: Use disposable synthetic repositories and mock integrations only. Never expose real credentials, modify production repositories, or publish/merge changes during a test run.",Playwright + platform UI/API,"cline,market-platform,synthetic-data,mcp_plugins,Unicode-identifiers"
Cline,MCP Servers and Plugins,CLNE-MCP_PLUG-00166,MCP Servers and Plugins: handle a missing MCP process without hanging the task (Unicode identifiers),Cline: handle a missing MCP process without hanging the task with Unicode identifiers,Functional,High,"Non-production tenant or isolated local fixture; synthetic records only; Use Unicode in safe project, model, table, index, and synthetic account labels. Safety boundary: Use disposable synthetic repositories and mock integrations only. Never expose real credentials, modify production repositories, or publish/merge changes during a test run.","1. Create a disposable, versioned synthetic fixture: Use Unicode in safe project, model, table, index, and synthetic account labels. 2. Execute the platform workflow to handle a missing MCP process without hanging the task. 3. Capture the committed result, resource version, or run status. 4. Compare the result with the source fixture and the declared invariant. 5. Repeat or recover the operation when applicable; verify access, audit evidence, and side effects.","The platform must correctly handle a missing MCP process without hanging the task; the Unicode identifiers condition follows the configured contract; valid state is preserved, invalid or unauthorized work is rejected or quarantined without silent loss, retries do not duplicate side effects, lineage and audit evidence remain available, and no production records or credentials are used. Safety boundary: Use disposable synthetic repositories and mock integrations only. Never expose real credentials, modify production repositories, or publish/merge changes during a test run.",Playwright + platform UI/API,"cline,market-platform,synthetic-data,mcp_plugins,Unicode-identifiers"
Cline,MCP Servers and Plugins,CLNE-MCP_PLUG-00167,MCP Servers and Plugins: redact server environment secrets from diagnostics (Unicode identifiers),Cline: redact server environment secrets from diagnostics with Unicode identifiers,Functional,High,"Non-production tenant or isolated local fixture; synthetic records only; Use Unicode in safe project, model, table, index, and synthetic account labels. Safety boundary: Use disposable synthetic repositories and mock integrations only. Never expose real credentials, modify production repositories, or publish/merge changes during a test run.","1. Create a disposable, versioned synthetic fixture: Use Unicode in safe project, model, table, index, and synthetic account labels. 2. Execute the platform workflow to redact server environment secrets from diagnostics. 3. Capture the committed result, resource version, or run status. 4. Compare the result with the source fixture and the declared invariant. 5. Repeat or recover the operation when applicable; verify access, audit evidence, and side effects.","The platform must correctly redact server environment secrets from diagnostics; the Unicode identifiers condition follows the configured contract; valid state is preserved, invalid or unauthorized work is rejected or quarantined without silent loss, retries do not duplicate side effects, lineage and audit evidence remain available, and no production records or credentials are used. Safety boundary: Use disposable synthetic repositories and mock integrations only. Never expose real credentials, modify production repositories, or publish/merge changes during a test run.",Playwright + platform UI/API,"cline,market-platform,synthetic-data,mcp_plugins,Unicode-identifiers"
Cline,MCP Servers and Plugins,CLNE-MCP_PLUG-00168,MCP Servers and Plugins: disable a plugin and remove its tool definitions (Unicode identifiers),Cline: disable a plugin and remove its tool definitions with Unicode identifiers,Functional,High,"Non-production tenant or isolated local fixture; synthetic records only; Use Unicode in safe project, model, table, index, and synthetic account labels. Safety boundary: Use disposable synthetic repositories and mock integrations only. Never expose real credentials, modify production repositories, or publish/merge changes during a test run.","1. Create a disposable, versioned synthetic fixture: Use Unicode in safe project, model, table, index, and synthetic account labels. 2. Execute the platform workflow to disable a plugin and remove its tool definitions. 3. Capture the committed result, resource version, or run status. 4. Compare the result with the source fixture and the declared invariant. 5. Repeat or recover the operation when applicable; verify access, audit evidence, and side effects.","The platform must correctly disable a plugin and remove its tool definitions; the Unicode identifiers condition follows the configured contract; valid state is preserved, invalid or unauthorized work is rejected or quarantined without silent loss, retries do not duplicate side effects, lineage and audit evidence remain available, and no production records or credentials are used. Safety boundary: Use disposable synthetic repositories and mock integrations only. Never expose real credentials, modify production repositories, or publish/merge changes during a test run.",Playwright + platform UI/API,"cline,market-platform,synthetic-data,mcp_plugins,Unicode-identifiers"
Cline,MCP Servers and Plugins,CLNE-MCP_PLUG-00169,MCP Servers and Plugins: restrict custom tools to the authorized workspace (Unicode identifiers),Cline: restrict custom tools to the authorized workspace with Unicode identifiers,Functional,Medium,"Non-production tenant or isolated local fixture; synthetic records only; Use Unicode in safe project, model, table, index, and synthetic account labels. Safety boundary: Use disposable synthetic repositories and mock integrations only. Never expose real credentials, modify production repositories, or publish/merge changes during a test run.","1. Create a disposable, versioned synthetic fixture: Use Unicode in safe project, model, table, index, and synthetic account labels. 2. Execute the platform workflow to restrict custom tools to the authorized workspace. 3. Capture the committed result, resource version, or run status. 4. Compare the result with the source fixture and the declared invariant. 5. Repeat or recover the operation when applicable; verify access, audit evidence, and side effects.","The platform must correctly restrict custom tools to the authorized workspace; the Unicode identifiers condition follows the configured contract; valid state is preserved, invalid or unauthorized work is rejected or quarantined without silent loss, retries do not duplicate side effects, lineage and audit evidence remain available, and no production records or credentials are used. Safety boundary: Use disposable synthetic repositories and mock integrations only. Never expose real credentials, modify production repositories, or publish/merge changes during a test run.",Playwright + platform UI/API,"cline,market-platform,synthetic-data,mcp_plugins,Unicode-identifiers"
Cline,MCP Servers and Plugins,CLNE-MCP_PLUG-00170,MCP Servers and Plugins: audit MCP and plugin lifecycle actions (Unicode identifiers),Cline: audit MCP and plugin lifecycle actions with Unicode identifiers,Functional,High,"Non-production tenant or isolated local fixture; synthetic records only; Use Unicode in safe project, model, table, index, and synthetic account labels. Safety boundary: Use disposable synthetic repositories and mock integrations only. Never expose real credentials, modify production repositories, or publish/merge changes during a test run.","1. Create a disposable, versioned synthetic fixture: Use Unicode in safe project, model, table, index, and synthetic account labels. 2. Execute the platform workflow to audit MCP and plugin lifecycle actions. 3. Capture the committed result, resource version, or run status. 4. Compare the result with the source fixture and the declared invariant. 5. Repeat or recover the operation when applicable; verify access, audit evidence, and side effects.","The platform must correctly audit MCP and plugin lifecycle actions; the Unicode identifiers condition follows the configured contract; valid state is preserved, invalid or unauthorized work is rejected or quarantined without silent loss, retries do not duplicate side effects, lineage and audit evidence remain available, and no production records or credentials are used. Safety boundary: Use disposable synthetic repositories and mock integrations only. Never expose real credentials, modify production repositories, or publish/merge changes during a test run.",Playwright + platform UI/API,"cline,market-platform,synthetic-data,mcp_plugins,Unicode-identifiers"
Cline,MCP Servers and Plugins,CLNE-MCP_PLUG-00171,MCP Servers and Plugins: load tools from the declared mock MCP configuration (time-zone boundary),Cline: load tools from the declared mock MCP configuration with time-zone boundary,Functional,High,"Non-production tenant or isolated local fixture; synthetic records only; Place timestamps around local midnight and a daylight-saving transition. Safety boundary: Use disposable synthetic repositories and mock integrations only. Never expose real credentials, modify production repositories, or publish/merge changes during a test run.","1. Create a disposable, versioned synthetic fixture: Place timestamps around local midnight and a daylight-saving transition. 2. Execute the platform workflow to load tools from the declared mock MCP configuration. 3. Capture the committed result, resource version, or run status. 4. Compare the result with the source fixture and the declared invariant. 5. Repeat or recover the operation when applicable; verify access, audit evidence, and side effects.","The platform must correctly load tools from the declared mock MCP configuration; the time-zone boundary condition follows the configured contract; valid state is preserved, invalid or unauthorized work is rejected or quarantined without silent loss, retries do not duplicate side effects, lineage and audit evidence remain available, and no production records or credentials are used. Safety boundary: Use disposable synthetic repositories and mock integrations only. Never expose real credentials, modify production repositories, or publish/merge changes during a test run.",Playwright + platform UI/API,"cline,market-platform,synthetic-data,mcp_plugins,time-zone-boundary"
Cline,MCP Servers and Plugins,CLNE-MCP_PLUG-00172,MCP Servers and Plugins: validate MCP server launch settings before connecting (time-zone boundary),Cline: validate MCP server launch settings before connecting with time-zone boundary,Functional,High,"Non-production tenant or isolated local fixture; synthetic records only; Place timestamps around local midnight and a daylight-saving transition. Safety boundary: Use disposable synthetic repositories and mock integrations only. Never expose real credentials, modify production repositories, or publish/merge changes during a test run.","1. Create a disposable, versioned synthetic fixture: Place timestamps around local midnight and a daylight-saving transition. 2. Execute the platform workflow to validate MCP server launch settings before connecting. 3. Capture the committed result, resource version, or run status. 4. Compare the result with the source fixture and the declared invariant. 5. Repeat or recover the operation when applicable; verify access, audit evidence, and side effects.","The platform must correctly validate MCP server launch settings before connecting; the time-zone boundary condition follows the configured contract; valid state is preserved, invalid or unauthorized work is rejected or quarantined without silent loss, retries do not duplicate side effects, lineage and audit evidence remain available, and no production records or credentials are used. Safety boundary: Use disposable synthetic repositories and mock integrations only. Never expose real credentials, modify production repositories, or publish/merge changes during a test run.",Playwright + platform UI/API,"cline,market-platform,synthetic-data,mcp_plugins,time-zone-boundary"
Cline,MCP Servers and Plugins,CLNE-MCP_PLUG-00173,MCP Servers and Plugins: prevent an unlisted server from joining the session (time-zone boundary),Cline: prevent an unlisted server from joining the session with time-zone boundary,Functional,Medium,"Non-production tenant or isolated local fixture; synthetic records only; Place timestamps around local midnight and a daylight-saving transition. Safety boundary: Use disposable synthetic repositories and mock integrations only. Never expose real credentials, modify production repositories, or publish/merge changes during a test run.","1. Create a disposable, versioned synthetic fixture: Place timestamps around local midnight and a daylight-saving transition. 2. Execute the platform workflow to prevent an unlisted server from joining the session. 3. Capture the committed result, resource version, or run status. 4. Compare the result with the source fixture and the declared invariant. 5. Repeat or recover the operation when applicable; verify access, audit evidence, and side effects.","The platform must correctly prevent an unlisted server from joining the session; the time-zone boundary condition follows the configured contract; valid state is preserved, invalid or unauthorized work is rejected or quarantined without silent loss, retries do not duplicate side effects, lineage and audit evidence remain available, and no production records or credentials are used. Safety boundary: Use disposable synthetic repositories and mock integrations only. Never expose real credentials, modify production repositories, or publish/merge changes during a test run.",Playwright + platform UI/API,"cline,market-platform,synthetic-data,mcp_plugins,time-zone-boundary"
Cline,MCP Servers and Plugins,CLNE-MCP_PLUG-00174,MCP Servers and Plugins: register a plugin with only its declared tools (time-zone boundary),Cline: register a plugin with only its declared tools with time-zone boundary,Functional,High,"Non-production tenant or isolated local fixture; synthetic records only; Place timestamps around local midnight and a daylight-saving transition. Safety boundary: Use disposable synthetic repositories and mock integrations only. Never expose real credentials, modify production repositories, or publish/merge changes during a test run.","1. Create a disposable, versioned synthetic fixture: Place timestamps around local midnight and a daylight-saving transition. 2. Execute the platform workflow to register a plugin with only its declared tools. 3. Capture the committed result, resource version, or run status. 4. Compare the result with the source fixture and the declared invariant. 5. Repeat or recover the operation when applicable; verify access, audit evidence, and side effects.","The platform must correctly register a plugin with only its declared tools; the time-zone boundary condition follows the configured contract; valid state is preserved, invalid or unauthorized work is rejected or quarantined without silent loss, retries do not duplicate side effects, lineage and audit evidence remain available, and no production records or credentials are used. Safety boundary: Use disposable synthetic repositories and mock integrations only. Never expose real credentials, modify production repositories, or publish/merge changes during a test run.",Playwright + platform UI/API,"cline,market-platform,synthetic-data,mcp_plugins,time-zone-boundary"
Cline,MCP Servers and Plugins,CLNE-MCP_PLUG-00175,MCP Servers and Plugins: reject a plugin whose manifest has an invalid schema (time-zone boundary),Cline: reject a plugin whose manifest has an invalid schema with time-zone boundary,Functional,High,"Non-production tenant or isolated local fixture; synthetic records only; Place timestamps around local midnight and a daylight-saving transition. Safety boundary: Use disposable synthetic repositories and mock integrations only. Never expose real credentials, modify production repositories, or publish/merge changes during a test run.","1. Create a disposable, versioned synthetic fixture: Place timestamps around local midnight and a daylight-saving transition. 2. Execute the platform workflow to reject a plugin whose manifest has an invalid schema. 3. Capture the committed result, resource version, or run status. 4. Compare the result with the source fixture and the declared invariant. 5. Repeat or recover the operation when applicable; verify access, audit evidence, and side effects.","The platform must correctly reject a plugin whose manifest has an invalid schema; the time-zone boundary condition follows the configured contract; valid state is preserved, invalid or unauthorized work is rejected or quarantined without silent loss, retries do not duplicate side effects, lineage and audit evidence remain available, and no production records or credentials are used. Safety boundary: Use disposable synthetic repositories and mock integrations only. Never expose real credentials, modify production repositories, or publish/merge changes during a test run.",Playwright + platform UI/API,"cline,market-platform,synthetic-data,mcp_plugins,time-zone-boundary"
Cline,MCP Servers and Plugins,CLNE-MCP_PLUG-00176,MCP Servers and Plugins: handle a missing MCP process without hanging the task (time-zone boundary),Cline: handle a missing MCP process without hanging the task with time-zone boundary,Functional,High,"Non-production tenant or isolated local fixture; synthetic records only; Place timestamps around local midnight and a daylight-saving transition. Safety boundary: Use disposable synthetic repositories and mock integrations only. Never expose real credentials, modify production repositories, or publish/merge changes during a test run.","1. Create a disposable, versioned synthetic fixture: Place timestamps around local midnight and a daylight-saving transition. 2. Execute the platform workflow to handle a missing MCP process without hanging the task. 3. Capture the committed result, resource version, or run status. 4. Compare the result with the source fixture and the declared invariant. 5. Repeat or recover the operation when applicable; verify access, audit evidence, and side effects.","The platform must correctly handle a missing MCP process without hanging the task; the time-zone boundary condition follows the configured contract; valid state is preserved, invalid or unauthorized work is rejected or quarantined without silent loss, retries do not duplicate side effects, lineage and audit evidence remain available, and no production records or credentials are used. Safety boundary: Use disposable synthetic repositories and mock integrations only. Never expose real credentials, modify production repositories, or publish/merge changes during a test run.",Playwright + platform UI/API,"cline,market-platform,synthetic-data,mcp_plugins,time-zone-boundary"
Cline,MCP Servers and Plugins,CLNE-MCP_PLUG-00177,MCP Servers and Plugins: redact server environment secrets from diagnostics (time-zone boundary),Cline: redact server environment secrets from diagnostics with time-zone boundary,Functional,Medium,"Non-production tenant or isolated local fixture; synthetic records only; Place timestamps around local midnight and a daylight-saving transition. Safety boundary: Use disposable synthetic repositories and mock integrations only. Never expose real credentials, modify production repositories, or publish/merge changes during a test run.","1. Create a disposable, versioned synthetic fixture: Place timestamps around local midnight and a daylight-saving transition. 2. Execute the platform workflow to redact server environment secrets from diagnostics. 3. Capture the committed result, resource version, or run status. 4. Compare the result with the source fixture and the declared invariant. 5. Repeat or recover the operation when applicable; verify access, audit evidence, and side effects.","The platform must correctly redact server environment secrets from diagnostics; the time-zone boundary condition follows the configured contract; valid state is preserved, invalid or unauthorized work is rejected or quarantined without silent loss, retries do not duplicate side effects, lineage and audit evidence remain available, and no production records or credentials are used. Safety boundary: Use disposable synthetic repositories and mock integrations only. Never expose real credentials, modify production repositories, or publish/merge changes during a test run.",Playwright + platform UI/API,"cline,market-platform,synthetic-data,mcp_plugins,time-zone-boundary"
Cline,MCP Servers and Plugins,CLNE-MCP_PLUG-00178,MCP Servers and Plugins: disable a plugin and remove its tool definitions (time-zone boundary),Cline: disable a plugin and remove its tool definitions with time-zone boundary,Functional,High,"Non-production tenant or isolated local fixture; synthetic records only; Place timestamps around local midnight and a daylight-saving transition. Safety boundary: Use disposable synthetic repositories and mock integrations only. Never expose real credentials, modify production repositories, or publish/merge changes during a test run.","1. Create a disposable, versioned synthetic fixture: Place timestamps around local midnight and a daylight-saving transition. 2. Execute the platform workflow to disable a plugin and remove its tool definitions. 3. Capture the committed result, resource version, or run status. 4. Compare the result with the source fixture and the declared invariant. 5. Repeat or recover the operation when applicable; verify access, audit evidence, and side effects.","The platform must correctly disable a plugin and remove its tool definitions; the time-zone boundary condition follows the configured contract; valid state is preserved, invalid or unauthorized work is rejected or quarantined without silent loss, retries do not duplicate side effects, lineage and audit evidence remain available, and no production records or credentials are used. Safety boundary: Use disposable synthetic repositories and mock integrations only. Never expose real credentials, modify production repositories, or publish/merge changes during a test run.",Playwright + platform UI/API,"cline,market-platform,synthetic-data,mcp_plugins,time-zone-boundary"
Cline,MCP Servers and Plugins,CLNE-MCP_PLUG-00179,MCP Servers and Plugins: restrict custom tools to the authorized workspace (time-zone boundary),Cline: restrict custom tools to the authorized workspace with time-zone boundary,Functional,High,"Non-production tenant or isolated local fixture; synthetic records only; Place timestamps around local midnight and a daylight-saving transition. Safety boundary: Use disposable synthetic repositories and mock integrations only. Never expose real credentials, modify production repositories, or publish/merge changes during a test run.","1. Create a disposable, versioned synthetic fixture: Place timestamps around local midnight and a daylight-saving transition. 2. Execute the platform workflow to restrict custom tools to the authorized workspace. 3. Capture the committed result, resource version, or run status. 4. Compare the result with the source fixture and the declared invariant. 5. Repeat or recover the operation when applicable; verify access, audit evidence, and side effects.","The platform must correctly restrict custom tools to the authorized workspace; the time-zone boundary condition follows the configured contract; valid state is preserved, invalid or unauthorized work is rejected or quarantined without silent loss, retries do not duplicate side effects, lineage and audit evidence remain available, and no production records or credentials are used. Safety boundary: Use disposable synthetic repositories and mock integrations only. Never expose real credentials, modify production repositories, or publish/merge changes during a test run.",Playwright + platform UI/API,"cline,market-platform,synthetic-data,mcp_plugins,time-zone-boundary"
Cline,MCP Servers and Plugins,CLNE-MCP_PLUG-00180,MCP Servers and Plugins: audit MCP and plugin lifecycle actions (time-zone boundary),Cline: audit MCP and plugin lifecycle actions with time-zone boundary,Functional,High,"Non-production tenant or isolated local fixture; synthetic records only; Place timestamps around local midnight and a daylight-saving transition. Safety boundary: Use disposable synthetic repositories and mock integrations only. Never expose real credentials, modify production repositories, or publish/merge changes during a test run.","1. Create a disposable, versioned synthetic fixture: Place timestamps around local midnight and a daylight-saving transition. 2. Execute the platform workflow to audit MCP and plugin lifecycle actions. 3. Capture the committed result, resource version, or run status. 4. Compare the result with the source fixture and the declared invariant. 5. Repeat or recover the operation when applicable; verify access, audit evidence, and side effects.","The platform must correctly audit MCP and plugin lifecycle actions; the time-zone boundary condition follows the configured contract; valid state is preserved, invalid or unauthorized work is rejected or quarantined without silent loss, retries do not duplicate side effects, lineage and audit evidence remain available, and no production records or credentials are used. Safety boundary: Use disposable synthetic repositories and mock integrations only. Never expose real credentials, modify production repositories, or publish/merge changes during a test run.",Playwright + platform UI/API,"cline,market-platform,synthetic-data,mcp_plugins,time-zone-boundary"
Cline,MCP Servers and Plugins,CLNE-MCP_PLUG-00181,MCP Servers and Plugins: load tools from the declared mock MCP configuration (skewed high volume),Cline: load tools from the declared mock MCP configuration with skewed high volume,Functional,Medium,"Non-production tenant or isolated local fixture; synthetic records only; Use a large synthetic fixture with one intentionally skewed key or partition. Safety boundary: Use disposable synthetic repositories and mock integrations only. Never expose real credentials, modify production repositories, or publish/merge changes during a test run.","1. Create a disposable, versioned synthetic fixture: Use a large synthetic fixture with one intentionally skewed key or partition. 2. Execute the platform workflow to load tools from the declared mock MCP configuration. 3. Capture the committed result, resource version, or run status. 4. Compare the result with the source fixture and the declared invariant. 5. Repeat or recover the operation when applicable; verify access, audit evidence, and side effects.","The platform must correctly load tools from the declared mock MCP configuration; the skewed high volume condition follows the configured contract; valid state is preserved, invalid or unauthorized work is rejected or quarantined without silent loss, retries do not duplicate side effects, lineage and audit evidence remain available, and no production records or credentials are used. Safety boundary: Use disposable synthetic repositories and mock integrations only. Never expose real credentials, modify production repositories, or publish/merge changes during a test run.",Playwright + platform UI/API,"cline,market-platform,synthetic-data,mcp_plugins,skewed-high-volume"
Cline,MCP Servers and Plugins,CLNE-MCP_PLUG-00182,MCP Servers and Plugins: validate MCP server launch settings before connecting (skewed high volume),Cline: validate MCP server launch settings before connecting with skewed high volume,Functional,High,"Non-production tenant or isolated local fixture; synthetic records only; Use a large synthetic fixture with one intentionally skewed key or partition. Safety boundary: Use disposable synthetic repositories and mock integrations only. Never expose real credentials, modify production repositories, or publish/merge changes during a test run.","1. Create a disposable, versioned synthetic fixture: Use a large synthetic fixture with one intentionally skewed key or partition. 2. Execute the platform workflow to validate MCP server launch settings before connecting. 3. Capture the committed result, resource version, or run status. 4. Compare the result with the source fixture and the declared invariant. 5. Repeat or recover the operation when applicable; verify access, audit evidence, and side effects.","The platform must correctly validate MCP server launch settings before connecting; the skewed high volume condition follows the configured contract; valid state is preserved, invalid or unauthorized work is rejected or quarantined without silent loss, retries do not duplicate side effects, lineage and audit evidence remain available, and no production records or credentials are used. Safety boundary: Use disposable synthetic repositories and mock integrations only. Never expose real credentials, modify production repositories, or publish/merge changes during a test run.",Playwright + platform UI/API,"cline,market-platform,synthetic-data,mcp_plugins,skewed-high-volume"
Cline,MCP Servers and Plugins,CLNE-MCP_PLUG-00183,MCP Servers and Plugins: prevent an unlisted server from joining the session (skewed high volume),Cline: prevent an unlisted server from joining the session with skewed high volume,Functional,High,"Non-production tenant or isolated local fixture; synthetic records only; Use a large synthetic fixture with one intentionally skewed key or partition. Safety boundary: Use disposable synthetic repositories and mock integrations only. Never expose real credentials, modify production repositories, or publish/merge changes during a test run.","1. Create a disposable, versioned synthetic fixture: Use a large synthetic fixture with one intentionally skewed key or partition. 2. Execute the platform workflow to prevent an unlisted server from joining the session. 3. Capture the committed result, resource version, or run status. 4. Compare the result with the source fixture and the declared invariant. 5. Repeat or recover the operation when applicable; verify access, audit evidence, and side effects.","The platform must correctly prevent an unlisted server from joining the session; the skewed high volume condition follows the configured contract; valid state is preserved, invalid or unauthorized work is rejected or quarantined without silent loss, retries do not duplicate side effects, lineage and audit evidence remain available, and no production records or credentials are used. Safety boundary: Use disposable synthetic repositories and mock integrations only. Never expose real credentials, modify production repositories, or publish/merge changes during a test run.",Playwright + platform UI/API,"cline,market-platform,synthetic-data,mcp_plugins,skewed-high-volume"
Cline,MCP Servers and Plugins,CLNE-MCP_PLUG-00184,MCP Servers and Plugins: register a plugin with only its declared tools (skewed high volume),Cline: register a plugin with only its declared tools with skewed high volume,Functional,High,"Non-production tenant or isolated local fixture; synthetic records only; Use a large synthetic fixture with one intentionally skewed key or partition. Safety boundary: Use disposable synthetic repositories and mock integrations only. Never expose real credentials, modify production repositories, or publish/merge changes during a test run.","1. Create a disposable, versioned synthetic fixture: Use a large synthetic fixture with one intentionally skewed key or partition. 2. Execute the platform workflow to register a plugin with only its declared tools. 3. Capture the committed result, resource version, or run status. 4. Compare the result with the source fixture and the declared invariant. 5. Repeat or recover the operation when applicable; verify access, audit evidence, and side effects.","The platform must correctly register a plugin with only its declared tools; the skewed high volume condition follows the configured contract; valid state is preserved, invalid or unauthorized work is rejected or quarantined without silent loss, retries do not duplicate side effects, lineage and audit evidence remain available, and no production records or credentials are used. Safety boundary: Use disposable synthetic repositories and mock integrations only. Never expose real credentials, modify production repositories, or publish/merge changes during a test run.",Playwright + platform UI/API,"cline,market-platform,synthetic-data,mcp_plugins,skewed-high-volume"
Cline,MCP Servers and Plugins,CLNE-MCP_PLUG-00185,MCP Servers and Plugins: reject a plugin whose manifest has an invalid schema (skewed high volume),Cline: reject a plugin whose manifest has an invalid schema with skewed high volume,Functional,Medium,"Non-production tenant or isolated local fixture; synthetic records only; Use a large synthetic fixture with one intentionally skewed key or partition. Safety boundary: Use disposable synthetic repositories and mock integrations only. Never expose real credentials, modify production repositories, or publish/merge changes during a test run.","1. Create a disposable, versioned synthetic fixture: Use a large synthetic fixture with one intentionally skewed key or partition. 2. Execute the platform workflow to reject a plugin whose manifest has an invalid schema. 3. Capture the committed result, resource version, or run status. 4. Compare the result with the source fixture and the declared invariant. 5. Repeat or recover the operation when applicable; verify access, audit evidence, and side effects.","The platform must correctly reject a plugin whose manifest has an invalid schema; the skewed high volume condition follows the configured contract; valid state is preserved, invalid or unauthorized work is rejected or quarantined without silent loss, retries do not duplicate side effects, lineage and audit evidence remain available, and no production records or credentials are used. Safety boundary: Use disposable synthetic repositories and mock integrations only. Never expose real credentials, modify production repositories, or publish/merge changes during a test run.",Playwright + platform UI/API,"cline,market-platform,synthetic-data,mcp_plugins,skewed-high-volume"
Cline,MCP Servers and Plugins,CLNE-MCP_PLUG-00186,MCP Servers and Plugins: handle a missing MCP process without hanging the task (skewed high volume),Cline: handle a missing MCP process without hanging the task with skewed high volume,Functional,High,"Non-production tenant or isolated local fixture; synthetic records only; Use a large synthetic fixture with one intentionally skewed key or partition. Safety boundary: Use disposable synthetic repositories and mock integrations only. Never expose real credentials, modify production repositories, or publish/merge changes during a test run.","1. Create a disposable, versioned synthetic fixture: Use a large synthetic fixture with one intentionally skewed key or partition. 2. Execute the platform workflow to handle a missing MCP process without hanging the task. 3. Capture the committed result, resource version, or run status. 4. Compare the result with the source fixture and the declared invariant. 5. Repeat or recover the operation when applicable; verify access, audit evidence, and side effects.","The platform must correctly handle a missing MCP process without hanging the task; the skewed high volume condition follows the configured contract; valid state is preserved, invalid or unauthorized work is rejected or quarantined without silent loss, retries do not duplicate side effects, lineage and audit evidence remain available, and no production records or credentials are used. Safety boundary: Use disposable synthetic repositories and mock integrations only. Never expose real credentials, modify production repositories, or publish/merge changes during a test run.",Playwright + platform UI/API,"cline,market-platform,synthetic-data,mcp_plugins,skewed-high-volume"
Cline,MCP Servers and Plugins,CLNE-MCP_PLUG-00187,MCP Servers and Plugins: redact server environment secrets from diagnostics (skewed high volume),Cline: redact server environment secrets from diagnostics with skewed high volume,Functional,High,"Non-production tenant or isolated local fixture; synthetic records only; Use a large synthetic fixture with one intentionally skewed key or partition. Safety boundary: Use disposable synthetic repositories and mock integrations only. Never expose real credentials, modify production repositories, or publish/merge changes during a test run.","1. Create a disposable, versioned synthetic fixture: Use a large synthetic fixture with one intentionally skewed key or partition. 2. Execute the platform workflow to redact server environment secrets from diagnostics. 3. Capture the committed result, resource version, or run status. 4. Compare the result with the source fixture and the declared invariant. 5. Repeat or recover the operation when applicable; verify access, audit evidence, and side effects.","The platform must correctly redact server environment secrets from diagnostics; the skewed high volume condition follows the configured contract; valid state is preserved, invalid or unauthorized work is rejected or quarantined without silent loss, retries do not duplicate side effects, lineage and audit evidence remain available, and no production records or credentials are used. Safety boundary: Use disposable synthetic repositories and mock integrations only. Never expose real credentials, modify production repositories, or publish/merge changes during a test run.",Playwright + platform UI/API,"cline,market-platform,synthetic-data,mcp_plugins,skewed-high-volume"
Cline,MCP Servers and Plugins,CLNE-MCP_PLUG-00188,MCP Servers and Plugins: disable a plugin and remove its tool definitions (skewed high volume),Cline: disable a plugin and remove its tool definitions with skewed high volume,Functional,High,"Non-production tenant or isolated local fixture; synthetic records only; Use a large synthetic fixture with one intentionally skewed key or partition. Safety boundary: Use disposable synthetic repositories and mock integrations only. Never expose real credentials, modify production repositories, or publish/merge changes during a test run.","1. Create a disposable, versioned synthetic fixture: Use a large synthetic fixture with one intentionally skewed key or partition. 2. Execute the platform workflow to disable a plugin and remove its tool definitions. 3. Capture the committed result, resource version, or run status. 4. Compare the result with the source fixture and the declared invariant. 5. Repeat or recover the operation when applicable; verify access, audit evidence, and side effects.","The platform must correctly disable a plugin and remove its tool definitions; the skewed high volume condition follows the configured contract; valid state is preserved, invalid or unauthorized work is rejected or quarantined without silent loss, retries do not duplicate side effects, lineage and audit evidence remain available, and no production records or credentials are used. Safety boundary: Use disposable synthetic repositories and mock integrations only. Never expose real credentials, modify production repositories, or publish/merge changes during a test run.",Playwright + platform UI/API,"cline,market-platform,synthetic-data,mcp_plugins,skewed-high-volume"
Cline,MCP Servers and Plugins,CLNE-MCP_PLUG-00189,MCP Servers and Plugins: restrict custom tools to the authorized workspace (skewed high volume),Cline: restrict custom tools to the authorized workspace with skewed high volume,Functional,Medium,"Non-production tenant or isolated local fixture; synthetic records only; Use a large synthetic fixture with one intentionally skewed key or partition. Safety boundary: Use disposable synthetic repositories and mock integrations only. Never expose real credentials, modify production repositories, or publish/merge changes during a test run.","1. Create a disposable, versioned synthetic fixture: Use a large synthetic fixture with one intentionally skewed key or partition. 2. Execute the platform workflow to restrict custom tools to the authorized workspace. 3. Capture the committed result, resource version, or run status. 4. Compare the result with the source fixture and the declared invariant. 5. Repeat or recover the operation when applicable; verify access, audit evidence, and side effects.","The platform must correctly restrict custom tools to the authorized workspace; the skewed high volume condition follows the configured contract; valid state is preserved, invalid or unauthorized work is rejected or quarantined without silent loss, retries do not duplicate side effects, lineage and audit evidence remain available, and no production records or credentials are used. Safety boundary: Use disposable synthetic repositories and mock integrations only. Never expose real credentials, modify production repositories, or publish/merge changes during a test run.",Playwright + platform UI/API,"cline,market-platform,synthetic-data,mcp_plugins,skewed-high-volume"
Cline,MCP Servers and Plugins,CLNE-MCP_PLUG-00190,MCP Servers and Plugins: audit MCP and plugin lifecycle actions (skewed high volume),Cline: audit MCP and plugin lifecycle actions with skewed high volume,Functional,High,"Non-production tenant or isolated local fixture; synthetic records only; Use a large synthetic fixture with one intentionally skewed key or partition. Safety boundary: Use disposable synthetic repositories and mock integrations only. Never expose real credentials, modify production repositories, or publish/merge changes during a test run.","1. Create a disposable, versioned synthetic fixture: Use a large synthetic fixture with one intentionally skewed key or partition. 2. Execute the platform workflow to audit MCP and plugin lifecycle actions. 3. Capture the committed result, resource version, or run status. 4. Compare the result with the source fixture and the declared invariant. 5. Repeat or recover the operation when applicable; verify access, audit evidence, and side effects.","The platform must correctly audit MCP and plugin lifecycle actions; the skewed high volume condition follows the configured contract; valid state is preserved, invalid or unauthorized work is rejected or quarantined without silent loss, retries do not duplicate side effects, lineage and audit evidence remain available, and no production records or credentials are used. Safety boundary: Use disposable synthetic repositories and mock integrations only. Never expose real credentials, modify production repositories, or publish/merge changes during a test run.",Playwright + platform UI/API,"cline,market-platform,synthetic-data,mcp_plugins,skewed-high-volume"
Cline,MCP Servers and Plugins,CLNE-MCP_PLUG-00191,MCP Servers and Plugins: load tools from the declared mock MCP configuration (corrupt input),Cline: load tools from the declared mock MCP configuration with corrupt input,Functional,High,"Non-production tenant or isolated local fixture; synthetic records only; Include one malformed record and verify quarantine or clear failure without silent loss. Safety boundary: Use disposable synthetic repositories and mock integrations only. Never expose real credentials, modify production repositories, or publish/merge changes during a test run.","1. Create a disposable, versioned synthetic fixture: Include one malformed record and verify quarantine or clear failure without silent loss. 2. Execute the platform workflow to load tools from the declared mock MCP configuration. 3. Capture the committed result, resource version, or run status. 4. Compare the result with the source fixture and the declared invariant. 5. Repeat or recover the operation when applicable; verify access, audit evidence, and side effects.","The platform must correctly load tools from the declared mock MCP configuration; the corrupt input condition follows the configured contract; valid state is preserved, invalid or unauthorized work is rejected or quarantined without silent loss, retries do not duplicate side effects, lineage and audit evidence remain available, and no production records or credentials are used. Safety boundary: Use disposable synthetic repositories and mock integrations only. Never expose real credentials, modify production repositories, or publish/merge changes during a test run.",Playwright + platform UI/API,"cline,market-platform,synthetic-data,mcp_plugins,corrupt-input"
Cline,MCP Servers and Plugins,CLNE-MCP_PLUG-00192,MCP Servers and Plugins: validate MCP server launch settings before connecting (corrupt input),Cline: validate MCP server launch settings before connecting with corrupt input,Functional,High,"Non-production tenant or isolated local fixture; synthetic records only; Include one malformed record and verify quarantine or clear failure without silent loss. Safety boundary: Use disposable synthetic repositories and mock integrations only. Never expose real credentials, modify production repositories, or publish/merge changes during a test run.","1. Create a disposable, versioned synthetic fixture: Include one malformed record and verify quarantine or clear failure without silent loss. 2. Execute the platform workflow to validate MCP server launch settings before connecting. 3. Capture the committed result, resource version, or run status. 4. Compare the result with the source fixture and the declared invariant. 5. Repeat or recover the operation when applicable; verify access, audit evidence, and side effects.","The platform must correctly validate MCP server launch settings before connecting; the corrupt input condition follows the configured contract; valid state is preserved, invalid or unauthorized work is rejected or quarantined without silent loss, retries do not duplicate side effects, lineage and audit evidence remain available, and no production records or credentials are used. Safety boundary: Use disposable synthetic repositories and mock integrations only. Never expose real credentials, modify production repositories, or publish/merge changes during a test run.",Playwright + platform UI/API,"cline,market-platform,synthetic-data,mcp_plugins,corrupt-input"
Cline,MCP Servers and Plugins,CLNE-MCP_PLUG-00193,MCP Servers and Plugins: prevent an unlisted server from joining the session (corrupt input),Cline: prevent an unlisted server from joining the session with corrupt input,Functional,Medium,"Non-production tenant or isolated local fixture; synthetic records only; Include one malformed record and verify quarantine or clear failure without silent loss. Safety boundary: Use disposable synthetic repositories and mock integrations only. Never expose real credentials, modify production repositories, or publish/merge changes during a test run.","1. Create a disposable, versioned synthetic fixture: Include one malformed record and verify quarantine or clear failure without silent loss. 2. Execute the platform workflow to prevent an unlisted server from joining the session. 3. Capture the committed result, resource version, or run status. 4. Compare the result with the source fixture and the declared invariant. 5. Repeat or recover the operation when applicable; verify access, audit evidence, and side effects.","The platform must correctly prevent an unlisted server from joining the session; the corrupt input condition follows the configured contract; valid state is preserved, invalid or unauthorized work is rejected or quarantined without silent loss, retries do not duplicate side effects, lineage and audit evidence remain available, and no production records or credentials are used. Safety boundary: Use disposable synthetic repositories and mock integrations only. Never expose real credentials, modify production repositories, or publish/merge changes during a test run.",Playwright + platform UI/API,"cline,market-platform,synthetic-data,mcp_plugins,corrupt-input"
Cline,MCP Servers and Plugins,CLNE-MCP_PLUG-00194,MCP Servers and Plugins: register a plugin with only its declared tools (corrupt input),Cline: register a plugin with only its declared tools with corrupt input,Functional,High,"Non-production tenant or isolated local fixture; synthetic records only; Include one malformed record and verify quarantine or clear failure without silent loss. Safety boundary: Use disposable synthetic repositories and mock integrations only. Never expose real credentials, modify production repositories, or publish/merge changes during a test run.","1. Create a disposable, versioned synthetic fixture: Include one malformed record and verify quarantine or clear failure without silent loss. 2. Execute the platform workflow to register a plugin with only its declared tools. 3. Capture the committed result, resource version, or run status. 4. Compare the result with the source fixture and the declared invariant. 5. Repeat or recover the operation when applicable; verify access, audit evidence, and side effects.","The platform must correctly register a plugin with only its declared tools; the corrupt input condition follows the configured contract; valid state is preserved, invalid or unauthorized work is rejected or quarantined without silent loss, retries do not duplicate side effects, lineage and audit evidence remain available, and no production records or credentials are used. Safety boundary: Use disposable synthetic repositories and mock integrations only. Never expose real credentials, modify production repositories, or publish/merge changes during a test run.",Playwright + platform UI/API,"cline,market-platform,synthetic-data,mcp_plugins,corrupt-input"
Cline,MCP Servers and Plugins,CLNE-MCP_PLUG-00195,MCP Servers and Plugins: reject a plugin whose manifest has an invalid schema (corrupt input),Cline: reject a plugin whose manifest has an invalid schema with corrupt input,Functional,High,"Non-production tenant or isolated local fixture; synthetic records only; Include one malformed record and verify quarantine or clear failure without silent loss. Safety boundary: Use disposable synthetic repositories and mock integrations only. Never expose real credentials, modify production repositories, or publish/merge changes during a test run.","1. Create a disposable, versioned synthetic fixture: Include one malformed record and verify quarantine or clear failure without silent loss. 2. Execute the platform workflow to reject a plugin whose manifest has an invalid schema. 3. Capture the committed result, resource version, or run status. 4. Compare the result with the source fixture and the declared invariant. 5. Repeat or recover the operation when applicable; verify access, audit evidence, and side effects.","The platform must correctly reject a plugin whose manifest has an invalid schema; the corrupt input condition follows the configured contract; valid state is preserved, invalid or unauthorized work is rejected or quarantined without silent loss, retries do not duplicate side effects, lineage and audit evidence remain available, and no production records or credentials are used. Safety boundary: Use disposable synthetic repositories and mock integrations only. Never expose real credentials, modify production repositories, or publish/merge changes during a test run.",Playwright + platform UI/API,"cline,market-platform,synthetic-data,mcp_plugins,corrupt-input"
Cline,MCP Servers and Plugins,CLNE-MCP_PLUG-00196,MCP Servers and Plugins: handle a missing MCP process without hanging the task (corrupt input),Cline: handle a missing MCP process without hanging the task with corrupt input,Functional,High,"Non-production tenant or isolated local fixture; synthetic records only; Include one malformed record and verify quarantine or clear failure without silent loss. Safety boundary: Use disposable synthetic repositories and mock integrations only. Never expose real credentials, modify production repositories, or publish/merge changes during a test run.","1. Create a disposable, versioned synthetic fixture: Include one malformed record and verify quarantine or clear failure without silent loss. 2. Execute the platform workflow to handle a missing MCP process without hanging the task. 3. Capture the committed result, resource version, or run status. 4. Compare the result with the source fixture and the declared invariant. 5. Repeat or recover the operation when applicable; verify access, audit evidence, and side effects.","The platform must correctly handle a missing MCP process without hanging the task; the corrupt input condition follows the configured contract; valid state is preserved, invalid or unauthorized work is rejected or quarantined without silent loss, retries do not duplicate side effects, lineage and audit evidence remain available, and no production records or credentials are used. Safety boundary: Use disposable synthetic repositories and mock integrations only. Never expose real credentials, modify production repositories, or publish/merge changes during a test run.",Playwright + platform UI/API,"cline,market-platform,synthetic-data,mcp_plugins,corrupt-input"
Cline,MCP Servers and Plugins,CLNE-MCP_PLUG-00197,MCP Servers and Plugins: redact server environment secrets from diagnostics (corrupt input),Cline: redact server environment secrets from diagnostics with corrupt input,Functional,Medium,"Non-production tenant or isolated local fixture; synthetic records only; Include one malformed record and verify quarantine or clear failure without silent loss. Safety boundary: Use disposable synthetic repositories and mock integrations only. Never expose real credentials, modify production repositories, or publish/merge changes during a test run.","1. Create a disposable, versioned synthetic fixture: Include one malformed record and verify quarantine or clear failure without silent loss. 2. Execute the platform workflow to redact server environment secrets from diagnostics. 3. Capture the committed result, resource version, or run status. 4. Compare the result with the source fixture and the declared invariant. 5. Repeat or recover the operation when applicable; verify access, audit evidence, and side effects.","The platform must correctly redact server environment secrets from diagnostics; the corrupt input condition follows the configured contract; valid state is preserved, invalid or unauthorized work is rejected or quarantined without silent loss, retries do not duplicate side effects, lineage and audit evidence remain available, and no production records or credentials are used. Safety boundary: Use disposable synthetic repositories and mock integrations only. Never expose real credentials, modify production repositories, or publish/merge changes during a test run.",Playwright + platform UI/API,"cline,market-platform,synthetic-data,mcp_plugins,corrupt-input"
Cline,MCP Servers and Plugins,CLNE-MCP_PLUG-00198,MCP Servers and Plugins: disable a plugin and remove its tool definitions (corrupt input),Cline: disable a plugin and remove its tool definitions with corrupt input,Functional,High,"Non-production tenant or isolated local fixture; synthetic records only; Include one malformed record and verify quarantine or clear failure without silent loss. Safety boundary: Use disposable synthetic repositories and mock integrations only. Never expose real credentials, modify production repositories, or publish/merge changes during a test run.","1. Create a disposable, versioned synthetic fixture: Include one malformed record and verify quarantine or clear failure without silent loss. 2. Execute the platform workflow to disable a plugin and remove its tool definitions. 3. Capture the committed result, resource version, or run status. 4. Compare the result with the source fixture and the declared invariant. 5. Repeat or recover the operation when applicable; verify access, audit evidence, and side effects.","The platform must correctly disable a plugin and remove its tool definitions; the corrupt input condition follows the configured contract; valid state is preserved, invalid or unauthorized work is rejected or quarantined without silent loss, retries do not duplicate side effects, lineage and audit evidence remain available, and no production records or credentials are used. Safety boundary: Use disposable synthetic repositories and mock integrations only. Never expose real credentials, modify production repositories, or publish/merge changes during a test run.",Playwright + platform UI/API,"cline,market-platform,synthetic-data,mcp_plugins,corrupt-input"
Cline,MCP Servers and Plugins,CLNE-MCP_PLUG-00199,MCP Servers and Plugins: restrict custom tools to the authorized workspace (corrupt input),Cline: restrict custom tools to the authorized workspace with corrupt input,Functional,High,"Non-production tenant or isolated local fixture; synthetic records only; Include one malformed record and verify quarantine or clear failure without silent loss. Safety boundary: Use disposable synthetic repositories and mock integrations only. Never expose real credentials, modify production repositories, or publish/merge changes during a test run.","1. Create a disposable, versioned synthetic fixture: Include one malformed record and verify quarantine or clear failure without silent loss. 2. Execute the platform workflow to restrict custom tools to the authorized workspace. 3. Capture the committed result, resource version, or run status. 4. Compare the result with the source fixture and the declared invariant. 5. Repeat or recover the operation when applicable; verify access, audit evidence, and side effects.","The platform must correctly restrict custom tools to the authorized workspace; the corrupt input condition follows the configured contract; valid state is preserved, invalid or unauthorized work is rejected or quarantined without silent loss, retries do not duplicate side effects, lineage and audit evidence remain available, and no production records or credentials are used. Safety boundary: Use disposable synthetic repositories and mock integrations only. Never expose real credentials, modify production repositories, or publish/merge changes during a test run.",Playwright + platform UI/API,"cline,market-platform,synthetic-data,mcp_plugins,corrupt-input"
Cline,MCP Servers and Plugins,CLNE-MCP_PLUG-00200,MCP Servers and Plugins: audit MCP and plugin lifecycle actions (corrupt input),Cline: audit MCP and plugin lifecycle actions with corrupt input,Functional,High,"Non-production tenant or isolated local fixture; synthetic records only; Include one malformed record and verify quarantine or clear failure without silent loss. Safety boundary: Use disposable synthetic repositories and mock integrations only. Never expose real credentials, modify production repositories, or publish/merge changes during a test run.","1. Create a disposable, versioned synthetic fixture: Include one malformed record and verify quarantine or clear failure without silent loss. 2. Execute the platform workflow to audit MCP and plugin lifecycle actions. 3. Capture the committed result, resource version, or run status. 4. Compare the result with the source fixture and the declared invariant. 5. Repeat or recover the operation when applicable; verify access, audit evidence, and side effects.","The platform must correctly audit MCP and plugin lifecycle actions; the corrupt input condition follows the configured contract; valid state is preserved, invalid or unauthorized work is rejected or quarantined without silent loss, retries do not duplicate side effects, lineage and audit evidence remain available, and no production records or credentials are used. Safety boundary: Use disposable synthetic repositories and mock integrations only. Never expose real credentials, modify production repositories, or publish/merge changes during a test run.",Playwright + platform UI/API,"cline,market-platform,synthetic-data,mcp_plugins,corrupt-input"
