product,module,test_case_id,test_scenario,test_case_name,test_type,priority,preconditions,test_steps,expected_result,automation_framework,tags
Microsoft Fabric,Real-Time Intelligence,FAB-REAL_TIM-00001,Real-Time Intelligence: ingest a synthetic event stream into an eventhouse (clean baseline),Microsoft Fabric: ingest a synthetic event stream into an eventhouse with clean baseline,Functional,Medium,"Non-production tenant or isolated local fixture; synthetic records only; Use a disposable workspace, tenant, project, and versioned synthetic fixture.","1. Create a disposable, versioned synthetic fixture: Use a disposable workspace, tenant, project, and versioned synthetic fixture. 2. Execute the platform workflow to ingest a synthetic event stream into an eventhouse. 3. Capture the committed result, resource version, or run status. 4. Compare the result with the source fixture and the declared invariant. 5. Repeat or recover the operation when applicable; verify access, audit evidence, and side effects.","The platform must correctly ingest a synthetic event stream into an eventhouse; the clean baseline condition follows the configured contract; valid state is preserved, invalid or unauthorized work is rejected or quarantined without silent loss, retries do not duplicate side effects, lineage and audit evidence remain available, and no production records or credentials are used.",Playwright + platform UI/API,"microsoftfabric,market-platform,synthetic-data,real_time,clean-baseline"
Microsoft Fabric,Real-Time Intelligence,FAB-REAL_TIM-00002,Real-Time Intelligence: query events by event time across a late-arrival window (clean baseline),Microsoft Fabric: query events by event time across a late-arrival window with clean baseline,Functional,High,"Non-production tenant or isolated local fixture; synthetic records only; Use a disposable workspace, tenant, project, and versioned synthetic fixture.","1. Create a disposable, versioned synthetic fixture: Use a disposable workspace, tenant, project, and versioned synthetic fixture. 2. Execute the platform workflow to query events by event time across a late-arrival window. 3. Capture the committed result, resource version, or run status. 4. Compare the result with the source fixture and the declared invariant. 5. Repeat or recover the operation when applicable; verify access, audit evidence, and side effects.","The platform must correctly query events by event time across a late-arrival window; the clean baseline condition follows the configured contract; valid state is preserved, invalid or unauthorized work is rejected or quarantined without silent loss, retries do not duplicate side effects, lineage and audit evidence remain available, and no production records or credentials are used.",Playwright + platform UI/API,"microsoftfabric,market-platform,synthetic-data,real_time,clean-baseline"
Microsoft Fabric,Real-Time Intelligence,FAB-REAL_TIM-00003,Real-Time Intelligence: deduplicate retried events using a stable event identifier (clean baseline),Microsoft Fabric: deduplicate retried events using a stable event identifier with clean baseline,Functional,High,"Non-production tenant or isolated local fixture; synthetic records only; Use a disposable workspace, tenant, project, and versioned synthetic fixture.","1. Create a disposable, versioned synthetic fixture: Use a disposable workspace, tenant, project, and versioned synthetic fixture. 2. Execute the platform workflow to deduplicate retried events using a stable event identifier. 3. Capture the committed result, resource version, or run status. 4. Compare the result with the source fixture and the declared invariant. 5. Repeat or recover the operation when applicable; verify access, audit evidence, and side effects.","The platform must correctly deduplicate retried events using a stable event identifier; the clean baseline condition follows the configured contract; valid state is preserved, invalid or unauthorized work is rejected or quarantined without silent loss, retries do not duplicate side effects, lineage and audit evidence remain available, and no production records or credentials are used.",Playwright + platform UI/API,"microsoftfabric,market-platform,synthetic-data,real_time,clean-baseline"
Microsoft Fabric,Real-Time Intelligence,FAB-REAL_TIM-00004,Real-Time Intelligence: apply a KQL function to records with nullable fields (clean baseline),Microsoft Fabric: apply a KQL function to records with nullable fields with clean baseline,Functional,High,"Non-production tenant or isolated local fixture; synthetic records only; Use a disposable workspace, tenant, project, and versioned synthetic fixture.","1. Create a disposable, versioned synthetic fixture: Use a disposable workspace, tenant, project, and versioned synthetic fixture. 2. Execute the platform workflow to apply a KQL function to records with nullable fields. 3. Capture the committed result, resource version, or run status. 4. Compare the result with the source fixture and the declared invariant. 5. Repeat or recover the operation when applicable; verify access, audit evidence, and side effects.","The platform must correctly apply a KQL function to records with nullable fields; the clean baseline condition follows the configured contract; valid state is preserved, invalid or unauthorized work is rejected or quarantined without silent loss, retries do not duplicate side effects, lineage and audit evidence remain available, and no production records or credentials are used.",Playwright + platform UI/API,"microsoftfabric,market-platform,synthetic-data,real_time,clean-baseline"
Microsoft Fabric,Real-Time Intelligence,FAB-REAL_TIM-00005,Real-Time Intelligence: create a real-time dashboard with a bounded refresh interval (clean baseline),Microsoft Fabric: create a real-time dashboard with a bounded refresh interval with clean baseline,Functional,Medium,"Non-production tenant or isolated local fixture; synthetic records only; Use a disposable workspace, tenant, project, and versioned synthetic fixture.","1. Create a disposable, versioned synthetic fixture: Use a disposable workspace, tenant, project, and versioned synthetic fixture. 2. Execute the platform workflow to create a real-time dashboard with a bounded refresh interval. 3. Capture the committed result, resource version, or run status. 4. Compare the result with the source fixture and the declared invariant. 5. Repeat or recover the operation when applicable; verify access, audit evidence, and side effects.","The platform must correctly create a real-time dashboard with a bounded refresh interval; the clean baseline condition follows the configured contract; valid state is preserved, invalid or unauthorized work is rejected or quarantined without silent loss, retries do not duplicate side effects, lineage and audit evidence remain available, and no production records or credentials are used.",Playwright + platform UI/API,"microsoftfabric,market-platform,synthetic-data,real_time,clean-baseline"
Microsoft Fabric,Real-Time Intelligence,FAB-REAL_TIM-00006,Real-Time Intelligence: alert on a synthetic threshold breach exactly once (clean baseline),Microsoft Fabric: alert on a synthetic threshold breach exactly once with clean baseline,Functional,High,"Non-production tenant or isolated local fixture; synthetic records only; Use a disposable workspace, tenant, project, and versioned synthetic fixture.","1. Create a disposable, versioned synthetic fixture: Use a disposable workspace, tenant, project, and versioned synthetic fixture. 2. Execute the platform workflow to alert on a synthetic threshold breach exactly once. 3. Capture the committed result, resource version, or run status. 4. Compare the result with the source fixture and the declared invariant. 5. Repeat or recover the operation when applicable; verify access, audit evidence, and side effects.","The platform must correctly alert on a synthetic threshold breach exactly once; the clean baseline condition follows the configured contract; valid state is preserved, invalid or unauthorized work is rejected or quarantined without silent loss, retries do not duplicate side effects, lineage and audit evidence remain available, and no production records or credentials are used.",Playwright + platform UI/API,"microsoftfabric,market-platform,synthetic-data,real_time,clean-baseline"
Microsoft Fabric,Real-Time Intelligence,FAB-REAL_TIM-00007,Real-Time Intelligence: preserve event ordering within the declared partition key (clean baseline),Microsoft Fabric: preserve event ordering within the declared partition key with clean baseline,Functional,High,"Non-production tenant or isolated local fixture; synthetic records only; Use a disposable workspace, tenant, project, and versioned synthetic fixture.","1. Create a disposable, versioned synthetic fixture: Use a disposable workspace, tenant, project, and versioned synthetic fixture. 2. Execute the platform workflow to preserve event ordering within the declared partition key. 3. Capture the committed result, resource version, or run status. 4. Compare the result with the source fixture and the declared invariant. 5. Repeat or recover the operation when applicable; verify access, audit evidence, and side effects.","The platform must correctly preserve event ordering within the declared partition key; the clean baseline condition follows the configured contract; valid state is preserved, invalid or unauthorized work is rejected or quarantined without silent loss, retries do not duplicate side effects, lineage and audit evidence remain available, and no production records or credentials are used.",Playwright + platform UI/API,"microsoftfabric,market-platform,synthetic-data,real_time,clean-baseline"
Microsoft Fabric,Real-Time Intelligence,FAB-REAL_TIM-00008,Real-Time Intelligence: replay a bounded time range after a consumer restart (clean baseline),Microsoft Fabric: replay a bounded time range after a consumer restart with clean baseline,Functional,High,"Non-production tenant or isolated local fixture; synthetic records only; Use a disposable workspace, tenant, project, and versioned synthetic fixture.","1. Create a disposable, versioned synthetic fixture: Use a disposable workspace, tenant, project, and versioned synthetic fixture. 2. Execute the platform workflow to replay a bounded time range after a consumer restart. 3. Capture the committed result, resource version, or run status. 4. Compare the result with the source fixture and the declared invariant. 5. Repeat or recover the operation when applicable; verify access, audit evidence, and side effects.","The platform must correctly replay a bounded time range after a consumer restart; the clean baseline condition follows the configured contract; valid state is preserved, invalid or unauthorized work is rejected or quarantined without silent loss, retries do not duplicate side effects, lineage and audit evidence remain available, and no production records or credentials are used.",Playwright + platform UI/API,"microsoftfabric,market-platform,synthetic-data,real_time,clean-baseline"
Microsoft Fabric,Real-Time Intelligence,FAB-REAL_TIM-00009,Real-Time Intelligence: restrict eventhouse access by database role (clean baseline),Microsoft Fabric: restrict eventhouse access by database role with clean baseline,Functional,Medium,"Non-production tenant or isolated local fixture; synthetic records only; Use a disposable workspace, tenant, project, and versioned synthetic fixture.","1. Create a disposable, versioned synthetic fixture: Use a disposable workspace, tenant, project, and versioned synthetic fixture. 2. Execute the platform workflow to restrict eventhouse access by database role. 3. Capture the committed result, resource version, or run status. 4. Compare the result with the source fixture and the declared invariant. 5. Repeat or recover the operation when applicable; verify access, audit evidence, and side effects.","The platform must correctly restrict eventhouse access by database role; the clean baseline condition follows the configured contract; valid state is preserved, invalid or unauthorized work is rejected or quarantined without silent loss, retries do not duplicate side effects, lineage and audit evidence remain available, and no production records or credentials are used.",Playwright + platform UI/API,"microsoftfabric,market-platform,synthetic-data,real_time,clean-baseline"
Microsoft Fabric,Real-Time Intelligence,FAB-REAL_TIM-00010,Real-Time Intelligence: reconcile event counts between ingestion and query results (clean baseline),Microsoft Fabric: reconcile event counts between ingestion and query results with clean baseline,Functional,High,"Non-production tenant or isolated local fixture; synthetic records only; Use a disposable workspace, tenant, project, and versioned synthetic fixture.","1. Create a disposable, versioned synthetic fixture: Use a disposable workspace, tenant, project, and versioned synthetic fixture. 2. Execute the platform workflow to reconcile event counts between ingestion and query results. 3. Capture the committed result, resource version, or run status. 4. Compare the result with the source fixture and the declared invariant. 5. Repeat or recover the operation when applicable; verify access, audit evidence, and side effects.","The platform must correctly reconcile event counts between ingestion and query results; the clean baseline condition follows the configured contract; valid state is preserved, invalid or unauthorized work is rejected or quarantined without silent loss, retries do not duplicate side effects, lineage and audit evidence remain available, and no production records or credentials are used.",Playwright + platform UI/API,"microsoftfabric,market-platform,synthetic-data,real_time,clean-baseline"
Microsoft Fabric,Real-Time Intelligence,FAB-REAL_TIM-00011,Real-Time Intelligence: ingest a synthetic event stream into an eventhouse (empty input),Microsoft Fabric: ingest a synthetic event stream into an eventhouse with empty input,Functional,High,Non-production tenant or isolated local fixture; synthetic records only; Use an empty source or namespace and verify defined empty-result behavior.,"1. Create a disposable, versioned synthetic fixture: Use an empty source or namespace and verify defined empty-result behavior. 2. Execute the platform workflow to ingest a synthetic event stream into an eventhouse. 3. Capture the committed result, resource version, or run status. 4. Compare the result with the source fixture and the declared invariant. 5. Repeat or recover the operation when applicable; verify access, audit evidence, and side effects.","The platform must correctly ingest a synthetic event stream into an eventhouse; the empty input condition follows the configured contract; valid state is preserved, invalid or unauthorized work is rejected or quarantined without silent loss, retries do not duplicate side effects, lineage and audit evidence remain available, and no production records or credentials are used.",Playwright + platform UI/API,"microsoftfabric,market-platform,synthetic-data,real_time,empty-input"
Microsoft Fabric,Real-Time Intelligence,FAB-REAL_TIM-00012,Real-Time Intelligence: query events by event time across a late-arrival window (empty input),Microsoft Fabric: query events by event time across a late-arrival window with empty input,Functional,High,Non-production tenant or isolated local fixture; synthetic records only; Use an empty source or namespace and verify defined empty-result behavior.,"1. Create a disposable, versioned synthetic fixture: Use an empty source or namespace and verify defined empty-result behavior. 2. Execute the platform workflow to query events by event time across a late-arrival window. 3. Capture the committed result, resource version, or run status. 4. Compare the result with the source fixture and the declared invariant. 5. Repeat or recover the operation when applicable; verify access, audit evidence, and side effects.","The platform must correctly query events by event time across a late-arrival window; the empty input condition follows the configured contract; valid state is preserved, invalid or unauthorized work is rejected or quarantined without silent loss, retries do not duplicate side effects, lineage and audit evidence remain available, and no production records or credentials are used.",Playwright + platform UI/API,"microsoftfabric,market-platform,synthetic-data,real_time,empty-input"
Microsoft Fabric,Real-Time Intelligence,FAB-REAL_TIM-00013,Real-Time Intelligence: deduplicate retried events using a stable event identifier (empty input),Microsoft Fabric: deduplicate retried events using a stable event identifier with empty input,Functional,Medium,Non-production tenant or isolated local fixture; synthetic records only; Use an empty source or namespace and verify defined empty-result behavior.,"1. Create a disposable, versioned synthetic fixture: Use an empty source or namespace and verify defined empty-result behavior. 2. Execute the platform workflow to deduplicate retried events using a stable event identifier. 3. Capture the committed result, resource version, or run status. 4. Compare the result with the source fixture and the declared invariant. 5. Repeat or recover the operation when applicable; verify access, audit evidence, and side effects.","The platform must correctly deduplicate retried events using a stable event identifier; the empty input condition follows the configured contract; valid state is preserved, invalid or unauthorized work is rejected or quarantined without silent loss, retries do not duplicate side effects, lineage and audit evidence remain available, and no production records or credentials are used.",Playwright + platform UI/API,"microsoftfabric,market-platform,synthetic-data,real_time,empty-input"
Microsoft Fabric,Real-Time Intelligence,FAB-REAL_TIM-00014,Real-Time Intelligence: apply a KQL function to records with nullable fields (empty input),Microsoft Fabric: apply a KQL function to records with nullable fields with empty input,Functional,High,Non-production tenant or isolated local fixture; synthetic records only; Use an empty source or namespace and verify defined empty-result behavior.,"1. Create a disposable, versioned synthetic fixture: Use an empty source or namespace and verify defined empty-result behavior. 2. Execute the platform workflow to apply a KQL function to records with nullable fields. 3. Capture the committed result, resource version, or run status. 4. Compare the result with the source fixture and the declared invariant. 5. Repeat or recover the operation when applicable; verify access, audit evidence, and side effects.","The platform must correctly apply a KQL function to records with nullable fields; the empty input condition follows the configured contract; valid state is preserved, invalid or unauthorized work is rejected or quarantined without silent loss, retries do not duplicate side effects, lineage and audit evidence remain available, and no production records or credentials are used.",Playwright + platform UI/API,"microsoftfabric,market-platform,synthetic-data,real_time,empty-input"
Microsoft Fabric,Real-Time Intelligence,FAB-REAL_TIM-00015,Real-Time Intelligence: create a real-time dashboard with a bounded refresh interval (empty input),Microsoft Fabric: create a real-time dashboard with a bounded refresh interval with empty input,Functional,High,Non-production tenant or isolated local fixture; synthetic records only; Use an empty source or namespace and verify defined empty-result behavior.,"1. Create a disposable, versioned synthetic fixture: Use an empty source or namespace and verify defined empty-result behavior. 2. Execute the platform workflow to create a real-time dashboard with a bounded refresh interval. 3. Capture the committed result, resource version, or run status. 4. Compare the result with the source fixture and the declared invariant. 5. Repeat or recover the operation when applicable; verify access, audit evidence, and side effects.","The platform must correctly create a real-time dashboard with a bounded refresh interval; the empty input condition follows the configured contract; valid state is preserved, invalid or unauthorized work is rejected or quarantined without silent loss, retries do not duplicate side effects, lineage and audit evidence remain available, and no production records or credentials are used.",Playwright + platform UI/API,"microsoftfabric,market-platform,synthetic-data,real_time,empty-input"
Microsoft Fabric,Real-Time Intelligence,FAB-REAL_TIM-00016,Real-Time Intelligence: alert on a synthetic threshold breach exactly once (empty input),Microsoft Fabric: alert on a synthetic threshold breach exactly once with empty input,Functional,High,Non-production tenant or isolated local fixture; synthetic records only; Use an empty source or namespace and verify defined empty-result behavior.,"1. Create a disposable, versioned synthetic fixture: Use an empty source or namespace and verify defined empty-result behavior. 2. Execute the platform workflow to alert on a synthetic threshold breach exactly once. 3. Capture the committed result, resource version, or run status. 4. Compare the result with the source fixture and the declared invariant. 5. Repeat or recover the operation when applicable; verify access, audit evidence, and side effects.","The platform must correctly alert on a synthetic threshold breach exactly once; the empty input condition follows the configured contract; valid state is preserved, invalid or unauthorized work is rejected or quarantined without silent loss, retries do not duplicate side effects, lineage and audit evidence remain available, and no production records or credentials are used.",Playwright + platform UI/API,"microsoftfabric,market-platform,synthetic-data,real_time,empty-input"
Microsoft Fabric,Real-Time Intelligence,FAB-REAL_TIM-00017,Real-Time Intelligence: preserve event ordering within the declared partition key (empty input),Microsoft Fabric: preserve event ordering within the declared partition key with empty input,Functional,Medium,Non-production tenant or isolated local fixture; synthetic records only; Use an empty source or namespace and verify defined empty-result behavior.,"1. Create a disposable, versioned synthetic fixture: Use an empty source or namespace and verify defined empty-result behavior. 2. Execute the platform workflow to preserve event ordering within the declared partition key. 3. Capture the committed result, resource version, or run status. 4. Compare the result with the source fixture and the declared invariant. 5. Repeat or recover the operation when applicable; verify access, audit evidence, and side effects.","The platform must correctly preserve event ordering within the declared partition key; the empty input condition follows the configured contract; valid state is preserved, invalid or unauthorized work is rejected or quarantined without silent loss, retries do not duplicate side effects, lineage and audit evidence remain available, and no production records or credentials are used.",Playwright + platform UI/API,"microsoftfabric,market-platform,synthetic-data,real_time,empty-input"
Microsoft Fabric,Real-Time Intelligence,FAB-REAL_TIM-00018,Real-Time Intelligence: replay a bounded time range after a consumer restart (empty input),Microsoft Fabric: replay a bounded time range after a consumer restart with empty input,Functional,High,Non-production tenant or isolated local fixture; synthetic records only; Use an empty source or namespace and verify defined empty-result behavior.,"1. Create a disposable, versioned synthetic fixture: Use an empty source or namespace and verify defined empty-result behavior. 2. Execute the platform workflow to replay a bounded time range after a consumer restart. 3. Capture the committed result, resource version, or run status. 4. Compare the result with the source fixture and the declared invariant. 5. Repeat or recover the operation when applicable; verify access, audit evidence, and side effects.","The platform must correctly replay a bounded time range after a consumer restart; the empty input condition follows the configured contract; valid state is preserved, invalid or unauthorized work is rejected or quarantined without silent loss, retries do not duplicate side effects, lineage and audit evidence remain available, and no production records or credentials are used.",Playwright + platform UI/API,"microsoftfabric,market-platform,synthetic-data,real_time,empty-input"
Microsoft Fabric,Real-Time Intelligence,FAB-REAL_TIM-00019,Real-Time Intelligence: restrict eventhouse access by database role (empty input),Microsoft Fabric: restrict eventhouse access by database role with empty input,Functional,High,Non-production tenant or isolated local fixture; synthetic records only; Use an empty source or namespace and verify defined empty-result behavior.,"1. Create a disposable, versioned synthetic fixture: Use an empty source or namespace and verify defined empty-result behavior. 2. Execute the platform workflow to restrict eventhouse access by database role. 3. Capture the committed result, resource version, or run status. 4. Compare the result with the source fixture and the declared invariant. 5. Repeat or recover the operation when applicable; verify access, audit evidence, and side effects.","The platform must correctly restrict eventhouse access by database role; the empty input condition follows the configured contract; valid state is preserved, invalid or unauthorized work is rejected or quarantined without silent loss, retries do not duplicate side effects, lineage and audit evidence remain available, and no production records or credentials are used.",Playwright + platform UI/API,"microsoftfabric,market-platform,synthetic-data,real_time,empty-input"
Microsoft Fabric,Real-Time Intelligence,FAB-REAL_TIM-00020,Real-Time Intelligence: reconcile event counts between ingestion and query results (empty input),Microsoft Fabric: reconcile event counts between ingestion and query results with empty input,Functional,High,Non-production tenant or isolated local fixture; synthetic records only; Use an empty source or namespace and verify defined empty-result behavior.,"1. Create a disposable, versioned synthetic fixture: Use an empty source or namespace and verify defined empty-result behavior. 2. Execute the platform workflow to reconcile event counts between ingestion and query results. 3. Capture the committed result, resource version, or run status. 4. Compare the result with the source fixture and the declared invariant. 5. Repeat or recover the operation when applicable; verify access, audit evidence, and side effects.","The platform must correctly reconcile event counts between ingestion and query results; the empty input condition follows the configured contract; valid state is preserved, invalid or unauthorized work is rejected or quarantined without silent loss, retries do not duplicate side effects, lineage and audit evidence remain available, and no production records or credentials are used.",Playwright + platform UI/API,"microsoftfabric,market-platform,synthetic-data,real_time,empty-input"
Microsoft Fabric,Real-Time Intelligence,FAB-REAL_TIM-00021,Real-Time Intelligence: ingest a synthetic event stream into an eventhouse (single record),Microsoft Fabric: ingest a synthetic event stream into an eventhouse with single record,Functional,Medium,Non-production tenant or isolated local fixture; synthetic records only; Use one valid synthetic record and verify the smallest non-empty result.,"1. Create a disposable, versioned synthetic fixture: Use one valid synthetic record and verify the smallest non-empty result. 2. Execute the platform workflow to ingest a synthetic event stream into an eventhouse. 3. Capture the committed result, resource version, or run status. 4. Compare the result with the source fixture and the declared invariant. 5. Repeat or recover the operation when applicable; verify access, audit evidence, and side effects.","The platform must correctly ingest a synthetic event stream into an eventhouse; the single record condition follows the configured contract; valid state is preserved, invalid or unauthorized work is rejected or quarantined without silent loss, retries do not duplicate side effects, lineage and audit evidence remain available, and no production records or credentials are used.",Playwright + platform UI/API,"microsoftfabric,market-platform,synthetic-data,real_time,single-record"
Microsoft Fabric,Real-Time Intelligence,FAB-REAL_TIM-00022,Real-Time Intelligence: query events by event time across a late-arrival window (single record),Microsoft Fabric: query events by event time across a late-arrival window with single record,Functional,High,Non-production tenant or isolated local fixture; synthetic records only; Use one valid synthetic record and verify the smallest non-empty result.,"1. Create a disposable, versioned synthetic fixture: Use one valid synthetic record and verify the smallest non-empty result. 2. Execute the platform workflow to query events by event time across a late-arrival window. 3. Capture the committed result, resource version, or run status. 4. Compare the result with the source fixture and the declared invariant. 5. Repeat or recover the operation when applicable; verify access, audit evidence, and side effects.","The platform must correctly query events by event time across a late-arrival window; the single record condition follows the configured contract; valid state is preserved, invalid or unauthorized work is rejected or quarantined without silent loss, retries do not duplicate side effects, lineage and audit evidence remain available, and no production records or credentials are used.",Playwright + platform UI/API,"microsoftfabric,market-platform,synthetic-data,real_time,single-record"
Microsoft Fabric,Real-Time Intelligence,FAB-REAL_TIM-00023,Real-Time Intelligence: deduplicate retried events using a stable event identifier (single record),Microsoft Fabric: deduplicate retried events using a stable event identifier with single record,Functional,High,Non-production tenant or isolated local fixture; synthetic records only; Use one valid synthetic record and verify the smallest non-empty result.,"1. Create a disposable, versioned synthetic fixture: Use one valid synthetic record and verify the smallest non-empty result. 2. Execute the platform workflow to deduplicate retried events using a stable event identifier. 3. Capture the committed result, resource version, or run status. 4. Compare the result with the source fixture and the declared invariant. 5. Repeat or recover the operation when applicable; verify access, audit evidence, and side effects.","The platform must correctly deduplicate retried events using a stable event identifier; the single record condition follows the configured contract; valid state is preserved, invalid or unauthorized work is rejected or quarantined without silent loss, retries do not duplicate side effects, lineage and audit evidence remain available, and no production records or credentials are used.",Playwright + platform UI/API,"microsoftfabric,market-platform,synthetic-data,real_time,single-record"
Microsoft Fabric,Real-Time Intelligence,FAB-REAL_TIM-00024,Real-Time Intelligence: apply a KQL function to records with nullable fields (single record),Microsoft Fabric: apply a KQL function to records with nullable fields with single record,Functional,High,Non-production tenant or isolated local fixture; synthetic records only; Use one valid synthetic record and verify the smallest non-empty result.,"1. Create a disposable, versioned synthetic fixture: Use one valid synthetic record and verify the smallest non-empty result. 2. Execute the platform workflow to apply a KQL function to records with nullable fields. 3. Capture the committed result, resource version, or run status. 4. Compare the result with the source fixture and the declared invariant. 5. Repeat or recover the operation when applicable; verify access, audit evidence, and side effects.","The platform must correctly apply a KQL function to records with nullable fields; the single record condition follows the configured contract; valid state is preserved, invalid or unauthorized work is rejected or quarantined without silent loss, retries do not duplicate side effects, lineage and audit evidence remain available, and no production records or credentials are used.",Playwright + platform UI/API,"microsoftfabric,market-platform,synthetic-data,real_time,single-record"
Microsoft Fabric,Real-Time Intelligence,FAB-REAL_TIM-00025,Real-Time Intelligence: create a real-time dashboard with a bounded refresh interval (single record),Microsoft Fabric: create a real-time dashboard with a bounded refresh interval with single record,Functional,Medium,Non-production tenant or isolated local fixture; synthetic records only; Use one valid synthetic record and verify the smallest non-empty result.,"1. Create a disposable, versioned synthetic fixture: Use one valid synthetic record and verify the smallest non-empty result. 2. Execute the platform workflow to create a real-time dashboard with a bounded refresh interval. 3. Capture the committed result, resource version, or run status. 4. Compare the result with the source fixture and the declared invariant. 5. Repeat or recover the operation when applicable; verify access, audit evidence, and side effects.","The platform must correctly create a real-time dashboard with a bounded refresh interval; the single record condition follows the configured contract; valid state is preserved, invalid or unauthorized work is rejected or quarantined without silent loss, retries do not duplicate side effects, lineage and audit evidence remain available, and no production records or credentials are used.",Playwright + platform UI/API,"microsoftfabric,market-platform,synthetic-data,real_time,single-record"
Microsoft Fabric,Real-Time Intelligence,FAB-REAL_TIM-00026,Real-Time Intelligence: alert on a synthetic threshold breach exactly once (single record),Microsoft Fabric: alert on a synthetic threshold breach exactly once with single record,Functional,High,Non-production tenant or isolated local fixture; synthetic records only; Use one valid synthetic record and verify the smallest non-empty result.,"1. Create a disposable, versioned synthetic fixture: Use one valid synthetic record and verify the smallest non-empty result. 2. Execute the platform workflow to alert on a synthetic threshold breach exactly once. 3. Capture the committed result, resource version, or run status. 4. Compare the result with the source fixture and the declared invariant. 5. Repeat or recover the operation when applicable; verify access, audit evidence, and side effects.","The platform must correctly alert on a synthetic threshold breach exactly once; the single record condition follows the configured contract; valid state is preserved, invalid or unauthorized work is rejected or quarantined without silent loss, retries do not duplicate side effects, lineage and audit evidence remain available, and no production records or credentials are used.",Playwright + platform UI/API,"microsoftfabric,market-platform,synthetic-data,real_time,single-record"
Microsoft Fabric,Real-Time Intelligence,FAB-REAL_TIM-00027,Real-Time Intelligence: preserve event ordering within the declared partition key (single record),Microsoft Fabric: preserve event ordering within the declared partition key with single record,Functional,High,Non-production tenant or isolated local fixture; synthetic records only; Use one valid synthetic record and verify the smallest non-empty result.,"1. Create a disposable, versioned synthetic fixture: Use one valid synthetic record and verify the smallest non-empty result. 2. Execute the platform workflow to preserve event ordering within the declared partition key. 3. Capture the committed result, resource version, or run status. 4. Compare the result with the source fixture and the declared invariant. 5. Repeat or recover the operation when applicable; verify access, audit evidence, and side effects.","The platform must correctly preserve event ordering within the declared partition key; the single record condition follows the configured contract; valid state is preserved, invalid or unauthorized work is rejected or quarantined without silent loss, retries do not duplicate side effects, lineage and audit evidence remain available, and no production records or credentials are used.",Playwright + platform UI/API,"microsoftfabric,market-platform,synthetic-data,real_time,single-record"
Microsoft Fabric,Real-Time Intelligence,FAB-REAL_TIM-00028,Real-Time Intelligence: replay a bounded time range after a consumer restart (single record),Microsoft Fabric: replay a bounded time range after a consumer restart with single record,Functional,High,Non-production tenant or isolated local fixture; synthetic records only; Use one valid synthetic record and verify the smallest non-empty result.,"1. Create a disposable, versioned synthetic fixture: Use one valid synthetic record and verify the smallest non-empty result. 2. Execute the platform workflow to replay a bounded time range after a consumer restart. 3. Capture the committed result, resource version, or run status. 4. Compare the result with the source fixture and the declared invariant. 5. Repeat or recover the operation when applicable; verify access, audit evidence, and side effects.","The platform must correctly replay a bounded time range after a consumer restart; the single record condition follows the configured contract; valid state is preserved, invalid or unauthorized work is rejected or quarantined without silent loss, retries do not duplicate side effects, lineage and audit evidence remain available, and no production records or credentials are used.",Playwright + platform UI/API,"microsoftfabric,market-platform,synthetic-data,real_time,single-record"
Microsoft Fabric,Real-Time Intelligence,FAB-REAL_TIM-00029,Real-Time Intelligence: restrict eventhouse access by database role (single record),Microsoft Fabric: restrict eventhouse access by database role with single record,Functional,Medium,Non-production tenant or isolated local fixture; synthetic records only; Use one valid synthetic record and verify the smallest non-empty result.,"1. Create a disposable, versioned synthetic fixture: Use one valid synthetic record and verify the smallest non-empty result. 2. Execute the platform workflow to restrict eventhouse access by database role. 3. Capture the committed result, resource version, or run status. 4. Compare the result with the source fixture and the declared invariant. 5. Repeat or recover the operation when applicable; verify access, audit evidence, and side effects.","The platform must correctly restrict eventhouse access by database role; the single record condition follows the configured contract; valid state is preserved, invalid or unauthorized work is rejected or quarantined without silent loss, retries do not duplicate side effects, lineage and audit evidence remain available, and no production records or credentials are used.",Playwright + platform UI/API,"microsoftfabric,market-platform,synthetic-data,real_time,single-record"
Microsoft Fabric,Real-Time Intelligence,FAB-REAL_TIM-00030,Real-Time Intelligence: reconcile event counts between ingestion and query results (single record),Microsoft Fabric: reconcile event counts between ingestion and query results with single record,Functional,High,Non-production tenant or isolated local fixture; synthetic records only; Use one valid synthetic record and verify the smallest non-empty result.,"1. Create a disposable, versioned synthetic fixture: Use one valid synthetic record and verify the smallest non-empty result. 2. Execute the platform workflow to reconcile event counts between ingestion and query results. 3. Capture the committed result, resource version, or run status. 4. Compare the result with the source fixture and the declared invariant. 5. Repeat or recover the operation when applicable; verify access, audit evidence, and side effects.","The platform must correctly reconcile event counts between ingestion and query results; the single record condition follows the configured contract; valid state is preserved, invalid or unauthorized work is rejected or quarantined without silent loss, retries do not duplicate side effects, lineage and audit evidence remain available, and no production records or credentials are used.",Playwright + platform UI/API,"microsoftfabric,market-platform,synthetic-data,real_time,single-record"
Microsoft Fabric,Real-Time Intelligence,FAB-REAL_TIM-00031,Real-Time Intelligence: ingest a synthetic event stream into an eventhouse (duplicate key),Microsoft Fabric: ingest a synthetic event stream into an eventhouse with duplicate key,Functional,High,Non-production tenant or isolated local fixture; synthetic records only; Submit a duplicate business key and verify the declared deduplication or rejection rule.,"1. Create a disposable, versioned synthetic fixture: Submit a duplicate business key and verify the declared deduplication or rejection rule. 2. Execute the platform workflow to ingest a synthetic event stream into an eventhouse. 3. Capture the committed result, resource version, or run status. 4. Compare the result with the source fixture and the declared invariant. 5. Repeat or recover the operation when applicable; verify access, audit evidence, and side effects.","The platform must correctly ingest a synthetic event stream into an eventhouse; the duplicate key condition follows the configured contract; valid state is preserved, invalid or unauthorized work is rejected or quarantined without silent loss, retries do not duplicate side effects, lineage and audit evidence remain available, and no production records or credentials are used.",Playwright + platform UI/API,"microsoftfabric,market-platform,synthetic-data,real_time,duplicate-key"
Microsoft Fabric,Real-Time Intelligence,FAB-REAL_TIM-00032,Real-Time Intelligence: query events by event time across a late-arrival window (duplicate key),Microsoft Fabric: query events by event time across a late-arrival window with duplicate key,Functional,High,Non-production tenant or isolated local fixture; synthetic records only; Submit a duplicate business key and verify the declared deduplication or rejection rule.,"1. Create a disposable, versioned synthetic fixture: Submit a duplicate business key and verify the declared deduplication or rejection rule. 2. Execute the platform workflow to query events by event time across a late-arrival window. 3. Capture the committed result, resource version, or run status. 4. Compare the result with the source fixture and the declared invariant. 5. Repeat or recover the operation when applicable; verify access, audit evidence, and side effects.","The platform must correctly query events by event time across a late-arrival window; the duplicate key condition follows the configured contract; valid state is preserved, invalid or unauthorized work is rejected or quarantined without silent loss, retries do not duplicate side effects, lineage and audit evidence remain available, and no production records or credentials are used.",Playwright + platform UI/API,"microsoftfabric,market-platform,synthetic-data,real_time,duplicate-key"
Microsoft Fabric,Real-Time Intelligence,FAB-REAL_TIM-00033,Real-Time Intelligence: deduplicate retried events using a stable event identifier (duplicate key),Microsoft Fabric: deduplicate retried events using a stable event identifier with duplicate key,Functional,Medium,Non-production tenant or isolated local fixture; synthetic records only; Submit a duplicate business key and verify the declared deduplication or rejection rule.,"1. Create a disposable, versioned synthetic fixture: Submit a duplicate business key and verify the declared deduplication or rejection rule. 2. Execute the platform workflow to deduplicate retried events using a stable event identifier. 3. Capture the committed result, resource version, or run status. 4. Compare the result with the source fixture and the declared invariant. 5. Repeat or recover the operation when applicable; verify access, audit evidence, and side effects.","The platform must correctly deduplicate retried events using a stable event identifier; the duplicate key condition follows the configured contract; valid state is preserved, invalid or unauthorized work is rejected or quarantined without silent loss, retries do not duplicate side effects, lineage and audit evidence remain available, and no production records or credentials are used.",Playwright + platform UI/API,"microsoftfabric,market-platform,synthetic-data,real_time,duplicate-key"
Microsoft Fabric,Real-Time Intelligence,FAB-REAL_TIM-00034,Real-Time Intelligence: apply a KQL function to records with nullable fields (duplicate key),Microsoft Fabric: apply a KQL function to records with nullable fields with duplicate key,Functional,High,Non-production tenant or isolated local fixture; synthetic records only; Submit a duplicate business key and verify the declared deduplication or rejection rule.,"1. Create a disposable, versioned synthetic fixture: Submit a duplicate business key and verify the declared deduplication or rejection rule. 2. Execute the platform workflow to apply a KQL function to records with nullable fields. 3. Capture the committed result, resource version, or run status. 4. Compare the result with the source fixture and the declared invariant. 5. Repeat or recover the operation when applicable; verify access, audit evidence, and side effects.","The platform must correctly apply a KQL function to records with nullable fields; the duplicate key condition follows the configured contract; valid state is preserved, invalid or unauthorized work is rejected or quarantined without silent loss, retries do not duplicate side effects, lineage and audit evidence remain available, and no production records or credentials are used.",Playwright + platform UI/API,"microsoftfabric,market-platform,synthetic-data,real_time,duplicate-key"
Microsoft Fabric,Real-Time Intelligence,FAB-REAL_TIM-00035,Real-Time Intelligence: create a real-time dashboard with a bounded refresh interval (duplicate key),Microsoft Fabric: create a real-time dashboard with a bounded refresh interval with duplicate key,Functional,High,Non-production tenant or isolated local fixture; synthetic records only; Submit a duplicate business key and verify the declared deduplication or rejection rule.,"1. Create a disposable, versioned synthetic fixture: Submit a duplicate business key and verify the declared deduplication or rejection rule. 2. Execute the platform workflow to create a real-time dashboard with a bounded refresh interval. 3. Capture the committed result, resource version, or run status. 4. Compare the result with the source fixture and the declared invariant. 5. Repeat or recover the operation when applicable; verify access, audit evidence, and side effects.","The platform must correctly create a real-time dashboard with a bounded refresh interval; the duplicate key condition follows the configured contract; valid state is preserved, invalid or unauthorized work is rejected or quarantined without silent loss, retries do not duplicate side effects, lineage and audit evidence remain available, and no production records or credentials are used.",Playwright + platform UI/API,"microsoftfabric,market-platform,synthetic-data,real_time,duplicate-key"
Microsoft Fabric,Real-Time Intelligence,FAB-REAL_TIM-00036,Real-Time Intelligence: alert on a synthetic threshold breach exactly once (duplicate key),Microsoft Fabric: alert on a synthetic threshold breach exactly once with duplicate key,Functional,High,Non-production tenant or isolated local fixture; synthetic records only; Submit a duplicate business key and verify the declared deduplication or rejection rule.,"1. Create a disposable, versioned synthetic fixture: Submit a duplicate business key and verify the declared deduplication or rejection rule. 2. Execute the platform workflow to alert on a synthetic threshold breach exactly once. 3. Capture the committed result, resource version, or run status. 4. Compare the result with the source fixture and the declared invariant. 5. Repeat or recover the operation when applicable; verify access, audit evidence, and side effects.","The platform must correctly alert on a synthetic threshold breach exactly once; the duplicate key condition follows the configured contract; valid state is preserved, invalid or unauthorized work is rejected or quarantined without silent loss, retries do not duplicate side effects, lineage and audit evidence remain available, and no production records or credentials are used.",Playwright + platform UI/API,"microsoftfabric,market-platform,synthetic-data,real_time,duplicate-key"
Microsoft Fabric,Real-Time Intelligence,FAB-REAL_TIM-00037,Real-Time Intelligence: preserve event ordering within the declared partition key (duplicate key),Microsoft Fabric: preserve event ordering within the declared partition key with duplicate key,Functional,Medium,Non-production tenant or isolated local fixture; synthetic records only; Submit a duplicate business key and verify the declared deduplication or rejection rule.,"1. Create a disposable, versioned synthetic fixture: Submit a duplicate business key and verify the declared deduplication or rejection rule. 2. Execute the platform workflow to preserve event ordering within the declared partition key. 3. Capture the committed result, resource version, or run status. 4. Compare the result with the source fixture and the declared invariant. 5. Repeat or recover the operation when applicable; verify access, audit evidence, and side effects.","The platform must correctly preserve event ordering within the declared partition key; the duplicate key condition follows the configured contract; valid state is preserved, invalid or unauthorized work is rejected or quarantined without silent loss, retries do not duplicate side effects, lineage and audit evidence remain available, and no production records or credentials are used.",Playwright + platform UI/API,"microsoftfabric,market-platform,synthetic-data,real_time,duplicate-key"
Microsoft Fabric,Real-Time Intelligence,FAB-REAL_TIM-00038,Real-Time Intelligence: replay a bounded time range after a consumer restart (duplicate key),Microsoft Fabric: replay a bounded time range after a consumer restart with duplicate key,Functional,High,Non-production tenant or isolated local fixture; synthetic records only; Submit a duplicate business key and verify the declared deduplication or rejection rule.,"1. Create a disposable, versioned synthetic fixture: Submit a duplicate business key and verify the declared deduplication or rejection rule. 2. Execute the platform workflow to replay a bounded time range after a consumer restart. 3. Capture the committed result, resource version, or run status. 4. Compare the result with the source fixture and the declared invariant. 5. Repeat or recover the operation when applicable; verify access, audit evidence, and side effects.","The platform must correctly replay a bounded time range after a consumer restart; the duplicate key condition follows the configured contract; valid state is preserved, invalid or unauthorized work is rejected or quarantined without silent loss, retries do not duplicate side effects, lineage and audit evidence remain available, and no production records or credentials are used.",Playwright + platform UI/API,"microsoftfabric,market-platform,synthetic-data,real_time,duplicate-key"
Microsoft Fabric,Real-Time Intelligence,FAB-REAL_TIM-00039,Real-Time Intelligence: restrict eventhouse access by database role (duplicate key),Microsoft Fabric: restrict eventhouse access by database role with duplicate key,Functional,High,Non-production tenant or isolated local fixture; synthetic records only; Submit a duplicate business key and verify the declared deduplication or rejection rule.,"1. Create a disposable, versioned synthetic fixture: Submit a duplicate business key and verify the declared deduplication or rejection rule. 2. Execute the platform workflow to restrict eventhouse access by database role. 3. Capture the committed result, resource version, or run status. 4. Compare the result with the source fixture and the declared invariant. 5. Repeat or recover the operation when applicable; verify access, audit evidence, and side effects.","The platform must correctly restrict eventhouse access by database role; the duplicate key condition follows the configured contract; valid state is preserved, invalid or unauthorized work is rejected or quarantined without silent loss, retries do not duplicate side effects, lineage and audit evidence remain available, and no production records or credentials are used.",Playwright + platform UI/API,"microsoftfabric,market-platform,synthetic-data,real_time,duplicate-key"
Microsoft Fabric,Real-Time Intelligence,FAB-REAL_TIM-00040,Real-Time Intelligence: reconcile event counts between ingestion and query results (duplicate key),Microsoft Fabric: reconcile event counts between ingestion and query results with duplicate key,Functional,High,Non-production tenant or isolated local fixture; synthetic records only; Submit a duplicate business key and verify the declared deduplication or rejection rule.,"1. Create a disposable, versioned synthetic fixture: Submit a duplicate business key and verify the declared deduplication or rejection rule. 2. Execute the platform workflow to reconcile event counts between ingestion and query results. 3. Capture the committed result, resource version, or run status. 4. Compare the result with the source fixture and the declared invariant. 5. Repeat or recover the operation when applicable; verify access, audit evidence, and side effects.","The platform must correctly reconcile event counts between ingestion and query results; the duplicate key condition follows the configured contract; valid state is preserved, invalid or unauthorized work is rejected or quarantined without silent loss, retries do not duplicate side effects, lineage and audit evidence remain available, and no production records or credentials are used.",Playwright + platform UI/API,"microsoftfabric,market-platform,synthetic-data,real_time,duplicate-key"
Microsoft Fabric,Real-Time Intelligence,FAB-REAL_TIM-00041,Real-Time Intelligence: ingest a synthetic event stream into an eventhouse (nullable optional field),Microsoft Fabric: ingest a synthetic event stream into an eventhouse with nullable optional field,Functional,Medium,Non-production tenant or isolated local fixture; synthetic records only; Set optional fields to null while retaining all required identifiers.,"1. Create a disposable, versioned synthetic fixture: Set optional fields to null while retaining all required identifiers. 2. Execute the platform workflow to ingest a synthetic event stream into an eventhouse. 3. Capture the committed result, resource version, or run status. 4. Compare the result with the source fixture and the declared invariant. 5. Repeat or recover the operation when applicable; verify access, audit evidence, and side effects.","The platform must correctly ingest a synthetic event stream into an eventhouse; the nullable optional field condition follows the configured contract; valid state is preserved, invalid or unauthorized work is rejected or quarantined without silent loss, retries do not duplicate side effects, lineage and audit evidence remain available, and no production records or credentials are used.",Playwright + platform UI/API,"microsoftfabric,market-platform,synthetic-data,real_time,nullable-optional-field"
Microsoft Fabric,Real-Time Intelligence,FAB-REAL_TIM-00042,Real-Time Intelligence: query events by event time across a late-arrival window (nullable optional field),Microsoft Fabric: query events by event time across a late-arrival window with nullable optional field,Functional,High,Non-production tenant or isolated local fixture; synthetic records only; Set optional fields to null while retaining all required identifiers.,"1. Create a disposable, versioned synthetic fixture: Set optional fields to null while retaining all required identifiers. 2. Execute the platform workflow to query events by event time across a late-arrival window. 3. Capture the committed result, resource version, or run status. 4. Compare the result with the source fixture and the declared invariant. 5. Repeat or recover the operation when applicable; verify access, audit evidence, and side effects.","The platform must correctly query events by event time across a late-arrival window; the nullable optional field condition follows the configured contract; valid state is preserved, invalid or unauthorized work is rejected or quarantined without silent loss, retries do not duplicate side effects, lineage and audit evidence remain available, and no production records or credentials are used.",Playwright + platform UI/API,"microsoftfabric,market-platform,synthetic-data,real_time,nullable-optional-field"
Microsoft Fabric,Real-Time Intelligence,FAB-REAL_TIM-00043,Real-Time Intelligence: deduplicate retried events using a stable event identifier (nullable optional field),Microsoft Fabric: deduplicate retried events using a stable event identifier with nullable optional field,Functional,High,Non-production tenant or isolated local fixture; synthetic records only; Set optional fields to null while retaining all required identifiers.,"1. Create a disposable, versioned synthetic fixture: Set optional fields to null while retaining all required identifiers. 2. Execute the platform workflow to deduplicate retried events using a stable event identifier. 3. Capture the committed result, resource version, or run status. 4. Compare the result with the source fixture and the declared invariant. 5. Repeat or recover the operation when applicable; verify access, audit evidence, and side effects.","The platform must correctly deduplicate retried events using a stable event identifier; the nullable optional field condition follows the configured contract; valid state is preserved, invalid or unauthorized work is rejected or quarantined without silent loss, retries do not duplicate side effects, lineage and audit evidence remain available, and no production records or credentials are used.",Playwright + platform UI/API,"microsoftfabric,market-platform,synthetic-data,real_time,nullable-optional-field"
Microsoft Fabric,Real-Time Intelligence,FAB-REAL_TIM-00044,Real-Time Intelligence: apply a KQL function to records with nullable fields (nullable optional field),Microsoft Fabric: apply a KQL function to records with nullable fields with nullable optional field,Functional,High,Non-production tenant or isolated local fixture; synthetic records only; Set optional fields to null while retaining all required identifiers.,"1. Create a disposable, versioned synthetic fixture: Set optional fields to null while retaining all required identifiers. 2. Execute the platform workflow to apply a KQL function to records with nullable fields. 3. Capture the committed result, resource version, or run status. 4. Compare the result with the source fixture and the declared invariant. 5. Repeat or recover the operation when applicable; verify access, audit evidence, and side effects.","The platform must correctly apply a KQL function to records with nullable fields; the nullable optional field condition follows the configured contract; valid state is preserved, invalid or unauthorized work is rejected or quarantined without silent loss, retries do not duplicate side effects, lineage and audit evidence remain available, and no production records or credentials are used.",Playwright + platform UI/API,"microsoftfabric,market-platform,synthetic-data,real_time,nullable-optional-field"
Microsoft Fabric,Real-Time Intelligence,FAB-REAL_TIM-00045,Real-Time Intelligence: create a real-time dashboard with a bounded refresh interval (nullable optional field),Microsoft Fabric: create a real-time dashboard with a bounded refresh interval with nullable optional field,Functional,Medium,Non-production tenant or isolated local fixture; synthetic records only; Set optional fields to null while retaining all required identifiers.,"1. Create a disposable, versioned synthetic fixture: Set optional fields to null while retaining all required identifiers. 2. Execute the platform workflow to create a real-time dashboard with a bounded refresh interval. 3. Capture the committed result, resource version, or run status. 4. Compare the result with the source fixture and the declared invariant. 5. Repeat or recover the operation when applicable; verify access, audit evidence, and side effects.","The platform must correctly create a real-time dashboard with a bounded refresh interval; the nullable optional field condition follows the configured contract; valid state is preserved, invalid or unauthorized work is rejected or quarantined without silent loss, retries do not duplicate side effects, lineage and audit evidence remain available, and no production records or credentials are used.",Playwright + platform UI/API,"microsoftfabric,market-platform,synthetic-data,real_time,nullable-optional-field"
Microsoft Fabric,Real-Time Intelligence,FAB-REAL_TIM-00046,Real-Time Intelligence: alert on a synthetic threshold breach exactly once (nullable optional field),Microsoft Fabric: alert on a synthetic threshold breach exactly once with nullable optional field,Functional,High,Non-production tenant or isolated local fixture; synthetic records only; Set optional fields to null while retaining all required identifiers.,"1. Create a disposable, versioned synthetic fixture: Set optional fields to null while retaining all required identifiers. 2. Execute the platform workflow to alert on a synthetic threshold breach exactly once. 3. Capture the committed result, resource version, or run status. 4. Compare the result with the source fixture and the declared invariant. 5. Repeat or recover the operation when applicable; verify access, audit evidence, and side effects.","The platform must correctly alert on a synthetic threshold breach exactly once; the nullable optional field condition follows the configured contract; valid state is preserved, invalid or unauthorized work is rejected or quarantined without silent loss, retries do not duplicate side effects, lineage and audit evidence remain available, and no production records or credentials are used.",Playwright + platform UI/API,"microsoftfabric,market-platform,synthetic-data,real_time,nullable-optional-field"
Microsoft Fabric,Real-Time Intelligence,FAB-REAL_TIM-00047,Real-Time Intelligence: preserve event ordering within the declared partition key (nullable optional field),Microsoft Fabric: preserve event ordering within the declared partition key with nullable optional field,Functional,High,Non-production tenant or isolated local fixture; synthetic records only; Set optional fields to null while retaining all required identifiers.,"1. Create a disposable, versioned synthetic fixture: Set optional fields to null while retaining all required identifiers. 2. Execute the platform workflow to preserve event ordering within the declared partition key. 3. Capture the committed result, resource version, or run status. 4. Compare the result with the source fixture and the declared invariant. 5. Repeat or recover the operation when applicable; verify access, audit evidence, and side effects.","The platform must correctly preserve event ordering within the declared partition key; the nullable optional field condition follows the configured contract; valid state is preserved, invalid or unauthorized work is rejected or quarantined without silent loss, retries do not duplicate side effects, lineage and audit evidence remain available, and no production records or credentials are used.",Playwright + platform UI/API,"microsoftfabric,market-platform,synthetic-data,real_time,nullable-optional-field"
Microsoft Fabric,Real-Time Intelligence,FAB-REAL_TIM-00048,Real-Time Intelligence: replay a bounded time range after a consumer restart (nullable optional field),Microsoft Fabric: replay a bounded time range after a consumer restart with nullable optional field,Functional,High,Non-production tenant or isolated local fixture; synthetic records only; Set optional fields to null while retaining all required identifiers.,"1. Create a disposable, versioned synthetic fixture: Set optional fields to null while retaining all required identifiers. 2. Execute the platform workflow to replay a bounded time range after a consumer restart. 3. Capture the committed result, resource version, or run status. 4. Compare the result with the source fixture and the declared invariant. 5. Repeat or recover the operation when applicable; verify access, audit evidence, and side effects.","The platform must correctly replay a bounded time range after a consumer restart; the nullable optional field condition follows the configured contract; valid state is preserved, invalid or unauthorized work is rejected or quarantined without silent loss, retries do not duplicate side effects, lineage and audit evidence remain available, and no production records or credentials are used.",Playwright + platform UI/API,"microsoftfabric,market-platform,synthetic-data,real_time,nullable-optional-field"
Microsoft Fabric,Real-Time Intelligence,FAB-REAL_TIM-00049,Real-Time Intelligence: restrict eventhouse access by database role (nullable optional field),Microsoft Fabric: restrict eventhouse access by database role with nullable optional field,Functional,Medium,Non-production tenant or isolated local fixture; synthetic records only; Set optional fields to null while retaining all required identifiers.,"1. Create a disposable, versioned synthetic fixture: Set optional fields to null while retaining all required identifiers. 2. Execute the platform workflow to restrict eventhouse access by database role. 3. Capture the committed result, resource version, or run status. 4. Compare the result with the source fixture and the declared invariant. 5. Repeat or recover the operation when applicable; verify access, audit evidence, and side effects.","The platform must correctly restrict eventhouse access by database role; the nullable optional field condition follows the configured contract; valid state is preserved, invalid or unauthorized work is rejected or quarantined without silent loss, retries do not duplicate side effects, lineage and audit evidence remain available, and no production records or credentials are used.",Playwright + platform UI/API,"microsoftfabric,market-platform,synthetic-data,real_time,nullable-optional-field"
Microsoft Fabric,Real-Time Intelligence,FAB-REAL_TIM-00050,Real-Time Intelligence: reconcile event counts between ingestion and query results (nullable optional field),Microsoft Fabric: reconcile event counts between ingestion and query results with nullable optional field,Functional,High,Non-production tenant or isolated local fixture; synthetic records only; Set optional fields to null while retaining all required identifiers.,"1. Create a disposable, versioned synthetic fixture: Set optional fields to null while retaining all required identifiers. 2. Execute the platform workflow to reconcile event counts between ingestion and query results. 3. Capture the committed result, resource version, or run status. 4. Compare the result with the source fixture and the declared invariant. 5. Repeat or recover the operation when applicable; verify access, audit evidence, and side effects.","The platform must correctly reconcile event counts between ingestion and query results; the nullable optional field condition follows the configured contract; valid state is preserved, invalid or unauthorized work is rejected or quarantined without silent loss, retries do not duplicate side effects, lineage and audit evidence remain available, and no production records or credentials are used.",Playwright + platform UI/API,"microsoftfabric,market-platform,synthetic-data,real_time,nullable-optional-field"
Microsoft Fabric,Real-Time Intelligence,FAB-REAL_TIM-00051,Real-Time Intelligence: ingest a synthetic event stream into an eventhouse (boundary values),Microsoft Fabric: ingest a synthetic event stream into an eventhouse with boundary values,Functional,High,"Non-production tenant or isolated local fixture; synthetic records only; Exercise documented minimum, maximum, and just-outside limits.","1. Create a disposable, versioned synthetic fixture: Exercise documented minimum, maximum, and just-outside limits. 2. Execute the platform workflow to ingest a synthetic event stream into an eventhouse. 3. Capture the committed result, resource version, or run status. 4. Compare the result with the source fixture and the declared invariant. 5. Repeat or recover the operation when applicable; verify access, audit evidence, and side effects.","The platform must correctly ingest a synthetic event stream into an eventhouse; the boundary values condition follows the configured contract; valid state is preserved, invalid or unauthorized work is rejected or quarantined without silent loss, retries do not duplicate side effects, lineage and audit evidence remain available, and no production records or credentials are used.",Playwright + platform UI/API,"microsoftfabric,market-platform,synthetic-data,real_time,boundary-values"
Microsoft Fabric,Real-Time Intelligence,FAB-REAL_TIM-00052,Real-Time Intelligence: query events by event time across a late-arrival window (boundary values),Microsoft Fabric: query events by event time across a late-arrival window with boundary values,Functional,High,"Non-production tenant or isolated local fixture; synthetic records only; Exercise documented minimum, maximum, and just-outside limits.","1. Create a disposable, versioned synthetic fixture: Exercise documented minimum, maximum, and just-outside limits. 2. Execute the platform workflow to query events by event time across a late-arrival window. 3. Capture the committed result, resource version, or run status. 4. Compare the result with the source fixture and the declared invariant. 5. Repeat or recover the operation when applicable; verify access, audit evidence, and side effects.","The platform must correctly query events by event time across a late-arrival window; the boundary values condition follows the configured contract; valid state is preserved, invalid or unauthorized work is rejected or quarantined without silent loss, retries do not duplicate side effects, lineage and audit evidence remain available, and no production records or credentials are used.",Playwright + platform UI/API,"microsoftfabric,market-platform,synthetic-data,real_time,boundary-values"
Microsoft Fabric,Real-Time Intelligence,FAB-REAL_TIM-00053,Real-Time Intelligence: deduplicate retried events using a stable event identifier (boundary values),Microsoft Fabric: deduplicate retried events using a stable event identifier with boundary values,Functional,Medium,"Non-production tenant or isolated local fixture; synthetic records only; Exercise documented minimum, maximum, and just-outside limits.","1. Create a disposable, versioned synthetic fixture: Exercise documented minimum, maximum, and just-outside limits. 2. Execute the platform workflow to deduplicate retried events using a stable event identifier. 3. Capture the committed result, resource version, or run status. 4. Compare the result with the source fixture and the declared invariant. 5. Repeat or recover the operation when applicable; verify access, audit evidence, and side effects.","The platform must correctly deduplicate retried events using a stable event identifier; the boundary values condition follows the configured contract; valid state is preserved, invalid or unauthorized work is rejected or quarantined without silent loss, retries do not duplicate side effects, lineage and audit evidence remain available, and no production records or credentials are used.",Playwright + platform UI/API,"microsoftfabric,market-platform,synthetic-data,real_time,boundary-values"
Microsoft Fabric,Real-Time Intelligence,FAB-REAL_TIM-00054,Real-Time Intelligence: apply a KQL function to records with nullable fields (boundary values),Microsoft Fabric: apply a KQL function to records with nullable fields with boundary values,Functional,High,"Non-production tenant or isolated local fixture; synthetic records only; Exercise documented minimum, maximum, and just-outside limits.","1. Create a disposable, versioned synthetic fixture: Exercise documented minimum, maximum, and just-outside limits. 2. Execute the platform workflow to apply a KQL function to records with nullable fields. 3. Capture the committed result, resource version, or run status. 4. Compare the result with the source fixture and the declared invariant. 5. Repeat or recover the operation when applicable; verify access, audit evidence, and side effects.","The platform must correctly apply a KQL function to records with nullable fields; the boundary values condition follows the configured contract; valid state is preserved, invalid or unauthorized work is rejected or quarantined without silent loss, retries do not duplicate side effects, lineage and audit evidence remain available, and no production records or credentials are used.",Playwright + platform UI/API,"microsoftfabric,market-platform,synthetic-data,real_time,boundary-values"
Microsoft Fabric,Real-Time Intelligence,FAB-REAL_TIM-00055,Real-Time Intelligence: create a real-time dashboard with a bounded refresh interval (boundary values),Microsoft Fabric: create a real-time dashboard with a bounded refresh interval with boundary values,Functional,High,"Non-production tenant or isolated local fixture; synthetic records only; Exercise documented minimum, maximum, and just-outside limits.","1. Create a disposable, versioned synthetic fixture: Exercise documented minimum, maximum, and just-outside limits. 2. Execute the platform workflow to create a real-time dashboard with a bounded refresh interval. 3. Capture the committed result, resource version, or run status. 4. Compare the result with the source fixture and the declared invariant. 5. Repeat or recover the operation when applicable; verify access, audit evidence, and side effects.","The platform must correctly create a real-time dashboard with a bounded refresh interval; the boundary values condition follows the configured contract; valid state is preserved, invalid or unauthorized work is rejected or quarantined without silent loss, retries do not duplicate side effects, lineage and audit evidence remain available, and no production records or credentials are used.",Playwright + platform UI/API,"microsoftfabric,market-platform,synthetic-data,real_time,boundary-values"
Microsoft Fabric,Real-Time Intelligence,FAB-REAL_TIM-00056,Real-Time Intelligence: alert on a synthetic threshold breach exactly once (boundary values),Microsoft Fabric: alert on a synthetic threshold breach exactly once with boundary values,Functional,High,"Non-production tenant or isolated local fixture; synthetic records only; Exercise documented minimum, maximum, and just-outside limits.","1. Create a disposable, versioned synthetic fixture: Exercise documented minimum, maximum, and just-outside limits. 2. Execute the platform workflow to alert on a synthetic threshold breach exactly once. 3. Capture the committed result, resource version, or run status. 4. Compare the result with the source fixture and the declared invariant. 5. Repeat or recover the operation when applicable; verify access, audit evidence, and side effects.","The platform must correctly alert on a synthetic threshold breach exactly once; the boundary values condition follows the configured contract; valid state is preserved, invalid or unauthorized work is rejected or quarantined without silent loss, retries do not duplicate side effects, lineage and audit evidence remain available, and no production records or credentials are used.",Playwright + platform UI/API,"microsoftfabric,market-platform,synthetic-data,real_time,boundary-values"
Microsoft Fabric,Real-Time Intelligence,FAB-REAL_TIM-00057,Real-Time Intelligence: preserve event ordering within the declared partition key (boundary values),Microsoft Fabric: preserve event ordering within the declared partition key with boundary values,Functional,Medium,"Non-production tenant or isolated local fixture; synthetic records only; Exercise documented minimum, maximum, and just-outside limits.","1. Create a disposable, versioned synthetic fixture: Exercise documented minimum, maximum, and just-outside limits. 2. Execute the platform workflow to preserve event ordering within the declared partition key. 3. Capture the committed result, resource version, or run status. 4. Compare the result with the source fixture and the declared invariant. 5. Repeat or recover the operation when applicable; verify access, audit evidence, and side effects.","The platform must correctly preserve event ordering within the declared partition key; the boundary values condition follows the configured contract; valid state is preserved, invalid or unauthorized work is rejected or quarantined without silent loss, retries do not duplicate side effects, lineage and audit evidence remain available, and no production records or credentials are used.",Playwright + platform UI/API,"microsoftfabric,market-platform,synthetic-data,real_time,boundary-values"
Microsoft Fabric,Real-Time Intelligence,FAB-REAL_TIM-00058,Real-Time Intelligence: replay a bounded time range after a consumer restart (boundary values),Microsoft Fabric: replay a bounded time range after a consumer restart with boundary values,Functional,High,"Non-production tenant or isolated local fixture; synthetic records only; Exercise documented minimum, maximum, and just-outside limits.","1. Create a disposable, versioned synthetic fixture: Exercise documented minimum, maximum, and just-outside limits. 2. Execute the platform workflow to replay a bounded time range after a consumer restart. 3. Capture the committed result, resource version, or run status. 4. Compare the result with the source fixture and the declared invariant. 5. Repeat or recover the operation when applicable; verify access, audit evidence, and side effects.","The platform must correctly replay a bounded time range after a consumer restart; the boundary values condition follows the configured contract; valid state is preserved, invalid or unauthorized work is rejected or quarantined without silent loss, retries do not duplicate side effects, lineage and audit evidence remain available, and no production records or credentials are used.",Playwright + platform UI/API,"microsoftfabric,market-platform,synthetic-data,real_time,boundary-values"
Microsoft Fabric,Real-Time Intelligence,FAB-REAL_TIM-00059,Real-Time Intelligence: restrict eventhouse access by database role (boundary values),Microsoft Fabric: restrict eventhouse access by database role with boundary values,Functional,High,"Non-production tenant or isolated local fixture; synthetic records only; Exercise documented minimum, maximum, and just-outside limits.","1. Create a disposable, versioned synthetic fixture: Exercise documented minimum, maximum, and just-outside limits. 2. Execute the platform workflow to restrict eventhouse access by database role. 3. Capture the committed result, resource version, or run status. 4. Compare the result with the source fixture and the declared invariant. 5. Repeat or recover the operation when applicable; verify access, audit evidence, and side effects.","The platform must correctly restrict eventhouse access by database role; the boundary values condition follows the configured contract; valid state is preserved, invalid or unauthorized work is rejected or quarantined without silent loss, retries do not duplicate side effects, lineage and audit evidence remain available, and no production records or credentials are used.",Playwright + platform UI/API,"microsoftfabric,market-platform,synthetic-data,real_time,boundary-values"
Microsoft Fabric,Real-Time Intelligence,FAB-REAL_TIM-00060,Real-Time Intelligence: reconcile event counts between ingestion and query results (boundary values),Microsoft Fabric: reconcile event counts between ingestion and query results with boundary values,Functional,High,"Non-production tenant or isolated local fixture; synthetic records only; Exercise documented minimum, maximum, and just-outside limits.","1. Create a disposable, versioned synthetic fixture: Exercise documented minimum, maximum, and just-outside limits. 2. Execute the platform workflow to reconcile event counts between ingestion and query results. 3. Capture the committed result, resource version, or run status. 4. Compare the result with the source fixture and the declared invariant. 5. Repeat or recover the operation when applicable; verify access, audit evidence, and side effects.","The platform must correctly reconcile event counts between ingestion and query results; the boundary values condition follows the configured contract; valid state is preserved, invalid or unauthorized work is rejected or quarantined without silent loss, retries do not duplicate side effects, lineage and audit evidence remain available, and no production records or credentials are used.",Playwright + platform UI/API,"microsoftfabric,market-platform,synthetic-data,real_time,boundary-values"
Microsoft Fabric,Real-Time Intelligence,FAB-REAL_TIM-00061,Real-Time Intelligence: ingest a synthetic event stream into an eventhouse (late arriving data),Microsoft Fabric: ingest a synthetic event stream into an eventhouse with late arriving data,Functional,Medium,Non-production tenant or isolated local fixture; synthetic records only; Deliver an older event after a newer watermark or processing window has advanced.,"1. Create a disposable, versioned synthetic fixture: Deliver an older event after a newer watermark or processing window has advanced. 2. Execute the platform workflow to ingest a synthetic event stream into an eventhouse. 3. Capture the committed result, resource version, or run status. 4. Compare the result with the source fixture and the declared invariant. 5. Repeat or recover the operation when applicable; verify access, audit evidence, and side effects.","The platform must correctly ingest a synthetic event stream into an eventhouse; the late arriving data condition follows the configured contract; valid state is preserved, invalid or unauthorized work is rejected or quarantined without silent loss, retries do not duplicate side effects, lineage and audit evidence remain available, and no production records or credentials are used.",Playwright + platform UI/API,"microsoftfabric,market-platform,synthetic-data,real_time,late-arriving-data"
Microsoft Fabric,Real-Time Intelligence,FAB-REAL_TIM-00062,Real-Time Intelligence: query events by event time across a late-arrival window (late arriving data),Microsoft Fabric: query events by event time across a late-arrival window with late arriving data,Functional,High,Non-production tenant or isolated local fixture; synthetic records only; Deliver an older event after a newer watermark or processing window has advanced.,"1. Create a disposable, versioned synthetic fixture: Deliver an older event after a newer watermark or processing window has advanced. 2. Execute the platform workflow to query events by event time across a late-arrival window. 3. Capture the committed result, resource version, or run status. 4. Compare the result with the source fixture and the declared invariant. 5. Repeat or recover the operation when applicable; verify access, audit evidence, and side effects.","The platform must correctly query events by event time across a late-arrival window; the late arriving data condition follows the configured contract; valid state is preserved, invalid or unauthorized work is rejected or quarantined without silent loss, retries do not duplicate side effects, lineage and audit evidence remain available, and no production records or credentials are used.",Playwright + platform UI/API,"microsoftfabric,market-platform,synthetic-data,real_time,late-arriving-data"
Microsoft Fabric,Real-Time Intelligence,FAB-REAL_TIM-00063,Real-Time Intelligence: deduplicate retried events using a stable event identifier (late arriving data),Microsoft Fabric: deduplicate retried events using a stable event identifier with late arriving data,Functional,High,Non-production tenant or isolated local fixture; synthetic records only; Deliver an older event after a newer watermark or processing window has advanced.,"1. Create a disposable, versioned synthetic fixture: Deliver an older event after a newer watermark or processing window has advanced. 2. Execute the platform workflow to deduplicate retried events using a stable event identifier. 3. Capture the committed result, resource version, or run status. 4. Compare the result with the source fixture and the declared invariant. 5. Repeat or recover the operation when applicable; verify access, audit evidence, and side effects.","The platform must correctly deduplicate retried events using a stable event identifier; the late arriving data condition follows the configured contract; valid state is preserved, invalid or unauthorized work is rejected or quarantined without silent loss, retries do not duplicate side effects, lineage and audit evidence remain available, and no production records or credentials are used.",Playwright + platform UI/API,"microsoftfabric,market-platform,synthetic-data,real_time,late-arriving-data"
Microsoft Fabric,Real-Time Intelligence,FAB-REAL_TIM-00064,Real-Time Intelligence: apply a KQL function to records with nullable fields (late arriving data),Microsoft Fabric: apply a KQL function to records with nullable fields with late arriving data,Functional,High,Non-production tenant or isolated local fixture; synthetic records only; Deliver an older event after a newer watermark or processing window has advanced.,"1. Create a disposable, versioned synthetic fixture: Deliver an older event after a newer watermark or processing window has advanced. 2. Execute the platform workflow to apply a KQL function to records with nullable fields. 3. Capture the committed result, resource version, or run status. 4. Compare the result with the source fixture and the declared invariant. 5. Repeat or recover the operation when applicable; verify access, audit evidence, and side effects.","The platform must correctly apply a KQL function to records with nullable fields; the late arriving data condition follows the configured contract; valid state is preserved, invalid or unauthorized work is rejected or quarantined without silent loss, retries do not duplicate side effects, lineage and audit evidence remain available, and no production records or credentials are used.",Playwright + platform UI/API,"microsoftfabric,market-platform,synthetic-data,real_time,late-arriving-data"
Microsoft Fabric,Real-Time Intelligence,FAB-REAL_TIM-00065,Real-Time Intelligence: create a real-time dashboard with a bounded refresh interval (late arriving data),Microsoft Fabric: create a real-time dashboard with a bounded refresh interval with late arriving data,Functional,Medium,Non-production tenant or isolated local fixture; synthetic records only; Deliver an older event after a newer watermark or processing window has advanced.,"1. Create a disposable, versioned synthetic fixture: Deliver an older event after a newer watermark or processing window has advanced. 2. Execute the platform workflow to create a real-time dashboard with a bounded refresh interval. 3. Capture the committed result, resource version, or run status. 4. Compare the result with the source fixture and the declared invariant. 5. Repeat or recover the operation when applicable; verify access, audit evidence, and side effects.","The platform must correctly create a real-time dashboard with a bounded refresh interval; the late arriving data condition follows the configured contract; valid state is preserved, invalid or unauthorized work is rejected or quarantined without silent loss, retries do not duplicate side effects, lineage and audit evidence remain available, and no production records or credentials are used.",Playwright + platform UI/API,"microsoftfabric,market-platform,synthetic-data,real_time,late-arriving-data"
Microsoft Fabric,Real-Time Intelligence,FAB-REAL_TIM-00066,Real-Time Intelligence: alert on a synthetic threshold breach exactly once (late arriving data),Microsoft Fabric: alert on a synthetic threshold breach exactly once with late arriving data,Functional,High,Non-production tenant or isolated local fixture; synthetic records only; Deliver an older event after a newer watermark or processing window has advanced.,"1. Create a disposable, versioned synthetic fixture: Deliver an older event after a newer watermark or processing window has advanced. 2. Execute the platform workflow to alert on a synthetic threshold breach exactly once. 3. Capture the committed result, resource version, or run status. 4. Compare the result with the source fixture and the declared invariant. 5. Repeat or recover the operation when applicable; verify access, audit evidence, and side effects.","The platform must correctly alert on a synthetic threshold breach exactly once; the late arriving data condition follows the configured contract; valid state is preserved, invalid or unauthorized work is rejected or quarantined without silent loss, retries do not duplicate side effects, lineage and audit evidence remain available, and no production records or credentials are used.",Playwright + platform UI/API,"microsoftfabric,market-platform,synthetic-data,real_time,late-arriving-data"
Microsoft Fabric,Real-Time Intelligence,FAB-REAL_TIM-00067,Real-Time Intelligence: preserve event ordering within the declared partition key (late arriving data),Microsoft Fabric: preserve event ordering within the declared partition key with late arriving data,Functional,High,Non-production tenant or isolated local fixture; synthetic records only; Deliver an older event after a newer watermark or processing window has advanced.,"1. Create a disposable, versioned synthetic fixture: Deliver an older event after a newer watermark or processing window has advanced. 2. Execute the platform workflow to preserve event ordering within the declared partition key. 3. Capture the committed result, resource version, or run status. 4. Compare the result with the source fixture and the declared invariant. 5. Repeat or recover the operation when applicable; verify access, audit evidence, and side effects.","The platform must correctly preserve event ordering within the declared partition key; the late arriving data condition follows the configured contract; valid state is preserved, invalid or unauthorized work is rejected or quarantined without silent loss, retries do not duplicate side effects, lineage and audit evidence remain available, and no production records or credentials are used.",Playwright + platform UI/API,"microsoftfabric,market-platform,synthetic-data,real_time,late-arriving-data"
Microsoft Fabric,Real-Time Intelligence,FAB-REAL_TIM-00068,Real-Time Intelligence: replay a bounded time range after a consumer restart (late arriving data),Microsoft Fabric: replay a bounded time range after a consumer restart with late arriving data,Functional,High,Non-production tenant or isolated local fixture; synthetic records only; Deliver an older event after a newer watermark or processing window has advanced.,"1. Create a disposable, versioned synthetic fixture: Deliver an older event after a newer watermark or processing window has advanced. 2. Execute the platform workflow to replay a bounded time range after a consumer restart. 3. Capture the committed result, resource version, or run status. 4. Compare the result with the source fixture and the declared invariant. 5. Repeat or recover the operation when applicable; verify access, audit evidence, and side effects.","The platform must correctly replay a bounded time range after a consumer restart; the late arriving data condition follows the configured contract; valid state is preserved, invalid or unauthorized work is rejected or quarantined without silent loss, retries do not duplicate side effects, lineage and audit evidence remain available, and no production records or credentials are used.",Playwright + platform UI/API,"microsoftfabric,market-platform,synthetic-data,real_time,late-arriving-data"
Microsoft Fabric,Real-Time Intelligence,FAB-REAL_TIM-00069,Real-Time Intelligence: restrict eventhouse access by database role (late arriving data),Microsoft Fabric: restrict eventhouse access by database role with late arriving data,Functional,Medium,Non-production tenant or isolated local fixture; synthetic records only; Deliver an older event after a newer watermark or processing window has advanced.,"1. Create a disposable, versioned synthetic fixture: Deliver an older event after a newer watermark or processing window has advanced. 2. Execute the platform workflow to restrict eventhouse access by database role. 3. Capture the committed result, resource version, or run status. 4. Compare the result with the source fixture and the declared invariant. 5. Repeat or recover the operation when applicable; verify access, audit evidence, and side effects.","The platform must correctly restrict eventhouse access by database role; the late arriving data condition follows the configured contract; valid state is preserved, invalid or unauthorized work is rejected or quarantined without silent loss, retries do not duplicate side effects, lineage and audit evidence remain available, and no production records or credentials are used.",Playwright + platform UI/API,"microsoftfabric,market-platform,synthetic-data,real_time,late-arriving-data"
Microsoft Fabric,Real-Time Intelligence,FAB-REAL_TIM-00070,Real-Time Intelligence: reconcile event counts between ingestion and query results (late arriving data),Microsoft Fabric: reconcile event counts between ingestion and query results with late arriving data,Functional,High,Non-production tenant or isolated local fixture; synthetic records only; Deliver an older event after a newer watermark or processing window has advanced.,"1. Create a disposable, versioned synthetic fixture: Deliver an older event after a newer watermark or processing window has advanced. 2. Execute the platform workflow to reconcile event counts between ingestion and query results. 3. Capture the committed result, resource version, or run status. 4. Compare the result with the source fixture and the declared invariant. 5. Repeat or recover the operation when applicable; verify access, audit evidence, and side effects.","The platform must correctly reconcile event counts between ingestion and query results; the late arriving data condition follows the configured contract; valid state is preserved, invalid or unauthorized work is rejected or quarantined without silent loss, retries do not duplicate side effects, lineage and audit evidence remain available, and no production records or credentials are used.",Playwright + platform UI/API,"microsoftfabric,market-platform,synthetic-data,real_time,late-arriving-data"
Microsoft Fabric,Real-Time Intelligence,FAB-REAL_TIM-00071,Real-Time Intelligence: ingest a synthetic event stream into an eventhouse (out-of-order events),Microsoft Fabric: ingest a synthetic event stream into an eventhouse with out-of-order events,Functional,High,Non-production tenant or isolated local fixture; synthetic records only; Shuffle event or commit order while preserving source event-time values.,"1. Create a disposable, versioned synthetic fixture: Shuffle event or commit order while preserving source event-time values. 2. Execute the platform workflow to ingest a synthetic event stream into an eventhouse. 3. Capture the committed result, resource version, or run status. 4. Compare the result with the source fixture and the declared invariant. 5. Repeat or recover the operation when applicable; verify access, audit evidence, and side effects.","The platform must correctly ingest a synthetic event stream into an eventhouse; the out-of-order events condition follows the configured contract; valid state is preserved, invalid or unauthorized work is rejected or quarantined without silent loss, retries do not duplicate side effects, lineage and audit evidence remain available, and no production records or credentials are used.",Playwright + platform UI/API,"microsoftfabric,market-platform,synthetic-data,real_time,out-of-order-events"
Microsoft Fabric,Real-Time Intelligence,FAB-REAL_TIM-00072,Real-Time Intelligence: query events by event time across a late-arrival window (out-of-order events),Microsoft Fabric: query events by event time across a late-arrival window with out-of-order events,Functional,High,Non-production tenant or isolated local fixture; synthetic records only; Shuffle event or commit order while preserving source event-time values.,"1. Create a disposable, versioned synthetic fixture: Shuffle event or commit order while preserving source event-time values. 2. Execute the platform workflow to query events by event time across a late-arrival window. 3. Capture the committed result, resource version, or run status. 4. Compare the result with the source fixture and the declared invariant. 5. Repeat or recover the operation when applicable; verify access, audit evidence, and side effects.","The platform must correctly query events by event time across a late-arrival window; the out-of-order events condition follows the configured contract; valid state is preserved, invalid or unauthorized work is rejected or quarantined without silent loss, retries do not duplicate side effects, lineage and audit evidence remain available, and no production records or credentials are used.",Playwright + platform UI/API,"microsoftfabric,market-platform,synthetic-data,real_time,out-of-order-events"
Microsoft Fabric,Real-Time Intelligence,FAB-REAL_TIM-00073,Real-Time Intelligence: deduplicate retried events using a stable event identifier (out-of-order events),Microsoft Fabric: deduplicate retried events using a stable event identifier with out-of-order events,Functional,Medium,Non-production tenant or isolated local fixture; synthetic records only; Shuffle event or commit order while preserving source event-time values.,"1. Create a disposable, versioned synthetic fixture: Shuffle event or commit order while preserving source event-time values. 2. Execute the platform workflow to deduplicate retried events using a stable event identifier. 3. Capture the committed result, resource version, or run status. 4. Compare the result with the source fixture and the declared invariant. 5. Repeat or recover the operation when applicable; verify access, audit evidence, and side effects.","The platform must correctly deduplicate retried events using a stable event identifier; the out-of-order events condition follows the configured contract; valid state is preserved, invalid or unauthorized work is rejected or quarantined without silent loss, retries do not duplicate side effects, lineage and audit evidence remain available, and no production records or credentials are used.",Playwright + platform UI/API,"microsoftfabric,market-platform,synthetic-data,real_time,out-of-order-events"
Microsoft Fabric,Real-Time Intelligence,FAB-REAL_TIM-00074,Real-Time Intelligence: apply a KQL function to records with nullable fields (out-of-order events),Microsoft Fabric: apply a KQL function to records with nullable fields with out-of-order events,Functional,High,Non-production tenant or isolated local fixture; synthetic records only; Shuffle event or commit order while preserving source event-time values.,"1. Create a disposable, versioned synthetic fixture: Shuffle event or commit order while preserving source event-time values. 2. Execute the platform workflow to apply a KQL function to records with nullable fields. 3. Capture the committed result, resource version, or run status. 4. Compare the result with the source fixture and the declared invariant. 5. Repeat or recover the operation when applicable; verify access, audit evidence, and side effects.","The platform must correctly apply a KQL function to records with nullable fields; the out-of-order events condition follows the configured contract; valid state is preserved, invalid or unauthorized work is rejected or quarantined without silent loss, retries do not duplicate side effects, lineage and audit evidence remain available, and no production records or credentials are used.",Playwright + platform UI/API,"microsoftfabric,market-platform,synthetic-data,real_time,out-of-order-events"
Microsoft Fabric,Real-Time Intelligence,FAB-REAL_TIM-00075,Real-Time Intelligence: create a real-time dashboard with a bounded refresh interval (out-of-order events),Microsoft Fabric: create a real-time dashboard with a bounded refresh interval with out-of-order events,Functional,High,Non-production tenant or isolated local fixture; synthetic records only; Shuffle event or commit order while preserving source event-time values.,"1. Create a disposable, versioned synthetic fixture: Shuffle event or commit order while preserving source event-time values. 2. Execute the platform workflow to create a real-time dashboard with a bounded refresh interval. 3. Capture the committed result, resource version, or run status. 4. Compare the result with the source fixture and the declared invariant. 5. Repeat or recover the operation when applicable; verify access, audit evidence, and side effects.","The platform must correctly create a real-time dashboard with a bounded refresh interval; the out-of-order events condition follows the configured contract; valid state is preserved, invalid or unauthorized work is rejected or quarantined without silent loss, retries do not duplicate side effects, lineage and audit evidence remain available, and no production records or credentials are used.",Playwright + platform UI/API,"microsoftfabric,market-platform,synthetic-data,real_time,out-of-order-events"
Microsoft Fabric,Real-Time Intelligence,FAB-REAL_TIM-00076,Real-Time Intelligence: alert on a synthetic threshold breach exactly once (out-of-order events),Microsoft Fabric: alert on a synthetic threshold breach exactly once with out-of-order events,Functional,High,Non-production tenant or isolated local fixture; synthetic records only; Shuffle event or commit order while preserving source event-time values.,"1. Create a disposable, versioned synthetic fixture: Shuffle event or commit order while preserving source event-time values. 2. Execute the platform workflow to alert on a synthetic threshold breach exactly once. 3. Capture the committed result, resource version, or run status. 4. Compare the result with the source fixture and the declared invariant. 5. Repeat or recover the operation when applicable; verify access, audit evidence, and side effects.","The platform must correctly alert on a synthetic threshold breach exactly once; the out-of-order events condition follows the configured contract; valid state is preserved, invalid or unauthorized work is rejected or quarantined without silent loss, retries do not duplicate side effects, lineage and audit evidence remain available, and no production records or credentials are used.",Playwright + platform UI/API,"microsoftfabric,market-platform,synthetic-data,real_time,out-of-order-events"
Microsoft Fabric,Real-Time Intelligence,FAB-REAL_TIM-00077,Real-Time Intelligence: preserve event ordering within the declared partition key (out-of-order events),Microsoft Fabric: preserve event ordering within the declared partition key with out-of-order events,Functional,Medium,Non-production tenant or isolated local fixture; synthetic records only; Shuffle event or commit order while preserving source event-time values.,"1. Create a disposable, versioned synthetic fixture: Shuffle event or commit order while preserving source event-time values. 2. Execute the platform workflow to preserve event ordering within the declared partition key. 3. Capture the committed result, resource version, or run status. 4. Compare the result with the source fixture and the declared invariant. 5. Repeat or recover the operation when applicable; verify access, audit evidence, and side effects.","The platform must correctly preserve event ordering within the declared partition key; the out-of-order events condition follows the configured contract; valid state is preserved, invalid or unauthorized work is rejected or quarantined without silent loss, retries do not duplicate side effects, lineage and audit evidence remain available, and no production records or credentials are used.",Playwright + platform UI/API,"microsoftfabric,market-platform,synthetic-data,real_time,out-of-order-events"
Microsoft Fabric,Real-Time Intelligence,FAB-REAL_TIM-00078,Real-Time Intelligence: replay a bounded time range after a consumer restart (out-of-order events),Microsoft Fabric: replay a bounded time range after a consumer restart with out-of-order events,Functional,High,Non-production tenant or isolated local fixture; synthetic records only; Shuffle event or commit order while preserving source event-time values.,"1. Create a disposable, versioned synthetic fixture: Shuffle event or commit order while preserving source event-time values. 2. Execute the platform workflow to replay a bounded time range after a consumer restart. 3. Capture the committed result, resource version, or run status. 4. Compare the result with the source fixture and the declared invariant. 5. Repeat or recover the operation when applicable; verify access, audit evidence, and side effects.","The platform must correctly replay a bounded time range after a consumer restart; the out-of-order events condition follows the configured contract; valid state is preserved, invalid or unauthorized work is rejected or quarantined without silent loss, retries do not duplicate side effects, lineage and audit evidence remain available, and no production records or credentials are used.",Playwright + platform UI/API,"microsoftfabric,market-platform,synthetic-data,real_time,out-of-order-events"
Microsoft Fabric,Real-Time Intelligence,FAB-REAL_TIM-00079,Real-Time Intelligence: restrict eventhouse access by database role (out-of-order events),Microsoft Fabric: restrict eventhouse access by database role with out-of-order events,Functional,High,Non-production tenant or isolated local fixture; synthetic records only; Shuffle event or commit order while preserving source event-time values.,"1. Create a disposable, versioned synthetic fixture: Shuffle event or commit order while preserving source event-time values. 2. Execute the platform workflow to restrict eventhouse access by database role. 3. Capture the committed result, resource version, or run status. 4. Compare the result with the source fixture and the declared invariant. 5. Repeat or recover the operation when applicable; verify access, audit evidence, and side effects.","The platform must correctly restrict eventhouse access by database role; the out-of-order events condition follows the configured contract; valid state is preserved, invalid or unauthorized work is rejected or quarantined without silent loss, retries do not duplicate side effects, lineage and audit evidence remain available, and no production records or credentials are used.",Playwright + platform UI/API,"microsoftfabric,market-platform,synthetic-data,real_time,out-of-order-events"
Microsoft Fabric,Real-Time Intelligence,FAB-REAL_TIM-00080,Real-Time Intelligence: reconcile event counts between ingestion and query results (out-of-order events),Microsoft Fabric: reconcile event counts between ingestion and query results with out-of-order events,Functional,High,Non-production tenant or isolated local fixture; synthetic records only; Shuffle event or commit order while preserving source event-time values.,"1. Create a disposable, versioned synthetic fixture: Shuffle event or commit order while preserving source event-time values. 2. Execute the platform workflow to reconcile event counts between ingestion and query results. 3. Capture the committed result, resource version, or run status. 4. Compare the result with the source fixture and the declared invariant. 5. Repeat or recover the operation when applicable; verify access, audit evidence, and side effects.","The platform must correctly reconcile event counts between ingestion and query results; the out-of-order events condition follows the configured contract; valid state is preserved, invalid or unauthorized work is rejected or quarantined without silent loss, retries do not duplicate side effects, lineage and audit evidence remain available, and no production records or credentials are used.",Playwright + platform UI/API,"microsoftfabric,market-platform,synthetic-data,real_time,out-of-order-events"
Microsoft Fabric,Real-Time Intelligence,FAB-REAL_TIM-00081,Real-Time Intelligence: ingest a synthetic event stream into an eventhouse (compatible schema change),Microsoft Fabric: ingest a synthetic event stream into an eventhouse with compatible schema change,Functional,Medium,Non-production tenant or isolated local fixture; synthetic records only; Add a nullable field while existing readers and stored versions remain active.,"1. Create a disposable, versioned synthetic fixture: Add a nullable field while existing readers and stored versions remain active. 2. Execute the platform workflow to ingest a synthetic event stream into an eventhouse. 3. Capture the committed result, resource version, or run status. 4. Compare the result with the source fixture and the declared invariant. 5. Repeat or recover the operation when applicable; verify access, audit evidence, and side effects.","The platform must correctly ingest a synthetic event stream into an eventhouse; the compatible schema change condition follows the configured contract; valid state is preserved, invalid or unauthorized work is rejected or quarantined without silent loss, retries do not duplicate side effects, lineage and audit evidence remain available, and no production records or credentials are used.",Playwright + platform UI/API,"microsoftfabric,market-platform,synthetic-data,real_time,compatible-schema-change"
Microsoft Fabric,Real-Time Intelligence,FAB-REAL_TIM-00082,Real-Time Intelligence: query events by event time across a late-arrival window (compatible schema change),Microsoft Fabric: query events by event time across a late-arrival window with compatible schema change,Functional,High,Non-production tenant or isolated local fixture; synthetic records only; Add a nullable field while existing readers and stored versions remain active.,"1. Create a disposable, versioned synthetic fixture: Add a nullable field while existing readers and stored versions remain active. 2. Execute the platform workflow to query events by event time across a late-arrival window. 3. Capture the committed result, resource version, or run status. 4. Compare the result with the source fixture and the declared invariant. 5. Repeat or recover the operation when applicable; verify access, audit evidence, and side effects.","The platform must correctly query events by event time across a late-arrival window; the compatible schema change condition follows the configured contract; valid state is preserved, invalid or unauthorized work is rejected or quarantined without silent loss, retries do not duplicate side effects, lineage and audit evidence remain available, and no production records or credentials are used.",Playwright + platform UI/API,"microsoftfabric,market-platform,synthetic-data,real_time,compatible-schema-change"
Microsoft Fabric,Real-Time Intelligence,FAB-REAL_TIM-00083,Real-Time Intelligence: deduplicate retried events using a stable event identifier (compatible schema change),Microsoft Fabric: deduplicate retried events using a stable event identifier with compatible schema change,Functional,High,Non-production tenant or isolated local fixture; synthetic records only; Add a nullable field while existing readers and stored versions remain active.,"1. Create a disposable, versioned synthetic fixture: Add a nullable field while existing readers and stored versions remain active. 2. Execute the platform workflow to deduplicate retried events using a stable event identifier. 3. Capture the committed result, resource version, or run status. 4. Compare the result with the source fixture and the declared invariant. 5. Repeat or recover the operation when applicable; verify access, audit evidence, and side effects.","The platform must correctly deduplicate retried events using a stable event identifier; the compatible schema change condition follows the configured contract; valid state is preserved, invalid or unauthorized work is rejected or quarantined without silent loss, retries do not duplicate side effects, lineage and audit evidence remain available, and no production records or credentials are used.",Playwright + platform UI/API,"microsoftfabric,market-platform,synthetic-data,real_time,compatible-schema-change"
Microsoft Fabric,Real-Time Intelligence,FAB-REAL_TIM-00084,Real-Time Intelligence: apply a KQL function to records with nullable fields (compatible schema change),Microsoft Fabric: apply a KQL function to records with nullable fields with compatible schema change,Functional,High,Non-production tenant or isolated local fixture; synthetic records only; Add a nullable field while existing readers and stored versions remain active.,"1. Create a disposable, versioned synthetic fixture: Add a nullable field while existing readers and stored versions remain active. 2. Execute the platform workflow to apply a KQL function to records with nullable fields. 3. Capture the committed result, resource version, or run status. 4. Compare the result with the source fixture and the declared invariant. 5. Repeat or recover the operation when applicable; verify access, audit evidence, and side effects.","The platform must correctly apply a KQL function to records with nullable fields; the compatible schema change condition follows the configured contract; valid state is preserved, invalid or unauthorized work is rejected or quarantined without silent loss, retries do not duplicate side effects, lineage and audit evidence remain available, and no production records or credentials are used.",Playwright + platform UI/API,"microsoftfabric,market-platform,synthetic-data,real_time,compatible-schema-change"
Microsoft Fabric,Real-Time Intelligence,FAB-REAL_TIM-00085,Real-Time Intelligence: create a real-time dashboard with a bounded refresh interval (compatible schema change),Microsoft Fabric: create a real-time dashboard with a bounded refresh interval with compatible schema change,Functional,Medium,Non-production tenant or isolated local fixture; synthetic records only; Add a nullable field while existing readers and stored versions remain active.,"1. Create a disposable, versioned synthetic fixture: Add a nullable field while existing readers and stored versions remain active. 2. Execute the platform workflow to create a real-time dashboard with a bounded refresh interval. 3. Capture the committed result, resource version, or run status. 4. Compare the result with the source fixture and the declared invariant. 5. Repeat or recover the operation when applicable; verify access, audit evidence, and side effects.","The platform must correctly create a real-time dashboard with a bounded refresh interval; the compatible schema change condition follows the configured contract; valid state is preserved, invalid or unauthorized work is rejected or quarantined without silent loss, retries do not duplicate side effects, lineage and audit evidence remain available, and no production records or credentials are used.",Playwright + platform UI/API,"microsoftfabric,market-platform,synthetic-data,real_time,compatible-schema-change"
Microsoft Fabric,Real-Time Intelligence,FAB-REAL_TIM-00086,Real-Time Intelligence: alert on a synthetic threshold breach exactly once (compatible schema change),Microsoft Fabric: alert on a synthetic threshold breach exactly once with compatible schema change,Functional,High,Non-production tenant or isolated local fixture; synthetic records only; Add a nullable field while existing readers and stored versions remain active.,"1. Create a disposable, versioned synthetic fixture: Add a nullable field while existing readers and stored versions remain active. 2. Execute the platform workflow to alert on a synthetic threshold breach exactly once. 3. Capture the committed result, resource version, or run status. 4. Compare the result with the source fixture and the declared invariant. 5. Repeat or recover the operation when applicable; verify access, audit evidence, and side effects.","The platform must correctly alert on a synthetic threshold breach exactly once; the compatible schema change condition follows the configured contract; valid state is preserved, invalid or unauthorized work is rejected or quarantined without silent loss, retries do not duplicate side effects, lineage and audit evidence remain available, and no production records or credentials are used.",Playwright + platform UI/API,"microsoftfabric,market-platform,synthetic-data,real_time,compatible-schema-change"
Microsoft Fabric,Real-Time Intelligence,FAB-REAL_TIM-00087,Real-Time Intelligence: preserve event ordering within the declared partition key (compatible schema change),Microsoft Fabric: preserve event ordering within the declared partition key with compatible schema change,Functional,High,Non-production tenant or isolated local fixture; synthetic records only; Add a nullable field while existing readers and stored versions remain active.,"1. Create a disposable, versioned synthetic fixture: Add a nullable field while existing readers and stored versions remain active. 2. Execute the platform workflow to preserve event ordering within the declared partition key. 3. Capture the committed result, resource version, or run status. 4. Compare the result with the source fixture and the declared invariant. 5. Repeat or recover the operation when applicable; verify access, audit evidence, and side effects.","The platform must correctly preserve event ordering within the declared partition key; the compatible schema change condition follows the configured contract; valid state is preserved, invalid or unauthorized work is rejected or quarantined without silent loss, retries do not duplicate side effects, lineage and audit evidence remain available, and no production records or credentials are used.",Playwright + platform UI/API,"microsoftfabric,market-platform,synthetic-data,real_time,compatible-schema-change"
Microsoft Fabric,Real-Time Intelligence,FAB-REAL_TIM-00088,Real-Time Intelligence: replay a bounded time range after a consumer restart (compatible schema change),Microsoft Fabric: replay a bounded time range after a consumer restart with compatible schema change,Functional,High,Non-production tenant or isolated local fixture; synthetic records only; Add a nullable field while existing readers and stored versions remain active.,"1. Create a disposable, versioned synthetic fixture: Add a nullable field while existing readers and stored versions remain active. 2. Execute the platform workflow to replay a bounded time range after a consumer restart. 3. Capture the committed result, resource version, or run status. 4. Compare the result with the source fixture and the declared invariant. 5. Repeat or recover the operation when applicable; verify access, audit evidence, and side effects.","The platform must correctly replay a bounded time range after a consumer restart; the compatible schema change condition follows the configured contract; valid state is preserved, invalid or unauthorized work is rejected or quarantined without silent loss, retries do not duplicate side effects, lineage and audit evidence remain available, and no production records or credentials are used.",Playwright + platform UI/API,"microsoftfabric,market-platform,synthetic-data,real_time,compatible-schema-change"
Microsoft Fabric,Real-Time Intelligence,FAB-REAL_TIM-00089,Real-Time Intelligence: restrict eventhouse access by database role (compatible schema change),Microsoft Fabric: restrict eventhouse access by database role with compatible schema change,Functional,Medium,Non-production tenant or isolated local fixture; synthetic records only; Add a nullable field while existing readers and stored versions remain active.,"1. Create a disposable, versioned synthetic fixture: Add a nullable field while existing readers and stored versions remain active. 2. Execute the platform workflow to restrict eventhouse access by database role. 3. Capture the committed result, resource version, or run status. 4. Compare the result with the source fixture and the declared invariant. 5. Repeat or recover the operation when applicable; verify access, audit evidence, and side effects.","The platform must correctly restrict eventhouse access by database role; the compatible schema change condition follows the configured contract; valid state is preserved, invalid or unauthorized work is rejected or quarantined without silent loss, retries do not duplicate side effects, lineage and audit evidence remain available, and no production records or credentials are used.",Playwright + platform UI/API,"microsoftfabric,market-platform,synthetic-data,real_time,compatible-schema-change"
Microsoft Fabric,Real-Time Intelligence,FAB-REAL_TIM-00090,Real-Time Intelligence: reconcile event counts between ingestion and query results (compatible schema change),Microsoft Fabric: reconcile event counts between ingestion and query results with compatible schema change,Functional,High,Non-production tenant or isolated local fixture; synthetic records only; Add a nullable field while existing readers and stored versions remain active.,"1. Create a disposable, versioned synthetic fixture: Add a nullable field while existing readers and stored versions remain active. 2. Execute the platform workflow to reconcile event counts between ingestion and query results. 3. Capture the committed result, resource version, or run status. 4. Compare the result with the source fixture and the declared invariant. 5. Repeat or recover the operation when applicable; verify access, audit evidence, and side effects.","The platform must correctly reconcile event counts between ingestion and query results; the compatible schema change condition follows the configured contract; valid state is preserved, invalid or unauthorized work is rejected or quarantined without silent loss, retries do not duplicate side effects, lineage and audit evidence remain available, and no production records or credentials are used.",Playwright + platform UI/API,"microsoftfabric,market-platform,synthetic-data,real_time,compatible-schema-change"
Microsoft Fabric,Real-Time Intelligence,FAB-REAL_TIM-00091,Real-Time Intelligence: ingest a synthetic event stream into an eventhouse (field rename),Microsoft Fabric: ingest a synthetic event stream into an eventhouse with field rename,Functional,High,Non-production tenant or isolated local fixture; synthetic records only; Rename a field using the supported migration path and inspect historical reads.,"1. Create a disposable, versioned synthetic fixture: Rename a field using the supported migration path and inspect historical reads. 2. Execute the platform workflow to ingest a synthetic event stream into an eventhouse. 3. Capture the committed result, resource version, or run status. 4. Compare the result with the source fixture and the declared invariant. 5. Repeat or recover the operation when applicable; verify access, audit evidence, and side effects.","The platform must correctly ingest a synthetic event stream into an eventhouse; the field rename condition follows the configured contract; valid state is preserved, invalid or unauthorized work is rejected or quarantined without silent loss, retries do not duplicate side effects, lineage and audit evidence remain available, and no production records or credentials are used.",Playwright + platform UI/API,"microsoftfabric,market-platform,synthetic-data,real_time,field-rename"
Microsoft Fabric,Real-Time Intelligence,FAB-REAL_TIM-00092,Real-Time Intelligence: query events by event time across a late-arrival window (field rename),Microsoft Fabric: query events by event time across a late-arrival window with field rename,Functional,High,Non-production tenant or isolated local fixture; synthetic records only; Rename a field using the supported migration path and inspect historical reads.,"1. Create a disposable, versioned synthetic fixture: Rename a field using the supported migration path and inspect historical reads. 2. Execute the platform workflow to query events by event time across a late-arrival window. 3. Capture the committed result, resource version, or run status. 4. Compare the result with the source fixture and the declared invariant. 5. Repeat or recover the operation when applicable; verify access, audit evidence, and side effects.","The platform must correctly query events by event time across a late-arrival window; the field rename condition follows the configured contract; valid state is preserved, invalid or unauthorized work is rejected or quarantined without silent loss, retries do not duplicate side effects, lineage and audit evidence remain available, and no production records or credentials are used.",Playwright + platform UI/API,"microsoftfabric,market-platform,synthetic-data,real_time,field-rename"
Microsoft Fabric,Real-Time Intelligence,FAB-REAL_TIM-00093,Real-Time Intelligence: deduplicate retried events using a stable event identifier (field rename),Microsoft Fabric: deduplicate retried events using a stable event identifier with field rename,Functional,Medium,Non-production tenant or isolated local fixture; synthetic records only; Rename a field using the supported migration path and inspect historical reads.,"1. Create a disposable, versioned synthetic fixture: Rename a field using the supported migration path and inspect historical reads. 2. Execute the platform workflow to deduplicate retried events using a stable event identifier. 3. Capture the committed result, resource version, or run status. 4. Compare the result with the source fixture and the declared invariant. 5. Repeat or recover the operation when applicable; verify access, audit evidence, and side effects.","The platform must correctly deduplicate retried events using a stable event identifier; the field rename condition follows the configured contract; valid state is preserved, invalid or unauthorized work is rejected or quarantined without silent loss, retries do not duplicate side effects, lineage and audit evidence remain available, and no production records or credentials are used.",Playwright + platform UI/API,"microsoftfabric,market-platform,synthetic-data,real_time,field-rename"
Microsoft Fabric,Real-Time Intelligence,FAB-REAL_TIM-00094,Real-Time Intelligence: apply a KQL function to records with nullable fields (field rename),Microsoft Fabric: apply a KQL function to records with nullable fields with field rename,Functional,High,Non-production tenant or isolated local fixture; synthetic records only; Rename a field using the supported migration path and inspect historical reads.,"1. Create a disposable, versioned synthetic fixture: Rename a field using the supported migration path and inspect historical reads. 2. Execute the platform workflow to apply a KQL function to records with nullable fields. 3. Capture the committed result, resource version, or run status. 4. Compare the result with the source fixture and the declared invariant. 5. Repeat or recover the operation when applicable; verify access, audit evidence, and side effects.","The platform must correctly apply a KQL function to records with nullable fields; the field rename condition follows the configured contract; valid state is preserved, invalid or unauthorized work is rejected or quarantined without silent loss, retries do not duplicate side effects, lineage and audit evidence remain available, and no production records or credentials are used.",Playwright + platform UI/API,"microsoftfabric,market-platform,synthetic-data,real_time,field-rename"
Microsoft Fabric,Real-Time Intelligence,FAB-REAL_TIM-00095,Real-Time Intelligence: create a real-time dashboard with a bounded refresh interval (field rename),Microsoft Fabric: create a real-time dashboard with a bounded refresh interval with field rename,Functional,High,Non-production tenant or isolated local fixture; synthetic records only; Rename a field using the supported migration path and inspect historical reads.,"1. Create a disposable, versioned synthetic fixture: Rename a field using the supported migration path and inspect historical reads. 2. Execute the platform workflow to create a real-time dashboard with a bounded refresh interval. 3. Capture the committed result, resource version, or run status. 4. Compare the result with the source fixture and the declared invariant. 5. Repeat or recover the operation when applicable; verify access, audit evidence, and side effects.","The platform must correctly create a real-time dashboard with a bounded refresh interval; the field rename condition follows the configured contract; valid state is preserved, invalid or unauthorized work is rejected or quarantined without silent loss, retries do not duplicate side effects, lineage and audit evidence remain available, and no production records or credentials are used.",Playwright + platform UI/API,"microsoftfabric,market-platform,synthetic-data,real_time,field-rename"
Microsoft Fabric,Real-Time Intelligence,FAB-REAL_TIM-00096,Real-Time Intelligence: alert on a synthetic threshold breach exactly once (field rename),Microsoft Fabric: alert on a synthetic threshold breach exactly once with field rename,Functional,High,Non-production tenant or isolated local fixture; synthetic records only; Rename a field using the supported migration path and inspect historical reads.,"1. Create a disposable, versioned synthetic fixture: Rename a field using the supported migration path and inspect historical reads. 2. Execute the platform workflow to alert on a synthetic threshold breach exactly once. 3. Capture the committed result, resource version, or run status. 4. Compare the result with the source fixture and the declared invariant. 5. Repeat or recover the operation when applicable; verify access, audit evidence, and side effects.","The platform must correctly alert on a synthetic threshold breach exactly once; the field rename condition follows the configured contract; valid state is preserved, invalid or unauthorized work is rejected or quarantined without silent loss, retries do not duplicate side effects, lineage and audit evidence remain available, and no production records or credentials are used.",Playwright + platform UI/API,"microsoftfabric,market-platform,synthetic-data,real_time,field-rename"
Microsoft Fabric,Real-Time Intelligence,FAB-REAL_TIM-00097,Real-Time Intelligence: preserve event ordering within the declared partition key (field rename),Microsoft Fabric: preserve event ordering within the declared partition key with field rename,Functional,Medium,Non-production tenant or isolated local fixture; synthetic records only; Rename a field using the supported migration path and inspect historical reads.,"1. Create a disposable, versioned synthetic fixture: Rename a field using the supported migration path and inspect historical reads. 2. Execute the platform workflow to preserve event ordering within the declared partition key. 3. Capture the committed result, resource version, or run status. 4. Compare the result with the source fixture and the declared invariant. 5. Repeat or recover the operation when applicable; verify access, audit evidence, and side effects.","The platform must correctly preserve event ordering within the declared partition key; the field rename condition follows the configured contract; valid state is preserved, invalid or unauthorized work is rejected or quarantined without silent loss, retries do not duplicate side effects, lineage and audit evidence remain available, and no production records or credentials are used.",Playwright + platform UI/API,"microsoftfabric,market-platform,synthetic-data,real_time,field-rename"
Microsoft Fabric,Real-Time Intelligence,FAB-REAL_TIM-00098,Real-Time Intelligence: replay a bounded time range after a consumer restart (field rename),Microsoft Fabric: replay a bounded time range after a consumer restart with field rename,Functional,High,Non-production tenant or isolated local fixture; synthetic records only; Rename a field using the supported migration path and inspect historical reads.,"1. Create a disposable, versioned synthetic fixture: Rename a field using the supported migration path and inspect historical reads. 2. Execute the platform workflow to replay a bounded time range after a consumer restart. 3. Capture the committed result, resource version, or run status. 4. Compare the result with the source fixture and the declared invariant. 5. Repeat or recover the operation when applicable; verify access, audit evidence, and side effects.","The platform must correctly replay a bounded time range after a consumer restart; the field rename condition follows the configured contract; valid state is preserved, invalid or unauthorized work is rejected or quarantined without silent loss, retries do not duplicate side effects, lineage and audit evidence remain available, and no production records or credentials are used.",Playwright + platform UI/API,"microsoftfabric,market-platform,synthetic-data,real_time,field-rename"
Microsoft Fabric,Real-Time Intelligence,FAB-REAL_TIM-00099,Real-Time Intelligence: restrict eventhouse access by database role (field rename),Microsoft Fabric: restrict eventhouse access by database role with field rename,Functional,High,Non-production tenant or isolated local fixture; synthetic records only; Rename a field using the supported migration path and inspect historical reads.,"1. Create a disposable, versioned synthetic fixture: Rename a field using the supported migration path and inspect historical reads. 2. Execute the platform workflow to restrict eventhouse access by database role. 3. Capture the committed result, resource version, or run status. 4. Compare the result with the source fixture and the declared invariant. 5. Repeat or recover the operation when applicable; verify access, audit evidence, and side effects.","The platform must correctly restrict eventhouse access by database role; the field rename condition follows the configured contract; valid state is preserved, invalid or unauthorized work is rejected or quarantined without silent loss, retries do not duplicate side effects, lineage and audit evidence remain available, and no production records or credentials are used.",Playwright + platform UI/API,"microsoftfabric,market-platform,synthetic-data,real_time,field-rename"
Microsoft Fabric,Real-Time Intelligence,FAB-REAL_TIM-00100,Real-Time Intelligence: reconcile event counts between ingestion and query results (field rename),Microsoft Fabric: reconcile event counts between ingestion and query results with field rename,Functional,High,Non-production tenant or isolated local fixture; synthetic records only; Rename a field using the supported migration path and inspect historical reads.,"1. Create a disposable, versioned synthetic fixture: Rename a field using the supported migration path and inspect historical reads. 2. Execute the platform workflow to reconcile event counts between ingestion and query results. 3. Capture the committed result, resource version, or run status. 4. Compare the result with the source fixture and the declared invariant. 5. Repeat or recover the operation when applicable; verify access, audit evidence, and side effects.","The platform must correctly reconcile event counts between ingestion and query results; the field rename condition follows the configured contract; valid state is preserved, invalid or unauthorized work is rejected or quarantined without silent loss, retries do not duplicate side effects, lineage and audit evidence remain available, and no production records or credentials are used.",Playwright + platform UI/API,"microsoftfabric,market-platform,synthetic-data,real_time,field-rename"
Microsoft Fabric,Real-Time Intelligence,FAB-REAL_TIM-00101,Real-Time Intelligence: ingest a synthetic event stream into an eventhouse (worker restart),Microsoft Fabric: ingest a synthetic event stream into an eventhouse with worker restart,Resilience,Medium,Non-production tenant or isolated local fixture; synthetic records only; Restart a worker after processing input but before final checkpoint or commit.,"1. Create a disposable, versioned synthetic fixture: Restart a worker after processing input but before final checkpoint or commit. 2. Execute the platform workflow to ingest a synthetic event stream into an eventhouse. 3. Capture the committed result, resource version, or run status. 4. Compare the result with the source fixture and the declared invariant. 5. Repeat or recover the operation when applicable; verify access, audit evidence, and side effects.","The platform must correctly ingest a synthetic event stream into an eventhouse; the worker restart condition follows the configured contract; valid state is preserved, invalid or unauthorized work is rejected or quarantined without silent loss, retries do not duplicate side effects, lineage and audit evidence remain available, and no production records or credentials are used.",Playwright + platform UI/API,"microsoftfabric,market-platform,synthetic-data,real_time,worker-restart"
Microsoft Fabric,Real-Time Intelligence,FAB-REAL_TIM-00102,Real-Time Intelligence: query events by event time across a late-arrival window (worker restart),Microsoft Fabric: query events by event time across a late-arrival window with worker restart,Resilience,High,Non-production tenant or isolated local fixture; synthetic records only; Restart a worker after processing input but before final checkpoint or commit.,"1. Create a disposable, versioned synthetic fixture: Restart a worker after processing input but before final checkpoint or commit. 2. Execute the platform workflow to query events by event time across a late-arrival window. 3. Capture the committed result, resource version, or run status. 4. Compare the result with the source fixture and the declared invariant. 5. Repeat or recover the operation when applicable; verify access, audit evidence, and side effects.","The platform must correctly query events by event time across a late-arrival window; the worker restart condition follows the configured contract; valid state is preserved, invalid or unauthorized work is rejected or quarantined without silent loss, retries do not duplicate side effects, lineage and audit evidence remain available, and no production records or credentials are used.",Playwright + platform UI/API,"microsoftfabric,market-platform,synthetic-data,real_time,worker-restart"
Microsoft Fabric,Real-Time Intelligence,FAB-REAL_TIM-00103,Real-Time Intelligence: deduplicate retried events using a stable event identifier (worker restart),Microsoft Fabric: deduplicate retried events using a stable event identifier with worker restart,Resilience,High,Non-production tenant or isolated local fixture; synthetic records only; Restart a worker after processing input but before final checkpoint or commit.,"1. Create a disposable, versioned synthetic fixture: Restart a worker after processing input but before final checkpoint or commit. 2. Execute the platform workflow to deduplicate retried events using a stable event identifier. 3. Capture the committed result, resource version, or run status. 4. Compare the result with the source fixture and the declared invariant. 5. Repeat or recover the operation when applicable; verify access, audit evidence, and side effects.","The platform must correctly deduplicate retried events using a stable event identifier; the worker restart condition follows the configured contract; valid state is preserved, invalid or unauthorized work is rejected or quarantined without silent loss, retries do not duplicate side effects, lineage and audit evidence remain available, and no production records or credentials are used.",Playwright + platform UI/API,"microsoftfabric,market-platform,synthetic-data,real_time,worker-restart"
Microsoft Fabric,Real-Time Intelligence,FAB-REAL_TIM-00104,Real-Time Intelligence: apply a KQL function to records with nullable fields (worker restart),Microsoft Fabric: apply a KQL function to records with nullable fields with worker restart,Resilience,High,Non-production tenant or isolated local fixture; synthetic records only; Restart a worker after processing input but before final checkpoint or commit.,"1. Create a disposable, versioned synthetic fixture: Restart a worker after processing input but before final checkpoint or commit. 2. Execute the platform workflow to apply a KQL function to records with nullable fields. 3. Capture the committed result, resource version, or run status. 4. Compare the result with the source fixture and the declared invariant. 5. Repeat or recover the operation when applicable; verify access, audit evidence, and side effects.","The platform must correctly apply a KQL function to records with nullable fields; the worker restart condition follows the configured contract; valid state is preserved, invalid or unauthorized work is rejected or quarantined without silent loss, retries do not duplicate side effects, lineage and audit evidence remain available, and no production records or credentials are used.",Playwright + platform UI/API,"microsoftfabric,market-platform,synthetic-data,real_time,worker-restart"
Microsoft Fabric,Real-Time Intelligence,FAB-REAL_TIM-00105,Real-Time Intelligence: create a real-time dashboard with a bounded refresh interval (worker restart),Microsoft Fabric: create a real-time dashboard with a bounded refresh interval with worker restart,Resilience,Medium,Non-production tenant or isolated local fixture; synthetic records only; Restart a worker after processing input but before final checkpoint or commit.,"1. Create a disposable, versioned synthetic fixture: Restart a worker after processing input but before final checkpoint or commit. 2. Execute the platform workflow to create a real-time dashboard with a bounded refresh interval. 3. Capture the committed result, resource version, or run status. 4. Compare the result with the source fixture and the declared invariant. 5. Repeat or recover the operation when applicable; verify access, audit evidence, and side effects.","The platform must correctly create a real-time dashboard with a bounded refresh interval; the worker restart condition follows the configured contract; valid state is preserved, invalid or unauthorized work is rejected or quarantined without silent loss, retries do not duplicate side effects, lineage and audit evidence remain available, and no production records or credentials are used.",Playwright + platform UI/API,"microsoftfabric,market-platform,synthetic-data,real_time,worker-restart"
Microsoft Fabric,Real-Time Intelligence,FAB-REAL_TIM-00106,Real-Time Intelligence: alert on a synthetic threshold breach exactly once (worker restart),Microsoft Fabric: alert on a synthetic threshold breach exactly once with worker restart,Resilience,High,Non-production tenant or isolated local fixture; synthetic records only; Restart a worker after processing input but before final checkpoint or commit.,"1. Create a disposable, versioned synthetic fixture: Restart a worker after processing input but before final checkpoint or commit. 2. Execute the platform workflow to alert on a synthetic threshold breach exactly once. 3. Capture the committed result, resource version, or run status. 4. Compare the result with the source fixture and the declared invariant. 5. Repeat or recover the operation when applicable; verify access, audit evidence, and side effects.","The platform must correctly alert on a synthetic threshold breach exactly once; the worker restart condition follows the configured contract; valid state is preserved, invalid or unauthorized work is rejected or quarantined without silent loss, retries do not duplicate side effects, lineage and audit evidence remain available, and no production records or credentials are used.",Playwright + platform UI/API,"microsoftfabric,market-platform,synthetic-data,real_time,worker-restart"
Microsoft Fabric,Real-Time Intelligence,FAB-REAL_TIM-00107,Real-Time Intelligence: preserve event ordering within the declared partition key (worker restart),Microsoft Fabric: preserve event ordering within the declared partition key with worker restart,Resilience,High,Non-production tenant or isolated local fixture; synthetic records only; Restart a worker after processing input but before final checkpoint or commit.,"1. Create a disposable, versioned synthetic fixture: Restart a worker after processing input but before final checkpoint or commit. 2. Execute the platform workflow to preserve event ordering within the declared partition key. 3. Capture the committed result, resource version, or run status. 4. Compare the result with the source fixture and the declared invariant. 5. Repeat or recover the operation when applicable; verify access, audit evidence, and side effects.","The platform must correctly preserve event ordering within the declared partition key; the worker restart condition follows the configured contract; valid state is preserved, invalid or unauthorized work is rejected or quarantined without silent loss, retries do not duplicate side effects, lineage and audit evidence remain available, and no production records or credentials are used.",Playwright + platform UI/API,"microsoftfabric,market-platform,synthetic-data,real_time,worker-restart"
Microsoft Fabric,Real-Time Intelligence,FAB-REAL_TIM-00108,Real-Time Intelligence: replay a bounded time range after a consumer restart (worker restart),Microsoft Fabric: replay a bounded time range after a consumer restart with worker restart,Resilience,High,Non-production tenant or isolated local fixture; synthetic records only; Restart a worker after processing input but before final checkpoint or commit.,"1. Create a disposable, versioned synthetic fixture: Restart a worker after processing input but before final checkpoint or commit. 2. Execute the platform workflow to replay a bounded time range after a consumer restart. 3. Capture the committed result, resource version, or run status. 4. Compare the result with the source fixture and the declared invariant. 5. Repeat or recover the operation when applicable; verify access, audit evidence, and side effects.","The platform must correctly replay a bounded time range after a consumer restart; the worker restart condition follows the configured contract; valid state is preserved, invalid or unauthorized work is rejected or quarantined without silent loss, retries do not duplicate side effects, lineage and audit evidence remain available, and no production records or credentials are used.",Playwright + platform UI/API,"microsoftfabric,market-platform,synthetic-data,real_time,worker-restart"
Microsoft Fabric,Real-Time Intelligence,FAB-REAL_TIM-00109,Real-Time Intelligence: restrict eventhouse access by database role (worker restart),Microsoft Fabric: restrict eventhouse access by database role with worker restart,Resilience,Medium,Non-production tenant or isolated local fixture; synthetic records only; Restart a worker after processing input but before final checkpoint or commit.,"1. Create a disposable, versioned synthetic fixture: Restart a worker after processing input but before final checkpoint or commit. 2. Execute the platform workflow to restrict eventhouse access by database role. 3. Capture the committed result, resource version, or run status. 4. Compare the result with the source fixture and the declared invariant. 5. Repeat or recover the operation when applicable; verify access, audit evidence, and side effects.","The platform must correctly restrict eventhouse access by database role; the worker restart condition follows the configured contract; valid state is preserved, invalid or unauthorized work is rejected or quarantined without silent loss, retries do not duplicate side effects, lineage and audit evidence remain available, and no production records or credentials are used.",Playwright + platform UI/API,"microsoftfabric,market-platform,synthetic-data,real_time,worker-restart"
Microsoft Fabric,Real-Time Intelligence,FAB-REAL_TIM-00110,Real-Time Intelligence: reconcile event counts between ingestion and query results (worker restart),Microsoft Fabric: reconcile event counts between ingestion and query results with worker restart,Resilience,High,Non-production tenant or isolated local fixture; synthetic records only; Restart a worker after processing input but before final checkpoint or commit.,"1. Create a disposable, versioned synthetic fixture: Restart a worker after processing input but before final checkpoint or commit. 2. Execute the platform workflow to reconcile event counts between ingestion and query results. 3. Capture the committed result, resource version, or run status. 4. Compare the result with the source fixture and the declared invariant. 5. Repeat or recover the operation when applicable; verify access, audit evidence, and side effects.","The platform must correctly reconcile event counts between ingestion and query results; the worker restart condition follows the configured contract; valid state is preserved, invalid or unauthorized work is rejected or quarantined without silent loss, retries do not duplicate side effects, lineage and audit evidence remain available, and no production records or credentials are used.",Playwright + platform UI/API,"microsoftfabric,market-platform,synthetic-data,real_time,worker-restart"
Microsoft Fabric,Real-Time Intelligence,FAB-REAL_TIM-00111,Real-Time Intelligence: ingest a synthetic event stream into an eventhouse (least privilege),Microsoft Fabric: ingest a synthetic event stream into an eventhouse with least privilege,Security,Critical,Non-production tenant or isolated local fixture; synthetic records only; Compare the authorized role with a role missing the required grant.,"1. Create a disposable, versioned synthetic fixture: Compare the authorized role with a role missing the required grant. 2. Execute the platform workflow to ingest a synthetic event stream into an eventhouse. 3. Capture the committed result, resource version, or run status. 4. Compare the result with the source fixture and the declared invariant. 5. Repeat or recover the operation when applicable; verify access, audit evidence, and side effects.","The platform must correctly ingest a synthetic event stream into an eventhouse; the least privilege condition follows the configured contract; valid state is preserved, invalid or unauthorized work is rejected or quarantined without silent loss, retries do not duplicate side effects, lineage and audit evidence remain available, and no production records or credentials are used.",Playwright + platform UI/API,"microsoftfabric,market-platform,synthetic-data,real_time,least-privilege"
Microsoft Fabric,Real-Time Intelligence,FAB-REAL_TIM-00112,Real-Time Intelligence: query events by event time across a late-arrival window (least privilege),Microsoft Fabric: query events by event time across a late-arrival window with least privilege,Security,Critical,Non-production tenant or isolated local fixture; synthetic records only; Compare the authorized role with a role missing the required grant.,"1. Create a disposable, versioned synthetic fixture: Compare the authorized role with a role missing the required grant. 2. Execute the platform workflow to query events by event time across a late-arrival window. 3. Capture the committed result, resource version, or run status. 4. Compare the result with the source fixture and the declared invariant. 5. Repeat or recover the operation when applicable; verify access, audit evidence, and side effects.","The platform must correctly query events by event time across a late-arrival window; the least privilege condition follows the configured contract; valid state is preserved, invalid or unauthorized work is rejected or quarantined without silent loss, retries do not duplicate side effects, lineage and audit evidence remain available, and no production records or credentials are used.",Playwright + platform UI/API,"microsoftfabric,market-platform,synthetic-data,real_time,least-privilege"
Microsoft Fabric,Real-Time Intelligence,FAB-REAL_TIM-00113,Real-Time Intelligence: deduplicate retried events using a stable event identifier (least privilege),Microsoft Fabric: deduplicate retried events using a stable event identifier with least privilege,Security,Critical,Non-production tenant or isolated local fixture; synthetic records only; Compare the authorized role with a role missing the required grant.,"1. Create a disposable, versioned synthetic fixture: Compare the authorized role with a role missing the required grant. 2. Execute the platform workflow to deduplicate retried events using a stable event identifier. 3. Capture the committed result, resource version, or run status. 4. Compare the result with the source fixture and the declared invariant. 5. Repeat or recover the operation when applicable; verify access, audit evidence, and side effects.","The platform must correctly deduplicate retried events using a stable event identifier; the least privilege condition follows the configured contract; valid state is preserved, invalid or unauthorized work is rejected or quarantined without silent loss, retries do not duplicate side effects, lineage and audit evidence remain available, and no production records or credentials are used.",Playwright + platform UI/API,"microsoftfabric,market-platform,synthetic-data,real_time,least-privilege"
Microsoft Fabric,Real-Time Intelligence,FAB-REAL_TIM-00114,Real-Time Intelligence: apply a KQL function to records with nullable fields (least privilege),Microsoft Fabric: apply a KQL function to records with nullable fields with least privilege,Security,Critical,Non-production tenant or isolated local fixture; synthetic records only; Compare the authorized role with a role missing the required grant.,"1. Create a disposable, versioned synthetic fixture: Compare the authorized role with a role missing the required grant. 2. Execute the platform workflow to apply a KQL function to records with nullable fields. 3. Capture the committed result, resource version, or run status. 4. Compare the result with the source fixture and the declared invariant. 5. Repeat or recover the operation when applicable; verify access, audit evidence, and side effects.","The platform must correctly apply a KQL function to records with nullable fields; the least privilege condition follows the configured contract; valid state is preserved, invalid or unauthorized work is rejected or quarantined without silent loss, retries do not duplicate side effects, lineage and audit evidence remain available, and no production records or credentials are used.",Playwright + platform UI/API,"microsoftfabric,market-platform,synthetic-data,real_time,least-privilege"
Microsoft Fabric,Real-Time Intelligence,FAB-REAL_TIM-00115,Real-Time Intelligence: create a real-time dashboard with a bounded refresh interval (least privilege),Microsoft Fabric: create a real-time dashboard with a bounded refresh interval with least privilege,Security,Critical,Non-production tenant or isolated local fixture; synthetic records only; Compare the authorized role with a role missing the required grant.,"1. Create a disposable, versioned synthetic fixture: Compare the authorized role with a role missing the required grant. 2. Execute the platform workflow to create a real-time dashboard with a bounded refresh interval. 3. Capture the committed result, resource version, or run status. 4. Compare the result with the source fixture and the declared invariant. 5. Repeat or recover the operation when applicable; verify access, audit evidence, and side effects.","The platform must correctly create a real-time dashboard with a bounded refresh interval; the least privilege condition follows the configured contract; valid state is preserved, invalid or unauthorized work is rejected or quarantined without silent loss, retries do not duplicate side effects, lineage and audit evidence remain available, and no production records or credentials are used.",Playwright + platform UI/API,"microsoftfabric,market-platform,synthetic-data,real_time,least-privilege"
Microsoft Fabric,Real-Time Intelligence,FAB-REAL_TIM-00116,Real-Time Intelligence: alert on a synthetic threshold breach exactly once (least privilege),Microsoft Fabric: alert on a synthetic threshold breach exactly once with least privilege,Security,Critical,Non-production tenant or isolated local fixture; synthetic records only; Compare the authorized role with a role missing the required grant.,"1. Create a disposable, versioned synthetic fixture: Compare the authorized role with a role missing the required grant. 2. Execute the platform workflow to alert on a synthetic threshold breach exactly once. 3. Capture the committed result, resource version, or run status. 4. Compare the result with the source fixture and the declared invariant. 5. Repeat or recover the operation when applicable; verify access, audit evidence, and side effects.","The platform must correctly alert on a synthetic threshold breach exactly once; the least privilege condition follows the configured contract; valid state is preserved, invalid or unauthorized work is rejected or quarantined without silent loss, retries do not duplicate side effects, lineage and audit evidence remain available, and no production records or credentials are used.",Playwright + platform UI/API,"microsoftfabric,market-platform,synthetic-data,real_time,least-privilege"
Microsoft Fabric,Real-Time Intelligence,FAB-REAL_TIM-00117,Real-Time Intelligence: preserve event ordering within the declared partition key (least privilege),Microsoft Fabric: preserve event ordering within the declared partition key with least privilege,Security,Critical,Non-production tenant or isolated local fixture; synthetic records only; Compare the authorized role with a role missing the required grant.,"1. Create a disposable, versioned synthetic fixture: Compare the authorized role with a role missing the required grant. 2. Execute the platform workflow to preserve event ordering within the declared partition key. 3. Capture the committed result, resource version, or run status. 4. Compare the result with the source fixture and the declared invariant. 5. Repeat or recover the operation when applicable; verify access, audit evidence, and side effects.","The platform must correctly preserve event ordering within the declared partition key; the least privilege condition follows the configured contract; valid state is preserved, invalid or unauthorized work is rejected or quarantined without silent loss, retries do not duplicate side effects, lineage and audit evidence remain available, and no production records or credentials are used.",Playwright + platform UI/API,"microsoftfabric,market-platform,synthetic-data,real_time,least-privilege"
Microsoft Fabric,Real-Time Intelligence,FAB-REAL_TIM-00118,Real-Time Intelligence: replay a bounded time range after a consumer restart (least privilege),Microsoft Fabric: replay a bounded time range after a consumer restart with least privilege,Security,Critical,Non-production tenant or isolated local fixture; synthetic records only; Compare the authorized role with a role missing the required grant.,"1. Create a disposable, versioned synthetic fixture: Compare the authorized role with a role missing the required grant. 2. Execute the platform workflow to replay a bounded time range after a consumer restart. 3. Capture the committed result, resource version, or run status. 4. Compare the result with the source fixture and the declared invariant. 5. Repeat or recover the operation when applicable; verify access, audit evidence, and side effects.","The platform must correctly replay a bounded time range after a consumer restart; the least privilege condition follows the configured contract; valid state is preserved, invalid or unauthorized work is rejected or quarantined without silent loss, retries do not duplicate side effects, lineage and audit evidence remain available, and no production records or credentials are used.",Playwright + platform UI/API,"microsoftfabric,market-platform,synthetic-data,real_time,least-privilege"
Microsoft Fabric,Real-Time Intelligence,FAB-REAL_TIM-00119,Real-Time Intelligence: restrict eventhouse access by database role (least privilege),Microsoft Fabric: restrict eventhouse access by database role with least privilege,Security,Critical,Non-production tenant or isolated local fixture; synthetic records only; Compare the authorized role with a role missing the required grant.,"1. Create a disposable, versioned synthetic fixture: Compare the authorized role with a role missing the required grant. 2. Execute the platform workflow to restrict eventhouse access by database role. 3. Capture the committed result, resource version, or run status. 4. Compare the result with the source fixture and the declared invariant. 5. Repeat or recover the operation when applicable; verify access, audit evidence, and side effects.","The platform must correctly restrict eventhouse access by database role; the least privilege condition follows the configured contract; valid state is preserved, invalid or unauthorized work is rejected or quarantined without silent loss, retries do not duplicate side effects, lineage and audit evidence remain available, and no production records or credentials are used.",Playwright + platform UI/API,"microsoftfabric,market-platform,synthetic-data,real_time,least-privilege"
Microsoft Fabric,Real-Time Intelligence,FAB-REAL_TIM-00120,Real-Time Intelligence: reconcile event counts between ingestion and query results (least privilege),Microsoft Fabric: reconcile event counts between ingestion and query results with least privilege,Security,Critical,Non-production tenant or isolated local fixture; synthetic records only; Compare the authorized role with a role missing the required grant.,"1. Create a disposable, versioned synthetic fixture: Compare the authorized role with a role missing the required grant. 2. Execute the platform workflow to reconcile event counts between ingestion and query results. 3. Capture the committed result, resource version, or run status. 4. Compare the result with the source fixture and the declared invariant. 5. Repeat or recover the operation when applicable; verify access, audit evidence, and side effects.","The platform must correctly reconcile event counts between ingestion and query results; the least privilege condition follows the configured contract; valid state is preserved, invalid or unauthorized work is rejected or quarantined without silent loss, retries do not duplicate side effects, lineage and audit evidence remain available, and no production records or credentials are used.",Playwright + platform UI/API,"microsoftfabric,market-platform,synthetic-data,real_time,least-privilege"
Microsoft Fabric,Real-Time Intelligence,FAB-REAL_TIM-00121,Real-Time Intelligence: ingest a synthetic event stream into an eventhouse (concurrent writers),Microsoft Fabric: ingest a synthetic event stream into an eventhouse with concurrent writers,Functional,Medium,Non-production tenant or isolated local fixture; synthetic records only; Run two valid writers against overlapping logical data at the same time.,"1. Create a disposable, versioned synthetic fixture: Run two valid writers against overlapping logical data at the same time. 2. Execute the platform workflow to ingest a synthetic event stream into an eventhouse. 3. Capture the committed result, resource version, or run status. 4. Compare the result with the source fixture and the declared invariant. 5. Repeat or recover the operation when applicable; verify access, audit evidence, and side effects.","The platform must correctly ingest a synthetic event stream into an eventhouse; the concurrent writers condition follows the configured contract; valid state is preserved, invalid or unauthorized work is rejected or quarantined without silent loss, retries do not duplicate side effects, lineage and audit evidence remain available, and no production records or credentials are used.",Playwright + platform UI/API,"microsoftfabric,market-platform,synthetic-data,real_time,concurrent-writers"
Microsoft Fabric,Real-Time Intelligence,FAB-REAL_TIM-00122,Real-Time Intelligence: query events by event time across a late-arrival window (concurrent writers),Microsoft Fabric: query events by event time across a late-arrival window with concurrent writers,Functional,High,Non-production tenant or isolated local fixture; synthetic records only; Run two valid writers against overlapping logical data at the same time.,"1. Create a disposable, versioned synthetic fixture: Run two valid writers against overlapping logical data at the same time. 2. Execute the platform workflow to query events by event time across a late-arrival window. 3. Capture the committed result, resource version, or run status. 4. Compare the result with the source fixture and the declared invariant. 5. Repeat or recover the operation when applicable; verify access, audit evidence, and side effects.","The platform must correctly query events by event time across a late-arrival window; the concurrent writers condition follows the configured contract; valid state is preserved, invalid or unauthorized work is rejected or quarantined without silent loss, retries do not duplicate side effects, lineage and audit evidence remain available, and no production records or credentials are used.",Playwright + platform UI/API,"microsoftfabric,market-platform,synthetic-data,real_time,concurrent-writers"
Microsoft Fabric,Real-Time Intelligence,FAB-REAL_TIM-00123,Real-Time Intelligence: deduplicate retried events using a stable event identifier (concurrent writers),Microsoft Fabric: deduplicate retried events using a stable event identifier with concurrent writers,Functional,High,Non-production tenant or isolated local fixture; synthetic records only; Run two valid writers against overlapping logical data at the same time.,"1. Create a disposable, versioned synthetic fixture: Run two valid writers against overlapping logical data at the same time. 2. Execute the platform workflow to deduplicate retried events using a stable event identifier. 3. Capture the committed result, resource version, or run status. 4. Compare the result with the source fixture and the declared invariant. 5. Repeat or recover the operation when applicable; verify access, audit evidence, and side effects.","The platform must correctly deduplicate retried events using a stable event identifier; the concurrent writers condition follows the configured contract; valid state is preserved, invalid or unauthorized work is rejected or quarantined without silent loss, retries do not duplicate side effects, lineage and audit evidence remain available, and no production records or credentials are used.",Playwright + platform UI/API,"microsoftfabric,market-platform,synthetic-data,real_time,concurrent-writers"
Microsoft Fabric,Real-Time Intelligence,FAB-REAL_TIM-00124,Real-Time Intelligence: apply a KQL function to records with nullable fields (concurrent writers),Microsoft Fabric: apply a KQL function to records with nullable fields with concurrent writers,Functional,High,Non-production tenant or isolated local fixture; synthetic records only; Run two valid writers against overlapping logical data at the same time.,"1. Create a disposable, versioned synthetic fixture: Run two valid writers against overlapping logical data at the same time. 2. Execute the platform workflow to apply a KQL function to records with nullable fields. 3. Capture the committed result, resource version, or run status. 4. Compare the result with the source fixture and the declared invariant. 5. Repeat or recover the operation when applicable; verify access, audit evidence, and side effects.","The platform must correctly apply a KQL function to records with nullable fields; the concurrent writers condition follows the configured contract; valid state is preserved, invalid or unauthorized work is rejected or quarantined without silent loss, retries do not duplicate side effects, lineage and audit evidence remain available, and no production records or credentials are used.",Playwright + platform UI/API,"microsoftfabric,market-platform,synthetic-data,real_time,concurrent-writers"
Microsoft Fabric,Real-Time Intelligence,FAB-REAL_TIM-00125,Real-Time Intelligence: create a real-time dashboard with a bounded refresh interval (concurrent writers),Microsoft Fabric: create a real-time dashboard with a bounded refresh interval with concurrent writers,Functional,Medium,Non-production tenant or isolated local fixture; synthetic records only; Run two valid writers against overlapping logical data at the same time.,"1. Create a disposable, versioned synthetic fixture: Run two valid writers against overlapping logical data at the same time. 2. Execute the platform workflow to create a real-time dashboard with a bounded refresh interval. 3. Capture the committed result, resource version, or run status. 4. Compare the result with the source fixture and the declared invariant. 5. Repeat or recover the operation when applicable; verify access, audit evidence, and side effects.","The platform must correctly create a real-time dashboard with a bounded refresh interval; the concurrent writers condition follows the configured contract; valid state is preserved, invalid or unauthorized work is rejected or quarantined without silent loss, retries do not duplicate side effects, lineage and audit evidence remain available, and no production records or credentials are used.",Playwright + platform UI/API,"microsoftfabric,market-platform,synthetic-data,real_time,concurrent-writers"
Microsoft Fabric,Real-Time Intelligence,FAB-REAL_TIM-00126,Real-Time Intelligence: alert on a synthetic threshold breach exactly once (concurrent writers),Microsoft Fabric: alert on a synthetic threshold breach exactly once with concurrent writers,Functional,High,Non-production tenant or isolated local fixture; synthetic records only; Run two valid writers against overlapping logical data at the same time.,"1. Create a disposable, versioned synthetic fixture: Run two valid writers against overlapping logical data at the same time. 2. Execute the platform workflow to alert on a synthetic threshold breach exactly once. 3. Capture the committed result, resource version, or run status. 4. Compare the result with the source fixture and the declared invariant. 5. Repeat or recover the operation when applicable; verify access, audit evidence, and side effects.","The platform must correctly alert on a synthetic threshold breach exactly once; the concurrent writers condition follows the configured contract; valid state is preserved, invalid or unauthorized work is rejected or quarantined without silent loss, retries do not duplicate side effects, lineage and audit evidence remain available, and no production records or credentials are used.",Playwright + platform UI/API,"microsoftfabric,market-platform,synthetic-data,real_time,concurrent-writers"
Microsoft Fabric,Real-Time Intelligence,FAB-REAL_TIM-00127,Real-Time Intelligence: preserve event ordering within the declared partition key (concurrent writers),Microsoft Fabric: preserve event ordering within the declared partition key with concurrent writers,Functional,High,Non-production tenant or isolated local fixture; synthetic records only; Run two valid writers against overlapping logical data at the same time.,"1. Create a disposable, versioned synthetic fixture: Run two valid writers against overlapping logical data at the same time. 2. Execute the platform workflow to preserve event ordering within the declared partition key. 3. Capture the committed result, resource version, or run status. 4. Compare the result with the source fixture and the declared invariant. 5. Repeat or recover the operation when applicable; verify access, audit evidence, and side effects.","The platform must correctly preserve event ordering within the declared partition key; the concurrent writers condition follows the configured contract; valid state is preserved, invalid or unauthorized work is rejected or quarantined without silent loss, retries do not duplicate side effects, lineage and audit evidence remain available, and no production records or credentials are used.",Playwright + platform UI/API,"microsoftfabric,market-platform,synthetic-data,real_time,concurrent-writers"
Microsoft Fabric,Real-Time Intelligence,FAB-REAL_TIM-00128,Real-Time Intelligence: replay a bounded time range after a consumer restart (concurrent writers),Microsoft Fabric: replay a bounded time range after a consumer restart with concurrent writers,Functional,High,Non-production tenant or isolated local fixture; synthetic records only; Run two valid writers against overlapping logical data at the same time.,"1. Create a disposable, versioned synthetic fixture: Run two valid writers against overlapping logical data at the same time. 2. Execute the platform workflow to replay a bounded time range after a consumer restart. 3. Capture the committed result, resource version, or run status. 4. Compare the result with the source fixture and the declared invariant. 5. Repeat or recover the operation when applicable; verify access, audit evidence, and side effects.","The platform must correctly replay a bounded time range after a consumer restart; the concurrent writers condition follows the configured contract; valid state is preserved, invalid or unauthorized work is rejected or quarantined without silent loss, retries do not duplicate side effects, lineage and audit evidence remain available, and no production records or credentials are used.",Playwright + platform UI/API,"microsoftfabric,market-platform,synthetic-data,real_time,concurrent-writers"
Microsoft Fabric,Real-Time Intelligence,FAB-REAL_TIM-00129,Real-Time Intelligence: restrict eventhouse access by database role (concurrent writers),Microsoft Fabric: restrict eventhouse access by database role with concurrent writers,Functional,Medium,Non-production tenant or isolated local fixture; synthetic records only; Run two valid writers against overlapping logical data at the same time.,"1. Create a disposable, versioned synthetic fixture: Run two valid writers against overlapping logical data at the same time. 2. Execute the platform workflow to restrict eventhouse access by database role. 3. Capture the committed result, resource version, or run status. 4. Compare the result with the source fixture and the declared invariant. 5. Repeat or recover the operation when applicable; verify access, audit evidence, and side effects.","The platform must correctly restrict eventhouse access by database role; the concurrent writers condition follows the configured contract; valid state is preserved, invalid or unauthorized work is rejected or quarantined without silent loss, retries do not duplicate side effects, lineage and audit evidence remain available, and no production records or credentials are used.",Playwright + platform UI/API,"microsoftfabric,market-platform,synthetic-data,real_time,concurrent-writers"
Microsoft Fabric,Real-Time Intelligence,FAB-REAL_TIM-00130,Real-Time Intelligence: reconcile event counts between ingestion and query results (concurrent writers),Microsoft Fabric: reconcile event counts between ingestion and query results with concurrent writers,Functional,High,Non-production tenant or isolated local fixture; synthetic records only; Run two valid writers against overlapping logical data at the same time.,"1. Create a disposable, versioned synthetic fixture: Run two valid writers against overlapping logical data at the same time. 2. Execute the platform workflow to reconcile event counts between ingestion and query results. 3. Capture the committed result, resource version, or run status. 4. Compare the result with the source fixture and the declared invariant. 5. Repeat or recover the operation when applicable; verify access, audit evidence, and side effects.","The platform must correctly reconcile event counts between ingestion and query results; the concurrent writers condition follows the configured contract; valid state is preserved, invalid or unauthorized work is rejected or quarantined without silent loss, retries do not duplicate side effects, lineage and audit evidence remain available, and no production records or credentials are used.",Playwright + platform UI/API,"microsoftfabric,market-platform,synthetic-data,real_time,concurrent-writers"
Microsoft Fabric,Real-Time Intelligence,FAB-REAL_TIM-00131,Real-Time Intelligence: ingest a synthetic event stream into an eventhouse (transient retry),Microsoft Fabric: ingest a synthetic event stream into an eventhouse with transient retry,Resilience,High,"Non-production tenant or isolated local fixture; synthetic records only; Inject one transient service failure, restore the dependency, and retry.","1. Create a disposable, versioned synthetic fixture: Inject one transient service failure, restore the dependency, and retry. 2. Execute the platform workflow to ingest a synthetic event stream into an eventhouse. 3. Capture the committed result, resource version, or run status. 4. Compare the result with the source fixture and the declared invariant. 5. Repeat or recover the operation when applicable; verify access, audit evidence, and side effects.","The platform must correctly ingest a synthetic event stream into an eventhouse; the transient retry condition follows the configured contract; valid state is preserved, invalid or unauthorized work is rejected or quarantined without silent loss, retries do not duplicate side effects, lineage and audit evidence remain available, and no production records or credentials are used.",Playwright + platform UI/API,"microsoftfabric,market-platform,synthetic-data,real_time,transient-retry"
Microsoft Fabric,Real-Time Intelligence,FAB-REAL_TIM-00132,Real-Time Intelligence: query events by event time across a late-arrival window (transient retry),Microsoft Fabric: query events by event time across a late-arrival window with transient retry,Resilience,High,"Non-production tenant or isolated local fixture; synthetic records only; Inject one transient service failure, restore the dependency, and retry.","1. Create a disposable, versioned synthetic fixture: Inject one transient service failure, restore the dependency, and retry. 2. Execute the platform workflow to query events by event time across a late-arrival window. 3. Capture the committed result, resource version, or run status. 4. Compare the result with the source fixture and the declared invariant. 5. Repeat or recover the operation when applicable; verify access, audit evidence, and side effects.","The platform must correctly query events by event time across a late-arrival window; the transient retry condition follows the configured contract; valid state is preserved, invalid or unauthorized work is rejected or quarantined without silent loss, retries do not duplicate side effects, lineage and audit evidence remain available, and no production records or credentials are used.",Playwright + platform UI/API,"microsoftfabric,market-platform,synthetic-data,real_time,transient-retry"
Microsoft Fabric,Real-Time Intelligence,FAB-REAL_TIM-00133,Real-Time Intelligence: deduplicate retried events using a stable event identifier (transient retry),Microsoft Fabric: deduplicate retried events using a stable event identifier with transient retry,Resilience,Medium,"Non-production tenant or isolated local fixture; synthetic records only; Inject one transient service failure, restore the dependency, and retry.","1. Create a disposable, versioned synthetic fixture: Inject one transient service failure, restore the dependency, and retry. 2. Execute the platform workflow to deduplicate retried events using a stable event identifier. 3. Capture the committed result, resource version, or run status. 4. Compare the result with the source fixture and the declared invariant. 5. Repeat or recover the operation when applicable; verify access, audit evidence, and side effects.","The platform must correctly deduplicate retried events using a stable event identifier; the transient retry condition follows the configured contract; valid state is preserved, invalid or unauthorized work is rejected or quarantined without silent loss, retries do not duplicate side effects, lineage and audit evidence remain available, and no production records or credentials are used.",Playwright + platform UI/API,"microsoftfabric,market-platform,synthetic-data,real_time,transient-retry"
Microsoft Fabric,Real-Time Intelligence,FAB-REAL_TIM-00134,Real-Time Intelligence: apply a KQL function to records with nullable fields (transient retry),Microsoft Fabric: apply a KQL function to records with nullable fields with transient retry,Resilience,High,"Non-production tenant or isolated local fixture; synthetic records only; Inject one transient service failure, restore the dependency, and retry.","1. Create a disposable, versioned synthetic fixture: Inject one transient service failure, restore the dependency, and retry. 2. Execute the platform workflow to apply a KQL function to records with nullable fields. 3. Capture the committed result, resource version, or run status. 4. Compare the result with the source fixture and the declared invariant. 5. Repeat or recover the operation when applicable; verify access, audit evidence, and side effects.","The platform must correctly apply a KQL function to records with nullable fields; the transient retry condition follows the configured contract; valid state is preserved, invalid or unauthorized work is rejected or quarantined without silent loss, retries do not duplicate side effects, lineage and audit evidence remain available, and no production records or credentials are used.",Playwright + platform UI/API,"microsoftfabric,market-platform,synthetic-data,real_time,transient-retry"
Microsoft Fabric,Real-Time Intelligence,FAB-REAL_TIM-00135,Real-Time Intelligence: create a real-time dashboard with a bounded refresh interval (transient retry),Microsoft Fabric: create a real-time dashboard with a bounded refresh interval with transient retry,Resilience,High,"Non-production tenant or isolated local fixture; synthetic records only; Inject one transient service failure, restore the dependency, and retry.","1. Create a disposable, versioned synthetic fixture: Inject one transient service failure, restore the dependency, and retry. 2. Execute the platform workflow to create a real-time dashboard with a bounded refresh interval. 3. Capture the committed result, resource version, or run status. 4. Compare the result with the source fixture and the declared invariant. 5. Repeat or recover the operation when applicable; verify access, audit evidence, and side effects.","The platform must correctly create a real-time dashboard with a bounded refresh interval; the transient retry condition follows the configured contract; valid state is preserved, invalid or unauthorized work is rejected or quarantined without silent loss, retries do not duplicate side effects, lineage and audit evidence remain available, and no production records or credentials are used.",Playwright + platform UI/API,"microsoftfabric,market-platform,synthetic-data,real_time,transient-retry"
Microsoft Fabric,Real-Time Intelligence,FAB-REAL_TIM-00136,Real-Time Intelligence: alert on a synthetic threshold breach exactly once (transient retry),Microsoft Fabric: alert on a synthetic threshold breach exactly once with transient retry,Resilience,High,"Non-production tenant or isolated local fixture; synthetic records only; Inject one transient service failure, restore the dependency, and retry.","1. Create a disposable, versioned synthetic fixture: Inject one transient service failure, restore the dependency, and retry. 2. Execute the platform workflow to alert on a synthetic threshold breach exactly once. 3. Capture the committed result, resource version, or run status. 4. Compare the result with the source fixture and the declared invariant. 5. Repeat or recover the operation when applicable; verify access, audit evidence, and side effects.","The platform must correctly alert on a synthetic threshold breach exactly once; the transient retry condition follows the configured contract; valid state is preserved, invalid or unauthorized work is rejected or quarantined without silent loss, retries do not duplicate side effects, lineage and audit evidence remain available, and no production records or credentials are used.",Playwright + platform UI/API,"microsoftfabric,market-platform,synthetic-data,real_time,transient-retry"
Microsoft Fabric,Real-Time Intelligence,FAB-REAL_TIM-00137,Real-Time Intelligence: preserve event ordering within the declared partition key (transient retry),Microsoft Fabric: preserve event ordering within the declared partition key with transient retry,Resilience,Medium,"Non-production tenant or isolated local fixture; synthetic records only; Inject one transient service failure, restore the dependency, and retry.","1. Create a disposable, versioned synthetic fixture: Inject one transient service failure, restore the dependency, and retry. 2. Execute the platform workflow to preserve event ordering within the declared partition key. 3. Capture the committed result, resource version, or run status. 4. Compare the result with the source fixture and the declared invariant. 5. Repeat or recover the operation when applicable; verify access, audit evidence, and side effects.","The platform must correctly preserve event ordering within the declared partition key; the transient retry condition follows the configured contract; valid state is preserved, invalid or unauthorized work is rejected or quarantined without silent loss, retries do not duplicate side effects, lineage and audit evidence remain available, and no production records or credentials are used.",Playwright + platform UI/API,"microsoftfabric,market-platform,synthetic-data,real_time,transient-retry"
Microsoft Fabric,Real-Time Intelligence,FAB-REAL_TIM-00138,Real-Time Intelligence: replay a bounded time range after a consumer restart (transient retry),Microsoft Fabric: replay a bounded time range after a consumer restart with transient retry,Resilience,High,"Non-production tenant or isolated local fixture; synthetic records only; Inject one transient service failure, restore the dependency, and retry.","1. Create a disposable, versioned synthetic fixture: Inject one transient service failure, restore the dependency, and retry. 2. Execute the platform workflow to replay a bounded time range after a consumer restart. 3. Capture the committed result, resource version, or run status. 4. Compare the result with the source fixture and the declared invariant. 5. Repeat or recover the operation when applicable; verify access, audit evidence, and side effects.","The platform must correctly replay a bounded time range after a consumer restart; the transient retry condition follows the configured contract; valid state is preserved, invalid or unauthorized work is rejected or quarantined without silent loss, retries do not duplicate side effects, lineage and audit evidence remain available, and no production records or credentials are used.",Playwright + platform UI/API,"microsoftfabric,market-platform,synthetic-data,real_time,transient-retry"
Microsoft Fabric,Real-Time Intelligence,FAB-REAL_TIM-00139,Real-Time Intelligence: restrict eventhouse access by database role (transient retry),Microsoft Fabric: restrict eventhouse access by database role with transient retry,Resilience,High,"Non-production tenant or isolated local fixture; synthetic records only; Inject one transient service failure, restore the dependency, and retry.","1. Create a disposable, versioned synthetic fixture: Inject one transient service failure, restore the dependency, and retry. 2. Execute the platform workflow to restrict eventhouse access by database role. 3. Capture the committed result, resource version, or run status. 4. Compare the result with the source fixture and the declared invariant. 5. Repeat or recover the operation when applicable; verify access, audit evidence, and side effects.","The platform must correctly restrict eventhouse access by database role; the transient retry condition follows the configured contract; valid state is preserved, invalid or unauthorized work is rejected or quarantined without silent loss, retries do not duplicate side effects, lineage and audit evidence remain available, and no production records or credentials are used.",Playwright + platform UI/API,"microsoftfabric,market-platform,synthetic-data,real_time,transient-retry"
Microsoft Fabric,Real-Time Intelligence,FAB-REAL_TIM-00140,Real-Time Intelligence: reconcile event counts between ingestion and query results (transient retry),Microsoft Fabric: reconcile event counts between ingestion and query results with transient retry,Resilience,High,"Non-production tenant or isolated local fixture; synthetic records only; Inject one transient service failure, restore the dependency, and retry.","1. Create a disposable, versioned synthetic fixture: Inject one transient service failure, restore the dependency, and retry. 2. Execute the platform workflow to reconcile event counts between ingestion and query results. 3. Capture the committed result, resource version, or run status. 4. Compare the result with the source fixture and the declared invariant. 5. Repeat or recover the operation when applicable; verify access, audit evidence, and side effects.","The platform must correctly reconcile event counts between ingestion and query results; the transient retry condition follows the configured contract; valid state is preserved, invalid or unauthorized work is rejected or quarantined without silent loss, retries do not duplicate side effects, lineage and audit evidence remain available, and no production records or credentials are used.",Playwright + platform UI/API,"microsoftfabric,market-platform,synthetic-data,real_time,transient-retry"
Microsoft Fabric,Real-Time Intelligence,FAB-REAL_TIM-00141,Real-Time Intelligence: ingest a synthetic event stream into an eventhouse (commit conflict),Microsoft Fabric: ingest a synthetic event stream into an eventhouse with commit conflict,Functional,Medium,Non-production tenant or isolated local fixture; synthetic records only; Advance the resource version between read and write to create an optimistic conflict.,"1. Create a disposable, versioned synthetic fixture: Advance the resource version between read and write to create an optimistic conflict. 2. Execute the platform workflow to ingest a synthetic event stream into an eventhouse. 3. Capture the committed result, resource version, or run status. 4. Compare the result with the source fixture and the declared invariant. 5. Repeat or recover the operation when applicable; verify access, audit evidence, and side effects.","The platform must correctly ingest a synthetic event stream into an eventhouse; the commit conflict condition follows the configured contract; valid state is preserved, invalid or unauthorized work is rejected or quarantined without silent loss, retries do not duplicate side effects, lineage and audit evidence remain available, and no production records or credentials are used.",Playwright + platform UI/API,"microsoftfabric,market-platform,synthetic-data,real_time,commit-conflict"
Microsoft Fabric,Real-Time Intelligence,FAB-REAL_TIM-00142,Real-Time Intelligence: query events by event time across a late-arrival window (commit conflict),Microsoft Fabric: query events by event time across a late-arrival window with commit conflict,Functional,High,Non-production tenant or isolated local fixture; synthetic records only; Advance the resource version between read and write to create an optimistic conflict.,"1. Create a disposable, versioned synthetic fixture: Advance the resource version between read and write to create an optimistic conflict. 2. Execute the platform workflow to query events by event time across a late-arrival window. 3. Capture the committed result, resource version, or run status. 4. Compare the result with the source fixture and the declared invariant. 5. Repeat or recover the operation when applicable; verify access, audit evidence, and side effects.","The platform must correctly query events by event time across a late-arrival window; the commit conflict condition follows the configured contract; valid state is preserved, invalid or unauthorized work is rejected or quarantined without silent loss, retries do not duplicate side effects, lineage and audit evidence remain available, and no production records or credentials are used.",Playwright + platform UI/API,"microsoftfabric,market-platform,synthetic-data,real_time,commit-conflict"
Microsoft Fabric,Real-Time Intelligence,FAB-REAL_TIM-00143,Real-Time Intelligence: deduplicate retried events using a stable event identifier (commit conflict),Microsoft Fabric: deduplicate retried events using a stable event identifier with commit conflict,Functional,High,Non-production tenant or isolated local fixture; synthetic records only; Advance the resource version between read and write to create an optimistic conflict.,"1. Create a disposable, versioned synthetic fixture: Advance the resource version between read and write to create an optimistic conflict. 2. Execute the platform workflow to deduplicate retried events using a stable event identifier. 3. Capture the committed result, resource version, or run status. 4. Compare the result with the source fixture and the declared invariant. 5. Repeat or recover the operation when applicable; verify access, audit evidence, and side effects.","The platform must correctly deduplicate retried events using a stable event identifier; the commit conflict condition follows the configured contract; valid state is preserved, invalid or unauthorized work is rejected or quarantined without silent loss, retries do not duplicate side effects, lineage and audit evidence remain available, and no production records or credentials are used.",Playwright + platform UI/API,"microsoftfabric,market-platform,synthetic-data,real_time,commit-conflict"
Microsoft Fabric,Real-Time Intelligence,FAB-REAL_TIM-00144,Real-Time Intelligence: apply a KQL function to records with nullable fields (commit conflict),Microsoft Fabric: apply a KQL function to records with nullable fields with commit conflict,Functional,High,Non-production tenant or isolated local fixture; synthetic records only; Advance the resource version between read and write to create an optimistic conflict.,"1. Create a disposable, versioned synthetic fixture: Advance the resource version between read and write to create an optimistic conflict. 2. Execute the platform workflow to apply a KQL function to records with nullable fields. 3. Capture the committed result, resource version, or run status. 4. Compare the result with the source fixture and the declared invariant. 5. Repeat or recover the operation when applicable; verify access, audit evidence, and side effects.","The platform must correctly apply a KQL function to records with nullable fields; the commit conflict condition follows the configured contract; valid state is preserved, invalid or unauthorized work is rejected or quarantined without silent loss, retries do not duplicate side effects, lineage and audit evidence remain available, and no production records or credentials are used.",Playwright + platform UI/API,"microsoftfabric,market-platform,synthetic-data,real_time,commit-conflict"
Microsoft Fabric,Real-Time Intelligence,FAB-REAL_TIM-00145,Real-Time Intelligence: create a real-time dashboard with a bounded refresh interval (commit conflict),Microsoft Fabric: create a real-time dashboard with a bounded refresh interval with commit conflict,Functional,Medium,Non-production tenant or isolated local fixture; synthetic records only; Advance the resource version between read and write to create an optimistic conflict.,"1. Create a disposable, versioned synthetic fixture: Advance the resource version between read and write to create an optimistic conflict. 2. Execute the platform workflow to create a real-time dashboard with a bounded refresh interval. 3. Capture the committed result, resource version, or run status. 4. Compare the result with the source fixture and the declared invariant. 5. Repeat or recover the operation when applicable; verify access, audit evidence, and side effects.","The platform must correctly create a real-time dashboard with a bounded refresh interval; the commit conflict condition follows the configured contract; valid state is preserved, invalid or unauthorized work is rejected or quarantined without silent loss, retries do not duplicate side effects, lineage and audit evidence remain available, and no production records or credentials are used.",Playwright + platform UI/API,"microsoftfabric,market-platform,synthetic-data,real_time,commit-conflict"
Microsoft Fabric,Real-Time Intelligence,FAB-REAL_TIM-00146,Real-Time Intelligence: alert on a synthetic threshold breach exactly once (commit conflict),Microsoft Fabric: alert on a synthetic threshold breach exactly once with commit conflict,Functional,High,Non-production tenant or isolated local fixture; synthetic records only; Advance the resource version between read and write to create an optimistic conflict.,"1. Create a disposable, versioned synthetic fixture: Advance the resource version between read and write to create an optimistic conflict. 2. Execute the platform workflow to alert on a synthetic threshold breach exactly once. 3. Capture the committed result, resource version, or run status. 4. Compare the result with the source fixture and the declared invariant. 5. Repeat or recover the operation when applicable; verify access, audit evidence, and side effects.","The platform must correctly alert on a synthetic threshold breach exactly once; the commit conflict condition follows the configured contract; valid state is preserved, invalid or unauthorized work is rejected or quarantined without silent loss, retries do not duplicate side effects, lineage and audit evidence remain available, and no production records or credentials are used.",Playwright + platform UI/API,"microsoftfabric,market-platform,synthetic-data,real_time,commit-conflict"
Microsoft Fabric,Real-Time Intelligence,FAB-REAL_TIM-00147,Real-Time Intelligence: preserve event ordering within the declared partition key (commit conflict),Microsoft Fabric: preserve event ordering within the declared partition key with commit conflict,Functional,High,Non-production tenant or isolated local fixture; synthetic records only; Advance the resource version between read and write to create an optimistic conflict.,"1. Create a disposable, versioned synthetic fixture: Advance the resource version between read and write to create an optimistic conflict. 2. Execute the platform workflow to preserve event ordering within the declared partition key. 3. Capture the committed result, resource version, or run status. 4. Compare the result with the source fixture and the declared invariant. 5. Repeat or recover the operation when applicable; verify access, audit evidence, and side effects.","The platform must correctly preserve event ordering within the declared partition key; the commit conflict condition follows the configured contract; valid state is preserved, invalid or unauthorized work is rejected or quarantined without silent loss, retries do not duplicate side effects, lineage and audit evidence remain available, and no production records or credentials are used.",Playwright + platform UI/API,"microsoftfabric,market-platform,synthetic-data,real_time,commit-conflict"
Microsoft Fabric,Real-Time Intelligence,FAB-REAL_TIM-00148,Real-Time Intelligence: replay a bounded time range after a consumer restart (commit conflict),Microsoft Fabric: replay a bounded time range after a consumer restart with commit conflict,Functional,High,Non-production tenant or isolated local fixture; synthetic records only; Advance the resource version between read and write to create an optimistic conflict.,"1. Create a disposable, versioned synthetic fixture: Advance the resource version between read and write to create an optimistic conflict. 2. Execute the platform workflow to replay a bounded time range after a consumer restart. 3. Capture the committed result, resource version, or run status. 4. Compare the result with the source fixture and the declared invariant. 5. Repeat or recover the operation when applicable; verify access, audit evidence, and side effects.","The platform must correctly replay a bounded time range after a consumer restart; the commit conflict condition follows the configured contract; valid state is preserved, invalid or unauthorized work is rejected or quarantined without silent loss, retries do not duplicate side effects, lineage and audit evidence remain available, and no production records or credentials are used.",Playwright + platform UI/API,"microsoftfabric,market-platform,synthetic-data,real_time,commit-conflict"
Microsoft Fabric,Real-Time Intelligence,FAB-REAL_TIM-00149,Real-Time Intelligence: restrict eventhouse access by database role (commit conflict),Microsoft Fabric: restrict eventhouse access by database role with commit conflict,Functional,Medium,Non-production tenant or isolated local fixture; synthetic records only; Advance the resource version between read and write to create an optimistic conflict.,"1. Create a disposable, versioned synthetic fixture: Advance the resource version between read and write to create an optimistic conflict. 2. Execute the platform workflow to restrict eventhouse access by database role. 3. Capture the committed result, resource version, or run status. 4. Compare the result with the source fixture and the declared invariant. 5. Repeat or recover the operation when applicable; verify access, audit evidence, and side effects.","The platform must correctly restrict eventhouse access by database role; the commit conflict condition follows the configured contract; valid state is preserved, invalid or unauthorized work is rejected or quarantined without silent loss, retries do not duplicate side effects, lineage and audit evidence remain available, and no production records or credentials are used.",Playwright + platform UI/API,"microsoftfabric,market-platform,synthetic-data,real_time,commit-conflict"
Microsoft Fabric,Real-Time Intelligence,FAB-REAL_TIM-00150,Real-Time Intelligence: reconcile event counts between ingestion and query results (commit conflict),Microsoft Fabric: reconcile event counts between ingestion and query results with commit conflict,Functional,High,Non-production tenant or isolated local fixture; synthetic records only; Advance the resource version between read and write to create an optimistic conflict.,"1. Create a disposable, versioned synthetic fixture: Advance the resource version between read and write to create an optimistic conflict. 2. Execute the platform workflow to reconcile event counts between ingestion and query results. 3. Capture the committed result, resource version, or run status. 4. Compare the result with the source fixture and the declared invariant. 5. Repeat or recover the operation when applicable; verify access, audit evidence, and side effects.","The platform must correctly reconcile event counts between ingestion and query results; the commit conflict condition follows the configured contract; valid state is preserved, invalid or unauthorized work is rejected or quarantined without silent loss, retries do not duplicate side effects, lineage and audit evidence remain available, and no production records or credentials are used.",Playwright + platform UI/API,"microsoftfabric,market-platform,synthetic-data,real_time,commit-conflict"
Microsoft Fabric,Real-Time Intelligence,FAB-REAL_TIM-00151,Real-Time Intelligence: ingest a synthetic event stream into an eventhouse (rollback and replay),Microsoft Fabric: ingest a synthetic event stream into an eventhouse with rollback and replay,Functional,High,Non-production tenant or isolated local fixture; synthetic records only; Restore a prior version in a disposable fixture and replay the same operation.,"1. Create a disposable, versioned synthetic fixture: Restore a prior version in a disposable fixture and replay the same operation. 2. Execute the platform workflow to ingest a synthetic event stream into an eventhouse. 3. Capture the committed result, resource version, or run status. 4. Compare the result with the source fixture and the declared invariant. 5. Repeat or recover the operation when applicable; verify access, audit evidence, and side effects.","The platform must correctly ingest a synthetic event stream into an eventhouse; the rollback and replay condition follows the configured contract; valid state is preserved, invalid or unauthorized work is rejected or quarantined without silent loss, retries do not duplicate side effects, lineage and audit evidence remain available, and no production records or credentials are used.",Playwright + platform UI/API,"microsoftfabric,market-platform,synthetic-data,real_time,rollback-and-replay"
Microsoft Fabric,Real-Time Intelligence,FAB-REAL_TIM-00152,Real-Time Intelligence: query events by event time across a late-arrival window (rollback and replay),Microsoft Fabric: query events by event time across a late-arrival window with rollback and replay,Functional,High,Non-production tenant or isolated local fixture; synthetic records only; Restore a prior version in a disposable fixture and replay the same operation.,"1. Create a disposable, versioned synthetic fixture: Restore a prior version in a disposable fixture and replay the same operation. 2. Execute the platform workflow to query events by event time across a late-arrival window. 3. Capture the committed result, resource version, or run status. 4. Compare the result with the source fixture and the declared invariant. 5. Repeat or recover the operation when applicable; verify access, audit evidence, and side effects.","The platform must correctly query events by event time across a late-arrival window; the rollback and replay condition follows the configured contract; valid state is preserved, invalid or unauthorized work is rejected or quarantined without silent loss, retries do not duplicate side effects, lineage and audit evidence remain available, and no production records or credentials are used.",Playwright + platform UI/API,"microsoftfabric,market-platform,synthetic-data,real_time,rollback-and-replay"
Microsoft Fabric,Real-Time Intelligence,FAB-REAL_TIM-00153,Real-Time Intelligence: deduplicate retried events using a stable event identifier (rollback and replay),Microsoft Fabric: deduplicate retried events using a stable event identifier with rollback and replay,Functional,Medium,Non-production tenant or isolated local fixture; synthetic records only; Restore a prior version in a disposable fixture and replay the same operation.,"1. Create a disposable, versioned synthetic fixture: Restore a prior version in a disposable fixture and replay the same operation. 2. Execute the platform workflow to deduplicate retried events using a stable event identifier. 3. Capture the committed result, resource version, or run status. 4. Compare the result with the source fixture and the declared invariant. 5. Repeat or recover the operation when applicable; verify access, audit evidence, and side effects.","The platform must correctly deduplicate retried events using a stable event identifier; the rollback and replay condition follows the configured contract; valid state is preserved, invalid or unauthorized work is rejected or quarantined without silent loss, retries do not duplicate side effects, lineage and audit evidence remain available, and no production records or credentials are used.",Playwright + platform UI/API,"microsoftfabric,market-platform,synthetic-data,real_time,rollback-and-replay"
Microsoft Fabric,Real-Time Intelligence,FAB-REAL_TIM-00154,Real-Time Intelligence: apply a KQL function to records with nullable fields (rollback and replay),Microsoft Fabric: apply a KQL function to records with nullable fields with rollback and replay,Functional,High,Non-production tenant or isolated local fixture; synthetic records only; Restore a prior version in a disposable fixture and replay the same operation.,"1. Create a disposable, versioned synthetic fixture: Restore a prior version in a disposable fixture and replay the same operation. 2. Execute the platform workflow to apply a KQL function to records with nullable fields. 3. Capture the committed result, resource version, or run status. 4. Compare the result with the source fixture and the declared invariant. 5. Repeat or recover the operation when applicable; verify access, audit evidence, and side effects.","The platform must correctly apply a KQL function to records with nullable fields; the rollback and replay condition follows the configured contract; valid state is preserved, invalid or unauthorized work is rejected or quarantined without silent loss, retries do not duplicate side effects, lineage and audit evidence remain available, and no production records or credentials are used.",Playwright + platform UI/API,"microsoftfabric,market-platform,synthetic-data,real_time,rollback-and-replay"
Microsoft Fabric,Real-Time Intelligence,FAB-REAL_TIM-00155,Real-Time Intelligence: create a real-time dashboard with a bounded refresh interval (rollback and replay),Microsoft Fabric: create a real-time dashboard with a bounded refresh interval with rollback and replay,Functional,High,Non-production tenant or isolated local fixture; synthetic records only; Restore a prior version in a disposable fixture and replay the same operation.,"1. Create a disposable, versioned synthetic fixture: Restore a prior version in a disposable fixture and replay the same operation. 2. Execute the platform workflow to create a real-time dashboard with a bounded refresh interval. 3. Capture the committed result, resource version, or run status. 4. Compare the result with the source fixture and the declared invariant. 5. Repeat or recover the operation when applicable; verify access, audit evidence, and side effects.","The platform must correctly create a real-time dashboard with a bounded refresh interval; the rollback and replay condition follows the configured contract; valid state is preserved, invalid or unauthorized work is rejected or quarantined without silent loss, retries do not duplicate side effects, lineage and audit evidence remain available, and no production records or credentials are used.",Playwright + platform UI/API,"microsoftfabric,market-platform,synthetic-data,real_time,rollback-and-replay"
Microsoft Fabric,Real-Time Intelligence,FAB-REAL_TIM-00156,Real-Time Intelligence: alert on a synthetic threshold breach exactly once (rollback and replay),Microsoft Fabric: alert on a synthetic threshold breach exactly once with rollback and replay,Functional,High,Non-production tenant or isolated local fixture; synthetic records only; Restore a prior version in a disposable fixture and replay the same operation.,"1. Create a disposable, versioned synthetic fixture: Restore a prior version in a disposable fixture and replay the same operation. 2. Execute the platform workflow to alert on a synthetic threshold breach exactly once. 3. Capture the committed result, resource version, or run status. 4. Compare the result with the source fixture and the declared invariant. 5. Repeat or recover the operation when applicable; verify access, audit evidence, and side effects.","The platform must correctly alert on a synthetic threshold breach exactly once; the rollback and replay condition follows the configured contract; valid state is preserved, invalid or unauthorized work is rejected or quarantined without silent loss, retries do not duplicate side effects, lineage and audit evidence remain available, and no production records or credentials are used.",Playwright + platform UI/API,"microsoftfabric,market-platform,synthetic-data,real_time,rollback-and-replay"
Microsoft Fabric,Real-Time Intelligence,FAB-REAL_TIM-00157,Real-Time Intelligence: preserve event ordering within the declared partition key (rollback and replay),Microsoft Fabric: preserve event ordering within the declared partition key with rollback and replay,Functional,Medium,Non-production tenant or isolated local fixture; synthetic records only; Restore a prior version in a disposable fixture and replay the same operation.,"1. Create a disposable, versioned synthetic fixture: Restore a prior version in a disposable fixture and replay the same operation. 2. Execute the platform workflow to preserve event ordering within the declared partition key. 3. Capture the committed result, resource version, or run status. 4. Compare the result with the source fixture and the declared invariant. 5. Repeat or recover the operation when applicable; verify access, audit evidence, and side effects.","The platform must correctly preserve event ordering within the declared partition key; the rollback and replay condition follows the configured contract; valid state is preserved, invalid or unauthorized work is rejected or quarantined without silent loss, retries do not duplicate side effects, lineage and audit evidence remain available, and no production records or credentials are used.",Playwright + platform UI/API,"microsoftfabric,market-platform,synthetic-data,real_time,rollback-and-replay"
Microsoft Fabric,Real-Time Intelligence,FAB-REAL_TIM-00158,Real-Time Intelligence: replay a bounded time range after a consumer restart (rollback and replay),Microsoft Fabric: replay a bounded time range after a consumer restart with rollback and replay,Functional,High,Non-production tenant or isolated local fixture; synthetic records only; Restore a prior version in a disposable fixture and replay the same operation.,"1. Create a disposable, versioned synthetic fixture: Restore a prior version in a disposable fixture and replay the same operation. 2. Execute the platform workflow to replay a bounded time range after a consumer restart. 3. Capture the committed result, resource version, or run status. 4. Compare the result with the source fixture and the declared invariant. 5. Repeat or recover the operation when applicable; verify access, audit evidence, and side effects.","The platform must correctly replay a bounded time range after a consumer restart; the rollback and replay condition follows the configured contract; valid state is preserved, invalid or unauthorized work is rejected or quarantined without silent loss, retries do not duplicate side effects, lineage and audit evidence remain available, and no production records or credentials are used.",Playwright + platform UI/API,"microsoftfabric,market-platform,synthetic-data,real_time,rollback-and-replay"
Microsoft Fabric,Real-Time Intelligence,FAB-REAL_TIM-00159,Real-Time Intelligence: restrict eventhouse access by database role (rollback and replay),Microsoft Fabric: restrict eventhouse access by database role with rollback and replay,Functional,High,Non-production tenant or isolated local fixture; synthetic records only; Restore a prior version in a disposable fixture and replay the same operation.,"1. Create a disposable, versioned synthetic fixture: Restore a prior version in a disposable fixture and replay the same operation. 2. Execute the platform workflow to restrict eventhouse access by database role. 3. Capture the committed result, resource version, or run status. 4. Compare the result with the source fixture and the declared invariant. 5. Repeat or recover the operation when applicable; verify access, audit evidence, and side effects.","The platform must correctly restrict eventhouse access by database role; the rollback and replay condition follows the configured contract; valid state is preserved, invalid or unauthorized work is rejected or quarantined without silent loss, retries do not duplicate side effects, lineage and audit evidence remain available, and no production records or credentials are used.",Playwright + platform UI/API,"microsoftfabric,market-platform,synthetic-data,real_time,rollback-and-replay"
Microsoft Fabric,Real-Time Intelligence,FAB-REAL_TIM-00160,Real-Time Intelligence: reconcile event counts between ingestion and query results (rollback and replay),Microsoft Fabric: reconcile event counts between ingestion and query results with rollback and replay,Functional,High,Non-production tenant or isolated local fixture; synthetic records only; Restore a prior version in a disposable fixture and replay the same operation.,"1. Create a disposable, versioned synthetic fixture: Restore a prior version in a disposable fixture and replay the same operation. 2. Execute the platform workflow to reconcile event counts between ingestion and query results. 3. Capture the committed result, resource version, or run status. 4. Compare the result with the source fixture and the declared invariant. 5. Repeat or recover the operation when applicable; verify access, audit evidence, and side effects.","The platform must correctly reconcile event counts between ingestion and query results; the rollback and replay condition follows the configured contract; valid state is preserved, invalid or unauthorized work is rejected or quarantined without silent loss, retries do not duplicate side effects, lineage and audit evidence remain available, and no production records or credentials are used.",Playwright + platform UI/API,"microsoftfabric,market-platform,synthetic-data,real_time,rollback-and-replay"
Microsoft Fabric,Real-Time Intelligence,FAB-REAL_TIM-00161,Real-Time Intelligence: ingest a synthetic event stream into an eventhouse (Unicode identifiers),Microsoft Fabric: ingest a synthetic event stream into an eventhouse with Unicode identifiers,Functional,Medium,"Non-production tenant or isolated local fixture; synthetic records only; Use Unicode in safe project, model, table, index, and synthetic account labels.","1. Create a disposable, versioned synthetic fixture: Use Unicode in safe project, model, table, index, and synthetic account labels. 2. Execute the platform workflow to ingest a synthetic event stream into an eventhouse. 3. Capture the committed result, resource version, or run status. 4. Compare the result with the source fixture and the declared invariant. 5. Repeat or recover the operation when applicable; verify access, audit evidence, and side effects.","The platform must correctly ingest a synthetic event stream into an eventhouse; the Unicode identifiers condition follows the configured contract; valid state is preserved, invalid or unauthorized work is rejected or quarantined without silent loss, retries do not duplicate side effects, lineage and audit evidence remain available, and no production records or credentials are used.",Playwright + platform UI/API,"microsoftfabric,market-platform,synthetic-data,real_time,Unicode-identifiers"
Microsoft Fabric,Real-Time Intelligence,FAB-REAL_TIM-00162,Real-Time Intelligence: query events by event time across a late-arrival window (Unicode identifiers),Microsoft Fabric: query events by event time across a late-arrival window with Unicode identifiers,Functional,High,"Non-production tenant or isolated local fixture; synthetic records only; Use Unicode in safe project, model, table, index, and synthetic account labels.","1. Create a disposable, versioned synthetic fixture: Use Unicode in safe project, model, table, index, and synthetic account labels. 2. Execute the platform workflow to query events by event time across a late-arrival window. 3. Capture the committed result, resource version, or run status. 4. Compare the result with the source fixture and the declared invariant. 5. Repeat or recover the operation when applicable; verify access, audit evidence, and side effects.","The platform must correctly query events by event time across a late-arrival window; the Unicode identifiers condition follows the configured contract; valid state is preserved, invalid or unauthorized work is rejected or quarantined without silent loss, retries do not duplicate side effects, lineage and audit evidence remain available, and no production records or credentials are used.",Playwright + platform UI/API,"microsoftfabric,market-platform,synthetic-data,real_time,Unicode-identifiers"
Microsoft Fabric,Real-Time Intelligence,FAB-REAL_TIM-00163,Real-Time Intelligence: deduplicate retried events using a stable event identifier (Unicode identifiers),Microsoft Fabric: deduplicate retried events using a stable event identifier with Unicode identifiers,Functional,High,"Non-production tenant or isolated local fixture; synthetic records only; Use Unicode in safe project, model, table, index, and synthetic account labels.","1. Create a disposable, versioned synthetic fixture: Use Unicode in safe project, model, table, index, and synthetic account labels. 2. Execute the platform workflow to deduplicate retried events using a stable event identifier. 3. Capture the committed result, resource version, or run status. 4. Compare the result with the source fixture and the declared invariant. 5. Repeat or recover the operation when applicable; verify access, audit evidence, and side effects.","The platform must correctly deduplicate retried events using a stable event identifier; the Unicode identifiers condition follows the configured contract; valid state is preserved, invalid or unauthorized work is rejected or quarantined without silent loss, retries do not duplicate side effects, lineage and audit evidence remain available, and no production records or credentials are used.",Playwright + platform UI/API,"microsoftfabric,market-platform,synthetic-data,real_time,Unicode-identifiers"
Microsoft Fabric,Real-Time Intelligence,FAB-REAL_TIM-00164,Real-Time Intelligence: apply a KQL function to records with nullable fields (Unicode identifiers),Microsoft Fabric: apply a KQL function to records with nullable fields with Unicode identifiers,Functional,High,"Non-production tenant or isolated local fixture; synthetic records only; Use Unicode in safe project, model, table, index, and synthetic account labels.","1. Create a disposable, versioned synthetic fixture: Use Unicode in safe project, model, table, index, and synthetic account labels. 2. Execute the platform workflow to apply a KQL function to records with nullable fields. 3. Capture the committed result, resource version, or run status. 4. Compare the result with the source fixture and the declared invariant. 5. Repeat or recover the operation when applicable; verify access, audit evidence, and side effects.","The platform must correctly apply a KQL function to records with nullable fields; the Unicode identifiers condition follows the configured contract; valid state is preserved, invalid or unauthorized work is rejected or quarantined without silent loss, retries do not duplicate side effects, lineage and audit evidence remain available, and no production records or credentials are used.",Playwright + platform UI/API,"microsoftfabric,market-platform,synthetic-data,real_time,Unicode-identifiers"
Microsoft Fabric,Real-Time Intelligence,FAB-REAL_TIM-00165,Real-Time Intelligence: create a real-time dashboard with a bounded refresh interval (Unicode identifiers),Microsoft Fabric: create a real-time dashboard with a bounded refresh interval with Unicode identifiers,Functional,Medium,"Non-production tenant or isolated local fixture; synthetic records only; Use Unicode in safe project, model, table, index, and synthetic account labels.","1. Create a disposable, versioned synthetic fixture: Use Unicode in safe project, model, table, index, and synthetic account labels. 2. Execute the platform workflow to create a real-time dashboard with a bounded refresh interval. 3. Capture the committed result, resource version, or run status. 4. Compare the result with the source fixture and the declared invariant. 5. Repeat or recover the operation when applicable; verify access, audit evidence, and side effects.","The platform must correctly create a real-time dashboard with a bounded refresh interval; the Unicode identifiers condition follows the configured contract; valid state is preserved, invalid or unauthorized work is rejected or quarantined without silent loss, retries do not duplicate side effects, lineage and audit evidence remain available, and no production records or credentials are used.",Playwright + platform UI/API,"microsoftfabric,market-platform,synthetic-data,real_time,Unicode-identifiers"
Microsoft Fabric,Real-Time Intelligence,FAB-REAL_TIM-00166,Real-Time Intelligence: alert on a synthetic threshold breach exactly once (Unicode identifiers),Microsoft Fabric: alert on a synthetic threshold breach exactly once with Unicode identifiers,Functional,High,"Non-production tenant or isolated local fixture; synthetic records only; Use Unicode in safe project, model, table, index, and synthetic account labels.","1. Create a disposable, versioned synthetic fixture: Use Unicode in safe project, model, table, index, and synthetic account labels. 2. Execute the platform workflow to alert on a synthetic threshold breach exactly once. 3. Capture the committed result, resource version, or run status. 4. Compare the result with the source fixture and the declared invariant. 5. Repeat or recover the operation when applicable; verify access, audit evidence, and side effects.","The platform must correctly alert on a synthetic threshold breach exactly once; the Unicode identifiers condition follows the configured contract; valid state is preserved, invalid or unauthorized work is rejected or quarantined without silent loss, retries do not duplicate side effects, lineage and audit evidence remain available, and no production records or credentials are used.",Playwright + platform UI/API,"microsoftfabric,market-platform,synthetic-data,real_time,Unicode-identifiers"
Microsoft Fabric,Real-Time Intelligence,FAB-REAL_TIM-00167,Real-Time Intelligence: preserve event ordering within the declared partition key (Unicode identifiers),Microsoft Fabric: preserve event ordering within the declared partition key with Unicode identifiers,Functional,High,"Non-production tenant or isolated local fixture; synthetic records only; Use Unicode in safe project, model, table, index, and synthetic account labels.","1. Create a disposable, versioned synthetic fixture: Use Unicode in safe project, model, table, index, and synthetic account labels. 2. Execute the platform workflow to preserve event ordering within the declared partition key. 3. Capture the committed result, resource version, or run status. 4. Compare the result with the source fixture and the declared invariant. 5. Repeat or recover the operation when applicable; verify access, audit evidence, and side effects.","The platform must correctly preserve event ordering within the declared partition key; the Unicode identifiers condition follows the configured contract; valid state is preserved, invalid or unauthorized work is rejected or quarantined without silent loss, retries do not duplicate side effects, lineage and audit evidence remain available, and no production records or credentials are used.",Playwright + platform UI/API,"microsoftfabric,market-platform,synthetic-data,real_time,Unicode-identifiers"
Microsoft Fabric,Real-Time Intelligence,FAB-REAL_TIM-00168,Real-Time Intelligence: replay a bounded time range after a consumer restart (Unicode identifiers),Microsoft Fabric: replay a bounded time range after a consumer restart with Unicode identifiers,Functional,High,"Non-production tenant or isolated local fixture; synthetic records only; Use Unicode in safe project, model, table, index, and synthetic account labels.","1. Create a disposable, versioned synthetic fixture: Use Unicode in safe project, model, table, index, and synthetic account labels. 2. Execute the platform workflow to replay a bounded time range after a consumer restart. 3. Capture the committed result, resource version, or run status. 4. Compare the result with the source fixture and the declared invariant. 5. Repeat or recover the operation when applicable; verify access, audit evidence, and side effects.","The platform must correctly replay a bounded time range after a consumer restart; the Unicode identifiers condition follows the configured contract; valid state is preserved, invalid or unauthorized work is rejected or quarantined without silent loss, retries do not duplicate side effects, lineage and audit evidence remain available, and no production records or credentials are used.",Playwright + platform UI/API,"microsoftfabric,market-platform,synthetic-data,real_time,Unicode-identifiers"
Microsoft Fabric,Real-Time Intelligence,FAB-REAL_TIM-00169,Real-Time Intelligence: restrict eventhouse access by database role (Unicode identifiers),Microsoft Fabric: restrict eventhouse access by database role with Unicode identifiers,Functional,Medium,"Non-production tenant or isolated local fixture; synthetic records only; Use Unicode in safe project, model, table, index, and synthetic account labels.","1. Create a disposable, versioned synthetic fixture: Use Unicode in safe project, model, table, index, and synthetic account labels. 2. Execute the platform workflow to restrict eventhouse access by database role. 3. Capture the committed result, resource version, or run status. 4. Compare the result with the source fixture and the declared invariant. 5. Repeat or recover the operation when applicable; verify access, audit evidence, and side effects.","The platform must correctly restrict eventhouse access by database role; the Unicode identifiers condition follows the configured contract; valid state is preserved, invalid or unauthorized work is rejected or quarantined without silent loss, retries do not duplicate side effects, lineage and audit evidence remain available, and no production records or credentials are used.",Playwright + platform UI/API,"microsoftfabric,market-platform,synthetic-data,real_time,Unicode-identifiers"
Microsoft Fabric,Real-Time Intelligence,FAB-REAL_TIM-00170,Real-Time Intelligence: reconcile event counts between ingestion and query results (Unicode identifiers),Microsoft Fabric: reconcile event counts between ingestion and query results with Unicode identifiers,Functional,High,"Non-production tenant or isolated local fixture; synthetic records only; Use Unicode in safe project, model, table, index, and synthetic account labels.","1. Create a disposable, versioned synthetic fixture: Use Unicode in safe project, model, table, index, and synthetic account labels. 2. Execute the platform workflow to reconcile event counts between ingestion and query results. 3. Capture the committed result, resource version, or run status. 4. Compare the result with the source fixture and the declared invariant. 5. Repeat or recover the operation when applicable; verify access, audit evidence, and side effects.","The platform must correctly reconcile event counts between ingestion and query results; the Unicode identifiers condition follows the configured contract; valid state is preserved, invalid or unauthorized work is rejected or quarantined without silent loss, retries do not duplicate side effects, lineage and audit evidence remain available, and no production records or credentials are used.",Playwright + platform UI/API,"microsoftfabric,market-platform,synthetic-data,real_time,Unicode-identifiers"
Microsoft Fabric,Real-Time Intelligence,FAB-REAL_TIM-00171,Real-Time Intelligence: ingest a synthetic event stream into an eventhouse (time-zone boundary),Microsoft Fabric: ingest a synthetic event stream into an eventhouse with time-zone boundary,Functional,High,Non-production tenant or isolated local fixture; synthetic records only; Place timestamps around local midnight and a daylight-saving transition.,"1. Create a disposable, versioned synthetic fixture: Place timestamps around local midnight and a daylight-saving transition. 2. Execute the platform workflow to ingest a synthetic event stream into an eventhouse. 3. Capture the committed result, resource version, or run status. 4. Compare the result with the source fixture and the declared invariant. 5. Repeat or recover the operation when applicable; verify access, audit evidence, and side effects.","The platform must correctly ingest a synthetic event stream into an eventhouse; the time-zone boundary condition follows the configured contract; valid state is preserved, invalid or unauthorized work is rejected or quarantined without silent loss, retries do not duplicate side effects, lineage and audit evidence remain available, and no production records or credentials are used.",Playwright + platform UI/API,"microsoftfabric,market-platform,synthetic-data,real_time,time-zone-boundary"
Microsoft Fabric,Real-Time Intelligence,FAB-REAL_TIM-00172,Real-Time Intelligence: query events by event time across a late-arrival window (time-zone boundary),Microsoft Fabric: query events by event time across a late-arrival window with time-zone boundary,Functional,High,Non-production tenant or isolated local fixture; synthetic records only; Place timestamps around local midnight and a daylight-saving transition.,"1. Create a disposable, versioned synthetic fixture: Place timestamps around local midnight and a daylight-saving transition. 2. Execute the platform workflow to query events by event time across a late-arrival window. 3. Capture the committed result, resource version, or run status. 4. Compare the result with the source fixture and the declared invariant. 5. Repeat or recover the operation when applicable; verify access, audit evidence, and side effects.","The platform must correctly query events by event time across a late-arrival window; the time-zone boundary condition follows the configured contract; valid state is preserved, invalid or unauthorized work is rejected or quarantined without silent loss, retries do not duplicate side effects, lineage and audit evidence remain available, and no production records or credentials are used.",Playwright + platform UI/API,"microsoftfabric,market-platform,synthetic-data,real_time,time-zone-boundary"
Microsoft Fabric,Real-Time Intelligence,FAB-REAL_TIM-00173,Real-Time Intelligence: deduplicate retried events using a stable event identifier (time-zone boundary),Microsoft Fabric: deduplicate retried events using a stable event identifier with time-zone boundary,Functional,Medium,Non-production tenant or isolated local fixture; synthetic records only; Place timestamps around local midnight and a daylight-saving transition.,"1. Create a disposable, versioned synthetic fixture: Place timestamps around local midnight and a daylight-saving transition. 2. Execute the platform workflow to deduplicate retried events using a stable event identifier. 3. Capture the committed result, resource version, or run status. 4. Compare the result with the source fixture and the declared invariant. 5. Repeat or recover the operation when applicable; verify access, audit evidence, and side effects.","The platform must correctly deduplicate retried events using a stable event identifier; the time-zone boundary condition follows the configured contract; valid state is preserved, invalid or unauthorized work is rejected or quarantined without silent loss, retries do not duplicate side effects, lineage and audit evidence remain available, and no production records or credentials are used.",Playwright + platform UI/API,"microsoftfabric,market-platform,synthetic-data,real_time,time-zone-boundary"
Microsoft Fabric,Real-Time Intelligence,FAB-REAL_TIM-00174,Real-Time Intelligence: apply a KQL function to records with nullable fields (time-zone boundary),Microsoft Fabric: apply a KQL function to records with nullable fields with time-zone boundary,Functional,High,Non-production tenant or isolated local fixture; synthetic records only; Place timestamps around local midnight and a daylight-saving transition.,"1. Create a disposable, versioned synthetic fixture: Place timestamps around local midnight and a daylight-saving transition. 2. Execute the platform workflow to apply a KQL function to records with nullable fields. 3. Capture the committed result, resource version, or run status. 4. Compare the result with the source fixture and the declared invariant. 5. Repeat or recover the operation when applicable; verify access, audit evidence, and side effects.","The platform must correctly apply a KQL function to records with nullable fields; the time-zone boundary condition follows the configured contract; valid state is preserved, invalid or unauthorized work is rejected or quarantined without silent loss, retries do not duplicate side effects, lineage and audit evidence remain available, and no production records or credentials are used.",Playwright + platform UI/API,"microsoftfabric,market-platform,synthetic-data,real_time,time-zone-boundary"
Microsoft Fabric,Real-Time Intelligence,FAB-REAL_TIM-00175,Real-Time Intelligence: create a real-time dashboard with a bounded refresh interval (time-zone boundary),Microsoft Fabric: create a real-time dashboard with a bounded refresh interval with time-zone boundary,Functional,High,Non-production tenant or isolated local fixture; synthetic records only; Place timestamps around local midnight and a daylight-saving transition.,"1. Create a disposable, versioned synthetic fixture: Place timestamps around local midnight and a daylight-saving transition. 2. Execute the platform workflow to create a real-time dashboard with a bounded refresh interval. 3. Capture the committed result, resource version, or run status. 4. Compare the result with the source fixture and the declared invariant. 5. Repeat or recover the operation when applicable; verify access, audit evidence, and side effects.","The platform must correctly create a real-time dashboard with a bounded refresh interval; the time-zone boundary condition follows the configured contract; valid state is preserved, invalid or unauthorized work is rejected or quarantined without silent loss, retries do not duplicate side effects, lineage and audit evidence remain available, and no production records or credentials are used.",Playwright + platform UI/API,"microsoftfabric,market-platform,synthetic-data,real_time,time-zone-boundary"
Microsoft Fabric,Real-Time Intelligence,FAB-REAL_TIM-00176,Real-Time Intelligence: alert on a synthetic threshold breach exactly once (time-zone boundary),Microsoft Fabric: alert on a synthetic threshold breach exactly once with time-zone boundary,Functional,High,Non-production tenant or isolated local fixture; synthetic records only; Place timestamps around local midnight and a daylight-saving transition.,"1. Create a disposable, versioned synthetic fixture: Place timestamps around local midnight and a daylight-saving transition. 2. Execute the platform workflow to alert on a synthetic threshold breach exactly once. 3. Capture the committed result, resource version, or run status. 4. Compare the result with the source fixture and the declared invariant. 5. Repeat or recover the operation when applicable; verify access, audit evidence, and side effects.","The platform must correctly alert on a synthetic threshold breach exactly once; the time-zone boundary condition follows the configured contract; valid state is preserved, invalid or unauthorized work is rejected or quarantined without silent loss, retries do not duplicate side effects, lineage and audit evidence remain available, and no production records or credentials are used.",Playwright + platform UI/API,"microsoftfabric,market-platform,synthetic-data,real_time,time-zone-boundary"
Microsoft Fabric,Real-Time Intelligence,FAB-REAL_TIM-00177,Real-Time Intelligence: preserve event ordering within the declared partition key (time-zone boundary),Microsoft Fabric: preserve event ordering within the declared partition key with time-zone boundary,Functional,Medium,Non-production tenant or isolated local fixture; synthetic records only; Place timestamps around local midnight and a daylight-saving transition.,"1. Create a disposable, versioned synthetic fixture: Place timestamps around local midnight and a daylight-saving transition. 2. Execute the platform workflow to preserve event ordering within the declared partition key. 3. Capture the committed result, resource version, or run status. 4. Compare the result with the source fixture and the declared invariant. 5. Repeat or recover the operation when applicable; verify access, audit evidence, and side effects.","The platform must correctly preserve event ordering within the declared partition key; the time-zone boundary condition follows the configured contract; valid state is preserved, invalid or unauthorized work is rejected or quarantined without silent loss, retries do not duplicate side effects, lineage and audit evidence remain available, and no production records or credentials are used.",Playwright + platform UI/API,"microsoftfabric,market-platform,synthetic-data,real_time,time-zone-boundary"
Microsoft Fabric,Real-Time Intelligence,FAB-REAL_TIM-00178,Real-Time Intelligence: replay a bounded time range after a consumer restart (time-zone boundary),Microsoft Fabric: replay a bounded time range after a consumer restart with time-zone boundary,Functional,High,Non-production tenant or isolated local fixture; synthetic records only; Place timestamps around local midnight and a daylight-saving transition.,"1. Create a disposable, versioned synthetic fixture: Place timestamps around local midnight and a daylight-saving transition. 2. Execute the platform workflow to replay a bounded time range after a consumer restart. 3. Capture the committed result, resource version, or run status. 4. Compare the result with the source fixture and the declared invariant. 5. Repeat or recover the operation when applicable; verify access, audit evidence, and side effects.","The platform must correctly replay a bounded time range after a consumer restart; the time-zone boundary condition follows the configured contract; valid state is preserved, invalid or unauthorized work is rejected or quarantined without silent loss, retries do not duplicate side effects, lineage and audit evidence remain available, and no production records or credentials are used.",Playwright + platform UI/API,"microsoftfabric,market-platform,synthetic-data,real_time,time-zone-boundary"
Microsoft Fabric,Real-Time Intelligence,FAB-REAL_TIM-00179,Real-Time Intelligence: restrict eventhouse access by database role (time-zone boundary),Microsoft Fabric: restrict eventhouse access by database role with time-zone boundary,Functional,High,Non-production tenant or isolated local fixture; synthetic records only; Place timestamps around local midnight and a daylight-saving transition.,"1. Create a disposable, versioned synthetic fixture: Place timestamps around local midnight and a daylight-saving transition. 2. Execute the platform workflow to restrict eventhouse access by database role. 3. Capture the committed result, resource version, or run status. 4. Compare the result with the source fixture and the declared invariant. 5. Repeat or recover the operation when applicable; verify access, audit evidence, and side effects.","The platform must correctly restrict eventhouse access by database role; the time-zone boundary condition follows the configured contract; valid state is preserved, invalid or unauthorized work is rejected or quarantined without silent loss, retries do not duplicate side effects, lineage and audit evidence remain available, and no production records or credentials are used.",Playwright + platform UI/API,"microsoftfabric,market-platform,synthetic-data,real_time,time-zone-boundary"
Microsoft Fabric,Real-Time Intelligence,FAB-REAL_TIM-00180,Real-Time Intelligence: reconcile event counts between ingestion and query results (time-zone boundary),Microsoft Fabric: reconcile event counts between ingestion and query results with time-zone boundary,Functional,High,Non-production tenant or isolated local fixture; synthetic records only; Place timestamps around local midnight and a daylight-saving transition.,"1. Create a disposable, versioned synthetic fixture: Place timestamps around local midnight and a daylight-saving transition. 2. Execute the platform workflow to reconcile event counts between ingestion and query results. 3. Capture the committed result, resource version, or run status. 4. Compare the result with the source fixture and the declared invariant. 5. Repeat or recover the operation when applicable; verify access, audit evidence, and side effects.","The platform must correctly reconcile event counts between ingestion and query results; the time-zone boundary condition follows the configured contract; valid state is preserved, invalid or unauthorized work is rejected or quarantined without silent loss, retries do not duplicate side effects, lineage and audit evidence remain available, and no production records or credentials are used.",Playwright + platform UI/API,"microsoftfabric,market-platform,synthetic-data,real_time,time-zone-boundary"
Microsoft Fabric,Real-Time Intelligence,FAB-REAL_TIM-00181,Real-Time Intelligence: ingest a synthetic event stream into an eventhouse (skewed high volume),Microsoft Fabric: ingest a synthetic event stream into an eventhouse with skewed high volume,Functional,Medium,Non-production tenant or isolated local fixture; synthetic records only; Use a large synthetic fixture with one intentionally skewed key or partition.,"1. Create a disposable, versioned synthetic fixture: Use a large synthetic fixture with one intentionally skewed key or partition. 2. Execute the platform workflow to ingest a synthetic event stream into an eventhouse. 3. Capture the committed result, resource version, or run status. 4. Compare the result with the source fixture and the declared invariant. 5. Repeat or recover the operation when applicable; verify access, audit evidence, and side effects.","The platform must correctly ingest a synthetic event stream into an eventhouse; the skewed high volume condition follows the configured contract; valid state is preserved, invalid or unauthorized work is rejected or quarantined without silent loss, retries do not duplicate side effects, lineage and audit evidence remain available, and no production records or credentials are used.",Playwright + platform UI/API,"microsoftfabric,market-platform,synthetic-data,real_time,skewed-high-volume"
Microsoft Fabric,Real-Time Intelligence,FAB-REAL_TIM-00182,Real-Time Intelligence: query events by event time across a late-arrival window (skewed high volume),Microsoft Fabric: query events by event time across a late-arrival window with skewed high volume,Functional,High,Non-production tenant or isolated local fixture; synthetic records only; Use a large synthetic fixture with one intentionally skewed key or partition.,"1. Create a disposable, versioned synthetic fixture: Use a large synthetic fixture with one intentionally skewed key or partition. 2. Execute the platform workflow to query events by event time across a late-arrival window. 3. Capture the committed result, resource version, or run status. 4. Compare the result with the source fixture and the declared invariant. 5. Repeat or recover the operation when applicable; verify access, audit evidence, and side effects.","The platform must correctly query events by event time across a late-arrival window; the skewed high volume condition follows the configured contract; valid state is preserved, invalid or unauthorized work is rejected or quarantined without silent loss, retries do not duplicate side effects, lineage and audit evidence remain available, and no production records or credentials are used.",Playwright + platform UI/API,"microsoftfabric,market-platform,synthetic-data,real_time,skewed-high-volume"
Microsoft Fabric,Real-Time Intelligence,FAB-REAL_TIM-00183,Real-Time Intelligence: deduplicate retried events using a stable event identifier (skewed high volume),Microsoft Fabric: deduplicate retried events using a stable event identifier with skewed high volume,Functional,High,Non-production tenant or isolated local fixture; synthetic records only; Use a large synthetic fixture with one intentionally skewed key or partition.,"1. Create a disposable, versioned synthetic fixture: Use a large synthetic fixture with one intentionally skewed key or partition. 2. Execute the platform workflow to deduplicate retried events using a stable event identifier. 3. Capture the committed result, resource version, or run status. 4. Compare the result with the source fixture and the declared invariant. 5. Repeat or recover the operation when applicable; verify access, audit evidence, and side effects.","The platform must correctly deduplicate retried events using a stable event identifier; the skewed high volume condition follows the configured contract; valid state is preserved, invalid or unauthorized work is rejected or quarantined without silent loss, retries do not duplicate side effects, lineage and audit evidence remain available, and no production records or credentials are used.",Playwright + platform UI/API,"microsoftfabric,market-platform,synthetic-data,real_time,skewed-high-volume"
Microsoft Fabric,Real-Time Intelligence,FAB-REAL_TIM-00184,Real-Time Intelligence: apply a KQL function to records with nullable fields (skewed high volume),Microsoft Fabric: apply a KQL function to records with nullable fields with skewed high volume,Functional,High,Non-production tenant or isolated local fixture; synthetic records only; Use a large synthetic fixture with one intentionally skewed key or partition.,"1. Create a disposable, versioned synthetic fixture: Use a large synthetic fixture with one intentionally skewed key or partition. 2. Execute the platform workflow to apply a KQL function to records with nullable fields. 3. Capture the committed result, resource version, or run status. 4. Compare the result with the source fixture and the declared invariant. 5. Repeat or recover the operation when applicable; verify access, audit evidence, and side effects.","The platform must correctly apply a KQL function to records with nullable fields; the skewed high volume condition follows the configured contract; valid state is preserved, invalid or unauthorized work is rejected or quarantined without silent loss, retries do not duplicate side effects, lineage and audit evidence remain available, and no production records or credentials are used.",Playwright + platform UI/API,"microsoftfabric,market-platform,synthetic-data,real_time,skewed-high-volume"
Microsoft Fabric,Real-Time Intelligence,FAB-REAL_TIM-00185,Real-Time Intelligence: create a real-time dashboard with a bounded refresh interval (skewed high volume),Microsoft Fabric: create a real-time dashboard with a bounded refresh interval with skewed high volume,Functional,Medium,Non-production tenant or isolated local fixture; synthetic records only; Use a large synthetic fixture with one intentionally skewed key or partition.,"1. Create a disposable, versioned synthetic fixture: Use a large synthetic fixture with one intentionally skewed key or partition. 2. Execute the platform workflow to create a real-time dashboard with a bounded refresh interval. 3. Capture the committed result, resource version, or run status. 4. Compare the result with the source fixture and the declared invariant. 5. Repeat or recover the operation when applicable; verify access, audit evidence, and side effects.","The platform must correctly create a real-time dashboard with a bounded refresh interval; the skewed high volume condition follows the configured contract; valid state is preserved, invalid or unauthorized work is rejected or quarantined without silent loss, retries do not duplicate side effects, lineage and audit evidence remain available, and no production records or credentials are used.",Playwright + platform UI/API,"microsoftfabric,market-platform,synthetic-data,real_time,skewed-high-volume"
Microsoft Fabric,Real-Time Intelligence,FAB-REAL_TIM-00186,Real-Time Intelligence: alert on a synthetic threshold breach exactly once (skewed high volume),Microsoft Fabric: alert on a synthetic threshold breach exactly once with skewed high volume,Functional,High,Non-production tenant or isolated local fixture; synthetic records only; Use a large synthetic fixture with one intentionally skewed key or partition.,"1. Create a disposable, versioned synthetic fixture: Use a large synthetic fixture with one intentionally skewed key or partition. 2. Execute the platform workflow to alert on a synthetic threshold breach exactly once. 3. Capture the committed result, resource version, or run status. 4. Compare the result with the source fixture and the declared invariant. 5. Repeat or recover the operation when applicable; verify access, audit evidence, and side effects.","The platform must correctly alert on a synthetic threshold breach exactly once; the skewed high volume condition follows the configured contract; valid state is preserved, invalid or unauthorized work is rejected or quarantined without silent loss, retries do not duplicate side effects, lineage and audit evidence remain available, and no production records or credentials are used.",Playwright + platform UI/API,"microsoftfabric,market-platform,synthetic-data,real_time,skewed-high-volume"
Microsoft Fabric,Real-Time Intelligence,FAB-REAL_TIM-00187,Real-Time Intelligence: preserve event ordering within the declared partition key (skewed high volume),Microsoft Fabric: preserve event ordering within the declared partition key with skewed high volume,Functional,High,Non-production tenant or isolated local fixture; synthetic records only; Use a large synthetic fixture with one intentionally skewed key or partition.,"1. Create a disposable, versioned synthetic fixture: Use a large synthetic fixture with one intentionally skewed key or partition. 2. Execute the platform workflow to preserve event ordering within the declared partition key. 3. Capture the committed result, resource version, or run status. 4. Compare the result with the source fixture and the declared invariant. 5. Repeat or recover the operation when applicable; verify access, audit evidence, and side effects.","The platform must correctly preserve event ordering within the declared partition key; the skewed high volume condition follows the configured contract; valid state is preserved, invalid or unauthorized work is rejected or quarantined without silent loss, retries do not duplicate side effects, lineage and audit evidence remain available, and no production records or credentials are used.",Playwright + platform UI/API,"microsoftfabric,market-platform,synthetic-data,real_time,skewed-high-volume"
Microsoft Fabric,Real-Time Intelligence,FAB-REAL_TIM-00188,Real-Time Intelligence: replay a bounded time range after a consumer restart (skewed high volume),Microsoft Fabric: replay a bounded time range after a consumer restart with skewed high volume,Functional,High,Non-production tenant or isolated local fixture; synthetic records only; Use a large synthetic fixture with one intentionally skewed key or partition.,"1. Create a disposable, versioned synthetic fixture: Use a large synthetic fixture with one intentionally skewed key or partition. 2. Execute the platform workflow to replay a bounded time range after a consumer restart. 3. Capture the committed result, resource version, or run status. 4. Compare the result with the source fixture and the declared invariant. 5. Repeat or recover the operation when applicable; verify access, audit evidence, and side effects.","The platform must correctly replay a bounded time range after a consumer restart; the skewed high volume condition follows the configured contract; valid state is preserved, invalid or unauthorized work is rejected or quarantined without silent loss, retries do not duplicate side effects, lineage and audit evidence remain available, and no production records or credentials are used.",Playwright + platform UI/API,"microsoftfabric,market-platform,synthetic-data,real_time,skewed-high-volume"
Microsoft Fabric,Real-Time Intelligence,FAB-REAL_TIM-00189,Real-Time Intelligence: restrict eventhouse access by database role (skewed high volume),Microsoft Fabric: restrict eventhouse access by database role with skewed high volume,Functional,Medium,Non-production tenant or isolated local fixture; synthetic records only; Use a large synthetic fixture with one intentionally skewed key or partition.,"1. Create a disposable, versioned synthetic fixture: Use a large synthetic fixture with one intentionally skewed key or partition. 2. Execute the platform workflow to restrict eventhouse access by database role. 3. Capture the committed result, resource version, or run status. 4. Compare the result with the source fixture and the declared invariant. 5. Repeat or recover the operation when applicable; verify access, audit evidence, and side effects.","The platform must correctly restrict eventhouse access by database role; the skewed high volume condition follows the configured contract; valid state is preserved, invalid or unauthorized work is rejected or quarantined without silent loss, retries do not duplicate side effects, lineage and audit evidence remain available, and no production records or credentials are used.",Playwright + platform UI/API,"microsoftfabric,market-platform,synthetic-data,real_time,skewed-high-volume"
Microsoft Fabric,Real-Time Intelligence,FAB-REAL_TIM-00190,Real-Time Intelligence: reconcile event counts between ingestion and query results (skewed high volume),Microsoft Fabric: reconcile event counts between ingestion and query results with skewed high volume,Functional,High,Non-production tenant or isolated local fixture; synthetic records only; Use a large synthetic fixture with one intentionally skewed key or partition.,"1. Create a disposable, versioned synthetic fixture: Use a large synthetic fixture with one intentionally skewed key or partition. 2. Execute the platform workflow to reconcile event counts between ingestion and query results. 3. Capture the committed result, resource version, or run status. 4. Compare the result with the source fixture and the declared invariant. 5. Repeat or recover the operation when applicable; verify access, audit evidence, and side effects.","The platform must correctly reconcile event counts between ingestion and query results; the skewed high volume condition follows the configured contract; valid state is preserved, invalid or unauthorized work is rejected or quarantined without silent loss, retries do not duplicate side effects, lineage and audit evidence remain available, and no production records or credentials are used.",Playwright + platform UI/API,"microsoftfabric,market-platform,synthetic-data,real_time,skewed-high-volume"
Microsoft Fabric,Real-Time Intelligence,FAB-REAL_TIM-00191,Real-Time Intelligence: ingest a synthetic event stream into an eventhouse (corrupt input),Microsoft Fabric: ingest a synthetic event stream into an eventhouse with corrupt input,Functional,High,Non-production tenant or isolated local fixture; synthetic records only; Include one malformed record and verify quarantine or clear failure without silent loss.,"1. Create a disposable, versioned synthetic fixture: Include one malformed record and verify quarantine or clear failure without silent loss. 2. Execute the platform workflow to ingest a synthetic event stream into an eventhouse. 3. Capture the committed result, resource version, or run status. 4. Compare the result with the source fixture and the declared invariant. 5. Repeat or recover the operation when applicable; verify access, audit evidence, and side effects.","The platform must correctly ingest a synthetic event stream into an eventhouse; the corrupt input condition follows the configured contract; valid state is preserved, invalid or unauthorized work is rejected or quarantined without silent loss, retries do not duplicate side effects, lineage and audit evidence remain available, and no production records or credentials are used.",Playwright + platform UI/API,"microsoftfabric,market-platform,synthetic-data,real_time,corrupt-input"
Microsoft Fabric,Real-Time Intelligence,FAB-REAL_TIM-00192,Real-Time Intelligence: query events by event time across a late-arrival window (corrupt input),Microsoft Fabric: query events by event time across a late-arrival window with corrupt input,Functional,High,Non-production tenant or isolated local fixture; synthetic records only; Include one malformed record and verify quarantine or clear failure without silent loss.,"1. Create a disposable, versioned synthetic fixture: Include one malformed record and verify quarantine or clear failure without silent loss. 2. Execute the platform workflow to query events by event time across a late-arrival window. 3. Capture the committed result, resource version, or run status. 4. Compare the result with the source fixture and the declared invariant. 5. Repeat or recover the operation when applicable; verify access, audit evidence, and side effects.","The platform must correctly query events by event time across a late-arrival window; the corrupt input condition follows the configured contract; valid state is preserved, invalid or unauthorized work is rejected or quarantined without silent loss, retries do not duplicate side effects, lineage and audit evidence remain available, and no production records or credentials are used.",Playwright + platform UI/API,"microsoftfabric,market-platform,synthetic-data,real_time,corrupt-input"
Microsoft Fabric,Real-Time Intelligence,FAB-REAL_TIM-00193,Real-Time Intelligence: deduplicate retried events using a stable event identifier (corrupt input),Microsoft Fabric: deduplicate retried events using a stable event identifier with corrupt input,Functional,Medium,Non-production tenant or isolated local fixture; synthetic records only; Include one malformed record and verify quarantine or clear failure without silent loss.,"1. Create a disposable, versioned synthetic fixture: Include one malformed record and verify quarantine or clear failure without silent loss. 2. Execute the platform workflow to deduplicate retried events using a stable event identifier. 3. Capture the committed result, resource version, or run status. 4. Compare the result with the source fixture and the declared invariant. 5. Repeat or recover the operation when applicable; verify access, audit evidence, and side effects.","The platform must correctly deduplicate retried events using a stable event identifier; the corrupt input condition follows the configured contract; valid state is preserved, invalid or unauthorized work is rejected or quarantined without silent loss, retries do not duplicate side effects, lineage and audit evidence remain available, and no production records or credentials are used.",Playwright + platform UI/API,"microsoftfabric,market-platform,synthetic-data,real_time,corrupt-input"
Microsoft Fabric,Real-Time Intelligence,FAB-REAL_TIM-00194,Real-Time Intelligence: apply a KQL function to records with nullable fields (corrupt input),Microsoft Fabric: apply a KQL function to records with nullable fields with corrupt input,Functional,High,Non-production tenant or isolated local fixture; synthetic records only; Include one malformed record and verify quarantine or clear failure without silent loss.,"1. Create a disposable, versioned synthetic fixture: Include one malformed record and verify quarantine or clear failure without silent loss. 2. Execute the platform workflow to apply a KQL function to records with nullable fields. 3. Capture the committed result, resource version, or run status. 4. Compare the result with the source fixture and the declared invariant. 5. Repeat or recover the operation when applicable; verify access, audit evidence, and side effects.","The platform must correctly apply a KQL function to records with nullable fields; the corrupt input condition follows the configured contract; valid state is preserved, invalid or unauthorized work is rejected or quarantined without silent loss, retries do not duplicate side effects, lineage and audit evidence remain available, and no production records or credentials are used.",Playwright + platform UI/API,"microsoftfabric,market-platform,synthetic-data,real_time,corrupt-input"
Microsoft Fabric,Real-Time Intelligence,FAB-REAL_TIM-00195,Real-Time Intelligence: create a real-time dashboard with a bounded refresh interval (corrupt input),Microsoft Fabric: create a real-time dashboard with a bounded refresh interval with corrupt input,Functional,High,Non-production tenant or isolated local fixture; synthetic records only; Include one malformed record and verify quarantine or clear failure without silent loss.,"1. Create a disposable, versioned synthetic fixture: Include one malformed record and verify quarantine or clear failure without silent loss. 2. Execute the platform workflow to create a real-time dashboard with a bounded refresh interval. 3. Capture the committed result, resource version, or run status. 4. Compare the result with the source fixture and the declared invariant. 5. Repeat or recover the operation when applicable; verify access, audit evidence, and side effects.","The platform must correctly create a real-time dashboard with a bounded refresh interval; the corrupt input condition follows the configured contract; valid state is preserved, invalid or unauthorized work is rejected or quarantined without silent loss, retries do not duplicate side effects, lineage and audit evidence remain available, and no production records or credentials are used.",Playwright + platform UI/API,"microsoftfabric,market-platform,synthetic-data,real_time,corrupt-input"
Microsoft Fabric,Real-Time Intelligence,FAB-REAL_TIM-00196,Real-Time Intelligence: alert on a synthetic threshold breach exactly once (corrupt input),Microsoft Fabric: alert on a synthetic threshold breach exactly once with corrupt input,Functional,High,Non-production tenant or isolated local fixture; synthetic records only; Include one malformed record and verify quarantine or clear failure without silent loss.,"1. Create a disposable, versioned synthetic fixture: Include one malformed record and verify quarantine or clear failure without silent loss. 2. Execute the platform workflow to alert on a synthetic threshold breach exactly once. 3. Capture the committed result, resource version, or run status. 4. Compare the result with the source fixture and the declared invariant. 5. Repeat or recover the operation when applicable; verify access, audit evidence, and side effects.","The platform must correctly alert on a synthetic threshold breach exactly once; the corrupt input condition follows the configured contract; valid state is preserved, invalid or unauthorized work is rejected or quarantined without silent loss, retries do not duplicate side effects, lineage and audit evidence remain available, and no production records or credentials are used.",Playwright + platform UI/API,"microsoftfabric,market-platform,synthetic-data,real_time,corrupt-input"
Microsoft Fabric,Real-Time Intelligence,FAB-REAL_TIM-00197,Real-Time Intelligence: preserve event ordering within the declared partition key (corrupt input),Microsoft Fabric: preserve event ordering within the declared partition key with corrupt input,Functional,Medium,Non-production tenant or isolated local fixture; synthetic records only; Include one malformed record and verify quarantine or clear failure without silent loss.,"1. Create a disposable, versioned synthetic fixture: Include one malformed record and verify quarantine or clear failure without silent loss. 2. Execute the platform workflow to preserve event ordering within the declared partition key. 3. Capture the committed result, resource version, or run status. 4. Compare the result with the source fixture and the declared invariant. 5. Repeat or recover the operation when applicable; verify access, audit evidence, and side effects.","The platform must correctly preserve event ordering within the declared partition key; the corrupt input condition follows the configured contract; valid state is preserved, invalid or unauthorized work is rejected or quarantined without silent loss, retries do not duplicate side effects, lineage and audit evidence remain available, and no production records or credentials are used.",Playwright + platform UI/API,"microsoftfabric,market-platform,synthetic-data,real_time,corrupt-input"
Microsoft Fabric,Real-Time Intelligence,FAB-REAL_TIM-00198,Real-Time Intelligence: replay a bounded time range after a consumer restart (corrupt input),Microsoft Fabric: replay a bounded time range after a consumer restart with corrupt input,Functional,High,Non-production tenant or isolated local fixture; synthetic records only; Include one malformed record and verify quarantine or clear failure without silent loss.,"1. Create a disposable, versioned synthetic fixture: Include one malformed record and verify quarantine or clear failure without silent loss. 2. Execute the platform workflow to replay a bounded time range after a consumer restart. 3. Capture the committed result, resource version, or run status. 4. Compare the result with the source fixture and the declared invariant. 5. Repeat or recover the operation when applicable; verify access, audit evidence, and side effects.","The platform must correctly replay a bounded time range after a consumer restart; the corrupt input condition follows the configured contract; valid state is preserved, invalid or unauthorized work is rejected or quarantined without silent loss, retries do not duplicate side effects, lineage and audit evidence remain available, and no production records or credentials are used.",Playwright + platform UI/API,"microsoftfabric,market-platform,synthetic-data,real_time,corrupt-input"
Microsoft Fabric,Real-Time Intelligence,FAB-REAL_TIM-00199,Real-Time Intelligence: restrict eventhouse access by database role (corrupt input),Microsoft Fabric: restrict eventhouse access by database role with corrupt input,Functional,High,Non-production tenant or isolated local fixture; synthetic records only; Include one malformed record and verify quarantine or clear failure without silent loss.,"1. Create a disposable, versioned synthetic fixture: Include one malformed record and verify quarantine or clear failure without silent loss. 2. Execute the platform workflow to restrict eventhouse access by database role. 3. Capture the committed result, resource version, or run status. 4. Compare the result with the source fixture and the declared invariant. 5. Repeat or recover the operation when applicable; verify access, audit evidence, and side effects.","The platform must correctly restrict eventhouse access by database role; the corrupt input condition follows the configured contract; valid state is preserved, invalid or unauthorized work is rejected or quarantined without silent loss, retries do not duplicate side effects, lineage and audit evidence remain available, and no production records or credentials are used.",Playwright + platform UI/API,"microsoftfabric,market-platform,synthetic-data,real_time,corrupt-input"
Microsoft Fabric,Real-Time Intelligence,FAB-REAL_TIM-00200,Real-Time Intelligence: reconcile event counts between ingestion and query results (corrupt input),Microsoft Fabric: reconcile event counts between ingestion and query results with corrupt input,Functional,High,Non-production tenant or isolated local fixture; synthetic records only; Include one malformed record and verify quarantine or clear failure without silent loss.,"1. Create a disposable, versioned synthetic fixture: Include one malformed record and verify quarantine or clear failure without silent loss. 2. Execute the platform workflow to reconcile event counts between ingestion and query results. 3. Capture the committed result, resource version, or run status. 4. Compare the result with the source fixture and the declared invariant. 5. Repeat or recover the operation when applicable; verify access, audit evidence, and side effects.","The platform must correctly reconcile event counts between ingestion and query results; the corrupt input condition follows the configured contract; valid state is preserved, invalid or unauthorized work is rejected or quarantined without silent loss, retries do not duplicate side effects, lineage and audit evidence remain available, and no production records or credentials are used.",Playwright + platform UI/API,"microsoftfabric,market-platform,synthetic-data,real_time,corrupt-input"
