product,module,test_case_id,test_scenario,test_case_name,test_type,priority,preconditions,test_steps,expected_result,automation_framework,tags
Snowflake,ELT Pipeline,SF-ELTPIP-0002,ELT Pipeline: invalid-input handling,Validate invalid-input handling for ELT Pipeline flow 0002,ETL,High,"Non-production Snowflake environment is available; ELT Pipeline is configured; test account, controlled input data, and required permissions are available.","1. Create or select controlled input set 0002. 2. Configure ELT Pipeline for the target condition. 3. Execute the operation using SnowSQL. 4. Validate results, data changes, and policy behavior. 5. Run the negative or boundary variant. 6. Retain logs, traces, and evidence.","ELT Pipeline meets the defined contract for invalid-input handling; outputs are correct, unauthorized or invalid behavior is safely rejected, side effects are consistent, and evidence is available for triage.",SnowSQL,"snowflake,data-cloud,data-quality,elt-pipeline,invalid-input-handling"
Snowflake,ELT Pipeline,SF-ELTPIP-0010,ELT Pipeline: performance threshold,Validate performance threshold for ELT Pipeline flow 0010,Performance,High,"Non-production Snowflake environment is available; ELT Pipeline is configured; test account, controlled input data, and required permissions are available.","1. Create or select controlled input set 0010. 2. Configure ELT Pipeline for the target condition. 3. Execute the operation using k6. 4. Validate results, data changes, and policy behavior. 5. Run the negative or boundary variant. 6. Retain logs, traces, and evidence.","ELT Pipeline meets the defined contract for performance threshold; outputs are correct, unauthorized or invalid behavior is safely rejected, side effects are consistent, and evidence is available for triage.",k6,"snowflake,data-cloud,data-quality,elt-pipeline,performance-threshold"
Snowflake,ELT Pipeline,SF-ELTPIP-0018,ELT Pipeline: version compatibility,Validate version compatibility for ELT Pipeline flow 0018,Regression,High,"Non-production Snowflake environment is available; ELT Pipeline is configured; test account, controlled input data, and required permissions are available.","1. Create or select controlled input set 0018. 2. Configure ELT Pipeline for the target condition. 3. Execute the operation using Python Connector. 4. Validate results, data changes, and policy behavior. 5. Run the negative or boundary variant. 6. Retain logs, traces, and evidence.","ELT Pipeline meets the defined contract for version compatibility; outputs are correct, unauthorized or invalid behavior is safely rejected, side effects are consistent, and evidence is available for triage.",Python Connector,"snowflake,data-cloud,data-quality,elt-pipeline,version-compatibility"
Snowflake,ELT Pipeline,SF-ELTPIP-0026,ELT Pipeline: idempotency,Validate idempotency for ELT Pipeline flow 0026,ETL,High,"Non-production Snowflake environment is available; ELT Pipeline is configured; test account, controlled input data, and required permissions are available.","1. Create or select controlled input set 0026. 2. Configure ELT Pipeline for the target condition. 3. Execute the operation using dbt Snowflake. 4. Validate results, data changes, and policy behavior. 5. Run the negative or boundary variant. 6. Retain logs, traces, and evidence.","ELT Pipeline meets the defined contract for idempotency; outputs are correct, unauthorized or invalid behavior is safely rejected, side effects are consistent, and evidence is available for triage.",dbt Snowflake,"snowflake,data-cloud,data-quality,elt-pipeline,idempotency"
Snowflake,ELT Pipeline,SF-ELTPIP-0034,ELT Pipeline: resource limits,Validate resource limits for ELT Pipeline flow 0034,Performance,High,"Non-production Snowflake environment is available; ELT Pipeline is configured; test account, controlled input data, and required permissions are available.","1. Create or select controlled input set 0034. 2. Configure ELT Pipeline for the target condition. 3. Execute the operation using JMeter. 4. Validate results, data changes, and policy behavior. 5. Run the negative or boundary variant. 6. Retain logs, traces, and evidence.","ELT Pipeline meets the defined contract for resource limits; outputs are correct, unauthorized or invalid behavior is safely rejected, side effects are consistent, and evidence is available for triage.",JMeter,"snowflake,data-cloud,data-quality,elt-pipeline,resource-limits"
Snowflake,ELT Pipeline,SF-ELTPIP-0042,ELT Pipeline: invalid-input handling,Validate invalid-input handling for ELT Pipeline flow 0042,Regression,High,"Non-production Snowflake environment is available; ELT Pipeline is configured; test account, controlled input data, and required permissions are available.","1. Create or select controlled input set 0042. 2. Configure ELT Pipeline for the target condition. 3. Execute the operation using SnowSQL. 4. Validate results, data changes, and policy behavior. 5. Run the negative or boundary variant. 6. Retain logs, traces, and evidence.","ELT Pipeline meets the defined contract for invalid-input handling; outputs are correct, unauthorized or invalid behavior is safely rejected, side effects are consistent, and evidence is available for triage.",SnowSQL,"snowflake,data-cloud,data-quality,elt-pipeline,invalid-input-handling"
Snowflake,ELT Pipeline,SF-ELTPIP-0050,ELT Pipeline: performance threshold,Validate performance threshold for ELT Pipeline flow 0050,ETL,High,"Non-production Snowflake environment is available; ELT Pipeline is configured; test account, controlled input data, and required permissions are available.","1. Create or select controlled input set 0050. 2. Configure ELT Pipeline for the target condition. 3. Execute the operation using k6. 4. Validate results, data changes, and policy behavior. 5. Run the negative or boundary variant. 6. Retain logs, traces, and evidence.","ELT Pipeline meets the defined contract for performance threshold; outputs are correct, unauthorized or invalid behavior is safely rejected, side effects are consistent, and evidence is available for triage.",k6,"snowflake,data-cloud,data-quality,elt-pipeline,performance-threshold"
Snowflake,ELT Pipeline,SF-ELTPIP-0058,ELT Pipeline: version compatibility,Validate version compatibility for ELT Pipeline flow 0058,Performance,High,"Non-production Snowflake environment is available; ELT Pipeline is configured; test account, controlled input data, and required permissions are available.","1. Create or select controlled input set 0058. 2. Configure ELT Pipeline for the target condition. 3. Execute the operation using Python Connector. 4. Validate results, data changes, and policy behavior. 5. Run the negative or boundary variant. 6. Retain logs, traces, and evidence.","ELT Pipeline meets the defined contract for version compatibility; outputs are correct, unauthorized or invalid behavior is safely rejected, side effects are consistent, and evidence is available for triage.",Python Connector,"snowflake,data-cloud,data-quality,elt-pipeline,version-compatibility"
Snowflake,ELT Pipeline,SF-ELTPIP-0066,ELT Pipeline: idempotency,Validate idempotency for ELT Pipeline flow 0066,Regression,High,"Non-production Snowflake environment is available; ELT Pipeline is configured; test account, controlled input data, and required permissions are available.","1. Create or select controlled input set 0066. 2. Configure ELT Pipeline for the target condition. 3. Execute the operation using dbt Snowflake. 4. Validate results, data changes, and policy behavior. 5. Run the negative or boundary variant. 6. Retain logs, traces, and evidence.","ELT Pipeline meets the defined contract for idempotency; outputs are correct, unauthorized or invalid behavior is safely rejected, side effects are consistent, and evidence is available for triage.",dbt Snowflake,"snowflake,data-cloud,data-quality,elt-pipeline,idempotency"
Snowflake,ELT Pipeline,SF-ELTPIP-0074,ELT Pipeline: resource limits,Validate resource limits for ELT Pipeline flow 0074,ETL,High,"Non-production Snowflake environment is available; ELT Pipeline is configured; test account, controlled input data, and required permissions are available.","1. Create or select controlled input set 0074. 2. Configure ELT Pipeline for the target condition. 3. Execute the operation using JMeter. 4. Validate results, data changes, and policy behavior. 5. Run the negative or boundary variant. 6. Retain logs, traces, and evidence.","ELT Pipeline meets the defined contract for resource limits; outputs are correct, unauthorized or invalid behavior is safely rejected, side effects are consistent, and evidence is available for triage.",JMeter,"snowflake,data-cloud,data-quality,elt-pipeline,resource-limits"
Snowflake,ELT Pipeline,SF-ELTPIP-0082,ELT Pipeline: invalid-input handling,Validate invalid-input handling for ELT Pipeline flow 0082,Performance,High,"Non-production Snowflake environment is available; ELT Pipeline is configured; test account, controlled input data, and required permissions are available.","1. Create or select controlled input set 0082. 2. Configure ELT Pipeline for the target condition. 3. Execute the operation using SnowSQL. 4. Validate results, data changes, and policy behavior. 5. Run the negative or boundary variant. 6. Retain logs, traces, and evidence.","ELT Pipeline meets the defined contract for invalid-input handling; outputs are correct, unauthorized or invalid behavior is safely rejected, side effects are consistent, and evidence is available for triage.",SnowSQL,"snowflake,data-cloud,data-quality,elt-pipeline,invalid-input-handling"
Snowflake,ELT Pipeline,SF-ELTPIP-0090,ELT Pipeline: performance threshold,Validate performance threshold for ELT Pipeline flow 0090,Regression,High,"Non-production Snowflake environment is available; ELT Pipeline is configured; test account, controlled input data, and required permissions are available.","1. Create or select controlled input set 0090. 2. Configure ELT Pipeline for the target condition. 3. Execute the operation using k6. 4. Validate results, data changes, and policy behavior. 5. Run the negative or boundary variant. 6. Retain logs, traces, and evidence.","ELT Pipeline meets the defined contract for performance threshold; outputs are correct, unauthorized or invalid behavior is safely rejected, side effects are consistent, and evidence is available for triage.",k6,"snowflake,data-cloud,data-quality,elt-pipeline,performance-threshold"
Snowflake,ELT Pipeline,SF-ELTPIP-0098,ELT Pipeline: version compatibility,Validate version compatibility for ELT Pipeline flow 0098,ETL,High,"Non-production Snowflake environment is available; ELT Pipeline is configured; test account, controlled input data, and required permissions are available.","1. Create or select controlled input set 0098. 2. Configure ELT Pipeline for the target condition. 3. Execute the operation using Python Connector. 4. Validate results, data changes, and policy behavior. 5. Run the negative or boundary variant. 6. Retain logs, traces, and evidence.","ELT Pipeline meets the defined contract for version compatibility; outputs are correct, unauthorized or invalid behavior is safely rejected, side effects are consistent, and evidence is available for triage.",Python Connector,"snowflake,data-cloud,data-quality,elt-pipeline,version-compatibility"
Snowflake,ELT Pipeline,SF-ELTPIP-0106,ELT Pipeline: idempotency,Validate idempotency for ELT Pipeline flow 0106,Performance,High,"Non-production Snowflake environment is available; ELT Pipeline is configured; test account, controlled input data, and required permissions are available.","1. Create or select controlled input set 0106. 2. Configure ELT Pipeline for the target condition. 3. Execute the operation using dbt Snowflake. 4. Validate results, data changes, and policy behavior. 5. Run the negative or boundary variant. 6. Retain logs, traces, and evidence.","ELT Pipeline meets the defined contract for idempotency; outputs are correct, unauthorized or invalid behavior is safely rejected, side effects are consistent, and evidence is available for triage.",dbt Snowflake,"snowflake,data-cloud,data-quality,elt-pipeline,idempotency"
Snowflake,ELT Pipeline,SF-ELTPIP-0114,ELT Pipeline: resource limits,Validate resource limits for ELT Pipeline flow 0114,Regression,High,"Non-production Snowflake environment is available; ELT Pipeline is configured; test account, controlled input data, and required permissions are available.","1. Create or select controlled input set 0114. 2. Configure ELT Pipeline for the target condition. 3. Execute the operation using JMeter. 4. Validate results, data changes, and policy behavior. 5. Run the negative or boundary variant. 6. Retain logs, traces, and evidence.","ELT Pipeline meets the defined contract for resource limits; outputs are correct, unauthorized or invalid behavior is safely rejected, side effects are consistent, and evidence is available for triage.",JMeter,"snowflake,data-cloud,data-quality,elt-pipeline,resource-limits"
Snowflake,ELT Pipeline,SF-ELTPIP-0122,ELT Pipeline: invalid-input handling,Validate invalid-input handling for ELT Pipeline flow 0122,ETL,High,"Non-production Snowflake environment is available; ELT Pipeline is configured; test account, controlled input data, and required permissions are available.","1. Create or select controlled input set 0122. 2. Configure ELT Pipeline for the target condition. 3. Execute the operation using SnowSQL. 4. Validate results, data changes, and policy behavior. 5. Run the negative or boundary variant. 6. Retain logs, traces, and evidence.","ELT Pipeline meets the defined contract for invalid-input handling; outputs are correct, unauthorized or invalid behavior is safely rejected, side effects are consistent, and evidence is available for triage.",SnowSQL,"snowflake,data-cloud,data-quality,elt-pipeline,invalid-input-handling"
Snowflake,ELT Pipeline,SF-ELTPIP-0130,ELT Pipeline: performance threshold,Validate performance threshold for ELT Pipeline flow 0130,Performance,High,"Non-production Snowflake environment is available; ELT Pipeline is configured; test account, controlled input data, and required permissions are available.","1. Create or select controlled input set 0130. 2. Configure ELT Pipeline for the target condition. 3. Execute the operation using k6. 4. Validate results, data changes, and policy behavior. 5. Run the negative or boundary variant. 6. Retain logs, traces, and evidence.","ELT Pipeline meets the defined contract for performance threshold; outputs are correct, unauthorized or invalid behavior is safely rejected, side effects are consistent, and evidence is available for triage.",k6,"snowflake,data-cloud,data-quality,elt-pipeline,performance-threshold"
Snowflake,ELT Pipeline,SF-ELTPIP-0138,ELT Pipeline: version compatibility,Validate version compatibility for ELT Pipeline flow 0138,Regression,High,"Non-production Snowflake environment is available; ELT Pipeline is configured; test account, controlled input data, and required permissions are available.","1. Create or select controlled input set 0138. 2. Configure ELT Pipeline for the target condition. 3. Execute the operation using Python Connector. 4. Validate results, data changes, and policy behavior. 5. Run the negative or boundary variant. 6. Retain logs, traces, and evidence.","ELT Pipeline meets the defined contract for version compatibility; outputs are correct, unauthorized or invalid behavior is safely rejected, side effects are consistent, and evidence is available for triage.",Python Connector,"snowflake,data-cloud,data-quality,elt-pipeline,version-compatibility"
Snowflake,ELT Pipeline,SF-ELTPIP-0146,ELT Pipeline: idempotency,Validate idempotency for ELT Pipeline flow 0146,ETL,High,"Non-production Snowflake environment is available; ELT Pipeline is configured; test account, controlled input data, and required permissions are available.","1. Create or select controlled input set 0146. 2. Configure ELT Pipeline for the target condition. 3. Execute the operation using dbt Snowflake. 4. Validate results, data changes, and policy behavior. 5. Run the negative or boundary variant. 6. Retain logs, traces, and evidence.","ELT Pipeline meets the defined contract for idempotency; outputs are correct, unauthorized or invalid behavior is safely rejected, side effects are consistent, and evidence is available for triage.",dbt Snowflake,"snowflake,data-cloud,data-quality,elt-pipeline,idempotency"
Snowflake,ELT Pipeline,SF-ELTPIP-0154,ELT Pipeline: resource limits,Validate resource limits for ELT Pipeline flow 0154,Performance,High,"Non-production Snowflake environment is available; ELT Pipeline is configured; test account, controlled input data, and required permissions are available.","1. Create or select controlled input set 0154. 2. Configure ELT Pipeline for the target condition. 3. Execute the operation using JMeter. 4. Validate results, data changes, and policy behavior. 5. Run the negative or boundary variant. 6. Retain logs, traces, and evidence.","ELT Pipeline meets the defined contract for resource limits; outputs are correct, unauthorized or invalid behavior is safely rejected, side effects are consistent, and evidence is available for triage.",JMeter,"snowflake,data-cloud,data-quality,elt-pipeline,resource-limits"
Snowflake,ELT Pipeline,SF-ELTPIP-0162,ELT Pipeline: invalid-input handling,Validate invalid-input handling for ELT Pipeline flow 0162,Regression,High,"Non-production Snowflake environment is available; ELT Pipeline is configured; test account, controlled input data, and required permissions are available.","1. Create or select controlled input set 0162. 2. Configure ELT Pipeline for the target condition. 3. Execute the operation using SnowSQL. 4. Validate results, data changes, and policy behavior. 5. Run the negative or boundary variant. 6. Retain logs, traces, and evidence.","ELT Pipeline meets the defined contract for invalid-input handling; outputs are correct, unauthorized or invalid behavior is safely rejected, side effects are consistent, and evidence is available for triage.",SnowSQL,"snowflake,data-cloud,data-quality,elt-pipeline,invalid-input-handling"
Snowflake,ELT Pipeline,SF-ELTPIP-0170,ELT Pipeline: performance threshold,Validate performance threshold for ELT Pipeline flow 0170,ETL,High,"Non-production Snowflake environment is available; ELT Pipeline is configured; test account, controlled input data, and required permissions are available.","1. Create or select controlled input set 0170. 2. Configure ELT Pipeline for the target condition. 3. Execute the operation using k6. 4. Validate results, data changes, and policy behavior. 5. Run the negative or boundary variant. 6. Retain logs, traces, and evidence.","ELT Pipeline meets the defined contract for performance threshold; outputs are correct, unauthorized or invalid behavior is safely rejected, side effects are consistent, and evidence is available for triage.",k6,"snowflake,data-cloud,data-quality,elt-pipeline,performance-threshold"
Snowflake,ELT Pipeline,SF-ELTPIP-0178,ELT Pipeline: version compatibility,Validate version compatibility for ELT Pipeline flow 0178,Performance,High,"Non-production Snowflake environment is available; ELT Pipeline is configured; test account, controlled input data, and required permissions are available.","1. Create or select controlled input set 0178. 2. Configure ELT Pipeline for the target condition. 3. Execute the operation using Python Connector. 4. Validate results, data changes, and policy behavior. 5. Run the negative or boundary variant. 6. Retain logs, traces, and evidence.","ELT Pipeline meets the defined contract for version compatibility; outputs are correct, unauthorized or invalid behavior is safely rejected, side effects are consistent, and evidence is available for triage.",Python Connector,"snowflake,data-cloud,data-quality,elt-pipeline,version-compatibility"
Snowflake,ELT Pipeline,SF-ELTPIP-0186,ELT Pipeline: idempotency,Validate idempotency for ELT Pipeline flow 0186,Regression,High,"Non-production Snowflake environment is available; ELT Pipeline is configured; test account, controlled input data, and required permissions are available.","1. Create or select controlled input set 0186. 2. Configure ELT Pipeline for the target condition. 3. Execute the operation using dbt Snowflake. 4. Validate results, data changes, and policy behavior. 5. Run the negative or boundary variant. 6. Retain logs, traces, and evidence.","ELT Pipeline meets the defined contract for idempotency; outputs are correct, unauthorized or invalid behavior is safely rejected, side effects are consistent, and evidence is available for triage.",dbt Snowflake,"snowflake,data-cloud,data-quality,elt-pipeline,idempotency"
Snowflake,ELT Pipeline,SF-ELTPIP-0194,ELT Pipeline: resource limits,Validate resource limits for ELT Pipeline flow 0194,ETL,High,"Non-production Snowflake environment is available; ELT Pipeline is configured; test account, controlled input data, and required permissions are available.","1. Create or select controlled input set 0194. 2. Configure ELT Pipeline for the target condition. 3. Execute the operation using JMeter. 4. Validate results, data changes, and policy behavior. 5. Run the negative or boundary variant. 6. Retain logs, traces, and evidence.","ELT Pipeline meets the defined contract for resource limits; outputs are correct, unauthorized or invalid behavior is safely rejected, side effects are consistent, and evidence is available for triage.",JMeter,"snowflake,data-cloud,data-quality,elt-pipeline,resource-limits"
Snowflake,ELT Pipeline,SF-ELTPIP-0202,ELT Pipeline: invalid-input handling,Validate invalid-input handling for ELT Pipeline flow 0202,Performance,High,"Non-production Snowflake environment is available; ELT Pipeline is configured; test account, controlled input data, and required permissions are available.","1. Create or select controlled input set 0202. 2. Configure ELT Pipeline for the target condition. 3. Execute the operation using SnowSQL. 4. Validate results, data changes, and policy behavior. 5. Run the negative or boundary variant. 6. Retain logs, traces, and evidence.","ELT Pipeline meets the defined contract for invalid-input handling; outputs are correct, unauthorized or invalid behavior is safely rejected, side effects are consistent, and evidence is available for triage.",SnowSQL,"snowflake,data-cloud,data-quality,elt-pipeline,invalid-input-handling"
Snowflake,ELT Pipeline,SF-ELTPIP-0210,ELT Pipeline: performance threshold,Validate performance threshold for ELT Pipeline flow 0210,Regression,High,"Non-production Snowflake environment is available; ELT Pipeline is configured; test account, controlled input data, and required permissions are available.","1. Create or select controlled input set 0210. 2. Configure ELT Pipeline for the target condition. 3. Execute the operation using k6. 4. Validate results, data changes, and policy behavior. 5. Run the negative or boundary variant. 6. Retain logs, traces, and evidence.","ELT Pipeline meets the defined contract for performance threshold; outputs are correct, unauthorized or invalid behavior is safely rejected, side effects are consistent, and evidence is available for triage.",k6,"snowflake,data-cloud,data-quality,elt-pipeline,performance-threshold"
Snowflake,ELT Pipeline,SF-ELTPIP-0218,ELT Pipeline: version compatibility,Validate version compatibility for ELT Pipeline flow 0218,ETL,High,"Non-production Snowflake environment is available; ELT Pipeline is configured; test account, controlled input data, and required permissions are available.","1. Create or select controlled input set 0218. 2. Configure ELT Pipeline for the target condition. 3. Execute the operation using Python Connector. 4. Validate results, data changes, and policy behavior. 5. Run the negative or boundary variant. 6. Retain logs, traces, and evidence.","ELT Pipeline meets the defined contract for version compatibility; outputs are correct, unauthorized or invalid behavior is safely rejected, side effects are consistent, and evidence is available for triage.",Python Connector,"snowflake,data-cloud,data-quality,elt-pipeline,version-compatibility"
Snowflake,ELT Pipeline,SF-ELTPIP-0226,ELT Pipeline: idempotency,Validate idempotency for ELT Pipeline flow 0226,Performance,High,"Non-production Snowflake environment is available; ELT Pipeline is configured; test account, controlled input data, and required permissions are available.","1. Create or select controlled input set 0226. 2. Configure ELT Pipeline for the target condition. 3. Execute the operation using dbt Snowflake. 4. Validate results, data changes, and policy behavior. 5. Run the negative or boundary variant. 6. Retain logs, traces, and evidence.","ELT Pipeline meets the defined contract for idempotency; outputs are correct, unauthorized or invalid behavior is safely rejected, side effects are consistent, and evidence is available for triage.",dbt Snowflake,"snowflake,data-cloud,data-quality,elt-pipeline,idempotency"
Snowflake,ELT Pipeline,SF-ELTPIP-0234,ELT Pipeline: resource limits,Validate resource limits for ELT Pipeline flow 0234,Regression,High,"Non-production Snowflake environment is available; ELT Pipeline is configured; test account, controlled input data, and required permissions are available.","1. Create or select controlled input set 0234. 2. Configure ELT Pipeline for the target condition. 3. Execute the operation using JMeter. 4. Validate results, data changes, and policy behavior. 5. Run the negative or boundary variant. 6. Retain logs, traces, and evidence.","ELT Pipeline meets the defined contract for resource limits; outputs are correct, unauthorized or invalid behavior is safely rejected, side effects are consistent, and evidence is available for triage.",JMeter,"snowflake,data-cloud,data-quality,elt-pipeline,resource-limits"
Snowflake,ELT Pipeline,SF-ELTPIP-0242,ELT Pipeline: invalid-input handling,Validate invalid-input handling for ELT Pipeline flow 0242,ETL,High,"Non-production Snowflake environment is available; ELT Pipeline is configured; test account, controlled input data, and required permissions are available.","1. Create or select controlled input set 0242. 2. Configure ELT Pipeline for the target condition. 3. Execute the operation using SnowSQL. 4. Validate results, data changes, and policy behavior. 5. Run the negative or boundary variant. 6. Retain logs, traces, and evidence.","ELT Pipeline meets the defined contract for invalid-input handling; outputs are correct, unauthorized or invalid behavior is safely rejected, side effects are consistent, and evidence is available for triage.",SnowSQL,"snowflake,data-cloud,data-quality,elt-pipeline,invalid-input-handling"
Snowflake,ELT Pipeline,SF-ELTPIP-0250,ELT Pipeline: performance threshold,Validate performance threshold for ELT Pipeline flow 0250,Performance,High,"Non-production Snowflake environment is available; ELT Pipeline is configured; test account, controlled input data, and required permissions are available.","1. Create or select controlled input set 0250. 2. Configure ELT Pipeline for the target condition. 3. Execute the operation using k6. 4. Validate results, data changes, and policy behavior. 5. Run the negative or boundary variant. 6. Retain logs, traces, and evidence.","ELT Pipeline meets the defined contract for performance threshold; outputs are correct, unauthorized or invalid behavior is safely rejected, side effects are consistent, and evidence is available for triage.",k6,"snowflake,data-cloud,data-quality,elt-pipeline,performance-threshold"
Snowflake,ELT Pipeline,SF-ELTPIP-0258,ELT Pipeline: version compatibility,Validate version compatibility for ELT Pipeline flow 0258,Regression,High,"Non-production Snowflake environment is available; ELT Pipeline is configured; test account, controlled input data, and required permissions are available.","1. Create or select controlled input set 0258. 2. Configure ELT Pipeline for the target condition. 3. Execute the operation using Python Connector. 4. Validate results, data changes, and policy behavior. 5. Run the negative or boundary variant. 6. Retain logs, traces, and evidence.","ELT Pipeline meets the defined contract for version compatibility; outputs are correct, unauthorized or invalid behavior is safely rejected, side effects are consistent, and evidence is available for triage.",Python Connector,"snowflake,data-cloud,data-quality,elt-pipeline,version-compatibility"
Snowflake,ELT Pipeline,SF-ELTPIP-0266,ELT Pipeline: idempotency,Validate idempotency for ELT Pipeline flow 0266,ETL,High,"Non-production Snowflake environment is available; ELT Pipeline is configured; test account, controlled input data, and required permissions are available.","1. Create or select controlled input set 0266. 2. Configure ELT Pipeline for the target condition. 3. Execute the operation using dbt Snowflake. 4. Validate results, data changes, and policy behavior. 5. Run the negative or boundary variant. 6. Retain logs, traces, and evidence.","ELT Pipeline meets the defined contract for idempotency; outputs are correct, unauthorized or invalid behavior is safely rejected, side effects are consistent, and evidence is available for triage.",dbt Snowflake,"snowflake,data-cloud,data-quality,elt-pipeline,idempotency"
Snowflake,ELT Pipeline,SF-ELTPIP-0274,ELT Pipeline: resource limits,Validate resource limits for ELT Pipeline flow 0274,Performance,High,"Non-production Snowflake environment is available; ELT Pipeline is configured; test account, controlled input data, and required permissions are available.","1. Create or select controlled input set 0274. 2. Configure ELT Pipeline for the target condition. 3. Execute the operation using JMeter. 4. Validate results, data changes, and policy behavior. 5. Run the negative or boundary variant. 6. Retain logs, traces, and evidence.","ELT Pipeline meets the defined contract for resource limits; outputs are correct, unauthorized or invalid behavior is safely rejected, side effects are consistent, and evidence is available for triage.",JMeter,"snowflake,data-cloud,data-quality,elt-pipeline,resource-limits"
Snowflake,ELT Pipeline,SF-ELTPIP-0282,ELT Pipeline: invalid-input handling,Validate invalid-input handling for ELT Pipeline flow 0282,Regression,High,"Non-production Snowflake environment is available; ELT Pipeline is configured; test account, controlled input data, and required permissions are available.","1. Create or select controlled input set 0282. 2. Configure ELT Pipeline for the target condition. 3. Execute the operation using SnowSQL. 4. Validate results, data changes, and policy behavior. 5. Run the negative or boundary variant. 6. Retain logs, traces, and evidence.","ELT Pipeline meets the defined contract for invalid-input handling; outputs are correct, unauthorized or invalid behavior is safely rejected, side effects are consistent, and evidence is available for triage.",SnowSQL,"snowflake,data-cloud,data-quality,elt-pipeline,invalid-input-handling"
Snowflake,ELT Pipeline,SF-ELTPIP-0290,ELT Pipeline: performance threshold,Validate performance threshold for ELT Pipeline flow 0290,ETL,High,"Non-production Snowflake environment is available; ELT Pipeline is configured; test account, controlled input data, and required permissions are available.","1. Create or select controlled input set 0290. 2. Configure ELT Pipeline for the target condition. 3. Execute the operation using k6. 4. Validate results, data changes, and policy behavior. 5. Run the negative or boundary variant. 6. Retain logs, traces, and evidence.","ELT Pipeline meets the defined contract for performance threshold; outputs are correct, unauthorized or invalid behavior is safely rejected, side effects are consistent, and evidence is available for triage.",k6,"snowflake,data-cloud,data-quality,elt-pipeline,performance-threshold"
Snowflake,ELT Pipeline,SF-ELTPIP-0298,ELT Pipeline: version compatibility,Validate version compatibility for ELT Pipeline flow 0298,Performance,High,"Non-production Snowflake environment is available; ELT Pipeline is configured; test account, controlled input data, and required permissions are available.","1. Create or select controlled input set 0298. 2. Configure ELT Pipeline for the target condition. 3. Execute the operation using Python Connector. 4. Validate results, data changes, and policy behavior. 5. Run the negative or boundary variant. 6. Retain logs, traces, and evidence.","ELT Pipeline meets the defined contract for version compatibility; outputs are correct, unauthorized or invalid behavior is safely rejected, side effects are consistent, and evidence is available for triage.",Python Connector,"snowflake,data-cloud,data-quality,elt-pipeline,version-compatibility"
Snowflake,ELT Pipeline,SF-ELTPIP-0306,ELT Pipeline: idempotency,Validate idempotency for ELT Pipeline flow 0306,Regression,High,"Non-production Snowflake environment is available; ELT Pipeline is configured; test account, controlled input data, and required permissions are available.","1. Create or select controlled input set 0306. 2. Configure ELT Pipeline for the target condition. 3. Execute the operation using dbt Snowflake. 4. Validate results, data changes, and policy behavior. 5. Run the negative or boundary variant. 6. Retain logs, traces, and evidence.","ELT Pipeline meets the defined contract for idempotency; outputs are correct, unauthorized or invalid behavior is safely rejected, side effects are consistent, and evidence is available for triage.",dbt Snowflake,"snowflake,data-cloud,data-quality,elt-pipeline,idempotency"
Snowflake,ELT Pipeline,SF-ELTPIP-0314,ELT Pipeline: resource limits,Validate resource limits for ELT Pipeline flow 0314,ETL,High,"Non-production Snowflake environment is available; ELT Pipeline is configured; test account, controlled input data, and required permissions are available.","1. Create or select controlled input set 0314. 2. Configure ELT Pipeline for the target condition. 3. Execute the operation using JMeter. 4. Validate results, data changes, and policy behavior. 5. Run the negative or boundary variant. 6. Retain logs, traces, and evidence.","ELT Pipeline meets the defined contract for resource limits; outputs are correct, unauthorized or invalid behavior is safely rejected, side effects are consistent, and evidence is available for triage.",JMeter,"snowflake,data-cloud,data-quality,elt-pipeline,resource-limits"
Snowflake,ELT Pipeline,SF-ELTPIP-0322,ELT Pipeline: invalid-input handling,Validate invalid-input handling for ELT Pipeline flow 0322,Performance,High,"Non-production Snowflake environment is available; ELT Pipeline is configured; test account, controlled input data, and required permissions are available.","1. Create or select controlled input set 0322. 2. Configure ELT Pipeline for the target condition. 3. Execute the operation using SnowSQL. 4. Validate results, data changes, and policy behavior. 5. Run the negative or boundary variant. 6. Retain logs, traces, and evidence.","ELT Pipeline meets the defined contract for invalid-input handling; outputs are correct, unauthorized or invalid behavior is safely rejected, side effects are consistent, and evidence is available for triage.",SnowSQL,"snowflake,data-cloud,data-quality,elt-pipeline,invalid-input-handling"
Snowflake,ELT Pipeline,SF-ELTPIP-0330,ELT Pipeline: performance threshold,Validate performance threshold for ELT Pipeline flow 0330,Regression,High,"Non-production Snowflake environment is available; ELT Pipeline is configured; test account, controlled input data, and required permissions are available.","1. Create or select controlled input set 0330. 2. Configure ELT Pipeline for the target condition. 3. Execute the operation using k6. 4. Validate results, data changes, and policy behavior. 5. Run the negative or boundary variant. 6. Retain logs, traces, and evidence.","ELT Pipeline meets the defined contract for performance threshold; outputs are correct, unauthorized or invalid behavior is safely rejected, side effects are consistent, and evidence is available for triage.",k6,"snowflake,data-cloud,data-quality,elt-pipeline,performance-threshold"
Snowflake,ELT Pipeline,SF-ELTPIP-0338,ELT Pipeline: version compatibility,Validate version compatibility for ELT Pipeline flow 0338,ETL,High,"Non-production Snowflake environment is available; ELT Pipeline is configured; test account, controlled input data, and required permissions are available.","1. Create or select controlled input set 0338. 2. Configure ELT Pipeline for the target condition. 3. Execute the operation using Python Connector. 4. Validate results, data changes, and policy behavior. 5. Run the negative or boundary variant. 6. Retain logs, traces, and evidence.","ELT Pipeline meets the defined contract for version compatibility; outputs are correct, unauthorized or invalid behavior is safely rejected, side effects are consistent, and evidence is available for triage.",Python Connector,"snowflake,data-cloud,data-quality,elt-pipeline,version-compatibility"
Snowflake,ELT Pipeline,SF-ELTPIP-0346,ELT Pipeline: idempotency,Validate idempotency for ELT Pipeline flow 0346,Performance,High,"Non-production Snowflake environment is available; ELT Pipeline is configured; test account, controlled input data, and required permissions are available.","1. Create or select controlled input set 0346. 2. Configure ELT Pipeline for the target condition. 3. Execute the operation using dbt Snowflake. 4. Validate results, data changes, and policy behavior. 5. Run the negative or boundary variant. 6. Retain logs, traces, and evidence.","ELT Pipeline meets the defined contract for idempotency; outputs are correct, unauthorized or invalid behavior is safely rejected, side effects are consistent, and evidence is available for triage.",dbt Snowflake,"snowflake,data-cloud,data-quality,elt-pipeline,idempotency"
Snowflake,ELT Pipeline,SF-ELTPIP-0354,ELT Pipeline: resource limits,Validate resource limits for ELT Pipeline flow 0354,Regression,High,"Non-production Snowflake environment is available; ELT Pipeline is configured; test account, controlled input data, and required permissions are available.","1. Create or select controlled input set 0354. 2. Configure ELT Pipeline for the target condition. 3. Execute the operation using JMeter. 4. Validate results, data changes, and policy behavior. 5. Run the negative or boundary variant. 6. Retain logs, traces, and evidence.","ELT Pipeline meets the defined contract for resource limits; outputs are correct, unauthorized or invalid behavior is safely rejected, side effects are consistent, and evidence is available for triage.",JMeter,"snowflake,data-cloud,data-quality,elt-pipeline,resource-limits"
Snowflake,ELT Pipeline,SF-ELTPIP-0362,ELT Pipeline: invalid-input handling,Validate invalid-input handling for ELT Pipeline flow 0362,ETL,High,"Non-production Snowflake environment is available; ELT Pipeline is configured; test account, controlled input data, and required permissions are available.","1. Create or select controlled input set 0362. 2. Configure ELT Pipeline for the target condition. 3. Execute the operation using SnowSQL. 4. Validate results, data changes, and policy behavior. 5. Run the negative or boundary variant. 6. Retain logs, traces, and evidence.","ELT Pipeline meets the defined contract for invalid-input handling; outputs are correct, unauthorized or invalid behavior is safely rejected, side effects are consistent, and evidence is available for triage.",SnowSQL,"snowflake,data-cloud,data-quality,elt-pipeline,invalid-input-handling"
Snowflake,ELT Pipeline,SF-ELTPIP-0370,ELT Pipeline: performance threshold,Validate performance threshold for ELT Pipeline flow 0370,Performance,High,"Non-production Snowflake environment is available; ELT Pipeline is configured; test account, controlled input data, and required permissions are available.","1. Create or select controlled input set 0370. 2. Configure ELT Pipeline for the target condition. 3. Execute the operation using k6. 4. Validate results, data changes, and policy behavior. 5. Run the negative or boundary variant. 6. Retain logs, traces, and evidence.","ELT Pipeline meets the defined contract for performance threshold; outputs are correct, unauthorized or invalid behavior is safely rejected, side effects are consistent, and evidence is available for triage.",k6,"snowflake,data-cloud,data-quality,elt-pipeline,performance-threshold"
Snowflake,ELT Pipeline,SF-ELTPIP-0378,ELT Pipeline: version compatibility,Validate version compatibility for ELT Pipeline flow 0378,Regression,High,"Non-production Snowflake environment is available; ELT Pipeline is configured; test account, controlled input data, and required permissions are available.","1. Create or select controlled input set 0378. 2. Configure ELT Pipeline for the target condition. 3. Execute the operation using Python Connector. 4. Validate results, data changes, and policy behavior. 5. Run the negative or boundary variant. 6. Retain logs, traces, and evidence.","ELT Pipeline meets the defined contract for version compatibility; outputs are correct, unauthorized or invalid behavior is safely rejected, side effects are consistent, and evidence is available for triage.",Python Connector,"snowflake,data-cloud,data-quality,elt-pipeline,version-compatibility"
Snowflake,ELT Pipeline,SF-ELTPIP-0386,ELT Pipeline: idempotency,Validate idempotency for ELT Pipeline flow 0386,ETL,High,"Non-production Snowflake environment is available; ELT Pipeline is configured; test account, controlled input data, and required permissions are available.","1. Create or select controlled input set 0386. 2. Configure ELT Pipeline for the target condition. 3. Execute the operation using dbt Snowflake. 4. Validate results, data changes, and policy behavior. 5. Run the negative or boundary variant. 6. Retain logs, traces, and evidence.","ELT Pipeline meets the defined contract for idempotency; outputs are correct, unauthorized or invalid behavior is safely rejected, side effects are consistent, and evidence is available for triage.",dbt Snowflake,"snowflake,data-cloud,data-quality,elt-pipeline,idempotency"
Snowflake,ELT Pipeline,SF-ELTPIP-0394,ELT Pipeline: resource limits,Validate resource limits for ELT Pipeline flow 0394,Performance,High,"Non-production Snowflake environment is available; ELT Pipeline is configured; test account, controlled input data, and required permissions are available.","1. Create or select controlled input set 0394. 2. Configure ELT Pipeline for the target condition. 3. Execute the operation using JMeter. 4. Validate results, data changes, and policy behavior. 5. Run the negative or boundary variant. 6. Retain logs, traces, and evidence.","ELT Pipeline meets the defined contract for resource limits; outputs are correct, unauthorized or invalid behavior is safely rejected, side effects are consistent, and evidence is available for triage.",JMeter,"snowflake,data-cloud,data-quality,elt-pipeline,resource-limits"
Snowflake,ELT Pipeline,SF-ELTPIP-0402,ELT Pipeline: invalid-input handling,Validate invalid-input handling for ELT Pipeline flow 0402,Regression,High,"Non-production Snowflake environment is available; ELT Pipeline is configured; test account, controlled input data, and required permissions are available.","1. Create or select controlled input set 0402. 2. Configure ELT Pipeline for the target condition. 3. Execute the operation using SnowSQL. 4. Validate results, data changes, and policy behavior. 5. Run the negative or boundary variant. 6. Retain logs, traces, and evidence.","ELT Pipeline meets the defined contract for invalid-input handling; outputs are correct, unauthorized or invalid behavior is safely rejected, side effects are consistent, and evidence is available for triage.",SnowSQL,"snowflake,data-cloud,data-quality,elt-pipeline,invalid-input-handling"
Snowflake,ELT Pipeline,SF-ELTPIP-0410,ELT Pipeline: performance threshold,Validate performance threshold for ELT Pipeline flow 0410,ETL,High,"Non-production Snowflake environment is available; ELT Pipeline is configured; test account, controlled input data, and required permissions are available.","1. Create or select controlled input set 0410. 2. Configure ELT Pipeline for the target condition. 3. Execute the operation using k6. 4. Validate results, data changes, and policy behavior. 5. Run the negative or boundary variant. 6. Retain logs, traces, and evidence.","ELT Pipeline meets the defined contract for performance threshold; outputs are correct, unauthorized or invalid behavior is safely rejected, side effects are consistent, and evidence is available for triage.",k6,"snowflake,data-cloud,data-quality,elt-pipeline,performance-threshold"
Snowflake,ELT Pipeline,SF-ELTPIP-0418,ELT Pipeline: version compatibility,Validate version compatibility for ELT Pipeline flow 0418,Performance,High,"Non-production Snowflake environment is available; ELT Pipeline is configured; test account, controlled input data, and required permissions are available.","1. Create or select controlled input set 0418. 2. Configure ELT Pipeline for the target condition. 3. Execute the operation using Python Connector. 4. Validate results, data changes, and policy behavior. 5. Run the negative or boundary variant. 6. Retain logs, traces, and evidence.","ELT Pipeline meets the defined contract for version compatibility; outputs are correct, unauthorized or invalid behavior is safely rejected, side effects are consistent, and evidence is available for triage.",Python Connector,"snowflake,data-cloud,data-quality,elt-pipeline,version-compatibility"
Snowflake,ELT Pipeline,SF-ELTPIP-0426,ELT Pipeline: idempotency,Validate idempotency for ELT Pipeline flow 0426,Regression,High,"Non-production Snowflake environment is available; ELT Pipeline is configured; test account, controlled input data, and required permissions are available.","1. Create or select controlled input set 0426. 2. Configure ELT Pipeline for the target condition. 3. Execute the operation using dbt Snowflake. 4. Validate results, data changes, and policy behavior. 5. Run the negative or boundary variant. 6. Retain logs, traces, and evidence.","ELT Pipeline meets the defined contract for idempotency; outputs are correct, unauthorized or invalid behavior is safely rejected, side effects are consistent, and evidence is available for triage.",dbt Snowflake,"snowflake,data-cloud,data-quality,elt-pipeline,idempotency"
Snowflake,ELT Pipeline,SF-ELTPIP-0434,ELT Pipeline: resource limits,Validate resource limits for ELT Pipeline flow 0434,ETL,High,"Non-production Snowflake environment is available; ELT Pipeline is configured; test account, controlled input data, and required permissions are available.","1. Create or select controlled input set 0434. 2. Configure ELT Pipeline for the target condition. 3. Execute the operation using JMeter. 4. Validate results, data changes, and policy behavior. 5. Run the negative or boundary variant. 6. Retain logs, traces, and evidence.","ELT Pipeline meets the defined contract for resource limits; outputs are correct, unauthorized or invalid behavior is safely rejected, side effects are consistent, and evidence is available for triage.",JMeter,"snowflake,data-cloud,data-quality,elt-pipeline,resource-limits"
Snowflake,ELT Pipeline,SF-ELTPIP-0442,ELT Pipeline: invalid-input handling,Validate invalid-input handling for ELT Pipeline flow 0442,Performance,High,"Non-production Snowflake environment is available; ELT Pipeline is configured; test account, controlled input data, and required permissions are available.","1. Create or select controlled input set 0442. 2. Configure ELT Pipeline for the target condition. 3. Execute the operation using SnowSQL. 4. Validate results, data changes, and policy behavior. 5. Run the negative or boundary variant. 6. Retain logs, traces, and evidence.","ELT Pipeline meets the defined contract for invalid-input handling; outputs are correct, unauthorized or invalid behavior is safely rejected, side effects are consistent, and evidence is available for triage.",SnowSQL,"snowflake,data-cloud,data-quality,elt-pipeline,invalid-input-handling"
Snowflake,ELT Pipeline,SF-ELTPIP-0450,ELT Pipeline: performance threshold,Validate performance threshold for ELT Pipeline flow 0450,Regression,High,"Non-production Snowflake environment is available; ELT Pipeline is configured; test account, controlled input data, and required permissions are available.","1. Create or select controlled input set 0450. 2. Configure ELT Pipeline for the target condition. 3. Execute the operation using k6. 4. Validate results, data changes, and policy behavior. 5. Run the negative or boundary variant. 6. Retain logs, traces, and evidence.","ELT Pipeline meets the defined contract for performance threshold; outputs are correct, unauthorized or invalid behavior is safely rejected, side effects are consistent, and evidence is available for triage.",k6,"snowflake,data-cloud,data-quality,elt-pipeline,performance-threshold"
Snowflake,ELT Pipeline,SF-ELTPIP-0458,ELT Pipeline: version compatibility,Validate version compatibility for ELT Pipeline flow 0458,ETL,High,"Non-production Snowflake environment is available; ELT Pipeline is configured; test account, controlled input data, and required permissions are available.","1. Create or select controlled input set 0458. 2. Configure ELT Pipeline for the target condition. 3. Execute the operation using Python Connector. 4. Validate results, data changes, and policy behavior. 5. Run the negative or boundary variant. 6. Retain logs, traces, and evidence.","ELT Pipeline meets the defined contract for version compatibility; outputs are correct, unauthorized or invalid behavior is safely rejected, side effects are consistent, and evidence is available for triage.",Python Connector,"snowflake,data-cloud,data-quality,elt-pipeline,version-compatibility"
Snowflake,ELT Pipeline,SF-ELTPIP-0466,ELT Pipeline: idempotency,Validate idempotency for ELT Pipeline flow 0466,Performance,High,"Non-production Snowflake environment is available; ELT Pipeline is configured; test account, controlled input data, and required permissions are available.","1. Create or select controlled input set 0466. 2. Configure ELT Pipeline for the target condition. 3. Execute the operation using dbt Snowflake. 4. Validate results, data changes, and policy behavior. 5. Run the negative or boundary variant. 6. Retain logs, traces, and evidence.","ELT Pipeline meets the defined contract for idempotency; outputs are correct, unauthorized or invalid behavior is safely rejected, side effects are consistent, and evidence is available for triage.",dbt Snowflake,"snowflake,data-cloud,data-quality,elt-pipeline,idempotency"
Snowflake,ELT Pipeline,SF-ELTPIP-0474,ELT Pipeline: resource limits,Validate resource limits for ELT Pipeline flow 0474,Regression,High,"Non-production Snowflake environment is available; ELT Pipeline is configured; test account, controlled input data, and required permissions are available.","1. Create or select controlled input set 0474. 2. Configure ELT Pipeline for the target condition. 3. Execute the operation using JMeter. 4. Validate results, data changes, and policy behavior. 5. Run the negative or boundary variant. 6. Retain logs, traces, and evidence.","ELT Pipeline meets the defined contract for resource limits; outputs are correct, unauthorized or invalid behavior is safely rejected, side effects are consistent, and evidence is available for triage.",JMeter,"snowflake,data-cloud,data-quality,elt-pipeline,resource-limits"
Snowflake,ELT Pipeline,SF-ELTPIP-0482,ELT Pipeline: invalid-input handling,Validate invalid-input handling for ELT Pipeline flow 0482,ETL,High,"Non-production Snowflake environment is available; ELT Pipeline is configured; test account, controlled input data, and required permissions are available.","1. Create or select controlled input set 0482. 2. Configure ELT Pipeline for the target condition. 3. Execute the operation using SnowSQL. 4. Validate results, data changes, and policy behavior. 5. Run the negative or boundary variant. 6. Retain logs, traces, and evidence.","ELT Pipeline meets the defined contract for invalid-input handling; outputs are correct, unauthorized or invalid behavior is safely rejected, side effects are consistent, and evidence is available for triage.",SnowSQL,"snowflake,data-cloud,data-quality,elt-pipeline,invalid-input-handling"
Snowflake,ELT Pipeline,SF-ELTPIP-0490,ELT Pipeline: performance threshold,Validate performance threshold for ELT Pipeline flow 0490,Performance,High,"Non-production Snowflake environment is available; ELT Pipeline is configured; test account, controlled input data, and required permissions are available.","1. Create or select controlled input set 0490. 2. Configure ELT Pipeline for the target condition. 3. Execute the operation using k6. 4. Validate results, data changes, and policy behavior. 5. Run the negative or boundary variant. 6. Retain logs, traces, and evidence.","ELT Pipeline meets the defined contract for performance threshold; outputs are correct, unauthorized or invalid behavior is safely rejected, side effects are consistent, and evidence is available for triage.",k6,"snowflake,data-cloud,data-quality,elt-pipeline,performance-threshold"
Snowflake,ELT Pipeline,SF-ELTPIP-0498,ELT Pipeline: version compatibility,Validate version compatibility for ELT Pipeline flow 0498,Regression,High,"Non-production Snowflake environment is available; ELT Pipeline is configured; test account, controlled input data, and required permissions are available.","1. Create or select controlled input set 0498. 2. Configure ELT Pipeline for the target condition. 3. Execute the operation using Python Connector. 4. Validate results, data changes, and policy behavior. 5. Run the negative or boundary variant. 6. Retain logs, traces, and evidence.","ELT Pipeline meets the defined contract for version compatibility; outputs are correct, unauthorized or invalid behavior is safely rejected, side effects are consistent, and evidence is available for triage.",Python Connector,"snowflake,data-cloud,data-quality,elt-pipeline,version-compatibility"
Snowflake,ELT Pipeline,SF-ELTPIP-0506,ELT Pipeline: idempotency,Validate idempotency for ELT Pipeline flow 0506,ETL,High,"Non-production Snowflake environment is available; ELT Pipeline is configured; test account, controlled input data, and required permissions are available.","1. Create or select controlled input set 0506. 2. Configure ELT Pipeline for the target condition. 3. Execute the operation using dbt Snowflake. 4. Validate results, data changes, and policy behavior. 5. Run the negative or boundary variant. 6. Retain logs, traces, and evidence.","ELT Pipeline meets the defined contract for idempotency; outputs are correct, unauthorized or invalid behavior is safely rejected, side effects are consistent, and evidence is available for triage.",dbt Snowflake,"snowflake,data-cloud,data-quality,elt-pipeline,idempotency"
Snowflake,ELT Pipeline,SF-ELTPIP-0514,ELT Pipeline: resource limits,Validate resource limits for ELT Pipeline flow 0514,Performance,High,"Non-production Snowflake environment is available; ELT Pipeline is configured; test account, controlled input data, and required permissions are available.","1. Create or select controlled input set 0514. 2. Configure ELT Pipeline for the target condition. 3. Execute the operation using JMeter. 4. Validate results, data changes, and policy behavior. 5. Run the negative or boundary variant. 6. Retain logs, traces, and evidence.","ELT Pipeline meets the defined contract for resource limits; outputs are correct, unauthorized or invalid behavior is safely rejected, side effects are consistent, and evidence is available for triage.",JMeter,"snowflake,data-cloud,data-quality,elt-pipeline,resource-limits"
Snowflake,ELT Pipeline,SF-ELTPIP-0522,ELT Pipeline: invalid-input handling,Validate invalid-input handling for ELT Pipeline flow 0522,Regression,High,"Non-production Snowflake environment is available; ELT Pipeline is configured; test account, controlled input data, and required permissions are available.","1. Create or select controlled input set 0522. 2. Configure ELT Pipeline for the target condition. 3. Execute the operation using SnowSQL. 4. Validate results, data changes, and policy behavior. 5. Run the negative or boundary variant. 6. Retain logs, traces, and evidence.","ELT Pipeline meets the defined contract for invalid-input handling; outputs are correct, unauthorized or invalid behavior is safely rejected, side effects are consistent, and evidence is available for triage.",SnowSQL,"snowflake,data-cloud,data-quality,elt-pipeline,invalid-input-handling"
Snowflake,ELT Pipeline,SF-ELTPIP-0530,ELT Pipeline: performance threshold,Validate performance threshold for ELT Pipeline flow 0530,ETL,High,"Non-production Snowflake environment is available; ELT Pipeline is configured; test account, controlled input data, and required permissions are available.","1. Create or select controlled input set 0530. 2. Configure ELT Pipeline for the target condition. 3. Execute the operation using k6. 4. Validate results, data changes, and policy behavior. 5. Run the negative or boundary variant. 6. Retain logs, traces, and evidence.","ELT Pipeline meets the defined contract for performance threshold; outputs are correct, unauthorized or invalid behavior is safely rejected, side effects are consistent, and evidence is available for triage.",k6,"snowflake,data-cloud,data-quality,elt-pipeline,performance-threshold"
Snowflake,ELT Pipeline,SF-ELTPIP-0538,ELT Pipeline: version compatibility,Validate version compatibility for ELT Pipeline flow 0538,Performance,High,"Non-production Snowflake environment is available; ELT Pipeline is configured; test account, controlled input data, and required permissions are available.","1. Create or select controlled input set 0538. 2. Configure ELT Pipeline for the target condition. 3. Execute the operation using Python Connector. 4. Validate results, data changes, and policy behavior. 5. Run the negative or boundary variant. 6. Retain logs, traces, and evidence.","ELT Pipeline meets the defined contract for version compatibility; outputs are correct, unauthorized or invalid behavior is safely rejected, side effects are consistent, and evidence is available for triage.",Python Connector,"snowflake,data-cloud,data-quality,elt-pipeline,version-compatibility"
Snowflake,ELT Pipeline,SF-ELTPIP-0546,ELT Pipeline: idempotency,Validate idempotency for ELT Pipeline flow 0546,Regression,High,"Non-production Snowflake environment is available; ELT Pipeline is configured; test account, controlled input data, and required permissions are available.","1. Create or select controlled input set 0546. 2. Configure ELT Pipeline for the target condition. 3. Execute the operation using dbt Snowflake. 4. Validate results, data changes, and policy behavior. 5. Run the negative or boundary variant. 6. Retain logs, traces, and evidence.","ELT Pipeline meets the defined contract for idempotency; outputs are correct, unauthorized or invalid behavior is safely rejected, side effects are consistent, and evidence is available for triage.",dbt Snowflake,"snowflake,data-cloud,data-quality,elt-pipeline,idempotency"
Snowflake,ELT Pipeline,SF-ELTPIP-0554,ELT Pipeline: resource limits,Validate resource limits for ELT Pipeline flow 0554,ETL,High,"Non-production Snowflake environment is available; ELT Pipeline is configured; test account, controlled input data, and required permissions are available.","1. Create or select controlled input set 0554. 2. Configure ELT Pipeline for the target condition. 3. Execute the operation using JMeter. 4. Validate results, data changes, and policy behavior. 5. Run the negative or boundary variant. 6. Retain logs, traces, and evidence.","ELT Pipeline meets the defined contract for resource limits; outputs are correct, unauthorized or invalid behavior is safely rejected, side effects are consistent, and evidence is available for triage.",JMeter,"snowflake,data-cloud,data-quality,elt-pipeline,resource-limits"
Snowflake,ELT Pipeline,SF-ELTPIP-0562,ELT Pipeline: invalid-input handling,Validate invalid-input handling for ELT Pipeline flow 0562,Performance,High,"Non-production Snowflake environment is available; ELT Pipeline is configured; test account, controlled input data, and required permissions are available.","1. Create or select controlled input set 0562. 2. Configure ELT Pipeline for the target condition. 3. Execute the operation using SnowSQL. 4. Validate results, data changes, and policy behavior. 5. Run the negative or boundary variant. 6. Retain logs, traces, and evidence.","ELT Pipeline meets the defined contract for invalid-input handling; outputs are correct, unauthorized or invalid behavior is safely rejected, side effects are consistent, and evidence is available for triage.",SnowSQL,"snowflake,data-cloud,data-quality,elt-pipeline,invalid-input-handling"
Snowflake,ELT Pipeline,SF-ELTPIP-0570,ELT Pipeline: performance threshold,Validate performance threshold for ELT Pipeline flow 0570,Regression,High,"Non-production Snowflake environment is available; ELT Pipeline is configured; test account, controlled input data, and required permissions are available.","1. Create or select controlled input set 0570. 2. Configure ELT Pipeline for the target condition. 3. Execute the operation using k6. 4. Validate results, data changes, and policy behavior. 5. Run the negative or boundary variant. 6. Retain logs, traces, and evidence.","ELT Pipeline meets the defined contract for performance threshold; outputs are correct, unauthorized or invalid behavior is safely rejected, side effects are consistent, and evidence is available for triage.",k6,"snowflake,data-cloud,data-quality,elt-pipeline,performance-threshold"
Snowflake,ELT Pipeline,SF-ELTPIP-0578,ELT Pipeline: version compatibility,Validate version compatibility for ELT Pipeline flow 0578,ETL,High,"Non-production Snowflake environment is available; ELT Pipeline is configured; test account, controlled input data, and required permissions are available.","1. Create or select controlled input set 0578. 2. Configure ELT Pipeline for the target condition. 3. Execute the operation using Python Connector. 4. Validate results, data changes, and policy behavior. 5. Run the negative or boundary variant. 6. Retain logs, traces, and evidence.","ELT Pipeline meets the defined contract for version compatibility; outputs are correct, unauthorized or invalid behavior is safely rejected, side effects are consistent, and evidence is available for triage.",Python Connector,"snowflake,data-cloud,data-quality,elt-pipeline,version-compatibility"
Snowflake,ELT Pipeline,SF-ELTPIP-0586,ELT Pipeline: idempotency,Validate idempotency for ELT Pipeline flow 0586,Performance,High,"Non-production Snowflake environment is available; ELT Pipeline is configured; test account, controlled input data, and required permissions are available.","1. Create or select controlled input set 0586. 2. Configure ELT Pipeline for the target condition. 3. Execute the operation using dbt Snowflake. 4. Validate results, data changes, and policy behavior. 5. Run the negative or boundary variant. 6. Retain logs, traces, and evidence.","ELT Pipeline meets the defined contract for idempotency; outputs are correct, unauthorized or invalid behavior is safely rejected, side effects are consistent, and evidence is available for triage.",dbt Snowflake,"snowflake,data-cloud,data-quality,elt-pipeline,idempotency"
Snowflake,ELT Pipeline,SF-ELTPIP-0594,ELT Pipeline: resource limits,Validate resource limits for ELT Pipeline flow 0594,Regression,High,"Non-production Snowflake environment is available; ELT Pipeline is configured; test account, controlled input data, and required permissions are available.","1. Create or select controlled input set 0594. 2. Configure ELT Pipeline for the target condition. 3. Execute the operation using JMeter. 4. Validate results, data changes, and policy behavior. 5. Run the negative or boundary variant. 6. Retain logs, traces, and evidence.","ELT Pipeline meets the defined contract for resource limits; outputs are correct, unauthorized or invalid behavior is safely rejected, side effects are consistent, and evidence is available for triage.",JMeter,"snowflake,data-cloud,data-quality,elt-pipeline,resource-limits"
Snowflake,ELT Pipeline,SF-ELTPIP-0602,ELT Pipeline: invalid-input handling,Validate invalid-input handling for ELT Pipeline flow 0602,ETL,High,"Non-production Snowflake environment is available; ELT Pipeline is configured; test account, controlled input data, and required permissions are available.","1. Create or select controlled input set 0602. 2. Configure ELT Pipeline for the target condition. 3. Execute the operation using SnowSQL. 4. Validate results, data changes, and policy behavior. 5. Run the negative or boundary variant. 6. Retain logs, traces, and evidence.","ELT Pipeline meets the defined contract for invalid-input handling; outputs are correct, unauthorized or invalid behavior is safely rejected, side effects are consistent, and evidence is available for triage.",SnowSQL,"snowflake,data-cloud,data-quality,elt-pipeline,invalid-input-handling"
Snowflake,ELT Pipeline,SF-ELTPIP-0610,ELT Pipeline: performance threshold,Validate performance threshold for ELT Pipeline flow 0610,Performance,High,"Non-production Snowflake environment is available; ELT Pipeline is configured; test account, controlled input data, and required permissions are available.","1. Create or select controlled input set 0610. 2. Configure ELT Pipeline for the target condition. 3. Execute the operation using k6. 4. Validate results, data changes, and policy behavior. 5. Run the negative or boundary variant. 6. Retain logs, traces, and evidence.","ELT Pipeline meets the defined contract for performance threshold; outputs are correct, unauthorized or invalid behavior is safely rejected, side effects are consistent, and evidence is available for triage.",k6,"snowflake,data-cloud,data-quality,elt-pipeline,performance-threshold"
Snowflake,ELT Pipeline,SF-ELTPIP-0618,ELT Pipeline: version compatibility,Validate version compatibility for ELT Pipeline flow 0618,Regression,High,"Non-production Snowflake environment is available; ELT Pipeline is configured; test account, controlled input data, and required permissions are available.","1. Create or select controlled input set 0618. 2. Configure ELT Pipeline for the target condition. 3. Execute the operation using Python Connector. 4. Validate results, data changes, and policy behavior. 5. Run the negative or boundary variant. 6. Retain logs, traces, and evidence.","ELT Pipeline meets the defined contract for version compatibility; outputs are correct, unauthorized or invalid behavior is safely rejected, side effects are consistent, and evidence is available for triage.",Python Connector,"snowflake,data-cloud,data-quality,elt-pipeline,version-compatibility"
Snowflake,ELT Pipeline,SF-ELTPIP-0626,ELT Pipeline: idempotency,Validate idempotency for ELT Pipeline flow 0626,ETL,High,"Non-production Snowflake environment is available; ELT Pipeline is configured; test account, controlled input data, and required permissions are available.","1. Create or select controlled input set 0626. 2. Configure ELT Pipeline for the target condition. 3. Execute the operation using dbt Snowflake. 4. Validate results, data changes, and policy behavior. 5. Run the negative or boundary variant. 6. Retain logs, traces, and evidence.","ELT Pipeline meets the defined contract for idempotency; outputs are correct, unauthorized or invalid behavior is safely rejected, side effects are consistent, and evidence is available for triage.",dbt Snowflake,"snowflake,data-cloud,data-quality,elt-pipeline,idempotency"
Snowflake,ELT Pipeline,SF-ELTPIP-0634,ELT Pipeline: resource limits,Validate resource limits for ELT Pipeline flow 0634,Performance,High,"Non-production Snowflake environment is available; ELT Pipeline is configured; test account, controlled input data, and required permissions are available.","1. Create or select controlled input set 0634. 2. Configure ELT Pipeline for the target condition. 3. Execute the operation using JMeter. 4. Validate results, data changes, and policy behavior. 5. Run the negative or boundary variant. 6. Retain logs, traces, and evidence.","ELT Pipeline meets the defined contract for resource limits; outputs are correct, unauthorized or invalid behavior is safely rejected, side effects are consistent, and evidence is available for triage.",JMeter,"snowflake,data-cloud,data-quality,elt-pipeline,resource-limits"
Snowflake,ELT Pipeline,SF-ELTPIP-0642,ELT Pipeline: invalid-input handling,Validate invalid-input handling for ELT Pipeline flow 0642,Regression,High,"Non-production Snowflake environment is available; ELT Pipeline is configured; test account, controlled input data, and required permissions are available.","1. Create or select controlled input set 0642. 2. Configure ELT Pipeline for the target condition. 3. Execute the operation using SnowSQL. 4. Validate results, data changes, and policy behavior. 5. Run the negative or boundary variant. 6. Retain logs, traces, and evidence.","ELT Pipeline meets the defined contract for invalid-input handling; outputs are correct, unauthorized or invalid behavior is safely rejected, side effects are consistent, and evidence is available for triage.",SnowSQL,"snowflake,data-cloud,data-quality,elt-pipeline,invalid-input-handling"
Snowflake,ELT Pipeline,SF-ELTPIP-0650,ELT Pipeline: performance threshold,Validate performance threshold for ELT Pipeline flow 0650,ETL,High,"Non-production Snowflake environment is available; ELT Pipeline is configured; test account, controlled input data, and required permissions are available.","1. Create or select controlled input set 0650. 2. Configure ELT Pipeline for the target condition. 3. Execute the operation using k6. 4. Validate results, data changes, and policy behavior. 5. Run the negative or boundary variant. 6. Retain logs, traces, and evidence.","ELT Pipeline meets the defined contract for performance threshold; outputs are correct, unauthorized or invalid behavior is safely rejected, side effects are consistent, and evidence is available for triage.",k6,"snowflake,data-cloud,data-quality,elt-pipeline,performance-threshold"
Snowflake,ELT Pipeline,SF-ELTPIP-0658,ELT Pipeline: version compatibility,Validate version compatibility for ELT Pipeline flow 0658,Performance,High,"Non-production Snowflake environment is available; ELT Pipeline is configured; test account, controlled input data, and required permissions are available.","1. Create or select controlled input set 0658. 2. Configure ELT Pipeline for the target condition. 3. Execute the operation using Python Connector. 4. Validate results, data changes, and policy behavior. 5. Run the negative or boundary variant. 6. Retain logs, traces, and evidence.","ELT Pipeline meets the defined contract for version compatibility; outputs are correct, unauthorized or invalid behavior is safely rejected, side effects are consistent, and evidence is available for triage.",Python Connector,"snowflake,data-cloud,data-quality,elt-pipeline,version-compatibility"
Snowflake,ELT Pipeline,SF-ELTPIP-0666,ELT Pipeline: idempotency,Validate idempotency for ELT Pipeline flow 0666,Regression,High,"Non-production Snowflake environment is available; ELT Pipeline is configured; test account, controlled input data, and required permissions are available.","1. Create or select controlled input set 0666. 2. Configure ELT Pipeline for the target condition. 3. Execute the operation using dbt Snowflake. 4. Validate results, data changes, and policy behavior. 5. Run the negative or boundary variant. 6. Retain logs, traces, and evidence.","ELT Pipeline meets the defined contract for idempotency; outputs are correct, unauthorized or invalid behavior is safely rejected, side effects are consistent, and evidence is available for triage.",dbt Snowflake,"snowflake,data-cloud,data-quality,elt-pipeline,idempotency"
Snowflake,ELT Pipeline,SF-ELTPIP-0674,ELT Pipeline: resource limits,Validate resource limits for ELT Pipeline flow 0674,ETL,High,"Non-production Snowflake environment is available; ELT Pipeline is configured; test account, controlled input data, and required permissions are available.","1. Create or select controlled input set 0674. 2. Configure ELT Pipeline for the target condition. 3. Execute the operation using JMeter. 4. Validate results, data changes, and policy behavior. 5. Run the negative or boundary variant. 6. Retain logs, traces, and evidence.","ELT Pipeline meets the defined contract for resource limits; outputs are correct, unauthorized or invalid behavior is safely rejected, side effects are consistent, and evidence is available for triage.",JMeter,"snowflake,data-cloud,data-quality,elt-pipeline,resource-limits"
Snowflake,ELT Pipeline,SF-ELTPIP-0682,ELT Pipeline: invalid-input handling,Validate invalid-input handling for ELT Pipeline flow 0682,Performance,High,"Non-production Snowflake environment is available; ELT Pipeline is configured; test account, controlled input data, and required permissions are available.","1. Create or select controlled input set 0682. 2. Configure ELT Pipeline for the target condition. 3. Execute the operation using SnowSQL. 4. Validate results, data changes, and policy behavior. 5. Run the negative or boundary variant. 6. Retain logs, traces, and evidence.","ELT Pipeline meets the defined contract for invalid-input handling; outputs are correct, unauthorized or invalid behavior is safely rejected, side effects are consistent, and evidence is available for triage.",SnowSQL,"snowflake,data-cloud,data-quality,elt-pipeline,invalid-input-handling"
Snowflake,ELT Pipeline,SF-ELTPIP-0690,ELT Pipeline: performance threshold,Validate performance threshold for ELT Pipeline flow 0690,Regression,High,"Non-production Snowflake environment is available; ELT Pipeline is configured; test account, controlled input data, and required permissions are available.","1. Create or select controlled input set 0690. 2. Configure ELT Pipeline for the target condition. 3. Execute the operation using k6. 4. Validate results, data changes, and policy behavior. 5. Run the negative or boundary variant. 6. Retain logs, traces, and evidence.","ELT Pipeline meets the defined contract for performance threshold; outputs are correct, unauthorized or invalid behavior is safely rejected, side effects are consistent, and evidence is available for triage.",k6,"snowflake,data-cloud,data-quality,elt-pipeline,performance-threshold"
Snowflake,ELT Pipeline,SF-ELTPIP-0698,ELT Pipeline: version compatibility,Validate version compatibility for ELT Pipeline flow 0698,ETL,High,"Non-production Snowflake environment is available; ELT Pipeline is configured; test account, controlled input data, and required permissions are available.","1. Create or select controlled input set 0698. 2. Configure ELT Pipeline for the target condition. 3. Execute the operation using Python Connector. 4. Validate results, data changes, and policy behavior. 5. Run the negative or boundary variant. 6. Retain logs, traces, and evidence.","ELT Pipeline meets the defined contract for version compatibility; outputs are correct, unauthorized or invalid behavior is safely rejected, side effects are consistent, and evidence is available for triage.",Python Connector,"snowflake,data-cloud,data-quality,elt-pipeline,version-compatibility"
Snowflake,ELT Pipeline,SF-ELTPIP-0706,ELT Pipeline: idempotency,Validate idempotency for ELT Pipeline flow 0706,Performance,High,"Non-production Snowflake environment is available; ELT Pipeline is configured; test account, controlled input data, and required permissions are available.","1. Create or select controlled input set 0706. 2. Configure ELT Pipeline for the target condition. 3. Execute the operation using dbt Snowflake. 4. Validate results, data changes, and policy behavior. 5. Run the negative or boundary variant. 6. Retain logs, traces, and evidence.","ELT Pipeline meets the defined contract for idempotency; outputs are correct, unauthorized or invalid behavior is safely rejected, side effects are consistent, and evidence is available for triage.",dbt Snowflake,"snowflake,data-cloud,data-quality,elt-pipeline,idempotency"
Snowflake,ELT Pipeline,SF-ELTPIP-0714,ELT Pipeline: resource limits,Validate resource limits for ELT Pipeline flow 0714,Regression,High,"Non-production Snowflake environment is available; ELT Pipeline is configured; test account, controlled input data, and required permissions are available.","1. Create or select controlled input set 0714. 2. Configure ELT Pipeline for the target condition. 3. Execute the operation using JMeter. 4. Validate results, data changes, and policy behavior. 5. Run the negative or boundary variant. 6. Retain logs, traces, and evidence.","ELT Pipeline meets the defined contract for resource limits; outputs are correct, unauthorized or invalid behavior is safely rejected, side effects are consistent, and evidence is available for triage.",JMeter,"snowflake,data-cloud,data-quality,elt-pipeline,resource-limits"
Snowflake,ELT Pipeline,SF-ELTPIP-0722,ELT Pipeline: invalid-input handling,Validate invalid-input handling for ELT Pipeline flow 0722,ETL,High,"Non-production Snowflake environment is available; ELT Pipeline is configured; test account, controlled input data, and required permissions are available.","1. Create or select controlled input set 0722. 2. Configure ELT Pipeline for the target condition. 3. Execute the operation using SnowSQL. 4. Validate results, data changes, and policy behavior. 5. Run the negative or boundary variant. 6. Retain logs, traces, and evidence.","ELT Pipeline meets the defined contract for invalid-input handling; outputs are correct, unauthorized or invalid behavior is safely rejected, side effects are consistent, and evidence is available for triage.",SnowSQL,"snowflake,data-cloud,data-quality,elt-pipeline,invalid-input-handling"
Snowflake,ELT Pipeline,SF-ELTPIP-0730,ELT Pipeline: performance threshold,Validate performance threshold for ELT Pipeline flow 0730,Performance,High,"Non-production Snowflake environment is available; ELT Pipeline is configured; test account, controlled input data, and required permissions are available.","1. Create or select controlled input set 0730. 2. Configure ELT Pipeline for the target condition. 3. Execute the operation using k6. 4. Validate results, data changes, and policy behavior. 5. Run the negative or boundary variant. 6. Retain logs, traces, and evidence.","ELT Pipeline meets the defined contract for performance threshold; outputs are correct, unauthorized or invalid behavior is safely rejected, side effects are consistent, and evidence is available for triage.",k6,"snowflake,data-cloud,data-quality,elt-pipeline,performance-threshold"
Snowflake,ELT Pipeline,SF-ELTPIP-0738,ELT Pipeline: version compatibility,Validate version compatibility for ELT Pipeline flow 0738,Regression,High,"Non-production Snowflake environment is available; ELT Pipeline is configured; test account, controlled input data, and required permissions are available.","1. Create or select controlled input set 0738. 2. Configure ELT Pipeline for the target condition. 3. Execute the operation using Python Connector. 4. Validate results, data changes, and policy behavior. 5. Run the negative or boundary variant. 6. Retain logs, traces, and evidence.","ELT Pipeline meets the defined contract for version compatibility; outputs are correct, unauthorized or invalid behavior is safely rejected, side effects are consistent, and evidence is available for triage.",Python Connector,"snowflake,data-cloud,data-quality,elt-pipeline,version-compatibility"
Snowflake,ELT Pipeline,SF-ELTPIP-0746,ELT Pipeline: idempotency,Validate idempotency for ELT Pipeline flow 0746,ETL,High,"Non-production Snowflake environment is available; ELT Pipeline is configured; test account, controlled input data, and required permissions are available.","1. Create or select controlled input set 0746. 2. Configure ELT Pipeline for the target condition. 3. Execute the operation using dbt Snowflake. 4. Validate results, data changes, and policy behavior. 5. Run the negative or boundary variant. 6. Retain logs, traces, and evidence.","ELT Pipeline meets the defined contract for idempotency; outputs are correct, unauthorized or invalid behavior is safely rejected, side effects are consistent, and evidence is available for triage.",dbt Snowflake,"snowflake,data-cloud,data-quality,elt-pipeline,idempotency"
Snowflake,ELT Pipeline,SF-ELTPIP-0754,ELT Pipeline: resource limits,Validate resource limits for ELT Pipeline flow 0754,Performance,High,"Non-production Snowflake environment is available; ELT Pipeline is configured; test account, controlled input data, and required permissions are available.","1. Create or select controlled input set 0754. 2. Configure ELT Pipeline for the target condition. 3. Execute the operation using JMeter. 4. Validate results, data changes, and policy behavior. 5. Run the negative or boundary variant. 6. Retain logs, traces, and evidence.","ELT Pipeline meets the defined contract for resource limits; outputs are correct, unauthorized or invalid behavior is safely rejected, side effects are consistent, and evidence is available for triage.",JMeter,"snowflake,data-cloud,data-quality,elt-pipeline,resource-limits"
Snowflake,ELT Pipeline,SF-ELTPIP-0762,ELT Pipeline: invalid-input handling,Validate invalid-input handling for ELT Pipeline flow 0762,Regression,High,"Non-production Snowflake environment is available; ELT Pipeline is configured; test account, controlled input data, and required permissions are available.","1. Create or select controlled input set 0762. 2. Configure ELT Pipeline for the target condition. 3. Execute the operation using SnowSQL. 4. Validate results, data changes, and policy behavior. 5. Run the negative or boundary variant. 6. Retain logs, traces, and evidence.","ELT Pipeline meets the defined contract for invalid-input handling; outputs are correct, unauthorized or invalid behavior is safely rejected, side effects are consistent, and evidence is available for triage.",SnowSQL,"snowflake,data-cloud,data-quality,elt-pipeline,invalid-input-handling"
Snowflake,ELT Pipeline,SF-ELTPIP-0770,ELT Pipeline: performance threshold,Validate performance threshold for ELT Pipeline flow 0770,ETL,High,"Non-production Snowflake environment is available; ELT Pipeline is configured; test account, controlled input data, and required permissions are available.","1. Create or select controlled input set 0770. 2. Configure ELT Pipeline for the target condition. 3. Execute the operation using k6. 4. Validate results, data changes, and policy behavior. 5. Run the negative or boundary variant. 6. Retain logs, traces, and evidence.","ELT Pipeline meets the defined contract for performance threshold; outputs are correct, unauthorized or invalid behavior is safely rejected, side effects are consistent, and evidence is available for triage.",k6,"snowflake,data-cloud,data-quality,elt-pipeline,performance-threshold"
Snowflake,ELT Pipeline,SF-ELTPIP-0778,ELT Pipeline: version compatibility,Validate version compatibility for ELT Pipeline flow 0778,Performance,High,"Non-production Snowflake environment is available; ELT Pipeline is configured; test account, controlled input data, and required permissions are available.","1. Create or select controlled input set 0778. 2. Configure ELT Pipeline for the target condition. 3. Execute the operation using Python Connector. 4. Validate results, data changes, and policy behavior. 5. Run the negative or boundary variant. 6. Retain logs, traces, and evidence.","ELT Pipeline meets the defined contract for version compatibility; outputs are correct, unauthorized or invalid behavior is safely rejected, side effects are consistent, and evidence is available for triage.",Python Connector,"snowflake,data-cloud,data-quality,elt-pipeline,version-compatibility"
Snowflake,ELT Pipeline,SF-ELTPIP-0786,ELT Pipeline: idempotency,Validate idempotency for ELT Pipeline flow 0786,Regression,High,"Non-production Snowflake environment is available; ELT Pipeline is configured; test account, controlled input data, and required permissions are available.","1. Create or select controlled input set 0786. 2. Configure ELT Pipeline for the target condition. 3. Execute the operation using dbt Snowflake. 4. Validate results, data changes, and policy behavior. 5. Run the negative or boundary variant. 6. Retain logs, traces, and evidence.","ELT Pipeline meets the defined contract for idempotency; outputs are correct, unauthorized or invalid behavior is safely rejected, side effects are consistent, and evidence is available for triage.",dbt Snowflake,"snowflake,data-cloud,data-quality,elt-pipeline,idempotency"
Snowflake,ELT Pipeline,SF-ELTPIP-0794,ELT Pipeline: resource limits,Validate resource limits for ELT Pipeline flow 0794,ETL,High,"Non-production Snowflake environment is available; ELT Pipeline is configured; test account, controlled input data, and required permissions are available.","1. Create or select controlled input set 0794. 2. Configure ELT Pipeline for the target condition. 3. Execute the operation using JMeter. 4. Validate results, data changes, and policy behavior. 5. Run the negative or boundary variant. 6. Retain logs, traces, and evidence.","ELT Pipeline meets the defined contract for resource limits; outputs are correct, unauthorized or invalid behavior is safely rejected, side effects are consistent, and evidence is available for triage.",JMeter,"snowflake,data-cloud,data-quality,elt-pipeline,resource-limits"
Snowflake,ELT Pipeline,SF-ELTPIP-0802,ELT Pipeline: invalid-input handling,Validate invalid-input handling for ELT Pipeline flow 0802,Performance,High,"Non-production Snowflake environment is available; ELT Pipeline is configured; test account, controlled input data, and required permissions are available.","1. Create or select controlled input set 0802. 2. Configure ELT Pipeline for the target condition. 3. Execute the operation using SnowSQL. 4. Validate results, data changes, and policy behavior. 5. Run the negative or boundary variant. 6. Retain logs, traces, and evidence.","ELT Pipeline meets the defined contract for invalid-input handling; outputs are correct, unauthorized or invalid behavior is safely rejected, side effects are consistent, and evidence is available for triage.",SnowSQL,"snowflake,data-cloud,data-quality,elt-pipeline,invalid-input-handling"
Snowflake,ELT Pipeline,SF-ELTPIP-0810,ELT Pipeline: performance threshold,Validate performance threshold for ELT Pipeline flow 0810,Regression,High,"Non-production Snowflake environment is available; ELT Pipeline is configured; test account, controlled input data, and required permissions are available.","1. Create or select controlled input set 0810. 2. Configure ELT Pipeline for the target condition. 3. Execute the operation using k6. 4. Validate results, data changes, and policy behavior. 5. Run the negative or boundary variant. 6. Retain logs, traces, and evidence.","ELT Pipeline meets the defined contract for performance threshold; outputs are correct, unauthorized or invalid behavior is safely rejected, side effects are consistent, and evidence is available for triage.",k6,"snowflake,data-cloud,data-quality,elt-pipeline,performance-threshold"
Snowflake,ELT Pipeline,SF-ELTPIP-0818,ELT Pipeline: version compatibility,Validate version compatibility for ELT Pipeline flow 0818,ETL,High,"Non-production Snowflake environment is available; ELT Pipeline is configured; test account, controlled input data, and required permissions are available.","1. Create or select controlled input set 0818. 2. Configure ELT Pipeline for the target condition. 3. Execute the operation using Python Connector. 4. Validate results, data changes, and policy behavior. 5. Run the negative or boundary variant. 6. Retain logs, traces, and evidence.","ELT Pipeline meets the defined contract for version compatibility; outputs are correct, unauthorized or invalid behavior is safely rejected, side effects are consistent, and evidence is available for triage.",Python Connector,"snowflake,data-cloud,data-quality,elt-pipeline,version-compatibility"
Snowflake,ELT Pipeline,SF-ELTPIP-0826,ELT Pipeline: idempotency,Validate idempotency for ELT Pipeline flow 0826,Performance,High,"Non-production Snowflake environment is available; ELT Pipeline is configured; test account, controlled input data, and required permissions are available.","1. Create or select controlled input set 0826. 2. Configure ELT Pipeline for the target condition. 3. Execute the operation using dbt Snowflake. 4. Validate results, data changes, and policy behavior. 5. Run the negative or boundary variant. 6. Retain logs, traces, and evidence.","ELT Pipeline meets the defined contract for idempotency; outputs are correct, unauthorized or invalid behavior is safely rejected, side effects are consistent, and evidence is available for triage.",dbt Snowflake,"snowflake,data-cloud,data-quality,elt-pipeline,idempotency"
Snowflake,ELT Pipeline,SF-ELTPIP-0834,ELT Pipeline: resource limits,Validate resource limits for ELT Pipeline flow 0834,Regression,High,"Non-production Snowflake environment is available; ELT Pipeline is configured; test account, controlled input data, and required permissions are available.","1. Create or select controlled input set 0834. 2. Configure ELT Pipeline for the target condition. 3. Execute the operation using JMeter. 4. Validate results, data changes, and policy behavior. 5. Run the negative or boundary variant. 6. Retain logs, traces, and evidence.","ELT Pipeline meets the defined contract for resource limits; outputs are correct, unauthorized or invalid behavior is safely rejected, side effects are consistent, and evidence is available for triage.",JMeter,"snowflake,data-cloud,data-quality,elt-pipeline,resource-limits"
Snowflake,ELT Pipeline,SF-ELTPIP-0842,ELT Pipeline: invalid-input handling,Validate invalid-input handling for ELT Pipeline flow 0842,ETL,High,"Non-production Snowflake environment is available; ELT Pipeline is configured; test account, controlled input data, and required permissions are available.","1. Create or select controlled input set 0842. 2. Configure ELT Pipeline for the target condition. 3. Execute the operation using SnowSQL. 4. Validate results, data changes, and policy behavior. 5. Run the negative or boundary variant. 6. Retain logs, traces, and evidence.","ELT Pipeline meets the defined contract for invalid-input handling; outputs are correct, unauthorized or invalid behavior is safely rejected, side effects are consistent, and evidence is available for triage.",SnowSQL,"snowflake,data-cloud,data-quality,elt-pipeline,invalid-input-handling"
Snowflake,ELT Pipeline,SF-ELTPIP-0850,ELT Pipeline: performance threshold,Validate performance threshold for ELT Pipeline flow 0850,Performance,High,"Non-production Snowflake environment is available; ELT Pipeline is configured; test account, controlled input data, and required permissions are available.","1. Create or select controlled input set 0850. 2. Configure ELT Pipeline for the target condition. 3. Execute the operation using k6. 4. Validate results, data changes, and policy behavior. 5. Run the negative or boundary variant. 6. Retain logs, traces, and evidence.","ELT Pipeline meets the defined contract for performance threshold; outputs are correct, unauthorized or invalid behavior is safely rejected, side effects are consistent, and evidence is available for triage.",k6,"snowflake,data-cloud,data-quality,elt-pipeline,performance-threshold"
Snowflake,ELT Pipeline,SF-ELTPIP-0858,ELT Pipeline: version compatibility,Validate version compatibility for ELT Pipeline flow 0858,Regression,High,"Non-production Snowflake environment is available; ELT Pipeline is configured; test account, controlled input data, and required permissions are available.","1. Create or select controlled input set 0858. 2. Configure ELT Pipeline for the target condition. 3. Execute the operation using Python Connector. 4. Validate results, data changes, and policy behavior. 5. Run the negative or boundary variant. 6. Retain logs, traces, and evidence.","ELT Pipeline meets the defined contract for version compatibility; outputs are correct, unauthorized or invalid behavior is safely rejected, side effects are consistent, and evidence is available for triage.",Python Connector,"snowflake,data-cloud,data-quality,elt-pipeline,version-compatibility"
Snowflake,ELT Pipeline,SF-ELTPIP-0866,ELT Pipeline: idempotency,Validate idempotency for ELT Pipeline flow 0866,ETL,High,"Non-production Snowflake environment is available; ELT Pipeline is configured; test account, controlled input data, and required permissions are available.","1. Create or select controlled input set 0866. 2. Configure ELT Pipeline for the target condition. 3. Execute the operation using dbt Snowflake. 4. Validate results, data changes, and policy behavior. 5. Run the negative or boundary variant. 6. Retain logs, traces, and evidence.","ELT Pipeline meets the defined contract for idempotency; outputs are correct, unauthorized or invalid behavior is safely rejected, side effects are consistent, and evidence is available for triage.",dbt Snowflake,"snowflake,data-cloud,data-quality,elt-pipeline,idempotency"
Snowflake,ELT Pipeline,SF-ELTPIP-0874,ELT Pipeline: resource limits,Validate resource limits for ELT Pipeline flow 0874,Performance,High,"Non-production Snowflake environment is available; ELT Pipeline is configured; test account, controlled input data, and required permissions are available.","1. Create or select controlled input set 0874. 2. Configure ELT Pipeline for the target condition. 3. Execute the operation using JMeter. 4. Validate results, data changes, and policy behavior. 5. Run the negative or boundary variant. 6. Retain logs, traces, and evidence.","ELT Pipeline meets the defined contract for resource limits; outputs are correct, unauthorized or invalid behavior is safely rejected, side effects are consistent, and evidence is available for triage.",JMeter,"snowflake,data-cloud,data-quality,elt-pipeline,resource-limits"
Snowflake,ELT Pipeline,SF-ELTPIP-0882,ELT Pipeline: invalid-input handling,Validate invalid-input handling for ELT Pipeline flow 0882,Regression,High,"Non-production Snowflake environment is available; ELT Pipeline is configured; test account, controlled input data, and required permissions are available.","1. Create or select controlled input set 0882. 2. Configure ELT Pipeline for the target condition. 3. Execute the operation using SnowSQL. 4. Validate results, data changes, and policy behavior. 5. Run the negative or boundary variant. 6. Retain logs, traces, and evidence.","ELT Pipeline meets the defined contract for invalid-input handling; outputs are correct, unauthorized or invalid behavior is safely rejected, side effects are consistent, and evidence is available for triage.",SnowSQL,"snowflake,data-cloud,data-quality,elt-pipeline,invalid-input-handling"
Snowflake,ELT Pipeline,SF-ELTPIP-0890,ELT Pipeline: performance threshold,Validate performance threshold for ELT Pipeline flow 0890,ETL,High,"Non-production Snowflake environment is available; ELT Pipeline is configured; test account, controlled input data, and required permissions are available.","1. Create or select controlled input set 0890. 2. Configure ELT Pipeline for the target condition. 3. Execute the operation using k6. 4. Validate results, data changes, and policy behavior. 5. Run the negative or boundary variant. 6. Retain logs, traces, and evidence.","ELT Pipeline meets the defined contract for performance threshold; outputs are correct, unauthorized or invalid behavior is safely rejected, side effects are consistent, and evidence is available for triage.",k6,"snowflake,data-cloud,data-quality,elt-pipeline,performance-threshold"
Snowflake,ELT Pipeline,SF-ELTPIP-0898,ELT Pipeline: version compatibility,Validate version compatibility for ELT Pipeline flow 0898,Performance,High,"Non-production Snowflake environment is available; ELT Pipeline is configured; test account, controlled input data, and required permissions are available.","1. Create or select controlled input set 0898. 2. Configure ELT Pipeline for the target condition. 3. Execute the operation using Python Connector. 4. Validate results, data changes, and policy behavior. 5. Run the negative or boundary variant. 6. Retain logs, traces, and evidence.","ELT Pipeline meets the defined contract for version compatibility; outputs are correct, unauthorized or invalid behavior is safely rejected, side effects are consistent, and evidence is available for triage.",Python Connector,"snowflake,data-cloud,data-quality,elt-pipeline,version-compatibility"
Snowflake,ELT Pipeline,SF-ELTPIP-0906,ELT Pipeline: idempotency,Validate idempotency for ELT Pipeline flow 0906,Regression,High,"Non-production Snowflake environment is available; ELT Pipeline is configured; test account, controlled input data, and required permissions are available.","1. Create or select controlled input set 0906. 2. Configure ELT Pipeline for the target condition. 3. Execute the operation using dbt Snowflake. 4. Validate results, data changes, and policy behavior. 5. Run the negative or boundary variant. 6. Retain logs, traces, and evidence.","ELT Pipeline meets the defined contract for idempotency; outputs are correct, unauthorized or invalid behavior is safely rejected, side effects are consistent, and evidence is available for triage.",dbt Snowflake,"snowflake,data-cloud,data-quality,elt-pipeline,idempotency"
Snowflake,ELT Pipeline,SF-ELTPIP-0914,ELT Pipeline: resource limits,Validate resource limits for ELT Pipeline flow 0914,ETL,High,"Non-production Snowflake environment is available; ELT Pipeline is configured; test account, controlled input data, and required permissions are available.","1. Create or select controlled input set 0914. 2. Configure ELT Pipeline for the target condition. 3. Execute the operation using JMeter. 4. Validate results, data changes, and policy behavior. 5. Run the negative or boundary variant. 6. Retain logs, traces, and evidence.","ELT Pipeline meets the defined contract for resource limits; outputs are correct, unauthorized or invalid behavior is safely rejected, side effects are consistent, and evidence is available for triage.",JMeter,"snowflake,data-cloud,data-quality,elt-pipeline,resource-limits"
Snowflake,ELT Pipeline,SF-ELTPIP-0922,ELT Pipeline: invalid-input handling,Validate invalid-input handling for ELT Pipeline flow 0922,Performance,High,"Non-production Snowflake environment is available; ELT Pipeline is configured; test account, controlled input data, and required permissions are available.","1. Create or select controlled input set 0922. 2. Configure ELT Pipeline for the target condition. 3. Execute the operation using SnowSQL. 4. Validate results, data changes, and policy behavior. 5. Run the negative or boundary variant. 6. Retain logs, traces, and evidence.","ELT Pipeline meets the defined contract for invalid-input handling; outputs are correct, unauthorized or invalid behavior is safely rejected, side effects are consistent, and evidence is available for triage.",SnowSQL,"snowflake,data-cloud,data-quality,elt-pipeline,invalid-input-handling"
Snowflake,ELT Pipeline,SF-ELTPIP-0930,ELT Pipeline: performance threshold,Validate performance threshold for ELT Pipeline flow 0930,Regression,High,"Non-production Snowflake environment is available; ELT Pipeline is configured; test account, controlled input data, and required permissions are available.","1. Create or select controlled input set 0930. 2. Configure ELT Pipeline for the target condition. 3. Execute the operation using k6. 4. Validate results, data changes, and policy behavior. 5. Run the negative or boundary variant. 6. Retain logs, traces, and evidence.","ELT Pipeline meets the defined contract for performance threshold; outputs are correct, unauthorized or invalid behavior is safely rejected, side effects are consistent, and evidence is available for triage.",k6,"snowflake,data-cloud,data-quality,elt-pipeline,performance-threshold"
Snowflake,ELT Pipeline,SF-ELTPIP-0938,ELT Pipeline: version compatibility,Validate version compatibility for ELT Pipeline flow 0938,ETL,High,"Non-production Snowflake environment is available; ELT Pipeline is configured; test account, controlled input data, and required permissions are available.","1. Create or select controlled input set 0938. 2. Configure ELT Pipeline for the target condition. 3. Execute the operation using Python Connector. 4. Validate results, data changes, and policy behavior. 5. Run the negative or boundary variant. 6. Retain logs, traces, and evidence.","ELT Pipeline meets the defined contract for version compatibility; outputs are correct, unauthorized or invalid behavior is safely rejected, side effects are consistent, and evidence is available for triage.",Python Connector,"snowflake,data-cloud,data-quality,elt-pipeline,version-compatibility"
Snowflake,ELT Pipeline,SF-ELTPIP-0946,ELT Pipeline: idempotency,Validate idempotency for ELT Pipeline flow 0946,Performance,High,"Non-production Snowflake environment is available; ELT Pipeline is configured; test account, controlled input data, and required permissions are available.","1. Create or select controlled input set 0946. 2. Configure ELT Pipeline for the target condition. 3. Execute the operation using dbt Snowflake. 4. Validate results, data changes, and policy behavior. 5. Run the negative or boundary variant. 6. Retain logs, traces, and evidence.","ELT Pipeline meets the defined contract for idempotency; outputs are correct, unauthorized or invalid behavior is safely rejected, side effects are consistent, and evidence is available for triage.",dbt Snowflake,"snowflake,data-cloud,data-quality,elt-pipeline,idempotency"
Snowflake,ELT Pipeline,SF-ELTPIP-0954,ELT Pipeline: resource limits,Validate resource limits for ELT Pipeline flow 0954,Regression,High,"Non-production Snowflake environment is available; ELT Pipeline is configured; test account, controlled input data, and required permissions are available.","1. Create or select controlled input set 0954. 2. Configure ELT Pipeline for the target condition. 3. Execute the operation using JMeter. 4. Validate results, data changes, and policy behavior. 5. Run the negative or boundary variant. 6. Retain logs, traces, and evidence.","ELT Pipeline meets the defined contract for resource limits; outputs are correct, unauthorized or invalid behavior is safely rejected, side effects are consistent, and evidence is available for triage.",JMeter,"snowflake,data-cloud,data-quality,elt-pipeline,resource-limits"
Snowflake,ELT Pipeline,SF-ELTPIP-0962,ELT Pipeline: invalid-input handling,Validate invalid-input handling for ELT Pipeline flow 0962,ETL,High,"Non-production Snowflake environment is available; ELT Pipeline is configured; test account, controlled input data, and required permissions are available.","1. Create or select controlled input set 0962. 2. Configure ELT Pipeline for the target condition. 3. Execute the operation using SnowSQL. 4. Validate results, data changes, and policy behavior. 5. Run the negative or boundary variant. 6. Retain logs, traces, and evidence.","ELT Pipeline meets the defined contract for invalid-input handling; outputs are correct, unauthorized or invalid behavior is safely rejected, side effects are consistent, and evidence is available for triage.",SnowSQL,"snowflake,data-cloud,data-quality,elt-pipeline,invalid-input-handling"
Snowflake,ELT Pipeline,SF-ELTPIP-0970,ELT Pipeline: performance threshold,Validate performance threshold for ELT Pipeline flow 0970,Performance,High,"Non-production Snowflake environment is available; ELT Pipeline is configured; test account, controlled input data, and required permissions are available.","1. Create or select controlled input set 0970. 2. Configure ELT Pipeline for the target condition. 3. Execute the operation using k6. 4. Validate results, data changes, and policy behavior. 5. Run the negative or boundary variant. 6. Retain logs, traces, and evidence.","ELT Pipeline meets the defined contract for performance threshold; outputs are correct, unauthorized or invalid behavior is safely rejected, side effects are consistent, and evidence is available for triage.",k6,"snowflake,data-cloud,data-quality,elt-pipeline,performance-threshold"
Snowflake,ELT Pipeline,SF-ELTPIP-0978,ELT Pipeline: version compatibility,Validate version compatibility for ELT Pipeline flow 0978,Regression,High,"Non-production Snowflake environment is available; ELT Pipeline is configured; test account, controlled input data, and required permissions are available.","1. Create or select controlled input set 0978. 2. Configure ELT Pipeline for the target condition. 3. Execute the operation using Python Connector. 4. Validate results, data changes, and policy behavior. 5. Run the negative or boundary variant. 6. Retain logs, traces, and evidence.","ELT Pipeline meets the defined contract for version compatibility; outputs are correct, unauthorized or invalid behavior is safely rejected, side effects are consistent, and evidence is available for triage.",Python Connector,"snowflake,data-cloud,data-quality,elt-pipeline,version-compatibility"
Snowflake,ELT Pipeline,SF-ELTPIP-0986,ELT Pipeline: idempotency,Validate idempotency for ELT Pipeline flow 0986,ETL,High,"Non-production Snowflake environment is available; ELT Pipeline is configured; test account, controlled input data, and required permissions are available.","1. Create or select controlled input set 0986. 2. Configure ELT Pipeline for the target condition. 3. Execute the operation using dbt Snowflake. 4. Validate results, data changes, and policy behavior. 5. Run the negative or boundary variant. 6. Retain logs, traces, and evidence.","ELT Pipeline meets the defined contract for idempotency; outputs are correct, unauthorized or invalid behavior is safely rejected, side effects are consistent, and evidence is available for triage.",dbt Snowflake,"snowflake,data-cloud,data-quality,elt-pipeline,idempotency"
Snowflake,ELT Pipeline,SF-ELTPIP-0994,ELT Pipeline: resource limits,Validate resource limits for ELT Pipeline flow 0994,Performance,High,"Non-production Snowflake environment is available; ELT Pipeline is configured; test account, controlled input data, and required permissions are available.","1. Create or select controlled input set 0994. 2. Configure ELT Pipeline for the target condition. 3. Execute the operation using JMeter. 4. Validate results, data changes, and policy behavior. 5. Run the negative or boundary variant. 6. Retain logs, traces, and evidence.","ELT Pipeline meets the defined contract for resource limits; outputs are correct, unauthorized or invalid behavior is safely rejected, side effects are consistent, and evidence is available for triage.",JMeter,"snowflake,data-cloud,data-quality,elt-pipeline,resource-limits"
