product,module,test_case_id,test_scenario,test_case_name,test_type,priority,preconditions,test_steps,expected_result,automation_framework,tags
Supabase,Logs and Observability,SUPA-OBSERVAB-00001,Logs and Observability: correlate an API request across gateway database and function logs (clean baseline),Supabase: correlate an API request across gateway database and function logs with clean baseline,Functional,Medium,"Non-production tenant or isolated local fixture; synthetic records only; Use a disposable workspace, tenant, project, and versioned synthetic fixture. ","1. Create a disposable, versioned synthetic fixture: Use a disposable workspace, tenant, project, and versioned synthetic fixture. 2. Execute the platform workflow to correlate an API request across gateway database and function logs. 3. Capture the committed result, resource version, or run status. 4. Compare the result with the source fixture and the declared invariant. 5. Repeat or recover the operation when applicable; verify access, audit evidence, and side effects.","The platform must correctly correlate an API request across gateway database and function logs; the clean baseline condition follows the configured contract; valid state is preserved, invalid or unauthorized work is rejected or quarantined without silent loss, retries do not duplicate side effects, lineage and audit evidence remain available, and no production records or credentials are used.",Playwright + platform UI/API,"supabase-platform,market-platform,synthetic-data,observability,clean-baseline"
Supabase,Logs and Observability,SUPA-OBSERVAB-00002,Logs and Observability: filter logs by a stable synthetic request identifier (clean baseline),Supabase: filter logs by a stable synthetic request identifier with clean baseline,Functional,High,"Non-production tenant or isolated local fixture; synthetic records only; Use a disposable workspace, tenant, project, and versioned synthetic fixture. ","1. Create a disposable, versioned synthetic fixture: Use a disposable workspace, tenant, project, and versioned synthetic fixture. 2. Execute the platform workflow to filter logs by a stable synthetic request identifier. 3. Capture the committed result, resource version, or run status. 4. Compare the result with the source fixture and the declared invariant. 5. Repeat or recover the operation when applicable; verify access, audit evidence, and side effects.","The platform must correctly filter logs by a stable synthetic request identifier; the clean baseline condition follows the configured contract; valid state is preserved, invalid or unauthorized work is rejected or quarantined without silent loss, retries do not duplicate side effects, lineage and audit evidence remain available, and no production records or credentials are used.",Playwright + platform UI/API,"supabase-platform,market-platform,synthetic-data,observability,clean-baseline"
Supabase,Logs and Observability,SUPA-OBSERVAB-00003,Logs and Observability: redact access tokens and personal data from log output (clean baseline),Supabase: redact access tokens and personal data from log output with clean baseline,Functional,High,"Non-production tenant or isolated local fixture; synthetic records only; Use a disposable workspace, tenant, project, and versioned synthetic fixture. ","1. Create a disposable, versioned synthetic fixture: Use a disposable workspace, tenant, project, and versioned synthetic fixture. 2. Execute the platform workflow to redact access tokens and personal data from log output. 3. Capture the committed result, resource version, or run status. 4. Compare the result with the source fixture and the declared invariant. 5. Repeat or recover the operation when applicable; verify access, audit evidence, and side effects.","The platform must correctly redact access tokens and personal data from log output; the clean baseline condition follows the configured contract; valid state is preserved, invalid or unauthorized work is rejected or quarantined without silent loss, retries do not duplicate side effects, lineage and audit evidence remain available, and no production records or credentials are used.",Playwright + platform UI/API,"supabase-platform,market-platform,synthetic-data,observability,clean-baseline"
Supabase,Logs and Observability,SUPA-OBSERVAB-00004,Logs and Observability: alert when database connections exceed a configured threshold (clean baseline),Supabase: alert when database connections exceed a configured threshold with clean baseline,Functional,High,"Non-production tenant or isolated local fixture; synthetic records only; Use a disposable workspace, tenant, project, and versioned synthetic fixture. ","1. Create a disposable, versioned synthetic fixture: Use a disposable workspace, tenant, project, and versioned synthetic fixture. 2. Execute the platform workflow to alert when database connections exceed a configured threshold. 3. Capture the committed result, resource version, or run status. 4. Compare the result with the source fixture and the declared invariant. 5. Repeat or recover the operation when applicable; verify access, audit evidence, and side effects.","The platform must correctly alert when database connections exceed a configured threshold; the clean baseline condition follows the configured contract; valid state is preserved, invalid or unauthorized work is rejected or quarantined without silent loss, retries do not duplicate side effects, lineage and audit evidence remain available, and no production records or credentials are used.",Playwright + platform UI/API,"supabase-platform,market-platform,synthetic-data,observability,clean-baseline"
Supabase,Logs and Observability,SUPA-OBSERVAB-00005,Logs and Observability: inspect slow queries without exposing row values (clean baseline),Supabase: inspect slow queries without exposing row values with clean baseline,Functional,Medium,"Non-production tenant or isolated local fixture; synthetic records only; Use a disposable workspace, tenant, project, and versioned synthetic fixture. ","1. Create a disposable, versioned synthetic fixture: Use a disposable workspace, tenant, project, and versioned synthetic fixture. 2. Execute the platform workflow to inspect slow queries without exposing row values. 3. Capture the committed result, resource version, or run status. 4. Compare the result with the source fixture and the declared invariant. 5. Repeat or recover the operation when applicable; verify access, audit evidence, and side effects.","The platform must correctly inspect slow queries without exposing row values; the clean baseline condition follows the configured contract; valid state is preserved, invalid or unauthorized work is rejected or quarantined without silent loss, retries do not duplicate side effects, lineage and audit evidence remain available, and no production records or credentials are used.",Playwright + platform UI/API,"supabase-platform,market-platform,synthetic-data,observability,clean-baseline"
Supabase,Logs and Observability,SUPA-OBSERVAB-00006,Logs and Observability: verify log retention at the configured time boundary (clean baseline),Supabase: verify log retention at the configured time boundary with clean baseline,Functional,High,"Non-production tenant or isolated local fixture; synthetic records only; Use a disposable workspace, tenant, project, and versioned synthetic fixture. ","1. Create a disposable, versioned synthetic fixture: Use a disposable workspace, tenant, project, and versioned synthetic fixture. 2. Execute the platform workflow to verify log retention at the configured time boundary. 3. Capture the committed result, resource version, or run status. 4. Compare the result with the source fixture and the declared invariant. 5. Repeat or recover the operation when applicable; verify access, audit evidence, and side effects.","The platform must correctly verify log retention at the configured time boundary; the clean baseline condition follows the configured contract; valid state is preserved, invalid or unauthorized work is rejected or quarantined without silent loss, retries do not duplicate side effects, lineage and audit evidence remain available, and no production records or credentials are used.",Playwright + platform UI/API,"supabase-platform,market-platform,synthetic-data,observability,clean-baseline"
Supabase,Logs and Observability,SUPA-OBSERVAB-00007,Logs and Observability: preserve relevant diagnostics after a function retry (clean baseline),Supabase: preserve relevant diagnostics after a function retry with clean baseline,Functional,High,"Non-production tenant or isolated local fixture; synthetic records only; Use a disposable workspace, tenant, project, and versioned synthetic fixture. ","1. Create a disposable, versioned synthetic fixture: Use a disposable workspace, tenant, project, and versioned synthetic fixture. 2. Execute the platform workflow to preserve relevant diagnostics after a function retry. 3. Capture the committed result, resource version, or run status. 4. Compare the result with the source fixture and the declared invariant. 5. Repeat or recover the operation when applicable; verify access, audit evidence, and side effects.","The platform must correctly preserve relevant diagnostics after a function retry; the clean baseline condition follows the configured contract; valid state is preserved, invalid or unauthorized work is rejected or quarantined without silent loss, retries do not duplicate side effects, lineage and audit evidence remain available, and no production records or credentials are used.",Playwright + platform UI/API,"supabase-platform,market-platform,synthetic-data,observability,clean-baseline"
Supabase,Logs and Observability,SUPA-OBSERVAB-00008,Logs and Observability: restrict log access to authorized project members (clean baseline),Supabase: restrict log access to authorized project members with clean baseline,Functional,High,"Non-production tenant or isolated local fixture; synthetic records only; Use a disposable workspace, tenant, project, and versioned synthetic fixture. ","1. Create a disposable, versioned synthetic fixture: Use a disposable workspace, tenant, project, and versioned synthetic fixture. 2. Execute the platform workflow to restrict log access to authorized project members. 3. Capture the committed result, resource version, or run status. 4. Compare the result with the source fixture and the declared invariant. 5. Repeat or recover the operation when applicable; verify access, audit evidence, and side effects.","The platform must correctly restrict log access to authorized project members; the clean baseline condition follows the configured contract; valid state is preserved, invalid or unauthorized work is rejected or quarantined without silent loss, retries do not duplicate side effects, lineage and audit evidence remain available, and no production records or credentials are used.",Playwright + platform UI/API,"supabase-platform,market-platform,synthetic-data,observability,clean-baseline"
Supabase,Logs and Observability,SUPA-OBSERVAB-00009,Logs and Observability: export a bounded incident bundle with correlation identifiers (clean baseline),Supabase: export a bounded incident bundle with correlation identifiers with clean baseline,Functional,Medium,"Non-production tenant or isolated local fixture; synthetic records only; Use a disposable workspace, tenant, project, and versioned synthetic fixture. ","1. Create a disposable, versioned synthetic fixture: Use a disposable workspace, tenant, project, and versioned synthetic fixture. 2. Execute the platform workflow to export a bounded incident bundle with correlation identifiers. 3. Capture the committed result, resource version, or run status. 4. Compare the result with the source fixture and the declared invariant. 5. Repeat or recover the operation when applicable; verify access, audit evidence, and side effects.","The platform must correctly export a bounded incident bundle with correlation identifiers; the clean baseline condition follows the configured contract; valid state is preserved, invalid or unauthorized work is rejected or quarantined without silent loss, retries do not duplicate side effects, lineage and audit evidence remain available, and no production records or credentials are used.",Playwright + platform UI/API,"supabase-platform,market-platform,synthetic-data,observability,clean-baseline"
Supabase,Logs and Observability,SUPA-OBSERVAB-00010,Logs and Observability: reconcile database metrics with a synthetic workload interval (clean baseline),Supabase: reconcile database metrics with a synthetic workload interval with clean baseline,Functional,High,"Non-production tenant or isolated local fixture; synthetic records only; Use a disposable workspace, tenant, project, and versioned synthetic fixture. ","1. Create a disposable, versioned synthetic fixture: Use a disposable workspace, tenant, project, and versioned synthetic fixture. 2. Execute the platform workflow to reconcile database metrics with a synthetic workload interval. 3. Capture the committed result, resource version, or run status. 4. Compare the result with the source fixture and the declared invariant. 5. Repeat or recover the operation when applicable; verify access, audit evidence, and side effects.","The platform must correctly reconcile database metrics with a synthetic workload interval; the clean baseline condition follows the configured contract; valid state is preserved, invalid or unauthorized work is rejected or quarantined without silent loss, retries do not duplicate side effects, lineage and audit evidence remain available, and no production records or credentials are used.",Playwright + platform UI/API,"supabase-platform,market-platform,synthetic-data,observability,clean-baseline"
Supabase,Logs and Observability,SUPA-OBSERVAB-00011,Logs and Observability: correlate an API request across gateway database and function logs (empty input),Supabase: correlate an API request across gateway database and function logs with empty input,Functional,High,Non-production tenant or isolated local fixture; synthetic records only; Use an empty source or namespace and verify defined empty-result behavior. ,"1. Create a disposable, versioned synthetic fixture: Use an empty source or namespace and verify defined empty-result behavior. 2. Execute the platform workflow to correlate an API request across gateway database and function logs. 3. Capture the committed result, resource version, or run status. 4. Compare the result with the source fixture and the declared invariant. 5. Repeat or recover the operation when applicable; verify access, audit evidence, and side effects.","The platform must correctly correlate an API request across gateway database and function logs; the empty input condition follows the configured contract; valid state is preserved, invalid or unauthorized work is rejected or quarantined without silent loss, retries do not duplicate side effects, lineage and audit evidence remain available, and no production records or credentials are used.",Playwright + platform UI/API,"supabase-platform,market-platform,synthetic-data,observability,empty-input"
Supabase,Logs and Observability,SUPA-OBSERVAB-00012,Logs and Observability: filter logs by a stable synthetic request identifier (empty input),Supabase: filter logs by a stable synthetic request identifier with empty input,Functional,High,Non-production tenant or isolated local fixture; synthetic records only; Use an empty source or namespace and verify defined empty-result behavior. ,"1. Create a disposable, versioned synthetic fixture: Use an empty source or namespace and verify defined empty-result behavior. 2. Execute the platform workflow to filter logs by a stable synthetic request identifier. 3. Capture the committed result, resource version, or run status. 4. Compare the result with the source fixture and the declared invariant. 5. Repeat or recover the operation when applicable; verify access, audit evidence, and side effects.","The platform must correctly filter logs by a stable synthetic request identifier; the empty input condition follows the configured contract; valid state is preserved, invalid or unauthorized work is rejected or quarantined without silent loss, retries do not duplicate side effects, lineage and audit evidence remain available, and no production records or credentials are used.",Playwright + platform UI/API,"supabase-platform,market-platform,synthetic-data,observability,empty-input"
Supabase,Logs and Observability,SUPA-OBSERVAB-00013,Logs and Observability: redact access tokens and personal data from log output (empty input),Supabase: redact access tokens and personal data from log output with empty input,Functional,Medium,Non-production tenant or isolated local fixture; synthetic records only; Use an empty source or namespace and verify defined empty-result behavior. ,"1. Create a disposable, versioned synthetic fixture: Use an empty source or namespace and verify defined empty-result behavior. 2. Execute the platform workflow to redact access tokens and personal data from log output. 3. Capture the committed result, resource version, or run status. 4. Compare the result with the source fixture and the declared invariant. 5. Repeat or recover the operation when applicable; verify access, audit evidence, and side effects.","The platform must correctly redact access tokens and personal data from log output; the empty input condition follows the configured contract; valid state is preserved, invalid or unauthorized work is rejected or quarantined without silent loss, retries do not duplicate side effects, lineage and audit evidence remain available, and no production records or credentials are used.",Playwright + platform UI/API,"supabase-platform,market-platform,synthetic-data,observability,empty-input"
Supabase,Logs and Observability,SUPA-OBSERVAB-00014,Logs and Observability: alert when database connections exceed a configured threshold (empty input),Supabase: alert when database connections exceed a configured threshold with empty input,Functional,High,Non-production tenant or isolated local fixture; synthetic records only; Use an empty source or namespace and verify defined empty-result behavior. ,"1. Create a disposable, versioned synthetic fixture: Use an empty source or namespace and verify defined empty-result behavior. 2. Execute the platform workflow to alert when database connections exceed a configured threshold. 3. Capture the committed result, resource version, or run status. 4. Compare the result with the source fixture and the declared invariant. 5. Repeat or recover the operation when applicable; verify access, audit evidence, and side effects.","The platform must correctly alert when database connections exceed a configured threshold; the empty input condition follows the configured contract; valid state is preserved, invalid or unauthorized work is rejected or quarantined without silent loss, retries do not duplicate side effects, lineage and audit evidence remain available, and no production records or credentials are used.",Playwright + platform UI/API,"supabase-platform,market-platform,synthetic-data,observability,empty-input"
Supabase,Logs and Observability,SUPA-OBSERVAB-00015,Logs and Observability: inspect slow queries without exposing row values (empty input),Supabase: inspect slow queries without exposing row values with empty input,Functional,High,Non-production tenant or isolated local fixture; synthetic records only; Use an empty source or namespace and verify defined empty-result behavior. ,"1. Create a disposable, versioned synthetic fixture: Use an empty source or namespace and verify defined empty-result behavior. 2. Execute the platform workflow to inspect slow queries without exposing row values. 3. Capture the committed result, resource version, or run status. 4. Compare the result with the source fixture and the declared invariant. 5. Repeat or recover the operation when applicable; verify access, audit evidence, and side effects.","The platform must correctly inspect slow queries without exposing row values; the empty input condition follows the configured contract; valid state is preserved, invalid or unauthorized work is rejected or quarantined without silent loss, retries do not duplicate side effects, lineage and audit evidence remain available, and no production records or credentials are used.",Playwright + platform UI/API,"supabase-platform,market-platform,synthetic-data,observability,empty-input"
Supabase,Logs and Observability,SUPA-OBSERVAB-00016,Logs and Observability: verify log retention at the configured time boundary (empty input),Supabase: verify log retention at the configured time boundary with empty input,Functional,High,Non-production tenant or isolated local fixture; synthetic records only; Use an empty source or namespace and verify defined empty-result behavior. ,"1. Create a disposable, versioned synthetic fixture: Use an empty source or namespace and verify defined empty-result behavior. 2. Execute the platform workflow to verify log retention at the configured time boundary. 3. Capture the committed result, resource version, or run status. 4. Compare the result with the source fixture and the declared invariant. 5. Repeat or recover the operation when applicable; verify access, audit evidence, and side effects.","The platform must correctly verify log retention at the configured time boundary; the empty input condition follows the configured contract; valid state is preserved, invalid or unauthorized work is rejected or quarantined without silent loss, retries do not duplicate side effects, lineage and audit evidence remain available, and no production records or credentials are used.",Playwright + platform UI/API,"supabase-platform,market-platform,synthetic-data,observability,empty-input"
Supabase,Logs and Observability,SUPA-OBSERVAB-00017,Logs and Observability: preserve relevant diagnostics after a function retry (empty input),Supabase: preserve relevant diagnostics after a function retry with empty input,Functional,Medium,Non-production tenant or isolated local fixture; synthetic records only; Use an empty source or namespace and verify defined empty-result behavior. ,"1. Create a disposable, versioned synthetic fixture: Use an empty source or namespace and verify defined empty-result behavior. 2. Execute the platform workflow to preserve relevant diagnostics after a function retry. 3. Capture the committed result, resource version, or run status. 4. Compare the result with the source fixture and the declared invariant. 5. Repeat or recover the operation when applicable; verify access, audit evidence, and side effects.","The platform must correctly preserve relevant diagnostics after a function retry; the empty input condition follows the configured contract; valid state is preserved, invalid or unauthorized work is rejected or quarantined without silent loss, retries do not duplicate side effects, lineage and audit evidence remain available, and no production records or credentials are used.",Playwright + platform UI/API,"supabase-platform,market-platform,synthetic-data,observability,empty-input"
Supabase,Logs and Observability,SUPA-OBSERVAB-00018,Logs and Observability: restrict log access to authorized project members (empty input),Supabase: restrict log access to authorized project members with empty input,Functional,High,Non-production tenant or isolated local fixture; synthetic records only; Use an empty source or namespace and verify defined empty-result behavior. ,"1. Create a disposable, versioned synthetic fixture: Use an empty source or namespace and verify defined empty-result behavior. 2. Execute the platform workflow to restrict log access to authorized project members. 3. Capture the committed result, resource version, or run status. 4. Compare the result with the source fixture and the declared invariant. 5. Repeat or recover the operation when applicable; verify access, audit evidence, and side effects.","The platform must correctly restrict log access to authorized project members; the empty input condition follows the configured contract; valid state is preserved, invalid or unauthorized work is rejected or quarantined without silent loss, retries do not duplicate side effects, lineage and audit evidence remain available, and no production records or credentials are used.",Playwright + platform UI/API,"supabase-platform,market-platform,synthetic-data,observability,empty-input"
Supabase,Logs and Observability,SUPA-OBSERVAB-00019,Logs and Observability: export a bounded incident bundle with correlation identifiers (empty input),Supabase: export a bounded incident bundle with correlation identifiers with empty input,Functional,High,Non-production tenant or isolated local fixture; synthetic records only; Use an empty source or namespace and verify defined empty-result behavior. ,"1. Create a disposable, versioned synthetic fixture: Use an empty source or namespace and verify defined empty-result behavior. 2. Execute the platform workflow to export a bounded incident bundle with correlation identifiers. 3. Capture the committed result, resource version, or run status. 4. Compare the result with the source fixture and the declared invariant. 5. Repeat or recover the operation when applicable; verify access, audit evidence, and side effects.","The platform must correctly export a bounded incident bundle with correlation identifiers; the empty input condition follows the configured contract; valid state is preserved, invalid or unauthorized work is rejected or quarantined without silent loss, retries do not duplicate side effects, lineage and audit evidence remain available, and no production records or credentials are used.",Playwright + platform UI/API,"supabase-platform,market-platform,synthetic-data,observability,empty-input"
Supabase,Logs and Observability,SUPA-OBSERVAB-00020,Logs and Observability: reconcile database metrics with a synthetic workload interval (empty input),Supabase: reconcile database metrics with a synthetic workload interval with empty input,Functional,High,Non-production tenant or isolated local fixture; synthetic records only; Use an empty source or namespace and verify defined empty-result behavior. ,"1. Create a disposable, versioned synthetic fixture: Use an empty source or namespace and verify defined empty-result behavior. 2. Execute the platform workflow to reconcile database metrics with a synthetic workload interval. 3. Capture the committed result, resource version, or run status. 4. Compare the result with the source fixture and the declared invariant. 5. Repeat or recover the operation when applicable; verify access, audit evidence, and side effects.","The platform must correctly reconcile database metrics with a synthetic workload interval; the empty input condition follows the configured contract; valid state is preserved, invalid or unauthorized work is rejected or quarantined without silent loss, retries do not duplicate side effects, lineage and audit evidence remain available, and no production records or credentials are used.",Playwright + platform UI/API,"supabase-platform,market-platform,synthetic-data,observability,empty-input"
Supabase,Logs and Observability,SUPA-OBSERVAB-00021,Logs and Observability: correlate an API request across gateway database and function logs (single record),Supabase: correlate an API request across gateway database and function logs with single record,Functional,Medium,Non-production tenant or isolated local fixture; synthetic records only; Use one valid synthetic record and verify the smallest non-empty result. ,"1. Create a disposable, versioned synthetic fixture: Use one valid synthetic record and verify the smallest non-empty result. 2. Execute the platform workflow to correlate an API request across gateway database and function logs. 3. Capture the committed result, resource version, or run status. 4. Compare the result with the source fixture and the declared invariant. 5. Repeat or recover the operation when applicable; verify access, audit evidence, and side effects.","The platform must correctly correlate an API request across gateway database and function logs; the single record condition follows the configured contract; valid state is preserved, invalid or unauthorized work is rejected or quarantined without silent loss, retries do not duplicate side effects, lineage and audit evidence remain available, and no production records or credentials are used.",Playwright + platform UI/API,"supabase-platform,market-platform,synthetic-data,observability,single-record"
Supabase,Logs and Observability,SUPA-OBSERVAB-00022,Logs and Observability: filter logs by a stable synthetic request identifier (single record),Supabase: filter logs by a stable synthetic request identifier with single record,Functional,High,Non-production tenant or isolated local fixture; synthetic records only; Use one valid synthetic record and verify the smallest non-empty result. ,"1. Create a disposable, versioned synthetic fixture: Use one valid synthetic record and verify the smallest non-empty result. 2. Execute the platform workflow to filter logs by a stable synthetic request identifier. 3. Capture the committed result, resource version, or run status. 4. Compare the result with the source fixture and the declared invariant. 5. Repeat or recover the operation when applicable; verify access, audit evidence, and side effects.","The platform must correctly filter logs by a stable synthetic request identifier; the single record condition follows the configured contract; valid state is preserved, invalid or unauthorized work is rejected or quarantined without silent loss, retries do not duplicate side effects, lineage and audit evidence remain available, and no production records or credentials are used.",Playwright + platform UI/API,"supabase-platform,market-platform,synthetic-data,observability,single-record"
Supabase,Logs and Observability,SUPA-OBSERVAB-00023,Logs and Observability: redact access tokens and personal data from log output (single record),Supabase: redact access tokens and personal data from log output with single record,Functional,High,Non-production tenant or isolated local fixture; synthetic records only; Use one valid synthetic record and verify the smallest non-empty result. ,"1. Create a disposable, versioned synthetic fixture: Use one valid synthetic record and verify the smallest non-empty result. 2. Execute the platform workflow to redact access tokens and personal data from log output. 3. Capture the committed result, resource version, or run status. 4. Compare the result with the source fixture and the declared invariant. 5. Repeat or recover the operation when applicable; verify access, audit evidence, and side effects.","The platform must correctly redact access tokens and personal data from log output; the single record condition follows the configured contract; valid state is preserved, invalid or unauthorized work is rejected or quarantined without silent loss, retries do not duplicate side effects, lineage and audit evidence remain available, and no production records or credentials are used.",Playwright + platform UI/API,"supabase-platform,market-platform,synthetic-data,observability,single-record"
Supabase,Logs and Observability,SUPA-OBSERVAB-00024,Logs and Observability: alert when database connections exceed a configured threshold (single record),Supabase: alert when database connections exceed a configured threshold with single record,Functional,High,Non-production tenant or isolated local fixture; synthetic records only; Use one valid synthetic record and verify the smallest non-empty result. ,"1. Create a disposable, versioned synthetic fixture: Use one valid synthetic record and verify the smallest non-empty result. 2. Execute the platform workflow to alert when database connections exceed a configured threshold. 3. Capture the committed result, resource version, or run status. 4. Compare the result with the source fixture and the declared invariant. 5. Repeat or recover the operation when applicable; verify access, audit evidence, and side effects.","The platform must correctly alert when database connections exceed a configured threshold; the single record condition follows the configured contract; valid state is preserved, invalid or unauthorized work is rejected or quarantined without silent loss, retries do not duplicate side effects, lineage and audit evidence remain available, and no production records or credentials are used.",Playwright + platform UI/API,"supabase-platform,market-platform,synthetic-data,observability,single-record"
Supabase,Logs and Observability,SUPA-OBSERVAB-00025,Logs and Observability: inspect slow queries without exposing row values (single record),Supabase: inspect slow queries without exposing row values with single record,Functional,Medium,Non-production tenant or isolated local fixture; synthetic records only; Use one valid synthetic record and verify the smallest non-empty result. ,"1. Create a disposable, versioned synthetic fixture: Use one valid synthetic record and verify the smallest non-empty result. 2. Execute the platform workflow to inspect slow queries without exposing row values. 3. Capture the committed result, resource version, or run status. 4. Compare the result with the source fixture and the declared invariant. 5. Repeat or recover the operation when applicable; verify access, audit evidence, and side effects.","The platform must correctly inspect slow queries without exposing row values; the single record condition follows the configured contract; valid state is preserved, invalid or unauthorized work is rejected or quarantined without silent loss, retries do not duplicate side effects, lineage and audit evidence remain available, and no production records or credentials are used.",Playwright + platform UI/API,"supabase-platform,market-platform,synthetic-data,observability,single-record"
Supabase,Logs and Observability,SUPA-OBSERVAB-00026,Logs and Observability: verify log retention at the configured time boundary (single record),Supabase: verify log retention at the configured time boundary with single record,Functional,High,Non-production tenant or isolated local fixture; synthetic records only; Use one valid synthetic record and verify the smallest non-empty result. ,"1. Create a disposable, versioned synthetic fixture: Use one valid synthetic record and verify the smallest non-empty result. 2. Execute the platform workflow to verify log retention at the configured time boundary. 3. Capture the committed result, resource version, or run status. 4. Compare the result with the source fixture and the declared invariant. 5. Repeat or recover the operation when applicable; verify access, audit evidence, and side effects.","The platform must correctly verify log retention at the configured time boundary; the single record condition follows the configured contract; valid state is preserved, invalid or unauthorized work is rejected or quarantined without silent loss, retries do not duplicate side effects, lineage and audit evidence remain available, and no production records or credentials are used.",Playwright + platform UI/API,"supabase-platform,market-platform,synthetic-data,observability,single-record"
Supabase,Logs and Observability,SUPA-OBSERVAB-00027,Logs and Observability: preserve relevant diagnostics after a function retry (single record),Supabase: preserve relevant diagnostics after a function retry with single record,Functional,High,Non-production tenant or isolated local fixture; synthetic records only; Use one valid synthetic record and verify the smallest non-empty result. ,"1. Create a disposable, versioned synthetic fixture: Use one valid synthetic record and verify the smallest non-empty result. 2. Execute the platform workflow to preserve relevant diagnostics after a function retry. 3. Capture the committed result, resource version, or run status. 4. Compare the result with the source fixture and the declared invariant. 5. Repeat or recover the operation when applicable; verify access, audit evidence, and side effects.","The platform must correctly preserve relevant diagnostics after a function retry; the single record condition follows the configured contract; valid state is preserved, invalid or unauthorized work is rejected or quarantined without silent loss, retries do not duplicate side effects, lineage and audit evidence remain available, and no production records or credentials are used.",Playwright + platform UI/API,"supabase-platform,market-platform,synthetic-data,observability,single-record"
Supabase,Logs and Observability,SUPA-OBSERVAB-00028,Logs and Observability: restrict log access to authorized project members (single record),Supabase: restrict log access to authorized project members with single record,Functional,High,Non-production tenant or isolated local fixture; synthetic records only; Use one valid synthetic record and verify the smallest non-empty result. ,"1. Create a disposable, versioned synthetic fixture: Use one valid synthetic record and verify the smallest non-empty result. 2. Execute the platform workflow to restrict log access to authorized project members. 3. Capture the committed result, resource version, or run status. 4. Compare the result with the source fixture and the declared invariant. 5. Repeat or recover the operation when applicable; verify access, audit evidence, and side effects.","The platform must correctly restrict log access to authorized project members; the single record condition follows the configured contract; valid state is preserved, invalid or unauthorized work is rejected or quarantined without silent loss, retries do not duplicate side effects, lineage and audit evidence remain available, and no production records or credentials are used.",Playwright + platform UI/API,"supabase-platform,market-platform,synthetic-data,observability,single-record"
Supabase,Logs and Observability,SUPA-OBSERVAB-00029,Logs and Observability: export a bounded incident bundle with correlation identifiers (single record),Supabase: export a bounded incident bundle with correlation identifiers with single record,Functional,Medium,Non-production tenant or isolated local fixture; synthetic records only; Use one valid synthetic record and verify the smallest non-empty result. ,"1. Create a disposable, versioned synthetic fixture: Use one valid synthetic record and verify the smallest non-empty result. 2. Execute the platform workflow to export a bounded incident bundle with correlation identifiers. 3. Capture the committed result, resource version, or run status. 4. Compare the result with the source fixture and the declared invariant. 5. Repeat or recover the operation when applicable; verify access, audit evidence, and side effects.","The platform must correctly export a bounded incident bundle with correlation identifiers; the single record condition follows the configured contract; valid state is preserved, invalid or unauthorized work is rejected or quarantined without silent loss, retries do not duplicate side effects, lineage and audit evidence remain available, and no production records or credentials are used.",Playwright + platform UI/API,"supabase-platform,market-platform,synthetic-data,observability,single-record"
Supabase,Logs and Observability,SUPA-OBSERVAB-00030,Logs and Observability: reconcile database metrics with a synthetic workload interval (single record),Supabase: reconcile database metrics with a synthetic workload interval with single record,Functional,High,Non-production tenant or isolated local fixture; synthetic records only; Use one valid synthetic record and verify the smallest non-empty result. ,"1. Create a disposable, versioned synthetic fixture: Use one valid synthetic record and verify the smallest non-empty result. 2. Execute the platform workflow to reconcile database metrics with a synthetic workload interval. 3. Capture the committed result, resource version, or run status. 4. Compare the result with the source fixture and the declared invariant. 5. Repeat or recover the operation when applicable; verify access, audit evidence, and side effects.","The platform must correctly reconcile database metrics with a synthetic workload interval; the single record condition follows the configured contract; valid state is preserved, invalid or unauthorized work is rejected or quarantined without silent loss, retries do not duplicate side effects, lineage and audit evidence remain available, and no production records or credentials are used.",Playwright + platform UI/API,"supabase-platform,market-platform,synthetic-data,observability,single-record"
Supabase,Logs and Observability,SUPA-OBSERVAB-00031,Logs and Observability: correlate an API request across gateway database and function logs (duplicate key),Supabase: correlate an API request across gateway database and function logs with duplicate key,Functional,High,Non-production tenant or isolated local fixture; synthetic records only; Submit a duplicate business key and verify the declared deduplication or rejection rule. ,"1. Create a disposable, versioned synthetic fixture: Submit a duplicate business key and verify the declared deduplication or rejection rule. 2. Execute the platform workflow to correlate an API request across gateway database and function logs. 3. Capture the committed result, resource version, or run status. 4. Compare the result with the source fixture and the declared invariant. 5. Repeat or recover the operation when applicable; verify access, audit evidence, and side effects.","The platform must correctly correlate an API request across gateway database and function logs; the duplicate key condition follows the configured contract; valid state is preserved, invalid or unauthorized work is rejected or quarantined without silent loss, retries do not duplicate side effects, lineage and audit evidence remain available, and no production records or credentials are used.",Playwright + platform UI/API,"supabase-platform,market-platform,synthetic-data,observability,duplicate-key"
Supabase,Logs and Observability,SUPA-OBSERVAB-00032,Logs and Observability: filter logs by a stable synthetic request identifier (duplicate key),Supabase: filter logs by a stable synthetic request identifier with duplicate key,Functional,High,Non-production tenant or isolated local fixture; synthetic records only; Submit a duplicate business key and verify the declared deduplication or rejection rule. ,"1. Create a disposable, versioned synthetic fixture: Submit a duplicate business key and verify the declared deduplication or rejection rule. 2. Execute the platform workflow to filter logs by a stable synthetic request identifier. 3. Capture the committed result, resource version, or run status. 4. Compare the result with the source fixture and the declared invariant. 5. Repeat or recover the operation when applicable; verify access, audit evidence, and side effects.","The platform must correctly filter logs by a stable synthetic request identifier; the duplicate key condition follows the configured contract; valid state is preserved, invalid or unauthorized work is rejected or quarantined without silent loss, retries do not duplicate side effects, lineage and audit evidence remain available, and no production records or credentials are used.",Playwright + platform UI/API,"supabase-platform,market-platform,synthetic-data,observability,duplicate-key"
Supabase,Logs and Observability,SUPA-OBSERVAB-00033,Logs and Observability: redact access tokens and personal data from log output (duplicate key),Supabase: redact access tokens and personal data from log output with duplicate key,Functional,Medium,Non-production tenant or isolated local fixture; synthetic records only; Submit a duplicate business key and verify the declared deduplication or rejection rule. ,"1. Create a disposable, versioned synthetic fixture: Submit a duplicate business key and verify the declared deduplication or rejection rule. 2. Execute the platform workflow to redact access tokens and personal data from log output. 3. Capture the committed result, resource version, or run status. 4. Compare the result with the source fixture and the declared invariant. 5. Repeat or recover the operation when applicable; verify access, audit evidence, and side effects.","The platform must correctly redact access tokens and personal data from log output; the duplicate key condition follows the configured contract; valid state is preserved, invalid or unauthorized work is rejected or quarantined without silent loss, retries do not duplicate side effects, lineage and audit evidence remain available, and no production records or credentials are used.",Playwright + platform UI/API,"supabase-platform,market-platform,synthetic-data,observability,duplicate-key"
Supabase,Logs and Observability,SUPA-OBSERVAB-00034,Logs and Observability: alert when database connections exceed a configured threshold (duplicate key),Supabase: alert when database connections exceed a configured threshold with duplicate key,Functional,High,Non-production tenant or isolated local fixture; synthetic records only; Submit a duplicate business key and verify the declared deduplication or rejection rule. ,"1. Create a disposable, versioned synthetic fixture: Submit a duplicate business key and verify the declared deduplication or rejection rule. 2. Execute the platform workflow to alert when database connections exceed a configured threshold. 3. Capture the committed result, resource version, or run status. 4. Compare the result with the source fixture and the declared invariant. 5. Repeat or recover the operation when applicable; verify access, audit evidence, and side effects.","The platform must correctly alert when database connections exceed a configured threshold; the duplicate key condition follows the configured contract; valid state is preserved, invalid or unauthorized work is rejected or quarantined without silent loss, retries do not duplicate side effects, lineage and audit evidence remain available, and no production records or credentials are used.",Playwright + platform UI/API,"supabase-platform,market-platform,synthetic-data,observability,duplicate-key"
Supabase,Logs and Observability,SUPA-OBSERVAB-00035,Logs and Observability: inspect slow queries without exposing row values (duplicate key),Supabase: inspect slow queries without exposing row values with duplicate key,Functional,High,Non-production tenant or isolated local fixture; synthetic records only; Submit a duplicate business key and verify the declared deduplication or rejection rule. ,"1. Create a disposable, versioned synthetic fixture: Submit a duplicate business key and verify the declared deduplication or rejection rule. 2. Execute the platform workflow to inspect slow queries without exposing row values. 3. Capture the committed result, resource version, or run status. 4. Compare the result with the source fixture and the declared invariant. 5. Repeat or recover the operation when applicable; verify access, audit evidence, and side effects.","The platform must correctly inspect slow queries without exposing row values; the duplicate key condition follows the configured contract; valid state is preserved, invalid or unauthorized work is rejected or quarantined without silent loss, retries do not duplicate side effects, lineage and audit evidence remain available, and no production records or credentials are used.",Playwright + platform UI/API,"supabase-platform,market-platform,synthetic-data,observability,duplicate-key"
Supabase,Logs and Observability,SUPA-OBSERVAB-00036,Logs and Observability: verify log retention at the configured time boundary (duplicate key),Supabase: verify log retention at the configured time boundary with duplicate key,Functional,High,Non-production tenant or isolated local fixture; synthetic records only; Submit a duplicate business key and verify the declared deduplication or rejection rule. ,"1. Create a disposable, versioned synthetic fixture: Submit a duplicate business key and verify the declared deduplication or rejection rule. 2. Execute the platform workflow to verify log retention at the configured time boundary. 3. Capture the committed result, resource version, or run status. 4. Compare the result with the source fixture and the declared invariant. 5. Repeat or recover the operation when applicable; verify access, audit evidence, and side effects.","The platform must correctly verify log retention at the configured time boundary; the duplicate key condition follows the configured contract; valid state is preserved, invalid or unauthorized work is rejected or quarantined without silent loss, retries do not duplicate side effects, lineage and audit evidence remain available, and no production records or credentials are used.",Playwright + platform UI/API,"supabase-platform,market-platform,synthetic-data,observability,duplicate-key"
Supabase,Logs and Observability,SUPA-OBSERVAB-00037,Logs and Observability: preserve relevant diagnostics after a function retry (duplicate key),Supabase: preserve relevant diagnostics after a function retry with duplicate key,Functional,Medium,Non-production tenant or isolated local fixture; synthetic records only; Submit a duplicate business key and verify the declared deduplication or rejection rule. ,"1. Create a disposable, versioned synthetic fixture: Submit a duplicate business key and verify the declared deduplication or rejection rule. 2. Execute the platform workflow to preserve relevant diagnostics after a function retry. 3. Capture the committed result, resource version, or run status. 4. Compare the result with the source fixture and the declared invariant. 5. Repeat or recover the operation when applicable; verify access, audit evidence, and side effects.","The platform must correctly preserve relevant diagnostics after a function retry; the duplicate key condition follows the configured contract; valid state is preserved, invalid or unauthorized work is rejected or quarantined without silent loss, retries do not duplicate side effects, lineage and audit evidence remain available, and no production records or credentials are used.",Playwright + platform UI/API,"supabase-platform,market-platform,synthetic-data,observability,duplicate-key"
Supabase,Logs and Observability,SUPA-OBSERVAB-00038,Logs and Observability: restrict log access to authorized project members (duplicate key),Supabase: restrict log access to authorized project members with duplicate key,Functional,High,Non-production tenant or isolated local fixture; synthetic records only; Submit a duplicate business key and verify the declared deduplication or rejection rule. ,"1. Create a disposable, versioned synthetic fixture: Submit a duplicate business key and verify the declared deduplication or rejection rule. 2. Execute the platform workflow to restrict log access to authorized project members. 3. Capture the committed result, resource version, or run status. 4. Compare the result with the source fixture and the declared invariant. 5. Repeat or recover the operation when applicable; verify access, audit evidence, and side effects.","The platform must correctly restrict log access to authorized project members; the duplicate key condition follows the configured contract; valid state is preserved, invalid or unauthorized work is rejected or quarantined without silent loss, retries do not duplicate side effects, lineage and audit evidence remain available, and no production records or credentials are used.",Playwright + platform UI/API,"supabase-platform,market-platform,synthetic-data,observability,duplicate-key"
Supabase,Logs and Observability,SUPA-OBSERVAB-00039,Logs and Observability: export a bounded incident bundle with correlation identifiers (duplicate key),Supabase: export a bounded incident bundle with correlation identifiers with duplicate key,Functional,High,Non-production tenant or isolated local fixture; synthetic records only; Submit a duplicate business key and verify the declared deduplication or rejection rule. ,"1. Create a disposable, versioned synthetic fixture: Submit a duplicate business key and verify the declared deduplication or rejection rule. 2. Execute the platform workflow to export a bounded incident bundle with correlation identifiers. 3. Capture the committed result, resource version, or run status. 4. Compare the result with the source fixture and the declared invariant. 5. Repeat or recover the operation when applicable; verify access, audit evidence, and side effects.","The platform must correctly export a bounded incident bundle with correlation identifiers; the duplicate key condition follows the configured contract; valid state is preserved, invalid or unauthorized work is rejected or quarantined without silent loss, retries do not duplicate side effects, lineage and audit evidence remain available, and no production records or credentials are used.",Playwright + platform UI/API,"supabase-platform,market-platform,synthetic-data,observability,duplicate-key"
Supabase,Logs and Observability,SUPA-OBSERVAB-00040,Logs and Observability: reconcile database metrics with a synthetic workload interval (duplicate key),Supabase: reconcile database metrics with a synthetic workload interval with duplicate key,Functional,High,Non-production tenant or isolated local fixture; synthetic records only; Submit a duplicate business key and verify the declared deduplication or rejection rule. ,"1. Create a disposable, versioned synthetic fixture: Submit a duplicate business key and verify the declared deduplication or rejection rule. 2. Execute the platform workflow to reconcile database metrics with a synthetic workload interval. 3. Capture the committed result, resource version, or run status. 4. Compare the result with the source fixture and the declared invariant. 5. Repeat or recover the operation when applicable; verify access, audit evidence, and side effects.","The platform must correctly reconcile database metrics with a synthetic workload interval; the duplicate key condition follows the configured contract; valid state is preserved, invalid or unauthorized work is rejected or quarantined without silent loss, retries do not duplicate side effects, lineage and audit evidence remain available, and no production records or credentials are used.",Playwright + platform UI/API,"supabase-platform,market-platform,synthetic-data,observability,duplicate-key"
Supabase,Logs and Observability,SUPA-OBSERVAB-00041,Logs and Observability: correlate an API request across gateway database and function logs (nullable optional field),Supabase: correlate an API request across gateway database and function logs with nullable optional field,Functional,Medium,Non-production tenant or isolated local fixture; synthetic records only; Set optional fields to null while retaining all required identifiers. ,"1. Create a disposable, versioned synthetic fixture: Set optional fields to null while retaining all required identifiers. 2. Execute the platform workflow to correlate an API request across gateway database and function logs. 3. Capture the committed result, resource version, or run status. 4. Compare the result with the source fixture and the declared invariant. 5. Repeat or recover the operation when applicable; verify access, audit evidence, and side effects.","The platform must correctly correlate an API request across gateway database and function logs; the nullable optional field condition follows the configured contract; valid state is preserved, invalid or unauthorized work is rejected or quarantined without silent loss, retries do not duplicate side effects, lineage and audit evidence remain available, and no production records or credentials are used.",Playwright + platform UI/API,"supabase-platform,market-platform,synthetic-data,observability,nullable-optional-field"
Supabase,Logs and Observability,SUPA-OBSERVAB-00042,Logs and Observability: filter logs by a stable synthetic request identifier (nullable optional field),Supabase: filter logs by a stable synthetic request identifier with nullable optional field,Functional,High,Non-production tenant or isolated local fixture; synthetic records only; Set optional fields to null while retaining all required identifiers. ,"1. Create a disposable, versioned synthetic fixture: Set optional fields to null while retaining all required identifiers. 2. Execute the platform workflow to filter logs by a stable synthetic request identifier. 3. Capture the committed result, resource version, or run status. 4. Compare the result with the source fixture and the declared invariant. 5. Repeat or recover the operation when applicable; verify access, audit evidence, and side effects.","The platform must correctly filter logs by a stable synthetic request identifier; the nullable optional field condition follows the configured contract; valid state is preserved, invalid or unauthorized work is rejected or quarantined without silent loss, retries do not duplicate side effects, lineage and audit evidence remain available, and no production records or credentials are used.",Playwright + platform UI/API,"supabase-platform,market-platform,synthetic-data,observability,nullable-optional-field"
Supabase,Logs and Observability,SUPA-OBSERVAB-00043,Logs and Observability: redact access tokens and personal data from log output (nullable optional field),Supabase: redact access tokens and personal data from log output with nullable optional field,Functional,High,Non-production tenant or isolated local fixture; synthetic records only; Set optional fields to null while retaining all required identifiers. ,"1. Create a disposable, versioned synthetic fixture: Set optional fields to null while retaining all required identifiers. 2. Execute the platform workflow to redact access tokens and personal data from log output. 3. Capture the committed result, resource version, or run status. 4. Compare the result with the source fixture and the declared invariant. 5. Repeat or recover the operation when applicable; verify access, audit evidence, and side effects.","The platform must correctly redact access tokens and personal data from log output; the nullable optional field condition follows the configured contract; valid state is preserved, invalid or unauthorized work is rejected or quarantined without silent loss, retries do not duplicate side effects, lineage and audit evidence remain available, and no production records or credentials are used.",Playwright + platform UI/API,"supabase-platform,market-platform,synthetic-data,observability,nullable-optional-field"
Supabase,Logs and Observability,SUPA-OBSERVAB-00044,Logs and Observability: alert when database connections exceed a configured threshold (nullable optional field),Supabase: alert when database connections exceed a configured threshold with nullable optional field,Functional,High,Non-production tenant or isolated local fixture; synthetic records only; Set optional fields to null while retaining all required identifiers. ,"1. Create a disposable, versioned synthetic fixture: Set optional fields to null while retaining all required identifiers. 2. Execute the platform workflow to alert when database connections exceed a configured threshold. 3. Capture the committed result, resource version, or run status. 4. Compare the result with the source fixture and the declared invariant. 5. Repeat or recover the operation when applicable; verify access, audit evidence, and side effects.","The platform must correctly alert when database connections exceed a configured threshold; the nullable optional field condition follows the configured contract; valid state is preserved, invalid or unauthorized work is rejected or quarantined without silent loss, retries do not duplicate side effects, lineage and audit evidence remain available, and no production records or credentials are used.",Playwright + platform UI/API,"supabase-platform,market-platform,synthetic-data,observability,nullable-optional-field"
Supabase,Logs and Observability,SUPA-OBSERVAB-00045,Logs and Observability: inspect slow queries without exposing row values (nullable optional field),Supabase: inspect slow queries without exposing row values with nullable optional field,Functional,Medium,Non-production tenant or isolated local fixture; synthetic records only; Set optional fields to null while retaining all required identifiers. ,"1. Create a disposable, versioned synthetic fixture: Set optional fields to null while retaining all required identifiers. 2. Execute the platform workflow to inspect slow queries without exposing row values. 3. Capture the committed result, resource version, or run status. 4. Compare the result with the source fixture and the declared invariant. 5. Repeat or recover the operation when applicable; verify access, audit evidence, and side effects.","The platform must correctly inspect slow queries without exposing row values; the nullable optional field condition follows the configured contract; valid state is preserved, invalid or unauthorized work is rejected or quarantined without silent loss, retries do not duplicate side effects, lineage and audit evidence remain available, and no production records or credentials are used.",Playwright + platform UI/API,"supabase-platform,market-platform,synthetic-data,observability,nullable-optional-field"
Supabase,Logs and Observability,SUPA-OBSERVAB-00046,Logs and Observability: verify log retention at the configured time boundary (nullable optional field),Supabase: verify log retention at the configured time boundary with nullable optional field,Functional,High,Non-production tenant or isolated local fixture; synthetic records only; Set optional fields to null while retaining all required identifiers. ,"1. Create a disposable, versioned synthetic fixture: Set optional fields to null while retaining all required identifiers. 2. Execute the platform workflow to verify log retention at the configured time boundary. 3. Capture the committed result, resource version, or run status. 4. Compare the result with the source fixture and the declared invariant. 5. Repeat or recover the operation when applicable; verify access, audit evidence, and side effects.","The platform must correctly verify log retention at the configured time boundary; the nullable optional field condition follows the configured contract; valid state is preserved, invalid or unauthorized work is rejected or quarantined without silent loss, retries do not duplicate side effects, lineage and audit evidence remain available, and no production records or credentials are used.",Playwright + platform UI/API,"supabase-platform,market-platform,synthetic-data,observability,nullable-optional-field"
Supabase,Logs and Observability,SUPA-OBSERVAB-00047,Logs and Observability: preserve relevant diagnostics after a function retry (nullable optional field),Supabase: preserve relevant diagnostics after a function retry with nullable optional field,Functional,High,Non-production tenant or isolated local fixture; synthetic records only; Set optional fields to null while retaining all required identifiers. ,"1. Create a disposable, versioned synthetic fixture: Set optional fields to null while retaining all required identifiers. 2. Execute the platform workflow to preserve relevant diagnostics after a function retry. 3. Capture the committed result, resource version, or run status. 4. Compare the result with the source fixture and the declared invariant. 5. Repeat or recover the operation when applicable; verify access, audit evidence, and side effects.","The platform must correctly preserve relevant diagnostics after a function retry; the nullable optional field condition follows the configured contract; valid state is preserved, invalid or unauthorized work is rejected or quarantined without silent loss, retries do not duplicate side effects, lineage and audit evidence remain available, and no production records or credentials are used.",Playwright + platform UI/API,"supabase-platform,market-platform,synthetic-data,observability,nullable-optional-field"
Supabase,Logs and Observability,SUPA-OBSERVAB-00048,Logs and Observability: restrict log access to authorized project members (nullable optional field),Supabase: restrict log access to authorized project members with nullable optional field,Functional,High,Non-production tenant or isolated local fixture; synthetic records only; Set optional fields to null while retaining all required identifiers. ,"1. Create a disposable, versioned synthetic fixture: Set optional fields to null while retaining all required identifiers. 2. Execute the platform workflow to restrict log access to authorized project members. 3. Capture the committed result, resource version, or run status. 4. Compare the result with the source fixture and the declared invariant. 5. Repeat or recover the operation when applicable; verify access, audit evidence, and side effects.","The platform must correctly restrict log access to authorized project members; the nullable optional field condition follows the configured contract; valid state is preserved, invalid or unauthorized work is rejected or quarantined without silent loss, retries do not duplicate side effects, lineage and audit evidence remain available, and no production records or credentials are used.",Playwright + platform UI/API,"supabase-platform,market-platform,synthetic-data,observability,nullable-optional-field"
Supabase,Logs and Observability,SUPA-OBSERVAB-00049,Logs and Observability: export a bounded incident bundle with correlation identifiers (nullable optional field),Supabase: export a bounded incident bundle with correlation identifiers with nullable optional field,Functional,Medium,Non-production tenant or isolated local fixture; synthetic records only; Set optional fields to null while retaining all required identifiers. ,"1. Create a disposable, versioned synthetic fixture: Set optional fields to null while retaining all required identifiers. 2. Execute the platform workflow to export a bounded incident bundle with correlation identifiers. 3. Capture the committed result, resource version, or run status. 4. Compare the result with the source fixture and the declared invariant. 5. Repeat or recover the operation when applicable; verify access, audit evidence, and side effects.","The platform must correctly export a bounded incident bundle with correlation identifiers; the nullable optional field condition follows the configured contract; valid state is preserved, invalid or unauthorized work is rejected or quarantined without silent loss, retries do not duplicate side effects, lineage and audit evidence remain available, and no production records or credentials are used.",Playwright + platform UI/API,"supabase-platform,market-platform,synthetic-data,observability,nullable-optional-field"
Supabase,Logs and Observability,SUPA-OBSERVAB-00050,Logs and Observability: reconcile database metrics with a synthetic workload interval (nullable optional field),Supabase: reconcile database metrics with a synthetic workload interval with nullable optional field,Functional,High,Non-production tenant or isolated local fixture; synthetic records only; Set optional fields to null while retaining all required identifiers. ,"1. Create a disposable, versioned synthetic fixture: Set optional fields to null while retaining all required identifiers. 2. Execute the platform workflow to reconcile database metrics with a synthetic workload interval. 3. Capture the committed result, resource version, or run status. 4. Compare the result with the source fixture and the declared invariant. 5. Repeat or recover the operation when applicable; verify access, audit evidence, and side effects.","The platform must correctly reconcile database metrics with a synthetic workload interval; the nullable optional field condition follows the configured contract; valid state is preserved, invalid or unauthorized work is rejected or quarantined without silent loss, retries do not duplicate side effects, lineage and audit evidence remain available, and no production records or credentials are used.",Playwright + platform UI/API,"supabase-platform,market-platform,synthetic-data,observability,nullable-optional-field"
Supabase,Logs and Observability,SUPA-OBSERVAB-00051,Logs and Observability: correlate an API request across gateway database and function logs (boundary values),Supabase: correlate an API request across gateway database and function logs with boundary values,Functional,High,"Non-production tenant or isolated local fixture; synthetic records only; Exercise documented minimum, maximum, and just-outside limits. ","1. Create a disposable, versioned synthetic fixture: Exercise documented minimum, maximum, and just-outside limits. 2. Execute the platform workflow to correlate an API request across gateway database and function logs. 3. Capture the committed result, resource version, or run status. 4. Compare the result with the source fixture and the declared invariant. 5. Repeat or recover the operation when applicable; verify access, audit evidence, and side effects.","The platform must correctly correlate an API request across gateway database and function logs; the boundary values condition follows the configured contract; valid state is preserved, invalid or unauthorized work is rejected or quarantined without silent loss, retries do not duplicate side effects, lineage and audit evidence remain available, and no production records or credentials are used.",Playwright + platform UI/API,"supabase-platform,market-platform,synthetic-data,observability,boundary-values"
Supabase,Logs and Observability,SUPA-OBSERVAB-00052,Logs and Observability: filter logs by a stable synthetic request identifier (boundary values),Supabase: filter logs by a stable synthetic request identifier with boundary values,Functional,High,"Non-production tenant or isolated local fixture; synthetic records only; Exercise documented minimum, maximum, and just-outside limits. ","1. Create a disposable, versioned synthetic fixture: Exercise documented minimum, maximum, and just-outside limits. 2. Execute the platform workflow to filter logs by a stable synthetic request identifier. 3. Capture the committed result, resource version, or run status. 4. Compare the result with the source fixture and the declared invariant. 5. Repeat or recover the operation when applicable; verify access, audit evidence, and side effects.","The platform must correctly filter logs by a stable synthetic request identifier; the boundary values condition follows the configured contract; valid state is preserved, invalid or unauthorized work is rejected or quarantined without silent loss, retries do not duplicate side effects, lineage and audit evidence remain available, and no production records or credentials are used.",Playwright + platform UI/API,"supabase-platform,market-platform,synthetic-data,observability,boundary-values"
Supabase,Logs and Observability,SUPA-OBSERVAB-00053,Logs and Observability: redact access tokens and personal data from log output (boundary values),Supabase: redact access tokens and personal data from log output with boundary values,Functional,Medium,"Non-production tenant or isolated local fixture; synthetic records only; Exercise documented minimum, maximum, and just-outside limits. ","1. Create a disposable, versioned synthetic fixture: Exercise documented minimum, maximum, and just-outside limits. 2. Execute the platform workflow to redact access tokens and personal data from log output. 3. Capture the committed result, resource version, or run status. 4. Compare the result with the source fixture and the declared invariant. 5. Repeat or recover the operation when applicable; verify access, audit evidence, and side effects.","The platform must correctly redact access tokens and personal data from log output; the boundary values condition follows the configured contract; valid state is preserved, invalid or unauthorized work is rejected or quarantined without silent loss, retries do not duplicate side effects, lineage and audit evidence remain available, and no production records or credentials are used.",Playwright + platform UI/API,"supabase-platform,market-platform,synthetic-data,observability,boundary-values"
Supabase,Logs and Observability,SUPA-OBSERVAB-00054,Logs and Observability: alert when database connections exceed a configured threshold (boundary values),Supabase: alert when database connections exceed a configured threshold with boundary values,Functional,High,"Non-production tenant or isolated local fixture; synthetic records only; Exercise documented minimum, maximum, and just-outside limits. ","1. Create a disposable, versioned synthetic fixture: Exercise documented minimum, maximum, and just-outside limits. 2. Execute the platform workflow to alert when database connections exceed a configured threshold. 3. Capture the committed result, resource version, or run status. 4. Compare the result with the source fixture and the declared invariant. 5. Repeat or recover the operation when applicable; verify access, audit evidence, and side effects.","The platform must correctly alert when database connections exceed a configured threshold; the boundary values condition follows the configured contract; valid state is preserved, invalid or unauthorized work is rejected or quarantined without silent loss, retries do not duplicate side effects, lineage and audit evidence remain available, and no production records or credentials are used.",Playwright + platform UI/API,"supabase-platform,market-platform,synthetic-data,observability,boundary-values"
Supabase,Logs and Observability,SUPA-OBSERVAB-00055,Logs and Observability: inspect slow queries without exposing row values (boundary values),Supabase: inspect slow queries without exposing row values with boundary values,Functional,High,"Non-production tenant or isolated local fixture; synthetic records only; Exercise documented minimum, maximum, and just-outside limits. ","1. Create a disposable, versioned synthetic fixture: Exercise documented minimum, maximum, and just-outside limits. 2. Execute the platform workflow to inspect slow queries without exposing row values. 3. Capture the committed result, resource version, or run status. 4. Compare the result with the source fixture and the declared invariant. 5. Repeat or recover the operation when applicable; verify access, audit evidence, and side effects.","The platform must correctly inspect slow queries without exposing row values; the boundary values condition follows the configured contract; valid state is preserved, invalid or unauthorized work is rejected or quarantined without silent loss, retries do not duplicate side effects, lineage and audit evidence remain available, and no production records or credentials are used.",Playwright + platform UI/API,"supabase-platform,market-platform,synthetic-data,observability,boundary-values"
Supabase,Logs and Observability,SUPA-OBSERVAB-00056,Logs and Observability: verify log retention at the configured time boundary (boundary values),Supabase: verify log retention at the configured time boundary with boundary values,Functional,High,"Non-production tenant or isolated local fixture; synthetic records only; Exercise documented minimum, maximum, and just-outside limits. ","1. Create a disposable, versioned synthetic fixture: Exercise documented minimum, maximum, and just-outside limits. 2. Execute the platform workflow to verify log retention at the configured time boundary. 3. Capture the committed result, resource version, or run status. 4. Compare the result with the source fixture and the declared invariant. 5. Repeat or recover the operation when applicable; verify access, audit evidence, and side effects.","The platform must correctly verify log retention at the configured time boundary; the boundary values condition follows the configured contract; valid state is preserved, invalid or unauthorized work is rejected or quarantined without silent loss, retries do not duplicate side effects, lineage and audit evidence remain available, and no production records or credentials are used.",Playwright + platform UI/API,"supabase-platform,market-platform,synthetic-data,observability,boundary-values"
Supabase,Logs and Observability,SUPA-OBSERVAB-00057,Logs and Observability: preserve relevant diagnostics after a function retry (boundary values),Supabase: preserve relevant diagnostics after a function retry with boundary values,Functional,Medium,"Non-production tenant or isolated local fixture; synthetic records only; Exercise documented minimum, maximum, and just-outside limits. ","1. Create a disposable, versioned synthetic fixture: Exercise documented minimum, maximum, and just-outside limits. 2. Execute the platform workflow to preserve relevant diagnostics after a function retry. 3. Capture the committed result, resource version, or run status. 4. Compare the result with the source fixture and the declared invariant. 5. Repeat or recover the operation when applicable; verify access, audit evidence, and side effects.","The platform must correctly preserve relevant diagnostics after a function retry; the boundary values condition follows the configured contract; valid state is preserved, invalid or unauthorized work is rejected or quarantined without silent loss, retries do not duplicate side effects, lineage and audit evidence remain available, and no production records or credentials are used.",Playwright + platform UI/API,"supabase-platform,market-platform,synthetic-data,observability,boundary-values"
Supabase,Logs and Observability,SUPA-OBSERVAB-00058,Logs and Observability: restrict log access to authorized project members (boundary values),Supabase: restrict log access to authorized project members with boundary values,Functional,High,"Non-production tenant or isolated local fixture; synthetic records only; Exercise documented minimum, maximum, and just-outside limits. ","1. Create a disposable, versioned synthetic fixture: Exercise documented minimum, maximum, and just-outside limits. 2. Execute the platform workflow to restrict log access to authorized project members. 3. Capture the committed result, resource version, or run status. 4. Compare the result with the source fixture and the declared invariant. 5. Repeat or recover the operation when applicable; verify access, audit evidence, and side effects.","The platform must correctly restrict log access to authorized project members; the boundary values condition follows the configured contract; valid state is preserved, invalid or unauthorized work is rejected or quarantined without silent loss, retries do not duplicate side effects, lineage and audit evidence remain available, and no production records or credentials are used.",Playwright + platform UI/API,"supabase-platform,market-platform,synthetic-data,observability,boundary-values"
Supabase,Logs and Observability,SUPA-OBSERVAB-00059,Logs and Observability: export a bounded incident bundle with correlation identifiers (boundary values),Supabase: export a bounded incident bundle with correlation identifiers with boundary values,Functional,High,"Non-production tenant or isolated local fixture; synthetic records only; Exercise documented minimum, maximum, and just-outside limits. ","1. Create a disposable, versioned synthetic fixture: Exercise documented minimum, maximum, and just-outside limits. 2. Execute the platform workflow to export a bounded incident bundle with correlation identifiers. 3. Capture the committed result, resource version, or run status. 4. Compare the result with the source fixture and the declared invariant. 5. Repeat or recover the operation when applicable; verify access, audit evidence, and side effects.","The platform must correctly export a bounded incident bundle with correlation identifiers; the boundary values condition follows the configured contract; valid state is preserved, invalid or unauthorized work is rejected or quarantined without silent loss, retries do not duplicate side effects, lineage and audit evidence remain available, and no production records or credentials are used.",Playwright + platform UI/API,"supabase-platform,market-platform,synthetic-data,observability,boundary-values"
Supabase,Logs and Observability,SUPA-OBSERVAB-00060,Logs and Observability: reconcile database metrics with a synthetic workload interval (boundary values),Supabase: reconcile database metrics with a synthetic workload interval with boundary values,Functional,High,"Non-production tenant or isolated local fixture; synthetic records only; Exercise documented minimum, maximum, and just-outside limits. ","1. Create a disposable, versioned synthetic fixture: Exercise documented minimum, maximum, and just-outside limits. 2. Execute the platform workflow to reconcile database metrics with a synthetic workload interval. 3. Capture the committed result, resource version, or run status. 4. Compare the result with the source fixture and the declared invariant. 5. Repeat or recover the operation when applicable; verify access, audit evidence, and side effects.","The platform must correctly reconcile database metrics with a synthetic workload interval; the boundary values condition follows the configured contract; valid state is preserved, invalid or unauthorized work is rejected or quarantined without silent loss, retries do not duplicate side effects, lineage and audit evidence remain available, and no production records or credentials are used.",Playwright + platform UI/API,"supabase-platform,market-platform,synthetic-data,observability,boundary-values"
Supabase,Logs and Observability,SUPA-OBSERVAB-00061,Logs and Observability: correlate an API request across gateway database and function logs (late arriving data),Supabase: correlate an API request across gateway database and function logs with late arriving data,Functional,Medium,Non-production tenant or isolated local fixture; synthetic records only; Deliver an older event after a newer watermark or processing window has advanced. ,"1. Create a disposable, versioned synthetic fixture: Deliver an older event after a newer watermark or processing window has advanced. 2. Execute the platform workflow to correlate an API request across gateway database and function logs. 3. Capture the committed result, resource version, or run status. 4. Compare the result with the source fixture and the declared invariant. 5. Repeat or recover the operation when applicable; verify access, audit evidence, and side effects.","The platform must correctly correlate an API request across gateway database and function logs; the late arriving data condition follows the configured contract; valid state is preserved, invalid or unauthorized work is rejected or quarantined without silent loss, retries do not duplicate side effects, lineage and audit evidence remain available, and no production records or credentials are used.",Playwright + platform UI/API,"supabase-platform,market-platform,synthetic-data,observability,late-arriving-data"
Supabase,Logs and Observability,SUPA-OBSERVAB-00062,Logs and Observability: filter logs by a stable synthetic request identifier (late arriving data),Supabase: filter logs by a stable synthetic request identifier with late arriving data,Functional,High,Non-production tenant or isolated local fixture; synthetic records only; Deliver an older event after a newer watermark or processing window has advanced. ,"1. Create a disposable, versioned synthetic fixture: Deliver an older event after a newer watermark or processing window has advanced. 2. Execute the platform workflow to filter logs by a stable synthetic request identifier. 3. Capture the committed result, resource version, or run status. 4. Compare the result with the source fixture and the declared invariant. 5. Repeat or recover the operation when applicable; verify access, audit evidence, and side effects.","The platform must correctly filter logs by a stable synthetic request identifier; the late arriving data condition follows the configured contract; valid state is preserved, invalid or unauthorized work is rejected or quarantined without silent loss, retries do not duplicate side effects, lineage and audit evidence remain available, and no production records or credentials are used.",Playwright + platform UI/API,"supabase-platform,market-platform,synthetic-data,observability,late-arriving-data"
Supabase,Logs and Observability,SUPA-OBSERVAB-00063,Logs and Observability: redact access tokens and personal data from log output (late arriving data),Supabase: redact access tokens and personal data from log output with late arriving data,Functional,High,Non-production tenant or isolated local fixture; synthetic records only; Deliver an older event after a newer watermark or processing window has advanced. ,"1. Create a disposable, versioned synthetic fixture: Deliver an older event after a newer watermark or processing window has advanced. 2. Execute the platform workflow to redact access tokens and personal data from log output. 3. Capture the committed result, resource version, or run status. 4. Compare the result with the source fixture and the declared invariant. 5. Repeat or recover the operation when applicable; verify access, audit evidence, and side effects.","The platform must correctly redact access tokens and personal data from log output; the late arriving data condition follows the configured contract; valid state is preserved, invalid or unauthorized work is rejected or quarantined without silent loss, retries do not duplicate side effects, lineage and audit evidence remain available, and no production records or credentials are used.",Playwright + platform UI/API,"supabase-platform,market-platform,synthetic-data,observability,late-arriving-data"
Supabase,Logs and Observability,SUPA-OBSERVAB-00064,Logs and Observability: alert when database connections exceed a configured threshold (late arriving data),Supabase: alert when database connections exceed a configured threshold with late arriving data,Functional,High,Non-production tenant or isolated local fixture; synthetic records only; Deliver an older event after a newer watermark or processing window has advanced. ,"1. Create a disposable, versioned synthetic fixture: Deliver an older event after a newer watermark or processing window has advanced. 2. Execute the platform workflow to alert when database connections exceed a configured threshold. 3. Capture the committed result, resource version, or run status. 4. Compare the result with the source fixture and the declared invariant. 5. Repeat or recover the operation when applicable; verify access, audit evidence, and side effects.","The platform must correctly alert when database connections exceed a configured threshold; the late arriving data condition follows the configured contract; valid state is preserved, invalid or unauthorized work is rejected or quarantined without silent loss, retries do not duplicate side effects, lineage and audit evidence remain available, and no production records or credentials are used.",Playwright + platform UI/API,"supabase-platform,market-platform,synthetic-data,observability,late-arriving-data"
Supabase,Logs and Observability,SUPA-OBSERVAB-00065,Logs and Observability: inspect slow queries without exposing row values (late arriving data),Supabase: inspect slow queries without exposing row values with late arriving data,Functional,Medium,Non-production tenant or isolated local fixture; synthetic records only; Deliver an older event after a newer watermark or processing window has advanced. ,"1. Create a disposable, versioned synthetic fixture: Deliver an older event after a newer watermark or processing window has advanced. 2. Execute the platform workflow to inspect slow queries without exposing row values. 3. Capture the committed result, resource version, or run status. 4. Compare the result with the source fixture and the declared invariant. 5. Repeat or recover the operation when applicable; verify access, audit evidence, and side effects.","The platform must correctly inspect slow queries without exposing row values; the late arriving data condition follows the configured contract; valid state is preserved, invalid or unauthorized work is rejected or quarantined without silent loss, retries do not duplicate side effects, lineage and audit evidence remain available, and no production records or credentials are used.",Playwright + platform UI/API,"supabase-platform,market-platform,synthetic-data,observability,late-arriving-data"
Supabase,Logs and Observability,SUPA-OBSERVAB-00066,Logs and Observability: verify log retention at the configured time boundary (late arriving data),Supabase: verify log retention at the configured time boundary with late arriving data,Functional,High,Non-production tenant or isolated local fixture; synthetic records only; Deliver an older event after a newer watermark or processing window has advanced. ,"1. Create a disposable, versioned synthetic fixture: Deliver an older event after a newer watermark or processing window has advanced. 2. Execute the platform workflow to verify log retention at the configured time boundary. 3. Capture the committed result, resource version, or run status. 4. Compare the result with the source fixture and the declared invariant. 5. Repeat or recover the operation when applicable; verify access, audit evidence, and side effects.","The platform must correctly verify log retention at the configured time boundary; the late arriving data condition follows the configured contract; valid state is preserved, invalid or unauthorized work is rejected or quarantined without silent loss, retries do not duplicate side effects, lineage and audit evidence remain available, and no production records or credentials are used.",Playwright + platform UI/API,"supabase-platform,market-platform,synthetic-data,observability,late-arriving-data"
Supabase,Logs and Observability,SUPA-OBSERVAB-00067,Logs and Observability: preserve relevant diagnostics after a function retry (late arriving data),Supabase: preserve relevant diagnostics after a function retry with late arriving data,Functional,High,Non-production tenant or isolated local fixture; synthetic records only; Deliver an older event after a newer watermark or processing window has advanced. ,"1. Create a disposable, versioned synthetic fixture: Deliver an older event after a newer watermark or processing window has advanced. 2. Execute the platform workflow to preserve relevant diagnostics after a function retry. 3. Capture the committed result, resource version, or run status. 4. Compare the result with the source fixture and the declared invariant. 5. Repeat or recover the operation when applicable; verify access, audit evidence, and side effects.","The platform must correctly preserve relevant diagnostics after a function retry; the late arriving data condition follows the configured contract; valid state is preserved, invalid or unauthorized work is rejected or quarantined without silent loss, retries do not duplicate side effects, lineage and audit evidence remain available, and no production records or credentials are used.",Playwright + platform UI/API,"supabase-platform,market-platform,synthetic-data,observability,late-arriving-data"
Supabase,Logs and Observability,SUPA-OBSERVAB-00068,Logs and Observability: restrict log access to authorized project members (late arriving data),Supabase: restrict log access to authorized project members with late arriving data,Functional,High,Non-production tenant or isolated local fixture; synthetic records only; Deliver an older event after a newer watermark or processing window has advanced. ,"1. Create a disposable, versioned synthetic fixture: Deliver an older event after a newer watermark or processing window has advanced. 2. Execute the platform workflow to restrict log access to authorized project members. 3. Capture the committed result, resource version, or run status. 4. Compare the result with the source fixture and the declared invariant. 5. Repeat or recover the operation when applicable; verify access, audit evidence, and side effects.","The platform must correctly restrict log access to authorized project members; the late arriving data condition follows the configured contract; valid state is preserved, invalid or unauthorized work is rejected or quarantined without silent loss, retries do not duplicate side effects, lineage and audit evidence remain available, and no production records or credentials are used.",Playwright + platform UI/API,"supabase-platform,market-platform,synthetic-data,observability,late-arriving-data"
Supabase,Logs and Observability,SUPA-OBSERVAB-00069,Logs and Observability: export a bounded incident bundle with correlation identifiers (late arriving data),Supabase: export a bounded incident bundle with correlation identifiers with late arriving data,Functional,Medium,Non-production tenant or isolated local fixture; synthetic records only; Deliver an older event after a newer watermark or processing window has advanced. ,"1. Create a disposable, versioned synthetic fixture: Deliver an older event after a newer watermark or processing window has advanced. 2. Execute the platform workflow to export a bounded incident bundle with correlation identifiers. 3. Capture the committed result, resource version, or run status. 4. Compare the result with the source fixture and the declared invariant. 5. Repeat or recover the operation when applicable; verify access, audit evidence, and side effects.","The platform must correctly export a bounded incident bundle with correlation identifiers; the late arriving data condition follows the configured contract; valid state is preserved, invalid or unauthorized work is rejected or quarantined without silent loss, retries do not duplicate side effects, lineage and audit evidence remain available, and no production records or credentials are used.",Playwright + platform UI/API,"supabase-platform,market-platform,synthetic-data,observability,late-arriving-data"
Supabase,Logs and Observability,SUPA-OBSERVAB-00070,Logs and Observability: reconcile database metrics with a synthetic workload interval (late arriving data),Supabase: reconcile database metrics with a synthetic workload interval with late arriving data,Functional,High,Non-production tenant or isolated local fixture; synthetic records only; Deliver an older event after a newer watermark or processing window has advanced. ,"1. Create a disposable, versioned synthetic fixture: Deliver an older event after a newer watermark or processing window has advanced. 2. Execute the platform workflow to reconcile database metrics with a synthetic workload interval. 3. Capture the committed result, resource version, or run status. 4. Compare the result with the source fixture and the declared invariant. 5. Repeat or recover the operation when applicable; verify access, audit evidence, and side effects.","The platform must correctly reconcile database metrics with a synthetic workload interval; the late arriving data condition follows the configured contract; valid state is preserved, invalid or unauthorized work is rejected or quarantined without silent loss, retries do not duplicate side effects, lineage and audit evidence remain available, and no production records or credentials are used.",Playwright + platform UI/API,"supabase-platform,market-platform,synthetic-data,observability,late-arriving-data"
Supabase,Logs and Observability,SUPA-OBSERVAB-00071,Logs and Observability: correlate an API request across gateway database and function logs (out-of-order events),Supabase: correlate an API request across gateway database and function logs with out-of-order events,Functional,High,Non-production tenant or isolated local fixture; synthetic records only; Shuffle event or commit order while preserving source event-time values. ,"1. Create a disposable, versioned synthetic fixture: Shuffle event or commit order while preserving source event-time values. 2. Execute the platform workflow to correlate an API request across gateway database and function logs. 3. Capture the committed result, resource version, or run status. 4. Compare the result with the source fixture and the declared invariant. 5. Repeat or recover the operation when applicable; verify access, audit evidence, and side effects.","The platform must correctly correlate an API request across gateway database and function logs; the out-of-order events condition follows the configured contract; valid state is preserved, invalid or unauthorized work is rejected or quarantined without silent loss, retries do not duplicate side effects, lineage and audit evidence remain available, and no production records or credentials are used.",Playwright + platform UI/API,"supabase-platform,market-platform,synthetic-data,observability,out-of-order-events"
Supabase,Logs and Observability,SUPA-OBSERVAB-00072,Logs and Observability: filter logs by a stable synthetic request identifier (out-of-order events),Supabase: filter logs by a stable synthetic request identifier with out-of-order events,Functional,High,Non-production tenant or isolated local fixture; synthetic records only; Shuffle event or commit order while preserving source event-time values. ,"1. Create a disposable, versioned synthetic fixture: Shuffle event or commit order while preserving source event-time values. 2. Execute the platform workflow to filter logs by a stable synthetic request identifier. 3. Capture the committed result, resource version, or run status. 4. Compare the result with the source fixture and the declared invariant. 5. Repeat or recover the operation when applicable; verify access, audit evidence, and side effects.","The platform must correctly filter logs by a stable synthetic request identifier; the out-of-order events condition follows the configured contract; valid state is preserved, invalid or unauthorized work is rejected or quarantined without silent loss, retries do not duplicate side effects, lineage and audit evidence remain available, and no production records or credentials are used.",Playwright + platform UI/API,"supabase-platform,market-platform,synthetic-data,observability,out-of-order-events"
Supabase,Logs and Observability,SUPA-OBSERVAB-00073,Logs and Observability: redact access tokens and personal data from log output (out-of-order events),Supabase: redact access tokens and personal data from log output with out-of-order events,Functional,Medium,Non-production tenant or isolated local fixture; synthetic records only; Shuffle event or commit order while preserving source event-time values. ,"1. Create a disposable, versioned synthetic fixture: Shuffle event or commit order while preserving source event-time values. 2. Execute the platform workflow to redact access tokens and personal data from log output. 3. Capture the committed result, resource version, or run status. 4. Compare the result with the source fixture and the declared invariant. 5. Repeat or recover the operation when applicable; verify access, audit evidence, and side effects.","The platform must correctly redact access tokens and personal data from log output; the out-of-order events condition follows the configured contract; valid state is preserved, invalid or unauthorized work is rejected or quarantined without silent loss, retries do not duplicate side effects, lineage and audit evidence remain available, and no production records or credentials are used.",Playwright + platform UI/API,"supabase-platform,market-platform,synthetic-data,observability,out-of-order-events"
Supabase,Logs and Observability,SUPA-OBSERVAB-00074,Logs and Observability: alert when database connections exceed a configured threshold (out-of-order events),Supabase: alert when database connections exceed a configured threshold with out-of-order events,Functional,High,Non-production tenant or isolated local fixture; synthetic records only; Shuffle event or commit order while preserving source event-time values. ,"1. Create a disposable, versioned synthetic fixture: Shuffle event or commit order while preserving source event-time values. 2. Execute the platform workflow to alert when database connections exceed a configured threshold. 3. Capture the committed result, resource version, or run status. 4. Compare the result with the source fixture and the declared invariant. 5. Repeat or recover the operation when applicable; verify access, audit evidence, and side effects.","The platform must correctly alert when database connections exceed a configured threshold; the out-of-order events condition follows the configured contract; valid state is preserved, invalid or unauthorized work is rejected or quarantined without silent loss, retries do not duplicate side effects, lineage and audit evidence remain available, and no production records or credentials are used.",Playwright + platform UI/API,"supabase-platform,market-platform,synthetic-data,observability,out-of-order-events"
Supabase,Logs and Observability,SUPA-OBSERVAB-00075,Logs and Observability: inspect slow queries without exposing row values (out-of-order events),Supabase: inspect slow queries without exposing row values with out-of-order events,Functional,High,Non-production tenant or isolated local fixture; synthetic records only; Shuffle event or commit order while preserving source event-time values. ,"1. Create a disposable, versioned synthetic fixture: Shuffle event or commit order while preserving source event-time values. 2. Execute the platform workflow to inspect slow queries without exposing row values. 3. Capture the committed result, resource version, or run status. 4. Compare the result with the source fixture and the declared invariant. 5. Repeat or recover the operation when applicable; verify access, audit evidence, and side effects.","The platform must correctly inspect slow queries without exposing row values; the out-of-order events condition follows the configured contract; valid state is preserved, invalid or unauthorized work is rejected or quarantined without silent loss, retries do not duplicate side effects, lineage and audit evidence remain available, and no production records or credentials are used.",Playwright + platform UI/API,"supabase-platform,market-platform,synthetic-data,observability,out-of-order-events"
Supabase,Logs and Observability,SUPA-OBSERVAB-00076,Logs and Observability: verify log retention at the configured time boundary (out-of-order events),Supabase: verify log retention at the configured time boundary with out-of-order events,Functional,High,Non-production tenant or isolated local fixture; synthetic records only; Shuffle event or commit order while preserving source event-time values. ,"1. Create a disposable, versioned synthetic fixture: Shuffle event or commit order while preserving source event-time values. 2. Execute the platform workflow to verify log retention at the configured time boundary. 3. Capture the committed result, resource version, or run status. 4. Compare the result with the source fixture and the declared invariant. 5. Repeat or recover the operation when applicable; verify access, audit evidence, and side effects.","The platform must correctly verify log retention at the configured time boundary; the out-of-order events condition follows the configured contract; valid state is preserved, invalid or unauthorized work is rejected or quarantined without silent loss, retries do not duplicate side effects, lineage and audit evidence remain available, and no production records or credentials are used.",Playwright + platform UI/API,"supabase-platform,market-platform,synthetic-data,observability,out-of-order-events"
Supabase,Logs and Observability,SUPA-OBSERVAB-00077,Logs and Observability: preserve relevant diagnostics after a function retry (out-of-order events),Supabase: preserve relevant diagnostics after a function retry with out-of-order events,Functional,Medium,Non-production tenant or isolated local fixture; synthetic records only; Shuffle event or commit order while preserving source event-time values. ,"1. Create a disposable, versioned synthetic fixture: Shuffle event or commit order while preserving source event-time values. 2. Execute the platform workflow to preserve relevant diagnostics after a function retry. 3. Capture the committed result, resource version, or run status. 4. Compare the result with the source fixture and the declared invariant. 5. Repeat or recover the operation when applicable; verify access, audit evidence, and side effects.","The platform must correctly preserve relevant diagnostics after a function retry; the out-of-order events condition follows the configured contract; valid state is preserved, invalid or unauthorized work is rejected or quarantined without silent loss, retries do not duplicate side effects, lineage and audit evidence remain available, and no production records or credentials are used.",Playwright + platform UI/API,"supabase-platform,market-platform,synthetic-data,observability,out-of-order-events"
Supabase,Logs and Observability,SUPA-OBSERVAB-00078,Logs and Observability: restrict log access to authorized project members (out-of-order events),Supabase: restrict log access to authorized project members with out-of-order events,Functional,High,Non-production tenant or isolated local fixture; synthetic records only; Shuffle event or commit order while preserving source event-time values. ,"1. Create a disposable, versioned synthetic fixture: Shuffle event or commit order while preserving source event-time values. 2. Execute the platform workflow to restrict log access to authorized project members. 3. Capture the committed result, resource version, or run status. 4. Compare the result with the source fixture and the declared invariant. 5. Repeat or recover the operation when applicable; verify access, audit evidence, and side effects.","The platform must correctly restrict log access to authorized project members; the out-of-order events condition follows the configured contract; valid state is preserved, invalid or unauthorized work is rejected or quarantined without silent loss, retries do not duplicate side effects, lineage and audit evidence remain available, and no production records or credentials are used.",Playwright + platform UI/API,"supabase-platform,market-platform,synthetic-data,observability,out-of-order-events"
Supabase,Logs and Observability,SUPA-OBSERVAB-00079,Logs and Observability: export a bounded incident bundle with correlation identifiers (out-of-order events),Supabase: export a bounded incident bundle with correlation identifiers with out-of-order events,Functional,High,Non-production tenant or isolated local fixture; synthetic records only; Shuffle event or commit order while preserving source event-time values. ,"1. Create a disposable, versioned synthetic fixture: Shuffle event or commit order while preserving source event-time values. 2. Execute the platform workflow to export a bounded incident bundle with correlation identifiers. 3. Capture the committed result, resource version, or run status. 4. Compare the result with the source fixture and the declared invariant. 5. Repeat or recover the operation when applicable; verify access, audit evidence, and side effects.","The platform must correctly export a bounded incident bundle with correlation identifiers; the out-of-order events condition follows the configured contract; valid state is preserved, invalid or unauthorized work is rejected or quarantined without silent loss, retries do not duplicate side effects, lineage and audit evidence remain available, and no production records or credentials are used.",Playwright + platform UI/API,"supabase-platform,market-platform,synthetic-data,observability,out-of-order-events"
Supabase,Logs and Observability,SUPA-OBSERVAB-00080,Logs and Observability: reconcile database metrics with a synthetic workload interval (out-of-order events),Supabase: reconcile database metrics with a synthetic workload interval with out-of-order events,Functional,High,Non-production tenant or isolated local fixture; synthetic records only; Shuffle event or commit order while preserving source event-time values. ,"1. Create a disposable, versioned synthetic fixture: Shuffle event or commit order while preserving source event-time values. 2. Execute the platform workflow to reconcile database metrics with a synthetic workload interval. 3. Capture the committed result, resource version, or run status. 4. Compare the result with the source fixture and the declared invariant. 5. Repeat or recover the operation when applicable; verify access, audit evidence, and side effects.","The platform must correctly reconcile database metrics with a synthetic workload interval; the out-of-order events condition follows the configured contract; valid state is preserved, invalid or unauthorized work is rejected or quarantined without silent loss, retries do not duplicate side effects, lineage and audit evidence remain available, and no production records or credentials are used.",Playwright + platform UI/API,"supabase-platform,market-platform,synthetic-data,observability,out-of-order-events"
Supabase,Logs and Observability,SUPA-OBSERVAB-00081,Logs and Observability: correlate an API request across gateway database and function logs (compatible schema change),Supabase: correlate an API request across gateway database and function logs with compatible schema change,Functional,Medium,Non-production tenant or isolated local fixture; synthetic records only; Add a nullable field while existing readers and stored versions remain active. ,"1. Create a disposable, versioned synthetic fixture: Add a nullable field while existing readers and stored versions remain active. 2. Execute the platform workflow to correlate an API request across gateway database and function logs. 3. Capture the committed result, resource version, or run status. 4. Compare the result with the source fixture and the declared invariant. 5. Repeat or recover the operation when applicable; verify access, audit evidence, and side effects.","The platform must correctly correlate an API request across gateway database and function logs; the compatible schema change condition follows the configured contract; valid state is preserved, invalid or unauthorized work is rejected or quarantined without silent loss, retries do not duplicate side effects, lineage and audit evidence remain available, and no production records or credentials are used.",Playwright + platform UI/API,"supabase-platform,market-platform,synthetic-data,observability,compatible-schema-change"
Supabase,Logs and Observability,SUPA-OBSERVAB-00082,Logs and Observability: filter logs by a stable synthetic request identifier (compatible schema change),Supabase: filter logs by a stable synthetic request identifier with compatible schema change,Functional,High,Non-production tenant or isolated local fixture; synthetic records only; Add a nullable field while existing readers and stored versions remain active. ,"1. Create a disposable, versioned synthetic fixture: Add a nullable field while existing readers and stored versions remain active. 2. Execute the platform workflow to filter logs by a stable synthetic request identifier. 3. Capture the committed result, resource version, or run status. 4. Compare the result with the source fixture and the declared invariant. 5. Repeat or recover the operation when applicable; verify access, audit evidence, and side effects.","The platform must correctly filter logs by a stable synthetic request identifier; the compatible schema change condition follows the configured contract; valid state is preserved, invalid or unauthorized work is rejected or quarantined without silent loss, retries do not duplicate side effects, lineage and audit evidence remain available, and no production records or credentials are used.",Playwright + platform UI/API,"supabase-platform,market-platform,synthetic-data,observability,compatible-schema-change"
Supabase,Logs and Observability,SUPA-OBSERVAB-00083,Logs and Observability: redact access tokens and personal data from log output (compatible schema change),Supabase: redact access tokens and personal data from log output with compatible schema change,Functional,High,Non-production tenant or isolated local fixture; synthetic records only; Add a nullable field while existing readers and stored versions remain active. ,"1. Create a disposable, versioned synthetic fixture: Add a nullable field while existing readers and stored versions remain active. 2. Execute the platform workflow to redact access tokens and personal data from log output. 3. Capture the committed result, resource version, or run status. 4. Compare the result with the source fixture and the declared invariant. 5. Repeat or recover the operation when applicable; verify access, audit evidence, and side effects.","The platform must correctly redact access tokens and personal data from log output; the compatible schema change condition follows the configured contract; valid state is preserved, invalid or unauthorized work is rejected or quarantined without silent loss, retries do not duplicate side effects, lineage and audit evidence remain available, and no production records or credentials are used.",Playwright + platform UI/API,"supabase-platform,market-platform,synthetic-data,observability,compatible-schema-change"
Supabase,Logs and Observability,SUPA-OBSERVAB-00084,Logs and Observability: alert when database connections exceed a configured threshold (compatible schema change),Supabase: alert when database connections exceed a configured threshold with compatible schema change,Functional,High,Non-production tenant or isolated local fixture; synthetic records only; Add a nullable field while existing readers and stored versions remain active. ,"1. Create a disposable, versioned synthetic fixture: Add a nullable field while existing readers and stored versions remain active. 2. Execute the platform workflow to alert when database connections exceed a configured threshold. 3. Capture the committed result, resource version, or run status. 4. Compare the result with the source fixture and the declared invariant. 5. Repeat or recover the operation when applicable; verify access, audit evidence, and side effects.","The platform must correctly alert when database connections exceed a configured threshold; the compatible schema change condition follows the configured contract; valid state is preserved, invalid or unauthorized work is rejected or quarantined without silent loss, retries do not duplicate side effects, lineage and audit evidence remain available, and no production records or credentials are used.",Playwright + platform UI/API,"supabase-platform,market-platform,synthetic-data,observability,compatible-schema-change"
Supabase,Logs and Observability,SUPA-OBSERVAB-00085,Logs and Observability: inspect slow queries without exposing row values (compatible schema change),Supabase: inspect slow queries without exposing row values with compatible schema change,Functional,Medium,Non-production tenant or isolated local fixture; synthetic records only; Add a nullable field while existing readers and stored versions remain active. ,"1. Create a disposable, versioned synthetic fixture: Add a nullable field while existing readers and stored versions remain active. 2. Execute the platform workflow to inspect slow queries without exposing row values. 3. Capture the committed result, resource version, or run status. 4. Compare the result with the source fixture and the declared invariant. 5. Repeat or recover the operation when applicable; verify access, audit evidence, and side effects.","The platform must correctly inspect slow queries without exposing row values; the compatible schema change condition follows the configured contract; valid state is preserved, invalid or unauthorized work is rejected or quarantined without silent loss, retries do not duplicate side effects, lineage and audit evidence remain available, and no production records or credentials are used.",Playwright + platform UI/API,"supabase-platform,market-platform,synthetic-data,observability,compatible-schema-change"
Supabase,Logs and Observability,SUPA-OBSERVAB-00086,Logs and Observability: verify log retention at the configured time boundary (compatible schema change),Supabase: verify log retention at the configured time boundary with compatible schema change,Functional,High,Non-production tenant or isolated local fixture; synthetic records only; Add a nullable field while existing readers and stored versions remain active. ,"1. Create a disposable, versioned synthetic fixture: Add a nullable field while existing readers and stored versions remain active. 2. Execute the platform workflow to verify log retention at the configured time boundary. 3. Capture the committed result, resource version, or run status. 4. Compare the result with the source fixture and the declared invariant. 5. Repeat or recover the operation when applicable; verify access, audit evidence, and side effects.","The platform must correctly verify log retention at the configured time boundary; the compatible schema change condition follows the configured contract; valid state is preserved, invalid or unauthorized work is rejected or quarantined without silent loss, retries do not duplicate side effects, lineage and audit evidence remain available, and no production records or credentials are used.",Playwright + platform UI/API,"supabase-platform,market-platform,synthetic-data,observability,compatible-schema-change"
Supabase,Logs and Observability,SUPA-OBSERVAB-00087,Logs and Observability: preserve relevant diagnostics after a function retry (compatible schema change),Supabase: preserve relevant diagnostics after a function retry with compatible schema change,Functional,High,Non-production tenant or isolated local fixture; synthetic records only; Add a nullable field while existing readers and stored versions remain active. ,"1. Create a disposable, versioned synthetic fixture: Add a nullable field while existing readers and stored versions remain active. 2. Execute the platform workflow to preserve relevant diagnostics after a function retry. 3. Capture the committed result, resource version, or run status. 4. Compare the result with the source fixture and the declared invariant. 5. Repeat or recover the operation when applicable; verify access, audit evidence, and side effects.","The platform must correctly preserve relevant diagnostics after a function retry; the compatible schema change condition follows the configured contract; valid state is preserved, invalid or unauthorized work is rejected or quarantined without silent loss, retries do not duplicate side effects, lineage and audit evidence remain available, and no production records or credentials are used.",Playwright + platform UI/API,"supabase-platform,market-platform,synthetic-data,observability,compatible-schema-change"
Supabase,Logs and Observability,SUPA-OBSERVAB-00088,Logs and Observability: restrict log access to authorized project members (compatible schema change),Supabase: restrict log access to authorized project members with compatible schema change,Functional,High,Non-production tenant or isolated local fixture; synthetic records only; Add a nullable field while existing readers and stored versions remain active. ,"1. Create a disposable, versioned synthetic fixture: Add a nullable field while existing readers and stored versions remain active. 2. Execute the platform workflow to restrict log access to authorized project members. 3. Capture the committed result, resource version, or run status. 4. Compare the result with the source fixture and the declared invariant. 5. Repeat or recover the operation when applicable; verify access, audit evidence, and side effects.","The platform must correctly restrict log access to authorized project members; the compatible schema change condition follows the configured contract; valid state is preserved, invalid or unauthorized work is rejected or quarantined without silent loss, retries do not duplicate side effects, lineage and audit evidence remain available, and no production records or credentials are used.",Playwright + platform UI/API,"supabase-platform,market-platform,synthetic-data,observability,compatible-schema-change"
Supabase,Logs and Observability,SUPA-OBSERVAB-00089,Logs and Observability: export a bounded incident bundle with correlation identifiers (compatible schema change),Supabase: export a bounded incident bundle with correlation identifiers with compatible schema change,Functional,Medium,Non-production tenant or isolated local fixture; synthetic records only; Add a nullable field while existing readers and stored versions remain active. ,"1. Create a disposable, versioned synthetic fixture: Add a nullable field while existing readers and stored versions remain active. 2. Execute the platform workflow to export a bounded incident bundle with correlation identifiers. 3. Capture the committed result, resource version, or run status. 4. Compare the result with the source fixture and the declared invariant. 5. Repeat or recover the operation when applicable; verify access, audit evidence, and side effects.","The platform must correctly export a bounded incident bundle with correlation identifiers; the compatible schema change condition follows the configured contract; valid state is preserved, invalid or unauthorized work is rejected or quarantined without silent loss, retries do not duplicate side effects, lineage and audit evidence remain available, and no production records or credentials are used.",Playwright + platform UI/API,"supabase-platform,market-platform,synthetic-data,observability,compatible-schema-change"
Supabase,Logs and Observability,SUPA-OBSERVAB-00090,Logs and Observability: reconcile database metrics with a synthetic workload interval (compatible schema change),Supabase: reconcile database metrics with a synthetic workload interval with compatible schema change,Functional,High,Non-production tenant or isolated local fixture; synthetic records only; Add a nullable field while existing readers and stored versions remain active. ,"1. Create a disposable, versioned synthetic fixture: Add a nullable field while existing readers and stored versions remain active. 2. Execute the platform workflow to reconcile database metrics with a synthetic workload interval. 3. Capture the committed result, resource version, or run status. 4. Compare the result with the source fixture and the declared invariant. 5. Repeat or recover the operation when applicable; verify access, audit evidence, and side effects.","The platform must correctly reconcile database metrics with a synthetic workload interval; the compatible schema change condition follows the configured contract; valid state is preserved, invalid or unauthorized work is rejected or quarantined without silent loss, retries do not duplicate side effects, lineage and audit evidence remain available, and no production records or credentials are used.",Playwright + platform UI/API,"supabase-platform,market-platform,synthetic-data,observability,compatible-schema-change"
Supabase,Logs and Observability,SUPA-OBSERVAB-00091,Logs and Observability: correlate an API request across gateway database and function logs (field rename),Supabase: correlate an API request across gateway database and function logs with field rename,Functional,High,Non-production tenant or isolated local fixture; synthetic records only; Rename a field using the supported migration path and inspect historical reads. ,"1. Create a disposable, versioned synthetic fixture: Rename a field using the supported migration path and inspect historical reads. 2. Execute the platform workflow to correlate an API request across gateway database and function logs. 3. Capture the committed result, resource version, or run status. 4. Compare the result with the source fixture and the declared invariant. 5. Repeat or recover the operation when applicable; verify access, audit evidence, and side effects.","The platform must correctly correlate an API request across gateway database and function logs; the field rename condition follows the configured contract; valid state is preserved, invalid or unauthorized work is rejected or quarantined without silent loss, retries do not duplicate side effects, lineage and audit evidence remain available, and no production records or credentials are used.",Playwright + platform UI/API,"supabase-platform,market-platform,synthetic-data,observability,field-rename"
Supabase,Logs and Observability,SUPA-OBSERVAB-00092,Logs and Observability: filter logs by a stable synthetic request identifier (field rename),Supabase: filter logs by a stable synthetic request identifier with field rename,Functional,High,Non-production tenant or isolated local fixture; synthetic records only; Rename a field using the supported migration path and inspect historical reads. ,"1. Create a disposable, versioned synthetic fixture: Rename a field using the supported migration path and inspect historical reads. 2. Execute the platform workflow to filter logs by a stable synthetic request identifier. 3. Capture the committed result, resource version, or run status. 4. Compare the result with the source fixture and the declared invariant. 5. Repeat or recover the operation when applicable; verify access, audit evidence, and side effects.","The platform must correctly filter logs by a stable synthetic request identifier; the field rename condition follows the configured contract; valid state is preserved, invalid or unauthorized work is rejected or quarantined without silent loss, retries do not duplicate side effects, lineage and audit evidence remain available, and no production records or credentials are used.",Playwright + platform UI/API,"supabase-platform,market-platform,synthetic-data,observability,field-rename"
Supabase,Logs and Observability,SUPA-OBSERVAB-00093,Logs and Observability: redact access tokens and personal data from log output (field rename),Supabase: redact access tokens and personal data from log output with field rename,Functional,Medium,Non-production tenant or isolated local fixture; synthetic records only; Rename a field using the supported migration path and inspect historical reads. ,"1. Create a disposable, versioned synthetic fixture: Rename a field using the supported migration path and inspect historical reads. 2. Execute the platform workflow to redact access tokens and personal data from log output. 3. Capture the committed result, resource version, or run status. 4. Compare the result with the source fixture and the declared invariant. 5. Repeat or recover the operation when applicable; verify access, audit evidence, and side effects.","The platform must correctly redact access tokens and personal data from log output; the field rename condition follows the configured contract; valid state is preserved, invalid or unauthorized work is rejected or quarantined without silent loss, retries do not duplicate side effects, lineage and audit evidence remain available, and no production records or credentials are used.",Playwright + platform UI/API,"supabase-platform,market-platform,synthetic-data,observability,field-rename"
Supabase,Logs and Observability,SUPA-OBSERVAB-00094,Logs and Observability: alert when database connections exceed a configured threshold (field rename),Supabase: alert when database connections exceed a configured threshold with field rename,Functional,High,Non-production tenant or isolated local fixture; synthetic records only; Rename a field using the supported migration path and inspect historical reads. ,"1. Create a disposable, versioned synthetic fixture: Rename a field using the supported migration path and inspect historical reads. 2. Execute the platform workflow to alert when database connections exceed a configured threshold. 3. Capture the committed result, resource version, or run status. 4. Compare the result with the source fixture and the declared invariant. 5. Repeat or recover the operation when applicable; verify access, audit evidence, and side effects.","The platform must correctly alert when database connections exceed a configured threshold; the field rename condition follows the configured contract; valid state is preserved, invalid or unauthorized work is rejected or quarantined without silent loss, retries do not duplicate side effects, lineage and audit evidence remain available, and no production records or credentials are used.",Playwright + platform UI/API,"supabase-platform,market-platform,synthetic-data,observability,field-rename"
Supabase,Logs and Observability,SUPA-OBSERVAB-00095,Logs and Observability: inspect slow queries without exposing row values (field rename),Supabase: inspect slow queries without exposing row values with field rename,Functional,High,Non-production tenant or isolated local fixture; synthetic records only; Rename a field using the supported migration path and inspect historical reads. ,"1. Create a disposable, versioned synthetic fixture: Rename a field using the supported migration path and inspect historical reads. 2. Execute the platform workflow to inspect slow queries without exposing row values. 3. Capture the committed result, resource version, or run status. 4. Compare the result with the source fixture and the declared invariant. 5. Repeat or recover the operation when applicable; verify access, audit evidence, and side effects.","The platform must correctly inspect slow queries without exposing row values; the field rename condition follows the configured contract; valid state is preserved, invalid or unauthorized work is rejected or quarantined without silent loss, retries do not duplicate side effects, lineage and audit evidence remain available, and no production records or credentials are used.",Playwright + platform UI/API,"supabase-platform,market-platform,synthetic-data,observability,field-rename"
Supabase,Logs and Observability,SUPA-OBSERVAB-00096,Logs and Observability: verify log retention at the configured time boundary (field rename),Supabase: verify log retention at the configured time boundary with field rename,Functional,High,Non-production tenant or isolated local fixture; synthetic records only; Rename a field using the supported migration path and inspect historical reads. ,"1. Create a disposable, versioned synthetic fixture: Rename a field using the supported migration path and inspect historical reads. 2. Execute the platform workflow to verify log retention at the configured time boundary. 3. Capture the committed result, resource version, or run status. 4. Compare the result with the source fixture and the declared invariant. 5. Repeat or recover the operation when applicable; verify access, audit evidence, and side effects.","The platform must correctly verify log retention at the configured time boundary; the field rename condition follows the configured contract; valid state is preserved, invalid or unauthorized work is rejected or quarantined without silent loss, retries do not duplicate side effects, lineage and audit evidence remain available, and no production records or credentials are used.",Playwright + platform UI/API,"supabase-platform,market-platform,synthetic-data,observability,field-rename"
Supabase,Logs and Observability,SUPA-OBSERVAB-00097,Logs and Observability: preserve relevant diagnostics after a function retry (field rename),Supabase: preserve relevant diagnostics after a function retry with field rename,Functional,Medium,Non-production tenant or isolated local fixture; synthetic records only; Rename a field using the supported migration path and inspect historical reads. ,"1. Create a disposable, versioned synthetic fixture: Rename a field using the supported migration path and inspect historical reads. 2. Execute the platform workflow to preserve relevant diagnostics after a function retry. 3. Capture the committed result, resource version, or run status. 4. Compare the result with the source fixture and the declared invariant. 5. Repeat or recover the operation when applicable; verify access, audit evidence, and side effects.","The platform must correctly preserve relevant diagnostics after a function retry; the field rename condition follows the configured contract; valid state is preserved, invalid or unauthorized work is rejected or quarantined without silent loss, retries do not duplicate side effects, lineage and audit evidence remain available, and no production records or credentials are used.",Playwright + platform UI/API,"supabase-platform,market-platform,synthetic-data,observability,field-rename"
Supabase,Logs and Observability,SUPA-OBSERVAB-00098,Logs and Observability: restrict log access to authorized project members (field rename),Supabase: restrict log access to authorized project members with field rename,Functional,High,Non-production tenant or isolated local fixture; synthetic records only; Rename a field using the supported migration path and inspect historical reads. ,"1. Create a disposable, versioned synthetic fixture: Rename a field using the supported migration path and inspect historical reads. 2. Execute the platform workflow to restrict log access to authorized project members. 3. Capture the committed result, resource version, or run status. 4. Compare the result with the source fixture and the declared invariant. 5. Repeat or recover the operation when applicable; verify access, audit evidence, and side effects.","The platform must correctly restrict log access to authorized project members; the field rename condition follows the configured contract; valid state is preserved, invalid or unauthorized work is rejected or quarantined without silent loss, retries do not duplicate side effects, lineage and audit evidence remain available, and no production records or credentials are used.",Playwright + platform UI/API,"supabase-platform,market-platform,synthetic-data,observability,field-rename"
Supabase,Logs and Observability,SUPA-OBSERVAB-00099,Logs and Observability: export a bounded incident bundle with correlation identifiers (field rename),Supabase: export a bounded incident bundle with correlation identifiers with field rename,Functional,High,Non-production tenant or isolated local fixture; synthetic records only; Rename a field using the supported migration path and inspect historical reads. ,"1. Create a disposable, versioned synthetic fixture: Rename a field using the supported migration path and inspect historical reads. 2. Execute the platform workflow to export a bounded incident bundle with correlation identifiers. 3. Capture the committed result, resource version, or run status. 4. Compare the result with the source fixture and the declared invariant. 5. Repeat or recover the operation when applicable; verify access, audit evidence, and side effects.","The platform must correctly export a bounded incident bundle with correlation identifiers; the field rename condition follows the configured contract; valid state is preserved, invalid or unauthorized work is rejected or quarantined without silent loss, retries do not duplicate side effects, lineage and audit evidence remain available, and no production records or credentials are used.",Playwright + platform UI/API,"supabase-platform,market-platform,synthetic-data,observability,field-rename"
Supabase,Logs and Observability,SUPA-OBSERVAB-00100,Logs and Observability: reconcile database metrics with a synthetic workload interval (field rename),Supabase: reconcile database metrics with a synthetic workload interval with field rename,Functional,High,Non-production tenant or isolated local fixture; synthetic records only; Rename a field using the supported migration path and inspect historical reads. ,"1. Create a disposable, versioned synthetic fixture: Rename a field using the supported migration path and inspect historical reads. 2. Execute the platform workflow to reconcile database metrics with a synthetic workload interval. 3. Capture the committed result, resource version, or run status. 4. Compare the result with the source fixture and the declared invariant. 5. Repeat or recover the operation when applicable; verify access, audit evidence, and side effects.","The platform must correctly reconcile database metrics with a synthetic workload interval; the field rename condition follows the configured contract; valid state is preserved, invalid or unauthorized work is rejected or quarantined without silent loss, retries do not duplicate side effects, lineage and audit evidence remain available, and no production records or credentials are used.",Playwright + platform UI/API,"supabase-platform,market-platform,synthetic-data,observability,field-rename"
Supabase,Logs and Observability,SUPA-OBSERVAB-00101,Logs and Observability: correlate an API request across gateway database and function logs (worker restart),Supabase: correlate an API request across gateway database and function logs with worker restart,Resilience,Medium,Non-production tenant or isolated local fixture; synthetic records only; Restart a worker after processing input but before final checkpoint or commit. ,"1. Create a disposable, versioned synthetic fixture: Restart a worker after processing input but before final checkpoint or commit. 2. Execute the platform workflow to correlate an API request across gateway database and function logs. 3. Capture the committed result, resource version, or run status. 4. Compare the result with the source fixture and the declared invariant. 5. Repeat or recover the operation when applicable; verify access, audit evidence, and side effects.","The platform must correctly correlate an API request across gateway database and function logs; the worker restart condition follows the configured contract; valid state is preserved, invalid or unauthorized work is rejected or quarantined without silent loss, retries do not duplicate side effects, lineage and audit evidence remain available, and no production records or credentials are used.",Playwright + platform UI/API,"supabase-platform,market-platform,synthetic-data,observability,worker-restart"
Supabase,Logs and Observability,SUPA-OBSERVAB-00102,Logs and Observability: filter logs by a stable synthetic request identifier (worker restart),Supabase: filter logs by a stable synthetic request identifier with worker restart,Resilience,High,Non-production tenant or isolated local fixture; synthetic records only; Restart a worker after processing input but before final checkpoint or commit. ,"1. Create a disposable, versioned synthetic fixture: Restart a worker after processing input but before final checkpoint or commit. 2. Execute the platform workflow to filter logs by a stable synthetic request identifier. 3. Capture the committed result, resource version, or run status. 4. Compare the result with the source fixture and the declared invariant. 5. Repeat or recover the operation when applicable; verify access, audit evidence, and side effects.","The platform must correctly filter logs by a stable synthetic request identifier; the worker restart condition follows the configured contract; valid state is preserved, invalid or unauthorized work is rejected or quarantined without silent loss, retries do not duplicate side effects, lineage and audit evidence remain available, and no production records or credentials are used.",Playwright + platform UI/API,"supabase-platform,market-platform,synthetic-data,observability,worker-restart"
Supabase,Logs and Observability,SUPA-OBSERVAB-00103,Logs and Observability: redact access tokens and personal data from log output (worker restart),Supabase: redact access tokens and personal data from log output with worker restart,Resilience,High,Non-production tenant or isolated local fixture; synthetic records only; Restart a worker after processing input but before final checkpoint or commit. ,"1. Create a disposable, versioned synthetic fixture: Restart a worker after processing input but before final checkpoint or commit. 2. Execute the platform workflow to redact access tokens and personal data from log output. 3. Capture the committed result, resource version, or run status. 4. Compare the result with the source fixture and the declared invariant. 5. Repeat or recover the operation when applicable; verify access, audit evidence, and side effects.","The platform must correctly redact access tokens and personal data from log output; the worker restart condition follows the configured contract; valid state is preserved, invalid or unauthorized work is rejected or quarantined without silent loss, retries do not duplicate side effects, lineage and audit evidence remain available, and no production records or credentials are used.",Playwright + platform UI/API,"supabase-platform,market-platform,synthetic-data,observability,worker-restart"
Supabase,Logs and Observability,SUPA-OBSERVAB-00104,Logs and Observability: alert when database connections exceed a configured threshold (worker restart),Supabase: alert when database connections exceed a configured threshold with worker restart,Resilience,High,Non-production tenant or isolated local fixture; synthetic records only; Restart a worker after processing input but before final checkpoint or commit. ,"1. Create a disposable, versioned synthetic fixture: Restart a worker after processing input but before final checkpoint or commit. 2. Execute the platform workflow to alert when database connections exceed a configured threshold. 3. Capture the committed result, resource version, or run status. 4. Compare the result with the source fixture and the declared invariant. 5. Repeat or recover the operation when applicable; verify access, audit evidence, and side effects.","The platform must correctly alert when database connections exceed a configured threshold; the worker restart condition follows the configured contract; valid state is preserved, invalid or unauthorized work is rejected or quarantined without silent loss, retries do not duplicate side effects, lineage and audit evidence remain available, and no production records or credentials are used.",Playwright + platform UI/API,"supabase-platform,market-platform,synthetic-data,observability,worker-restart"
Supabase,Logs and Observability,SUPA-OBSERVAB-00105,Logs and Observability: inspect slow queries without exposing row values (worker restart),Supabase: inspect slow queries without exposing row values with worker restart,Resilience,Medium,Non-production tenant or isolated local fixture; synthetic records only; Restart a worker after processing input but before final checkpoint or commit. ,"1. Create a disposable, versioned synthetic fixture: Restart a worker after processing input but before final checkpoint or commit. 2. Execute the platform workflow to inspect slow queries without exposing row values. 3. Capture the committed result, resource version, or run status. 4. Compare the result with the source fixture and the declared invariant. 5. Repeat or recover the operation when applicable; verify access, audit evidence, and side effects.","The platform must correctly inspect slow queries without exposing row values; the worker restart condition follows the configured contract; valid state is preserved, invalid or unauthorized work is rejected or quarantined without silent loss, retries do not duplicate side effects, lineage and audit evidence remain available, and no production records or credentials are used.",Playwright + platform UI/API,"supabase-platform,market-platform,synthetic-data,observability,worker-restart"
Supabase,Logs and Observability,SUPA-OBSERVAB-00106,Logs and Observability: verify log retention at the configured time boundary (worker restart),Supabase: verify log retention at the configured time boundary with worker restart,Resilience,High,Non-production tenant or isolated local fixture; synthetic records only; Restart a worker after processing input but before final checkpoint or commit. ,"1. Create a disposable, versioned synthetic fixture: Restart a worker after processing input but before final checkpoint or commit. 2. Execute the platform workflow to verify log retention at the configured time boundary. 3. Capture the committed result, resource version, or run status. 4. Compare the result with the source fixture and the declared invariant. 5. Repeat or recover the operation when applicable; verify access, audit evidence, and side effects.","The platform must correctly verify log retention at the configured time boundary; the worker restart condition follows the configured contract; valid state is preserved, invalid or unauthorized work is rejected or quarantined without silent loss, retries do not duplicate side effects, lineage and audit evidence remain available, and no production records or credentials are used.",Playwright + platform UI/API,"supabase-platform,market-platform,synthetic-data,observability,worker-restart"
Supabase,Logs and Observability,SUPA-OBSERVAB-00107,Logs and Observability: preserve relevant diagnostics after a function retry (worker restart),Supabase: preserve relevant diagnostics after a function retry with worker restart,Resilience,High,Non-production tenant or isolated local fixture; synthetic records only; Restart a worker after processing input but before final checkpoint or commit. ,"1. Create a disposable, versioned synthetic fixture: Restart a worker after processing input but before final checkpoint or commit. 2. Execute the platform workflow to preserve relevant diagnostics after a function retry. 3. Capture the committed result, resource version, or run status. 4. Compare the result with the source fixture and the declared invariant. 5. Repeat or recover the operation when applicable; verify access, audit evidence, and side effects.","The platform must correctly preserve relevant diagnostics after a function retry; the worker restart condition follows the configured contract; valid state is preserved, invalid or unauthorized work is rejected or quarantined without silent loss, retries do not duplicate side effects, lineage and audit evidence remain available, and no production records or credentials are used.",Playwright + platform UI/API,"supabase-platform,market-platform,synthetic-data,observability,worker-restart"
Supabase,Logs and Observability,SUPA-OBSERVAB-00108,Logs and Observability: restrict log access to authorized project members (worker restart),Supabase: restrict log access to authorized project members with worker restart,Resilience,High,Non-production tenant or isolated local fixture; synthetic records only; Restart a worker after processing input but before final checkpoint or commit. ,"1. Create a disposable, versioned synthetic fixture: Restart a worker after processing input but before final checkpoint or commit. 2. Execute the platform workflow to restrict log access to authorized project members. 3. Capture the committed result, resource version, or run status. 4. Compare the result with the source fixture and the declared invariant. 5. Repeat or recover the operation when applicable; verify access, audit evidence, and side effects.","The platform must correctly restrict log access to authorized project members; the worker restart condition follows the configured contract; valid state is preserved, invalid or unauthorized work is rejected or quarantined without silent loss, retries do not duplicate side effects, lineage and audit evidence remain available, and no production records or credentials are used.",Playwright + platform UI/API,"supabase-platform,market-platform,synthetic-data,observability,worker-restart"
Supabase,Logs and Observability,SUPA-OBSERVAB-00109,Logs and Observability: export a bounded incident bundle with correlation identifiers (worker restart),Supabase: export a bounded incident bundle with correlation identifiers with worker restart,Resilience,Medium,Non-production tenant or isolated local fixture; synthetic records only; Restart a worker after processing input but before final checkpoint or commit. ,"1. Create a disposable, versioned synthetic fixture: Restart a worker after processing input but before final checkpoint or commit. 2. Execute the platform workflow to export a bounded incident bundle with correlation identifiers. 3. Capture the committed result, resource version, or run status. 4. Compare the result with the source fixture and the declared invariant. 5. Repeat or recover the operation when applicable; verify access, audit evidence, and side effects.","The platform must correctly export a bounded incident bundle with correlation identifiers; the worker restart condition follows the configured contract; valid state is preserved, invalid or unauthorized work is rejected or quarantined without silent loss, retries do not duplicate side effects, lineage and audit evidence remain available, and no production records or credentials are used.",Playwright + platform UI/API,"supabase-platform,market-platform,synthetic-data,observability,worker-restart"
Supabase,Logs and Observability,SUPA-OBSERVAB-00110,Logs and Observability: reconcile database metrics with a synthetic workload interval (worker restart),Supabase: reconcile database metrics with a synthetic workload interval with worker restart,Resilience,High,Non-production tenant or isolated local fixture; synthetic records only; Restart a worker after processing input but before final checkpoint or commit. ,"1. Create a disposable, versioned synthetic fixture: Restart a worker after processing input but before final checkpoint or commit. 2. Execute the platform workflow to reconcile database metrics with a synthetic workload interval. 3. Capture the committed result, resource version, or run status. 4. Compare the result with the source fixture and the declared invariant. 5. Repeat or recover the operation when applicable; verify access, audit evidence, and side effects.","The platform must correctly reconcile database metrics with a synthetic workload interval; the worker restart condition follows the configured contract; valid state is preserved, invalid or unauthorized work is rejected or quarantined without silent loss, retries do not duplicate side effects, lineage and audit evidence remain available, and no production records or credentials are used.",Playwright + platform UI/API,"supabase-platform,market-platform,synthetic-data,observability,worker-restart"
Supabase,Logs and Observability,SUPA-OBSERVAB-00111,Logs and Observability: correlate an API request across gateway database and function logs (least privilege),Supabase: correlate an API request across gateway database and function logs with least privilege,Security,Critical,Non-production tenant or isolated local fixture; synthetic records only; Compare the authorized role with a role missing the required grant. ,"1. Create a disposable, versioned synthetic fixture: Compare the authorized role with a role missing the required grant. 2. Execute the platform workflow to correlate an API request across gateway database and function logs. 3. Capture the committed result, resource version, or run status. 4. Compare the result with the source fixture and the declared invariant. 5. Repeat or recover the operation when applicable; verify access, audit evidence, and side effects.","The platform must correctly correlate an API request across gateway database and function logs; the least privilege condition follows the configured contract; valid state is preserved, invalid or unauthorized work is rejected or quarantined without silent loss, retries do not duplicate side effects, lineage and audit evidence remain available, and no production records or credentials are used.",Playwright + platform UI/API,"supabase-platform,market-platform,synthetic-data,observability,least-privilege"
Supabase,Logs and Observability,SUPA-OBSERVAB-00112,Logs and Observability: filter logs by a stable synthetic request identifier (least privilege),Supabase: filter logs by a stable synthetic request identifier with least privilege,Security,Critical,Non-production tenant or isolated local fixture; synthetic records only; Compare the authorized role with a role missing the required grant. ,"1. Create a disposable, versioned synthetic fixture: Compare the authorized role with a role missing the required grant. 2. Execute the platform workflow to filter logs by a stable synthetic request identifier. 3. Capture the committed result, resource version, or run status. 4. Compare the result with the source fixture and the declared invariant. 5. Repeat or recover the operation when applicable; verify access, audit evidence, and side effects.","The platform must correctly filter logs by a stable synthetic request identifier; the least privilege condition follows the configured contract; valid state is preserved, invalid or unauthorized work is rejected or quarantined without silent loss, retries do not duplicate side effects, lineage and audit evidence remain available, and no production records or credentials are used.",Playwright + platform UI/API,"supabase-platform,market-platform,synthetic-data,observability,least-privilege"
Supabase,Logs and Observability,SUPA-OBSERVAB-00113,Logs and Observability: redact access tokens and personal data from log output (least privilege),Supabase: redact access tokens and personal data from log output with least privilege,Security,Critical,Non-production tenant or isolated local fixture; synthetic records only; Compare the authorized role with a role missing the required grant. ,"1. Create a disposable, versioned synthetic fixture: Compare the authorized role with a role missing the required grant. 2. Execute the platform workflow to redact access tokens and personal data from log output. 3. Capture the committed result, resource version, or run status. 4. Compare the result with the source fixture and the declared invariant. 5. Repeat or recover the operation when applicable; verify access, audit evidence, and side effects.","The platform must correctly redact access tokens and personal data from log output; the least privilege condition follows the configured contract; valid state is preserved, invalid or unauthorized work is rejected or quarantined without silent loss, retries do not duplicate side effects, lineage and audit evidence remain available, and no production records or credentials are used.",Playwright + platform UI/API,"supabase-platform,market-platform,synthetic-data,observability,least-privilege"
Supabase,Logs and Observability,SUPA-OBSERVAB-00114,Logs and Observability: alert when database connections exceed a configured threshold (least privilege),Supabase: alert when database connections exceed a configured threshold with least privilege,Security,Critical,Non-production tenant or isolated local fixture; synthetic records only; Compare the authorized role with a role missing the required grant. ,"1. Create a disposable, versioned synthetic fixture: Compare the authorized role with a role missing the required grant. 2. Execute the platform workflow to alert when database connections exceed a configured threshold. 3. Capture the committed result, resource version, or run status. 4. Compare the result with the source fixture and the declared invariant. 5. Repeat or recover the operation when applicable; verify access, audit evidence, and side effects.","The platform must correctly alert when database connections exceed a configured threshold; the least privilege condition follows the configured contract; valid state is preserved, invalid or unauthorized work is rejected or quarantined without silent loss, retries do not duplicate side effects, lineage and audit evidence remain available, and no production records or credentials are used.",Playwright + platform UI/API,"supabase-platform,market-platform,synthetic-data,observability,least-privilege"
Supabase,Logs and Observability,SUPA-OBSERVAB-00115,Logs and Observability: inspect slow queries without exposing row values (least privilege),Supabase: inspect slow queries without exposing row values with least privilege,Security,Critical,Non-production tenant or isolated local fixture; synthetic records only; Compare the authorized role with a role missing the required grant. ,"1. Create a disposable, versioned synthetic fixture: Compare the authorized role with a role missing the required grant. 2. Execute the platform workflow to inspect slow queries without exposing row values. 3. Capture the committed result, resource version, or run status. 4. Compare the result with the source fixture and the declared invariant. 5. Repeat or recover the operation when applicable; verify access, audit evidence, and side effects.","The platform must correctly inspect slow queries without exposing row values; the least privilege condition follows the configured contract; valid state is preserved, invalid or unauthorized work is rejected or quarantined without silent loss, retries do not duplicate side effects, lineage and audit evidence remain available, and no production records or credentials are used.",Playwright + platform UI/API,"supabase-platform,market-platform,synthetic-data,observability,least-privilege"
Supabase,Logs and Observability,SUPA-OBSERVAB-00116,Logs and Observability: verify log retention at the configured time boundary (least privilege),Supabase: verify log retention at the configured time boundary with least privilege,Security,Critical,Non-production tenant or isolated local fixture; synthetic records only; Compare the authorized role with a role missing the required grant. ,"1. Create a disposable, versioned synthetic fixture: Compare the authorized role with a role missing the required grant. 2. Execute the platform workflow to verify log retention at the configured time boundary. 3. Capture the committed result, resource version, or run status. 4. Compare the result with the source fixture and the declared invariant. 5. Repeat or recover the operation when applicable; verify access, audit evidence, and side effects.","The platform must correctly verify log retention at the configured time boundary; the least privilege condition follows the configured contract; valid state is preserved, invalid or unauthorized work is rejected or quarantined without silent loss, retries do not duplicate side effects, lineage and audit evidence remain available, and no production records or credentials are used.",Playwright + platform UI/API,"supabase-platform,market-platform,synthetic-data,observability,least-privilege"
Supabase,Logs and Observability,SUPA-OBSERVAB-00117,Logs and Observability: preserve relevant diagnostics after a function retry (least privilege),Supabase: preserve relevant diagnostics after a function retry with least privilege,Security,Critical,Non-production tenant or isolated local fixture; synthetic records only; Compare the authorized role with a role missing the required grant. ,"1. Create a disposable, versioned synthetic fixture: Compare the authorized role with a role missing the required grant. 2. Execute the platform workflow to preserve relevant diagnostics after a function retry. 3. Capture the committed result, resource version, or run status. 4. Compare the result with the source fixture and the declared invariant. 5. Repeat or recover the operation when applicable; verify access, audit evidence, and side effects.","The platform must correctly preserve relevant diagnostics after a function retry; the least privilege condition follows the configured contract; valid state is preserved, invalid or unauthorized work is rejected or quarantined without silent loss, retries do not duplicate side effects, lineage and audit evidence remain available, and no production records or credentials are used.",Playwright + platform UI/API,"supabase-platform,market-platform,synthetic-data,observability,least-privilege"
Supabase,Logs and Observability,SUPA-OBSERVAB-00118,Logs and Observability: restrict log access to authorized project members (least privilege),Supabase: restrict log access to authorized project members with least privilege,Security,Critical,Non-production tenant or isolated local fixture; synthetic records only; Compare the authorized role with a role missing the required grant. ,"1. Create a disposable, versioned synthetic fixture: Compare the authorized role with a role missing the required grant. 2. Execute the platform workflow to restrict log access to authorized project members. 3. Capture the committed result, resource version, or run status. 4. Compare the result with the source fixture and the declared invariant. 5. Repeat or recover the operation when applicable; verify access, audit evidence, and side effects.","The platform must correctly restrict log access to authorized project members; the least privilege condition follows the configured contract; valid state is preserved, invalid or unauthorized work is rejected or quarantined without silent loss, retries do not duplicate side effects, lineage and audit evidence remain available, and no production records or credentials are used.",Playwright + platform UI/API,"supabase-platform,market-platform,synthetic-data,observability,least-privilege"
Supabase,Logs and Observability,SUPA-OBSERVAB-00119,Logs and Observability: export a bounded incident bundle with correlation identifiers (least privilege),Supabase: export a bounded incident bundle with correlation identifiers with least privilege,Security,Critical,Non-production tenant or isolated local fixture; synthetic records only; Compare the authorized role with a role missing the required grant. ,"1. Create a disposable, versioned synthetic fixture: Compare the authorized role with a role missing the required grant. 2. Execute the platform workflow to export a bounded incident bundle with correlation identifiers. 3. Capture the committed result, resource version, or run status. 4. Compare the result with the source fixture and the declared invariant. 5. Repeat or recover the operation when applicable; verify access, audit evidence, and side effects.","The platform must correctly export a bounded incident bundle with correlation identifiers; the least privilege condition follows the configured contract; valid state is preserved, invalid or unauthorized work is rejected or quarantined without silent loss, retries do not duplicate side effects, lineage and audit evidence remain available, and no production records or credentials are used.",Playwright + platform UI/API,"supabase-platform,market-platform,synthetic-data,observability,least-privilege"
Supabase,Logs and Observability,SUPA-OBSERVAB-00120,Logs and Observability: reconcile database metrics with a synthetic workload interval (least privilege),Supabase: reconcile database metrics with a synthetic workload interval with least privilege,Security,Critical,Non-production tenant or isolated local fixture; synthetic records only; Compare the authorized role with a role missing the required grant. ,"1. Create a disposable, versioned synthetic fixture: Compare the authorized role with a role missing the required grant. 2. Execute the platform workflow to reconcile database metrics with a synthetic workload interval. 3. Capture the committed result, resource version, or run status. 4. Compare the result with the source fixture and the declared invariant. 5. Repeat or recover the operation when applicable; verify access, audit evidence, and side effects.","The platform must correctly reconcile database metrics with a synthetic workload interval; the least privilege condition follows the configured contract; valid state is preserved, invalid or unauthorized work is rejected or quarantined without silent loss, retries do not duplicate side effects, lineage and audit evidence remain available, and no production records or credentials are used.",Playwright + platform UI/API,"supabase-platform,market-platform,synthetic-data,observability,least-privilege"
Supabase,Logs and Observability,SUPA-OBSERVAB-00121,Logs and Observability: correlate an API request across gateway database and function logs (concurrent writers),Supabase: correlate an API request across gateway database and function logs with concurrent writers,Functional,Medium,Non-production tenant or isolated local fixture; synthetic records only; Run two valid writers against overlapping logical data at the same time. ,"1. Create a disposable, versioned synthetic fixture: Run two valid writers against overlapping logical data at the same time. 2. Execute the platform workflow to correlate an API request across gateway database and function logs. 3. Capture the committed result, resource version, or run status. 4. Compare the result with the source fixture and the declared invariant. 5. Repeat or recover the operation when applicable; verify access, audit evidence, and side effects.","The platform must correctly correlate an API request across gateway database and function logs; the concurrent writers condition follows the configured contract; valid state is preserved, invalid or unauthorized work is rejected or quarantined without silent loss, retries do not duplicate side effects, lineage and audit evidence remain available, and no production records or credentials are used.",Playwright + platform UI/API,"supabase-platform,market-platform,synthetic-data,observability,concurrent-writers"
Supabase,Logs and Observability,SUPA-OBSERVAB-00122,Logs and Observability: filter logs by a stable synthetic request identifier (concurrent writers),Supabase: filter logs by a stable synthetic request identifier with concurrent writers,Functional,High,Non-production tenant or isolated local fixture; synthetic records only; Run two valid writers against overlapping logical data at the same time. ,"1. Create a disposable, versioned synthetic fixture: Run two valid writers against overlapping logical data at the same time. 2. Execute the platform workflow to filter logs by a stable synthetic request identifier. 3. Capture the committed result, resource version, or run status. 4. Compare the result with the source fixture and the declared invariant. 5. Repeat or recover the operation when applicable; verify access, audit evidence, and side effects.","The platform must correctly filter logs by a stable synthetic request identifier; the concurrent writers condition follows the configured contract; valid state is preserved, invalid or unauthorized work is rejected or quarantined without silent loss, retries do not duplicate side effects, lineage and audit evidence remain available, and no production records or credentials are used.",Playwright + platform UI/API,"supabase-platform,market-platform,synthetic-data,observability,concurrent-writers"
Supabase,Logs and Observability,SUPA-OBSERVAB-00123,Logs and Observability: redact access tokens and personal data from log output (concurrent writers),Supabase: redact access tokens and personal data from log output with concurrent writers,Functional,High,Non-production tenant or isolated local fixture; synthetic records only; Run two valid writers against overlapping logical data at the same time. ,"1. Create a disposable, versioned synthetic fixture: Run two valid writers against overlapping logical data at the same time. 2. Execute the platform workflow to redact access tokens and personal data from log output. 3. Capture the committed result, resource version, or run status. 4. Compare the result with the source fixture and the declared invariant. 5. Repeat or recover the operation when applicable; verify access, audit evidence, and side effects.","The platform must correctly redact access tokens and personal data from log output; the concurrent writers condition follows the configured contract; valid state is preserved, invalid or unauthorized work is rejected or quarantined without silent loss, retries do not duplicate side effects, lineage and audit evidence remain available, and no production records or credentials are used.",Playwright + platform UI/API,"supabase-platform,market-platform,synthetic-data,observability,concurrent-writers"
Supabase,Logs and Observability,SUPA-OBSERVAB-00124,Logs and Observability: alert when database connections exceed a configured threshold (concurrent writers),Supabase: alert when database connections exceed a configured threshold with concurrent writers,Functional,High,Non-production tenant or isolated local fixture; synthetic records only; Run two valid writers against overlapping logical data at the same time. ,"1. Create a disposable, versioned synthetic fixture: Run two valid writers against overlapping logical data at the same time. 2. Execute the platform workflow to alert when database connections exceed a configured threshold. 3. Capture the committed result, resource version, or run status. 4. Compare the result with the source fixture and the declared invariant. 5. Repeat or recover the operation when applicable; verify access, audit evidence, and side effects.","The platform must correctly alert when database connections exceed a configured threshold; the concurrent writers condition follows the configured contract; valid state is preserved, invalid or unauthorized work is rejected or quarantined without silent loss, retries do not duplicate side effects, lineage and audit evidence remain available, and no production records or credentials are used.",Playwright + platform UI/API,"supabase-platform,market-platform,synthetic-data,observability,concurrent-writers"
Supabase,Logs and Observability,SUPA-OBSERVAB-00125,Logs and Observability: inspect slow queries without exposing row values (concurrent writers),Supabase: inspect slow queries without exposing row values with concurrent writers,Functional,Medium,Non-production tenant or isolated local fixture; synthetic records only; Run two valid writers against overlapping logical data at the same time. ,"1. Create a disposable, versioned synthetic fixture: Run two valid writers against overlapping logical data at the same time. 2. Execute the platform workflow to inspect slow queries without exposing row values. 3. Capture the committed result, resource version, or run status. 4. Compare the result with the source fixture and the declared invariant. 5. Repeat or recover the operation when applicable; verify access, audit evidence, and side effects.","The platform must correctly inspect slow queries without exposing row values; the concurrent writers condition follows the configured contract; valid state is preserved, invalid or unauthorized work is rejected or quarantined without silent loss, retries do not duplicate side effects, lineage and audit evidence remain available, and no production records or credentials are used.",Playwright + platform UI/API,"supabase-platform,market-platform,synthetic-data,observability,concurrent-writers"
Supabase,Logs and Observability,SUPA-OBSERVAB-00126,Logs and Observability: verify log retention at the configured time boundary (concurrent writers),Supabase: verify log retention at the configured time boundary with concurrent writers,Functional,High,Non-production tenant or isolated local fixture; synthetic records only; Run two valid writers against overlapping logical data at the same time. ,"1. Create a disposable, versioned synthetic fixture: Run two valid writers against overlapping logical data at the same time. 2. Execute the platform workflow to verify log retention at the configured time boundary. 3. Capture the committed result, resource version, or run status. 4. Compare the result with the source fixture and the declared invariant. 5. Repeat or recover the operation when applicable; verify access, audit evidence, and side effects.","The platform must correctly verify log retention at the configured time boundary; the concurrent writers condition follows the configured contract; valid state is preserved, invalid or unauthorized work is rejected or quarantined without silent loss, retries do not duplicate side effects, lineage and audit evidence remain available, and no production records or credentials are used.",Playwright + platform UI/API,"supabase-platform,market-platform,synthetic-data,observability,concurrent-writers"
Supabase,Logs and Observability,SUPA-OBSERVAB-00127,Logs and Observability: preserve relevant diagnostics after a function retry (concurrent writers),Supabase: preserve relevant diagnostics after a function retry with concurrent writers,Functional,High,Non-production tenant or isolated local fixture; synthetic records only; Run two valid writers against overlapping logical data at the same time. ,"1. Create a disposable, versioned synthetic fixture: Run two valid writers against overlapping logical data at the same time. 2. Execute the platform workflow to preserve relevant diagnostics after a function retry. 3. Capture the committed result, resource version, or run status. 4. Compare the result with the source fixture and the declared invariant. 5. Repeat or recover the operation when applicable; verify access, audit evidence, and side effects.","The platform must correctly preserve relevant diagnostics after a function retry; the concurrent writers condition follows the configured contract; valid state is preserved, invalid or unauthorized work is rejected or quarantined without silent loss, retries do not duplicate side effects, lineage and audit evidence remain available, and no production records or credentials are used.",Playwright + platform UI/API,"supabase-platform,market-platform,synthetic-data,observability,concurrent-writers"
Supabase,Logs and Observability,SUPA-OBSERVAB-00128,Logs and Observability: restrict log access to authorized project members (concurrent writers),Supabase: restrict log access to authorized project members with concurrent writers,Functional,High,Non-production tenant or isolated local fixture; synthetic records only; Run two valid writers against overlapping logical data at the same time. ,"1. Create a disposable, versioned synthetic fixture: Run two valid writers against overlapping logical data at the same time. 2. Execute the platform workflow to restrict log access to authorized project members. 3. Capture the committed result, resource version, or run status. 4. Compare the result with the source fixture and the declared invariant. 5. Repeat or recover the operation when applicable; verify access, audit evidence, and side effects.","The platform must correctly restrict log access to authorized project members; the concurrent writers condition follows the configured contract; valid state is preserved, invalid or unauthorized work is rejected or quarantined without silent loss, retries do not duplicate side effects, lineage and audit evidence remain available, and no production records or credentials are used.",Playwright + platform UI/API,"supabase-platform,market-platform,synthetic-data,observability,concurrent-writers"
Supabase,Logs and Observability,SUPA-OBSERVAB-00129,Logs and Observability: export a bounded incident bundle with correlation identifiers (concurrent writers),Supabase: export a bounded incident bundle with correlation identifiers with concurrent writers,Functional,Medium,Non-production tenant or isolated local fixture; synthetic records only; Run two valid writers against overlapping logical data at the same time. ,"1. Create a disposable, versioned synthetic fixture: Run two valid writers against overlapping logical data at the same time. 2. Execute the platform workflow to export a bounded incident bundle with correlation identifiers. 3. Capture the committed result, resource version, or run status. 4. Compare the result with the source fixture and the declared invariant. 5. Repeat or recover the operation when applicable; verify access, audit evidence, and side effects.","The platform must correctly export a bounded incident bundle with correlation identifiers; the concurrent writers condition follows the configured contract; valid state is preserved, invalid or unauthorized work is rejected or quarantined without silent loss, retries do not duplicate side effects, lineage and audit evidence remain available, and no production records or credentials are used.",Playwright + platform UI/API,"supabase-platform,market-platform,synthetic-data,observability,concurrent-writers"
Supabase,Logs and Observability,SUPA-OBSERVAB-00130,Logs and Observability: reconcile database metrics with a synthetic workload interval (concurrent writers),Supabase: reconcile database metrics with a synthetic workload interval with concurrent writers,Functional,High,Non-production tenant or isolated local fixture; synthetic records only; Run two valid writers against overlapping logical data at the same time. ,"1. Create a disposable, versioned synthetic fixture: Run two valid writers against overlapping logical data at the same time. 2. Execute the platform workflow to reconcile database metrics with a synthetic workload interval. 3. Capture the committed result, resource version, or run status. 4. Compare the result with the source fixture and the declared invariant. 5. Repeat or recover the operation when applicable; verify access, audit evidence, and side effects.","The platform must correctly reconcile database metrics with a synthetic workload interval; the concurrent writers condition follows the configured contract; valid state is preserved, invalid or unauthorized work is rejected or quarantined without silent loss, retries do not duplicate side effects, lineage and audit evidence remain available, and no production records or credentials are used.",Playwright + platform UI/API,"supabase-platform,market-platform,synthetic-data,observability,concurrent-writers"
Supabase,Logs and Observability,SUPA-OBSERVAB-00131,Logs and Observability: correlate an API request across gateway database and function logs (transient retry),Supabase: correlate an API request across gateway database and function logs with transient retry,Resilience,High,"Non-production tenant or isolated local fixture; synthetic records only; Inject one transient service failure, restore the dependency, and retry. ","1. Create a disposable, versioned synthetic fixture: Inject one transient service failure, restore the dependency, and retry. 2. Execute the platform workflow to correlate an API request across gateway database and function logs. 3. Capture the committed result, resource version, or run status. 4. Compare the result with the source fixture and the declared invariant. 5. Repeat or recover the operation when applicable; verify access, audit evidence, and side effects.","The platform must correctly correlate an API request across gateway database and function logs; the transient retry condition follows the configured contract; valid state is preserved, invalid or unauthorized work is rejected or quarantined without silent loss, retries do not duplicate side effects, lineage and audit evidence remain available, and no production records or credentials are used.",Playwright + platform UI/API,"supabase-platform,market-platform,synthetic-data,observability,transient-retry"
Supabase,Logs and Observability,SUPA-OBSERVAB-00132,Logs and Observability: filter logs by a stable synthetic request identifier (transient retry),Supabase: filter logs by a stable synthetic request identifier with transient retry,Resilience,High,"Non-production tenant or isolated local fixture; synthetic records only; Inject one transient service failure, restore the dependency, and retry. ","1. Create a disposable, versioned synthetic fixture: Inject one transient service failure, restore the dependency, and retry. 2. Execute the platform workflow to filter logs by a stable synthetic request identifier. 3. Capture the committed result, resource version, or run status. 4. Compare the result with the source fixture and the declared invariant. 5. Repeat or recover the operation when applicable; verify access, audit evidence, and side effects.","The platform must correctly filter logs by a stable synthetic request identifier; the transient retry condition follows the configured contract; valid state is preserved, invalid or unauthorized work is rejected or quarantined without silent loss, retries do not duplicate side effects, lineage and audit evidence remain available, and no production records or credentials are used.",Playwright + platform UI/API,"supabase-platform,market-platform,synthetic-data,observability,transient-retry"
Supabase,Logs and Observability,SUPA-OBSERVAB-00133,Logs and Observability: redact access tokens and personal data from log output (transient retry),Supabase: redact access tokens and personal data from log output with transient retry,Resilience,Medium,"Non-production tenant or isolated local fixture; synthetic records only; Inject one transient service failure, restore the dependency, and retry. ","1. Create a disposable, versioned synthetic fixture: Inject one transient service failure, restore the dependency, and retry. 2. Execute the platform workflow to redact access tokens and personal data from log output. 3. Capture the committed result, resource version, or run status. 4. Compare the result with the source fixture and the declared invariant. 5. Repeat or recover the operation when applicable; verify access, audit evidence, and side effects.","The platform must correctly redact access tokens and personal data from log output; the transient retry condition follows the configured contract; valid state is preserved, invalid or unauthorized work is rejected or quarantined without silent loss, retries do not duplicate side effects, lineage and audit evidence remain available, and no production records or credentials are used.",Playwright + platform UI/API,"supabase-platform,market-platform,synthetic-data,observability,transient-retry"
Supabase,Logs and Observability,SUPA-OBSERVAB-00134,Logs and Observability: alert when database connections exceed a configured threshold (transient retry),Supabase: alert when database connections exceed a configured threshold with transient retry,Resilience,High,"Non-production tenant or isolated local fixture; synthetic records only; Inject one transient service failure, restore the dependency, and retry. ","1. Create a disposable, versioned synthetic fixture: Inject one transient service failure, restore the dependency, and retry. 2. Execute the platform workflow to alert when database connections exceed a configured threshold. 3. Capture the committed result, resource version, or run status. 4. Compare the result with the source fixture and the declared invariant. 5. Repeat or recover the operation when applicable; verify access, audit evidence, and side effects.","The platform must correctly alert when database connections exceed a configured threshold; the transient retry condition follows the configured contract; valid state is preserved, invalid or unauthorized work is rejected or quarantined without silent loss, retries do not duplicate side effects, lineage and audit evidence remain available, and no production records or credentials are used.",Playwright + platform UI/API,"supabase-platform,market-platform,synthetic-data,observability,transient-retry"
Supabase,Logs and Observability,SUPA-OBSERVAB-00135,Logs and Observability: inspect slow queries without exposing row values (transient retry),Supabase: inspect slow queries without exposing row values with transient retry,Resilience,High,"Non-production tenant or isolated local fixture; synthetic records only; Inject one transient service failure, restore the dependency, and retry. ","1. Create a disposable, versioned synthetic fixture: Inject one transient service failure, restore the dependency, and retry. 2. Execute the platform workflow to inspect slow queries without exposing row values. 3. Capture the committed result, resource version, or run status. 4. Compare the result with the source fixture and the declared invariant. 5. Repeat or recover the operation when applicable; verify access, audit evidence, and side effects.","The platform must correctly inspect slow queries without exposing row values; the transient retry condition follows the configured contract; valid state is preserved, invalid or unauthorized work is rejected or quarantined without silent loss, retries do not duplicate side effects, lineage and audit evidence remain available, and no production records or credentials are used.",Playwright + platform UI/API,"supabase-platform,market-platform,synthetic-data,observability,transient-retry"
Supabase,Logs and Observability,SUPA-OBSERVAB-00136,Logs and Observability: verify log retention at the configured time boundary (transient retry),Supabase: verify log retention at the configured time boundary with transient retry,Resilience,High,"Non-production tenant or isolated local fixture; synthetic records only; Inject one transient service failure, restore the dependency, and retry. ","1. Create a disposable, versioned synthetic fixture: Inject one transient service failure, restore the dependency, and retry. 2. Execute the platform workflow to verify log retention at the configured time boundary. 3. Capture the committed result, resource version, or run status. 4. Compare the result with the source fixture and the declared invariant. 5. Repeat or recover the operation when applicable; verify access, audit evidence, and side effects.","The platform must correctly verify log retention at the configured time boundary; the transient retry condition follows the configured contract; valid state is preserved, invalid or unauthorized work is rejected or quarantined without silent loss, retries do not duplicate side effects, lineage and audit evidence remain available, and no production records or credentials are used.",Playwright + platform UI/API,"supabase-platform,market-platform,synthetic-data,observability,transient-retry"
Supabase,Logs and Observability,SUPA-OBSERVAB-00137,Logs and Observability: preserve relevant diagnostics after a function retry (transient retry),Supabase: preserve relevant diagnostics after a function retry with transient retry,Resilience,Medium,"Non-production tenant or isolated local fixture; synthetic records only; Inject one transient service failure, restore the dependency, and retry. ","1. Create a disposable, versioned synthetic fixture: Inject one transient service failure, restore the dependency, and retry. 2. Execute the platform workflow to preserve relevant diagnostics after a function retry. 3. Capture the committed result, resource version, or run status. 4. Compare the result with the source fixture and the declared invariant. 5. Repeat or recover the operation when applicable; verify access, audit evidence, and side effects.","The platform must correctly preserve relevant diagnostics after a function retry; the transient retry condition follows the configured contract; valid state is preserved, invalid or unauthorized work is rejected or quarantined without silent loss, retries do not duplicate side effects, lineage and audit evidence remain available, and no production records or credentials are used.",Playwright + platform UI/API,"supabase-platform,market-platform,synthetic-data,observability,transient-retry"
Supabase,Logs and Observability,SUPA-OBSERVAB-00138,Logs and Observability: restrict log access to authorized project members (transient retry),Supabase: restrict log access to authorized project members with transient retry,Resilience,High,"Non-production tenant or isolated local fixture; synthetic records only; Inject one transient service failure, restore the dependency, and retry. ","1. Create a disposable, versioned synthetic fixture: Inject one transient service failure, restore the dependency, and retry. 2. Execute the platform workflow to restrict log access to authorized project members. 3. Capture the committed result, resource version, or run status. 4. Compare the result with the source fixture and the declared invariant. 5. Repeat or recover the operation when applicable; verify access, audit evidence, and side effects.","The platform must correctly restrict log access to authorized project members; the transient retry condition follows the configured contract; valid state is preserved, invalid or unauthorized work is rejected or quarantined without silent loss, retries do not duplicate side effects, lineage and audit evidence remain available, and no production records or credentials are used.",Playwright + platform UI/API,"supabase-platform,market-platform,synthetic-data,observability,transient-retry"
Supabase,Logs and Observability,SUPA-OBSERVAB-00139,Logs and Observability: export a bounded incident bundle with correlation identifiers (transient retry),Supabase: export a bounded incident bundle with correlation identifiers with transient retry,Resilience,High,"Non-production tenant or isolated local fixture; synthetic records only; Inject one transient service failure, restore the dependency, and retry. ","1. Create a disposable, versioned synthetic fixture: Inject one transient service failure, restore the dependency, and retry. 2. Execute the platform workflow to export a bounded incident bundle with correlation identifiers. 3. Capture the committed result, resource version, or run status. 4. Compare the result with the source fixture and the declared invariant. 5. Repeat or recover the operation when applicable; verify access, audit evidence, and side effects.","The platform must correctly export a bounded incident bundle with correlation identifiers; the transient retry condition follows the configured contract; valid state is preserved, invalid or unauthorized work is rejected or quarantined without silent loss, retries do not duplicate side effects, lineage and audit evidence remain available, and no production records or credentials are used.",Playwright + platform UI/API,"supabase-platform,market-platform,synthetic-data,observability,transient-retry"
Supabase,Logs and Observability,SUPA-OBSERVAB-00140,Logs and Observability: reconcile database metrics with a synthetic workload interval (transient retry),Supabase: reconcile database metrics with a synthetic workload interval with transient retry,Resilience,High,"Non-production tenant or isolated local fixture; synthetic records only; Inject one transient service failure, restore the dependency, and retry. ","1. Create a disposable, versioned synthetic fixture: Inject one transient service failure, restore the dependency, and retry. 2. Execute the platform workflow to reconcile database metrics with a synthetic workload interval. 3. Capture the committed result, resource version, or run status. 4. Compare the result with the source fixture and the declared invariant. 5. Repeat or recover the operation when applicable; verify access, audit evidence, and side effects.","The platform must correctly reconcile database metrics with a synthetic workload interval; the transient retry condition follows the configured contract; valid state is preserved, invalid or unauthorized work is rejected or quarantined without silent loss, retries do not duplicate side effects, lineage and audit evidence remain available, and no production records or credentials are used.",Playwright + platform UI/API,"supabase-platform,market-platform,synthetic-data,observability,transient-retry"
Supabase,Logs and Observability,SUPA-OBSERVAB-00141,Logs and Observability: correlate an API request across gateway database and function logs (commit conflict),Supabase: correlate an API request across gateway database and function logs with commit conflict,Functional,Medium,Non-production tenant or isolated local fixture; synthetic records only; Advance the resource version between read and write to create an optimistic conflict. ,"1. Create a disposable, versioned synthetic fixture: Advance the resource version between read and write to create an optimistic conflict. 2. Execute the platform workflow to correlate an API request across gateway database and function logs. 3. Capture the committed result, resource version, or run status. 4. Compare the result with the source fixture and the declared invariant. 5. Repeat or recover the operation when applicable; verify access, audit evidence, and side effects.","The platform must correctly correlate an API request across gateway database and function logs; the commit conflict condition follows the configured contract; valid state is preserved, invalid or unauthorized work is rejected or quarantined without silent loss, retries do not duplicate side effects, lineage and audit evidence remain available, and no production records or credentials are used.",Playwright + platform UI/API,"supabase-platform,market-platform,synthetic-data,observability,commit-conflict"
Supabase,Logs and Observability,SUPA-OBSERVAB-00142,Logs and Observability: filter logs by a stable synthetic request identifier (commit conflict),Supabase: filter logs by a stable synthetic request identifier with commit conflict,Functional,High,Non-production tenant or isolated local fixture; synthetic records only; Advance the resource version between read and write to create an optimistic conflict. ,"1. Create a disposable, versioned synthetic fixture: Advance the resource version between read and write to create an optimistic conflict. 2. Execute the platform workflow to filter logs by a stable synthetic request identifier. 3. Capture the committed result, resource version, or run status. 4. Compare the result with the source fixture and the declared invariant. 5. Repeat or recover the operation when applicable; verify access, audit evidence, and side effects.","The platform must correctly filter logs by a stable synthetic request identifier; the commit conflict condition follows the configured contract; valid state is preserved, invalid or unauthorized work is rejected or quarantined without silent loss, retries do not duplicate side effects, lineage and audit evidence remain available, and no production records or credentials are used.",Playwright + platform UI/API,"supabase-platform,market-platform,synthetic-data,observability,commit-conflict"
Supabase,Logs and Observability,SUPA-OBSERVAB-00143,Logs and Observability: redact access tokens and personal data from log output (commit conflict),Supabase: redact access tokens and personal data from log output with commit conflict,Functional,High,Non-production tenant or isolated local fixture; synthetic records only; Advance the resource version between read and write to create an optimistic conflict. ,"1. Create a disposable, versioned synthetic fixture: Advance the resource version between read and write to create an optimistic conflict. 2. Execute the platform workflow to redact access tokens and personal data from log output. 3. Capture the committed result, resource version, or run status. 4. Compare the result with the source fixture and the declared invariant. 5. Repeat or recover the operation when applicable; verify access, audit evidence, and side effects.","The platform must correctly redact access tokens and personal data from log output; the commit conflict condition follows the configured contract; valid state is preserved, invalid or unauthorized work is rejected or quarantined without silent loss, retries do not duplicate side effects, lineage and audit evidence remain available, and no production records or credentials are used.",Playwright + platform UI/API,"supabase-platform,market-platform,synthetic-data,observability,commit-conflict"
Supabase,Logs and Observability,SUPA-OBSERVAB-00144,Logs and Observability: alert when database connections exceed a configured threshold (commit conflict),Supabase: alert when database connections exceed a configured threshold with commit conflict,Functional,High,Non-production tenant or isolated local fixture; synthetic records only; Advance the resource version between read and write to create an optimistic conflict. ,"1. Create a disposable, versioned synthetic fixture: Advance the resource version between read and write to create an optimistic conflict. 2. Execute the platform workflow to alert when database connections exceed a configured threshold. 3. Capture the committed result, resource version, or run status. 4. Compare the result with the source fixture and the declared invariant. 5. Repeat or recover the operation when applicable; verify access, audit evidence, and side effects.","The platform must correctly alert when database connections exceed a configured threshold; the commit conflict condition follows the configured contract; valid state is preserved, invalid or unauthorized work is rejected or quarantined without silent loss, retries do not duplicate side effects, lineage and audit evidence remain available, and no production records or credentials are used.",Playwright + platform UI/API,"supabase-platform,market-platform,synthetic-data,observability,commit-conflict"
Supabase,Logs and Observability,SUPA-OBSERVAB-00145,Logs and Observability: inspect slow queries without exposing row values (commit conflict),Supabase: inspect slow queries without exposing row values with commit conflict,Functional,Medium,Non-production tenant or isolated local fixture; synthetic records only; Advance the resource version between read and write to create an optimistic conflict. ,"1. Create a disposable, versioned synthetic fixture: Advance the resource version between read and write to create an optimistic conflict. 2. Execute the platform workflow to inspect slow queries without exposing row values. 3. Capture the committed result, resource version, or run status. 4. Compare the result with the source fixture and the declared invariant. 5. Repeat or recover the operation when applicable; verify access, audit evidence, and side effects.","The platform must correctly inspect slow queries without exposing row values; the commit conflict condition follows the configured contract; valid state is preserved, invalid or unauthorized work is rejected or quarantined without silent loss, retries do not duplicate side effects, lineage and audit evidence remain available, and no production records or credentials are used.",Playwright + platform UI/API,"supabase-platform,market-platform,synthetic-data,observability,commit-conflict"
Supabase,Logs and Observability,SUPA-OBSERVAB-00146,Logs and Observability: verify log retention at the configured time boundary (commit conflict),Supabase: verify log retention at the configured time boundary with commit conflict,Functional,High,Non-production tenant or isolated local fixture; synthetic records only; Advance the resource version between read and write to create an optimistic conflict. ,"1. Create a disposable, versioned synthetic fixture: Advance the resource version between read and write to create an optimistic conflict. 2. Execute the platform workflow to verify log retention at the configured time boundary. 3. Capture the committed result, resource version, or run status. 4. Compare the result with the source fixture and the declared invariant. 5. Repeat or recover the operation when applicable; verify access, audit evidence, and side effects.","The platform must correctly verify log retention at the configured time boundary; the commit conflict condition follows the configured contract; valid state is preserved, invalid or unauthorized work is rejected or quarantined without silent loss, retries do not duplicate side effects, lineage and audit evidence remain available, and no production records or credentials are used.",Playwright + platform UI/API,"supabase-platform,market-platform,synthetic-data,observability,commit-conflict"
Supabase,Logs and Observability,SUPA-OBSERVAB-00147,Logs and Observability: preserve relevant diagnostics after a function retry (commit conflict),Supabase: preserve relevant diagnostics after a function retry with commit conflict,Functional,High,Non-production tenant or isolated local fixture; synthetic records only; Advance the resource version between read and write to create an optimistic conflict. ,"1. Create a disposable, versioned synthetic fixture: Advance the resource version between read and write to create an optimistic conflict. 2. Execute the platform workflow to preserve relevant diagnostics after a function retry. 3. Capture the committed result, resource version, or run status. 4. Compare the result with the source fixture and the declared invariant. 5. Repeat or recover the operation when applicable; verify access, audit evidence, and side effects.","The platform must correctly preserve relevant diagnostics after a function retry; the commit conflict condition follows the configured contract; valid state is preserved, invalid or unauthorized work is rejected or quarantined without silent loss, retries do not duplicate side effects, lineage and audit evidence remain available, and no production records or credentials are used.",Playwright + platform UI/API,"supabase-platform,market-platform,synthetic-data,observability,commit-conflict"
Supabase,Logs and Observability,SUPA-OBSERVAB-00148,Logs and Observability: restrict log access to authorized project members (commit conflict),Supabase: restrict log access to authorized project members with commit conflict,Functional,High,Non-production tenant or isolated local fixture; synthetic records only; Advance the resource version between read and write to create an optimistic conflict. ,"1. Create a disposable, versioned synthetic fixture: Advance the resource version between read and write to create an optimistic conflict. 2. Execute the platform workflow to restrict log access to authorized project members. 3. Capture the committed result, resource version, or run status. 4. Compare the result with the source fixture and the declared invariant. 5. Repeat or recover the operation when applicable; verify access, audit evidence, and side effects.","The platform must correctly restrict log access to authorized project members; the commit conflict condition follows the configured contract; valid state is preserved, invalid or unauthorized work is rejected or quarantined without silent loss, retries do not duplicate side effects, lineage and audit evidence remain available, and no production records or credentials are used.",Playwright + platform UI/API,"supabase-platform,market-platform,synthetic-data,observability,commit-conflict"
Supabase,Logs and Observability,SUPA-OBSERVAB-00149,Logs and Observability: export a bounded incident bundle with correlation identifiers (commit conflict),Supabase: export a bounded incident bundle with correlation identifiers with commit conflict,Functional,Medium,Non-production tenant or isolated local fixture; synthetic records only; Advance the resource version between read and write to create an optimistic conflict. ,"1. Create a disposable, versioned synthetic fixture: Advance the resource version between read and write to create an optimistic conflict. 2. Execute the platform workflow to export a bounded incident bundle with correlation identifiers. 3. Capture the committed result, resource version, or run status. 4. Compare the result with the source fixture and the declared invariant. 5. Repeat or recover the operation when applicable; verify access, audit evidence, and side effects.","The platform must correctly export a bounded incident bundle with correlation identifiers; the commit conflict condition follows the configured contract; valid state is preserved, invalid or unauthorized work is rejected or quarantined without silent loss, retries do not duplicate side effects, lineage and audit evidence remain available, and no production records or credentials are used.",Playwright + platform UI/API,"supabase-platform,market-platform,synthetic-data,observability,commit-conflict"
Supabase,Logs and Observability,SUPA-OBSERVAB-00150,Logs and Observability: reconcile database metrics with a synthetic workload interval (commit conflict),Supabase: reconcile database metrics with a synthetic workload interval with commit conflict,Functional,High,Non-production tenant or isolated local fixture; synthetic records only; Advance the resource version between read and write to create an optimistic conflict. ,"1. Create a disposable, versioned synthetic fixture: Advance the resource version between read and write to create an optimistic conflict. 2. Execute the platform workflow to reconcile database metrics with a synthetic workload interval. 3. Capture the committed result, resource version, or run status. 4. Compare the result with the source fixture and the declared invariant. 5. Repeat or recover the operation when applicable; verify access, audit evidence, and side effects.","The platform must correctly reconcile database metrics with a synthetic workload interval; the commit conflict condition follows the configured contract; valid state is preserved, invalid or unauthorized work is rejected or quarantined without silent loss, retries do not duplicate side effects, lineage and audit evidence remain available, and no production records or credentials are used.",Playwright + platform UI/API,"supabase-platform,market-platform,synthetic-data,observability,commit-conflict"
Supabase,Logs and Observability,SUPA-OBSERVAB-00151,Logs and Observability: correlate an API request across gateway database and function logs (rollback and replay),Supabase: correlate an API request across gateway database and function logs with rollback and replay,Functional,High,Non-production tenant or isolated local fixture; synthetic records only; Restore a prior version in a disposable fixture and replay the same operation. ,"1. Create a disposable, versioned synthetic fixture: Restore a prior version in a disposable fixture and replay the same operation. 2. Execute the platform workflow to correlate an API request across gateway database and function logs. 3. Capture the committed result, resource version, or run status. 4. Compare the result with the source fixture and the declared invariant. 5. Repeat or recover the operation when applicable; verify access, audit evidence, and side effects.","The platform must correctly correlate an API request across gateway database and function logs; the rollback and replay condition follows the configured contract; valid state is preserved, invalid or unauthorized work is rejected or quarantined without silent loss, retries do not duplicate side effects, lineage and audit evidence remain available, and no production records or credentials are used.",Playwright + platform UI/API,"supabase-platform,market-platform,synthetic-data,observability,rollback-and-replay"
Supabase,Logs and Observability,SUPA-OBSERVAB-00152,Logs and Observability: filter logs by a stable synthetic request identifier (rollback and replay),Supabase: filter logs by a stable synthetic request identifier with rollback and replay,Functional,High,Non-production tenant or isolated local fixture; synthetic records only; Restore a prior version in a disposable fixture and replay the same operation. ,"1. Create a disposable, versioned synthetic fixture: Restore a prior version in a disposable fixture and replay the same operation. 2. Execute the platform workflow to filter logs by a stable synthetic request identifier. 3. Capture the committed result, resource version, or run status. 4. Compare the result with the source fixture and the declared invariant. 5. Repeat or recover the operation when applicable; verify access, audit evidence, and side effects.","The platform must correctly filter logs by a stable synthetic request identifier; the rollback and replay condition follows the configured contract; valid state is preserved, invalid or unauthorized work is rejected or quarantined without silent loss, retries do not duplicate side effects, lineage and audit evidence remain available, and no production records or credentials are used.",Playwright + platform UI/API,"supabase-platform,market-platform,synthetic-data,observability,rollback-and-replay"
Supabase,Logs and Observability,SUPA-OBSERVAB-00153,Logs and Observability: redact access tokens and personal data from log output (rollback and replay),Supabase: redact access tokens and personal data from log output with rollback and replay,Functional,Medium,Non-production tenant or isolated local fixture; synthetic records only; Restore a prior version in a disposable fixture and replay the same operation. ,"1. Create a disposable, versioned synthetic fixture: Restore a prior version in a disposable fixture and replay the same operation. 2. Execute the platform workflow to redact access tokens and personal data from log output. 3. Capture the committed result, resource version, or run status. 4. Compare the result with the source fixture and the declared invariant. 5. Repeat or recover the operation when applicable; verify access, audit evidence, and side effects.","The platform must correctly redact access tokens and personal data from log output; the rollback and replay condition follows the configured contract; valid state is preserved, invalid or unauthorized work is rejected or quarantined without silent loss, retries do not duplicate side effects, lineage and audit evidence remain available, and no production records or credentials are used.",Playwright + platform UI/API,"supabase-platform,market-platform,synthetic-data,observability,rollback-and-replay"
Supabase,Logs and Observability,SUPA-OBSERVAB-00154,Logs and Observability: alert when database connections exceed a configured threshold (rollback and replay),Supabase: alert when database connections exceed a configured threshold with rollback and replay,Functional,High,Non-production tenant or isolated local fixture; synthetic records only; Restore a prior version in a disposable fixture and replay the same operation. ,"1. Create a disposable, versioned synthetic fixture: Restore a prior version in a disposable fixture and replay the same operation. 2. Execute the platform workflow to alert when database connections exceed a configured threshold. 3. Capture the committed result, resource version, or run status. 4. Compare the result with the source fixture and the declared invariant. 5. Repeat or recover the operation when applicable; verify access, audit evidence, and side effects.","The platform must correctly alert when database connections exceed a configured threshold; the rollback and replay condition follows the configured contract; valid state is preserved, invalid or unauthorized work is rejected or quarantined without silent loss, retries do not duplicate side effects, lineage and audit evidence remain available, and no production records or credentials are used.",Playwright + platform UI/API,"supabase-platform,market-platform,synthetic-data,observability,rollback-and-replay"
Supabase,Logs and Observability,SUPA-OBSERVAB-00155,Logs and Observability: inspect slow queries without exposing row values (rollback and replay),Supabase: inspect slow queries without exposing row values with rollback and replay,Functional,High,Non-production tenant or isolated local fixture; synthetic records only; Restore a prior version in a disposable fixture and replay the same operation. ,"1. Create a disposable, versioned synthetic fixture: Restore a prior version in a disposable fixture and replay the same operation. 2. Execute the platform workflow to inspect slow queries without exposing row values. 3. Capture the committed result, resource version, or run status. 4. Compare the result with the source fixture and the declared invariant. 5. Repeat or recover the operation when applicable; verify access, audit evidence, and side effects.","The platform must correctly inspect slow queries without exposing row values; the rollback and replay condition follows the configured contract; valid state is preserved, invalid or unauthorized work is rejected or quarantined without silent loss, retries do not duplicate side effects, lineage and audit evidence remain available, and no production records or credentials are used.",Playwright + platform UI/API,"supabase-platform,market-platform,synthetic-data,observability,rollback-and-replay"
Supabase,Logs and Observability,SUPA-OBSERVAB-00156,Logs and Observability: verify log retention at the configured time boundary (rollback and replay),Supabase: verify log retention at the configured time boundary with rollback and replay,Functional,High,Non-production tenant or isolated local fixture; synthetic records only; Restore a prior version in a disposable fixture and replay the same operation. ,"1. Create a disposable, versioned synthetic fixture: Restore a prior version in a disposable fixture and replay the same operation. 2. Execute the platform workflow to verify log retention at the configured time boundary. 3. Capture the committed result, resource version, or run status. 4. Compare the result with the source fixture and the declared invariant. 5. Repeat or recover the operation when applicable; verify access, audit evidence, and side effects.","The platform must correctly verify log retention at the configured time boundary; the rollback and replay condition follows the configured contract; valid state is preserved, invalid or unauthorized work is rejected or quarantined without silent loss, retries do not duplicate side effects, lineage and audit evidence remain available, and no production records or credentials are used.",Playwright + platform UI/API,"supabase-platform,market-platform,synthetic-data,observability,rollback-and-replay"
Supabase,Logs and Observability,SUPA-OBSERVAB-00157,Logs and Observability: preserve relevant diagnostics after a function retry (rollback and replay),Supabase: preserve relevant diagnostics after a function retry with rollback and replay,Functional,Medium,Non-production tenant or isolated local fixture; synthetic records only; Restore a prior version in a disposable fixture and replay the same operation. ,"1. Create a disposable, versioned synthetic fixture: Restore a prior version in a disposable fixture and replay the same operation. 2. Execute the platform workflow to preserve relevant diagnostics after a function retry. 3. Capture the committed result, resource version, or run status. 4. Compare the result with the source fixture and the declared invariant. 5. Repeat or recover the operation when applicable; verify access, audit evidence, and side effects.","The platform must correctly preserve relevant diagnostics after a function retry; the rollback and replay condition follows the configured contract; valid state is preserved, invalid or unauthorized work is rejected or quarantined without silent loss, retries do not duplicate side effects, lineage and audit evidence remain available, and no production records or credentials are used.",Playwright + platform UI/API,"supabase-platform,market-platform,synthetic-data,observability,rollback-and-replay"
Supabase,Logs and Observability,SUPA-OBSERVAB-00158,Logs and Observability: restrict log access to authorized project members (rollback and replay),Supabase: restrict log access to authorized project members with rollback and replay,Functional,High,Non-production tenant or isolated local fixture; synthetic records only; Restore a prior version in a disposable fixture and replay the same operation. ,"1. Create a disposable, versioned synthetic fixture: Restore a prior version in a disposable fixture and replay the same operation. 2. Execute the platform workflow to restrict log access to authorized project members. 3. Capture the committed result, resource version, or run status. 4. Compare the result with the source fixture and the declared invariant. 5. Repeat or recover the operation when applicable; verify access, audit evidence, and side effects.","The platform must correctly restrict log access to authorized project members; the rollback and replay condition follows the configured contract; valid state is preserved, invalid or unauthorized work is rejected or quarantined without silent loss, retries do not duplicate side effects, lineage and audit evidence remain available, and no production records or credentials are used.",Playwright + platform UI/API,"supabase-platform,market-platform,synthetic-data,observability,rollback-and-replay"
Supabase,Logs and Observability,SUPA-OBSERVAB-00159,Logs and Observability: export a bounded incident bundle with correlation identifiers (rollback and replay),Supabase: export a bounded incident bundle with correlation identifiers with rollback and replay,Functional,High,Non-production tenant or isolated local fixture; synthetic records only; Restore a prior version in a disposable fixture and replay the same operation. ,"1. Create a disposable, versioned synthetic fixture: Restore a prior version in a disposable fixture and replay the same operation. 2. Execute the platform workflow to export a bounded incident bundle with correlation identifiers. 3. Capture the committed result, resource version, or run status. 4. Compare the result with the source fixture and the declared invariant. 5. Repeat or recover the operation when applicable; verify access, audit evidence, and side effects.","The platform must correctly export a bounded incident bundle with correlation identifiers; the rollback and replay condition follows the configured contract; valid state is preserved, invalid or unauthorized work is rejected or quarantined without silent loss, retries do not duplicate side effects, lineage and audit evidence remain available, and no production records or credentials are used.",Playwright + platform UI/API,"supabase-platform,market-platform,synthetic-data,observability,rollback-and-replay"
Supabase,Logs and Observability,SUPA-OBSERVAB-00160,Logs and Observability: reconcile database metrics with a synthetic workload interval (rollback and replay),Supabase: reconcile database metrics with a synthetic workload interval with rollback and replay,Functional,High,Non-production tenant or isolated local fixture; synthetic records only; Restore a prior version in a disposable fixture and replay the same operation. ,"1. Create a disposable, versioned synthetic fixture: Restore a prior version in a disposable fixture and replay the same operation. 2. Execute the platform workflow to reconcile database metrics with a synthetic workload interval. 3. Capture the committed result, resource version, or run status. 4. Compare the result with the source fixture and the declared invariant. 5. Repeat or recover the operation when applicable; verify access, audit evidence, and side effects.","The platform must correctly reconcile database metrics with a synthetic workload interval; the rollback and replay condition follows the configured contract; valid state is preserved, invalid or unauthorized work is rejected or quarantined without silent loss, retries do not duplicate side effects, lineage and audit evidence remain available, and no production records or credentials are used.",Playwright + platform UI/API,"supabase-platform,market-platform,synthetic-data,observability,rollback-and-replay"
Supabase,Logs and Observability,SUPA-OBSERVAB-00161,Logs and Observability: correlate an API request across gateway database and function logs (Unicode identifiers),Supabase: correlate an API request across gateway database and function logs with Unicode identifiers,Functional,Medium,"Non-production tenant or isolated local fixture; synthetic records only; Use Unicode in safe project, model, table, index, and synthetic account labels. ","1. Create a disposable, versioned synthetic fixture: Use Unicode in safe project, model, table, index, and synthetic account labels. 2. Execute the platform workflow to correlate an API request across gateway database and function logs. 3. Capture the committed result, resource version, or run status. 4. Compare the result with the source fixture and the declared invariant. 5. Repeat or recover the operation when applicable; verify access, audit evidence, and side effects.","The platform must correctly correlate an API request across gateway database and function logs; the Unicode identifiers condition follows the configured contract; valid state is preserved, invalid or unauthorized work is rejected or quarantined without silent loss, retries do not duplicate side effects, lineage and audit evidence remain available, and no production records or credentials are used.",Playwright + platform UI/API,"supabase-platform,market-platform,synthetic-data,observability,Unicode-identifiers"
Supabase,Logs and Observability,SUPA-OBSERVAB-00162,Logs and Observability: filter logs by a stable synthetic request identifier (Unicode identifiers),Supabase: filter logs by a stable synthetic request identifier with Unicode identifiers,Functional,High,"Non-production tenant or isolated local fixture; synthetic records only; Use Unicode in safe project, model, table, index, and synthetic account labels. ","1. Create a disposable, versioned synthetic fixture: Use Unicode in safe project, model, table, index, and synthetic account labels. 2. Execute the platform workflow to filter logs by a stable synthetic request identifier. 3. Capture the committed result, resource version, or run status. 4. Compare the result with the source fixture and the declared invariant. 5. Repeat or recover the operation when applicable; verify access, audit evidence, and side effects.","The platform must correctly filter logs by a stable synthetic request identifier; the Unicode identifiers condition follows the configured contract; valid state is preserved, invalid or unauthorized work is rejected or quarantined without silent loss, retries do not duplicate side effects, lineage and audit evidence remain available, and no production records or credentials are used.",Playwright + platform UI/API,"supabase-platform,market-platform,synthetic-data,observability,Unicode-identifiers"
Supabase,Logs and Observability,SUPA-OBSERVAB-00163,Logs and Observability: redact access tokens and personal data from log output (Unicode identifiers),Supabase: redact access tokens and personal data from log output with Unicode identifiers,Functional,High,"Non-production tenant or isolated local fixture; synthetic records only; Use Unicode in safe project, model, table, index, and synthetic account labels. ","1. Create a disposable, versioned synthetic fixture: Use Unicode in safe project, model, table, index, and synthetic account labels. 2. Execute the platform workflow to redact access tokens and personal data from log output. 3. Capture the committed result, resource version, or run status. 4. Compare the result with the source fixture and the declared invariant. 5. Repeat or recover the operation when applicable; verify access, audit evidence, and side effects.","The platform must correctly redact access tokens and personal data from log output; the Unicode identifiers condition follows the configured contract; valid state is preserved, invalid or unauthorized work is rejected or quarantined without silent loss, retries do not duplicate side effects, lineage and audit evidence remain available, and no production records or credentials are used.",Playwright + platform UI/API,"supabase-platform,market-platform,synthetic-data,observability,Unicode-identifiers"
Supabase,Logs and Observability,SUPA-OBSERVAB-00164,Logs and Observability: alert when database connections exceed a configured threshold (Unicode identifiers),Supabase: alert when database connections exceed a configured threshold with Unicode identifiers,Functional,High,"Non-production tenant or isolated local fixture; synthetic records only; Use Unicode in safe project, model, table, index, and synthetic account labels. ","1. Create a disposable, versioned synthetic fixture: Use Unicode in safe project, model, table, index, and synthetic account labels. 2. Execute the platform workflow to alert when database connections exceed a configured threshold. 3. Capture the committed result, resource version, or run status. 4. Compare the result with the source fixture and the declared invariant. 5. Repeat or recover the operation when applicable; verify access, audit evidence, and side effects.","The platform must correctly alert when database connections exceed a configured threshold; the Unicode identifiers condition follows the configured contract; valid state is preserved, invalid or unauthorized work is rejected or quarantined without silent loss, retries do not duplicate side effects, lineage and audit evidence remain available, and no production records or credentials are used.",Playwright + platform UI/API,"supabase-platform,market-platform,synthetic-data,observability,Unicode-identifiers"
Supabase,Logs and Observability,SUPA-OBSERVAB-00165,Logs and Observability: inspect slow queries without exposing row values (Unicode identifiers),Supabase: inspect slow queries without exposing row values with Unicode identifiers,Functional,Medium,"Non-production tenant or isolated local fixture; synthetic records only; Use Unicode in safe project, model, table, index, and synthetic account labels. ","1. Create a disposable, versioned synthetic fixture: Use Unicode in safe project, model, table, index, and synthetic account labels. 2. Execute the platform workflow to inspect slow queries without exposing row values. 3. Capture the committed result, resource version, or run status. 4. Compare the result with the source fixture and the declared invariant. 5. Repeat or recover the operation when applicable; verify access, audit evidence, and side effects.","The platform must correctly inspect slow queries without exposing row values; the Unicode identifiers condition follows the configured contract; valid state is preserved, invalid or unauthorized work is rejected or quarantined without silent loss, retries do not duplicate side effects, lineage and audit evidence remain available, and no production records or credentials are used.",Playwright + platform UI/API,"supabase-platform,market-platform,synthetic-data,observability,Unicode-identifiers"
Supabase,Logs and Observability,SUPA-OBSERVAB-00166,Logs and Observability: verify log retention at the configured time boundary (Unicode identifiers),Supabase: verify log retention at the configured time boundary with Unicode identifiers,Functional,High,"Non-production tenant or isolated local fixture; synthetic records only; Use Unicode in safe project, model, table, index, and synthetic account labels. ","1. Create a disposable, versioned synthetic fixture: Use Unicode in safe project, model, table, index, and synthetic account labels. 2. Execute the platform workflow to verify log retention at the configured time boundary. 3. Capture the committed result, resource version, or run status. 4. Compare the result with the source fixture and the declared invariant. 5. Repeat or recover the operation when applicable; verify access, audit evidence, and side effects.","The platform must correctly verify log retention at the configured time boundary; the Unicode identifiers condition follows the configured contract; valid state is preserved, invalid or unauthorized work is rejected or quarantined without silent loss, retries do not duplicate side effects, lineage and audit evidence remain available, and no production records or credentials are used.",Playwright + platform UI/API,"supabase-platform,market-platform,synthetic-data,observability,Unicode-identifiers"
Supabase,Logs and Observability,SUPA-OBSERVAB-00167,Logs and Observability: preserve relevant diagnostics after a function retry (Unicode identifiers),Supabase: preserve relevant diagnostics after a function retry with Unicode identifiers,Functional,High,"Non-production tenant or isolated local fixture; synthetic records only; Use Unicode in safe project, model, table, index, and synthetic account labels. ","1. Create a disposable, versioned synthetic fixture: Use Unicode in safe project, model, table, index, and synthetic account labels. 2. Execute the platform workflow to preserve relevant diagnostics after a function retry. 3. Capture the committed result, resource version, or run status. 4. Compare the result with the source fixture and the declared invariant. 5. Repeat or recover the operation when applicable; verify access, audit evidence, and side effects.","The platform must correctly preserve relevant diagnostics after a function retry; the Unicode identifiers condition follows the configured contract; valid state is preserved, invalid or unauthorized work is rejected or quarantined without silent loss, retries do not duplicate side effects, lineage and audit evidence remain available, and no production records or credentials are used.",Playwright + platform UI/API,"supabase-platform,market-platform,synthetic-data,observability,Unicode-identifiers"
Supabase,Logs and Observability,SUPA-OBSERVAB-00168,Logs and Observability: restrict log access to authorized project members (Unicode identifiers),Supabase: restrict log access to authorized project members with Unicode identifiers,Functional,High,"Non-production tenant or isolated local fixture; synthetic records only; Use Unicode in safe project, model, table, index, and synthetic account labels. ","1. Create a disposable, versioned synthetic fixture: Use Unicode in safe project, model, table, index, and synthetic account labels. 2. Execute the platform workflow to restrict log access to authorized project members. 3. Capture the committed result, resource version, or run status. 4. Compare the result with the source fixture and the declared invariant. 5. Repeat or recover the operation when applicable; verify access, audit evidence, and side effects.","The platform must correctly restrict log access to authorized project members; the Unicode identifiers condition follows the configured contract; valid state is preserved, invalid or unauthorized work is rejected or quarantined without silent loss, retries do not duplicate side effects, lineage and audit evidence remain available, and no production records or credentials are used.",Playwright + platform UI/API,"supabase-platform,market-platform,synthetic-data,observability,Unicode-identifiers"
Supabase,Logs and Observability,SUPA-OBSERVAB-00169,Logs and Observability: export a bounded incident bundle with correlation identifiers (Unicode identifiers),Supabase: export a bounded incident bundle with correlation identifiers with Unicode identifiers,Functional,Medium,"Non-production tenant or isolated local fixture; synthetic records only; Use Unicode in safe project, model, table, index, and synthetic account labels. ","1. Create a disposable, versioned synthetic fixture: Use Unicode in safe project, model, table, index, and synthetic account labels. 2. Execute the platform workflow to export a bounded incident bundle with correlation identifiers. 3. Capture the committed result, resource version, or run status. 4. Compare the result with the source fixture and the declared invariant. 5. Repeat or recover the operation when applicable; verify access, audit evidence, and side effects.","The platform must correctly export a bounded incident bundle with correlation identifiers; the Unicode identifiers condition follows the configured contract; valid state is preserved, invalid or unauthorized work is rejected or quarantined without silent loss, retries do not duplicate side effects, lineage and audit evidence remain available, and no production records or credentials are used.",Playwright + platform UI/API,"supabase-platform,market-platform,synthetic-data,observability,Unicode-identifiers"
Supabase,Logs and Observability,SUPA-OBSERVAB-00170,Logs and Observability: reconcile database metrics with a synthetic workload interval (Unicode identifiers),Supabase: reconcile database metrics with a synthetic workload interval with Unicode identifiers,Functional,High,"Non-production tenant or isolated local fixture; synthetic records only; Use Unicode in safe project, model, table, index, and synthetic account labels. ","1. Create a disposable, versioned synthetic fixture: Use Unicode in safe project, model, table, index, and synthetic account labels. 2. Execute the platform workflow to reconcile database metrics with a synthetic workload interval. 3. Capture the committed result, resource version, or run status. 4. Compare the result with the source fixture and the declared invariant. 5. Repeat or recover the operation when applicable; verify access, audit evidence, and side effects.","The platform must correctly reconcile database metrics with a synthetic workload interval; the Unicode identifiers condition follows the configured contract; valid state is preserved, invalid or unauthorized work is rejected or quarantined without silent loss, retries do not duplicate side effects, lineage and audit evidence remain available, and no production records or credentials are used.",Playwright + platform UI/API,"supabase-platform,market-platform,synthetic-data,observability,Unicode-identifiers"
Supabase,Logs and Observability,SUPA-OBSERVAB-00171,Logs and Observability: correlate an API request across gateway database and function logs (time-zone boundary),Supabase: correlate an API request across gateway database and function logs with time-zone boundary,Functional,High,Non-production tenant or isolated local fixture; synthetic records only; Place timestamps around local midnight and a daylight-saving transition. ,"1. Create a disposable, versioned synthetic fixture: Place timestamps around local midnight and a daylight-saving transition. 2. Execute the platform workflow to correlate an API request across gateway database and function logs. 3. Capture the committed result, resource version, or run status. 4. Compare the result with the source fixture and the declared invariant. 5. Repeat or recover the operation when applicable; verify access, audit evidence, and side effects.","The platform must correctly correlate an API request across gateway database and function logs; the time-zone boundary condition follows the configured contract; valid state is preserved, invalid or unauthorized work is rejected or quarantined without silent loss, retries do not duplicate side effects, lineage and audit evidence remain available, and no production records or credentials are used.",Playwright + platform UI/API,"supabase-platform,market-platform,synthetic-data,observability,time-zone-boundary"
Supabase,Logs and Observability,SUPA-OBSERVAB-00172,Logs and Observability: filter logs by a stable synthetic request identifier (time-zone boundary),Supabase: filter logs by a stable synthetic request identifier with time-zone boundary,Functional,High,Non-production tenant or isolated local fixture; synthetic records only; Place timestamps around local midnight and a daylight-saving transition. ,"1. Create a disposable, versioned synthetic fixture: Place timestamps around local midnight and a daylight-saving transition. 2. Execute the platform workflow to filter logs by a stable synthetic request identifier. 3. Capture the committed result, resource version, or run status. 4. Compare the result with the source fixture and the declared invariant. 5. Repeat or recover the operation when applicable; verify access, audit evidence, and side effects.","The platform must correctly filter logs by a stable synthetic request identifier; the time-zone boundary condition follows the configured contract; valid state is preserved, invalid or unauthorized work is rejected or quarantined without silent loss, retries do not duplicate side effects, lineage and audit evidence remain available, and no production records or credentials are used.",Playwright + platform UI/API,"supabase-platform,market-platform,synthetic-data,observability,time-zone-boundary"
Supabase,Logs and Observability,SUPA-OBSERVAB-00173,Logs and Observability: redact access tokens and personal data from log output (time-zone boundary),Supabase: redact access tokens and personal data from log output with time-zone boundary,Functional,Medium,Non-production tenant or isolated local fixture; synthetic records only; Place timestamps around local midnight and a daylight-saving transition. ,"1. Create a disposable, versioned synthetic fixture: Place timestamps around local midnight and a daylight-saving transition. 2. Execute the platform workflow to redact access tokens and personal data from log output. 3. Capture the committed result, resource version, or run status. 4. Compare the result with the source fixture and the declared invariant. 5. Repeat or recover the operation when applicable; verify access, audit evidence, and side effects.","The platform must correctly redact access tokens and personal data from log output; the time-zone boundary condition follows the configured contract; valid state is preserved, invalid or unauthorized work is rejected or quarantined without silent loss, retries do not duplicate side effects, lineage and audit evidence remain available, and no production records or credentials are used.",Playwright + platform UI/API,"supabase-platform,market-platform,synthetic-data,observability,time-zone-boundary"
Supabase,Logs and Observability,SUPA-OBSERVAB-00174,Logs and Observability: alert when database connections exceed a configured threshold (time-zone boundary),Supabase: alert when database connections exceed a configured threshold with time-zone boundary,Functional,High,Non-production tenant or isolated local fixture; synthetic records only; Place timestamps around local midnight and a daylight-saving transition. ,"1. Create a disposable, versioned synthetic fixture: Place timestamps around local midnight and a daylight-saving transition. 2. Execute the platform workflow to alert when database connections exceed a configured threshold. 3. Capture the committed result, resource version, or run status. 4. Compare the result with the source fixture and the declared invariant. 5. Repeat or recover the operation when applicable; verify access, audit evidence, and side effects.","The platform must correctly alert when database connections exceed a configured threshold; the time-zone boundary condition follows the configured contract; valid state is preserved, invalid or unauthorized work is rejected or quarantined without silent loss, retries do not duplicate side effects, lineage and audit evidence remain available, and no production records or credentials are used.",Playwright + platform UI/API,"supabase-platform,market-platform,synthetic-data,observability,time-zone-boundary"
Supabase,Logs and Observability,SUPA-OBSERVAB-00175,Logs and Observability: inspect slow queries without exposing row values (time-zone boundary),Supabase: inspect slow queries without exposing row values with time-zone boundary,Functional,High,Non-production tenant or isolated local fixture; synthetic records only; Place timestamps around local midnight and a daylight-saving transition. ,"1. Create a disposable, versioned synthetic fixture: Place timestamps around local midnight and a daylight-saving transition. 2. Execute the platform workflow to inspect slow queries without exposing row values. 3. Capture the committed result, resource version, or run status. 4. Compare the result with the source fixture and the declared invariant. 5. Repeat or recover the operation when applicable; verify access, audit evidence, and side effects.","The platform must correctly inspect slow queries without exposing row values; the time-zone boundary condition follows the configured contract; valid state is preserved, invalid or unauthorized work is rejected or quarantined without silent loss, retries do not duplicate side effects, lineage and audit evidence remain available, and no production records or credentials are used.",Playwright + platform UI/API,"supabase-platform,market-platform,synthetic-data,observability,time-zone-boundary"
Supabase,Logs and Observability,SUPA-OBSERVAB-00176,Logs and Observability: verify log retention at the configured time boundary (time-zone boundary),Supabase: verify log retention at the configured time boundary with time-zone boundary,Functional,High,Non-production tenant or isolated local fixture; synthetic records only; Place timestamps around local midnight and a daylight-saving transition. ,"1. Create a disposable, versioned synthetic fixture: Place timestamps around local midnight and a daylight-saving transition. 2. Execute the platform workflow to verify log retention at the configured time boundary. 3. Capture the committed result, resource version, or run status. 4. Compare the result with the source fixture and the declared invariant. 5. Repeat or recover the operation when applicable; verify access, audit evidence, and side effects.","The platform must correctly verify log retention at the configured time boundary; the time-zone boundary condition follows the configured contract; valid state is preserved, invalid or unauthorized work is rejected or quarantined without silent loss, retries do not duplicate side effects, lineage and audit evidence remain available, and no production records or credentials are used.",Playwright + platform UI/API,"supabase-platform,market-platform,synthetic-data,observability,time-zone-boundary"
Supabase,Logs and Observability,SUPA-OBSERVAB-00177,Logs and Observability: preserve relevant diagnostics after a function retry (time-zone boundary),Supabase: preserve relevant diagnostics after a function retry with time-zone boundary,Functional,Medium,Non-production tenant or isolated local fixture; synthetic records only; Place timestamps around local midnight and a daylight-saving transition. ,"1. Create a disposable, versioned synthetic fixture: Place timestamps around local midnight and a daylight-saving transition. 2. Execute the platform workflow to preserve relevant diagnostics after a function retry. 3. Capture the committed result, resource version, or run status. 4. Compare the result with the source fixture and the declared invariant. 5. Repeat or recover the operation when applicable; verify access, audit evidence, and side effects.","The platform must correctly preserve relevant diagnostics after a function retry; the time-zone boundary condition follows the configured contract; valid state is preserved, invalid or unauthorized work is rejected or quarantined without silent loss, retries do not duplicate side effects, lineage and audit evidence remain available, and no production records or credentials are used.",Playwright + platform UI/API,"supabase-platform,market-platform,synthetic-data,observability,time-zone-boundary"
Supabase,Logs and Observability,SUPA-OBSERVAB-00178,Logs and Observability: restrict log access to authorized project members (time-zone boundary),Supabase: restrict log access to authorized project members with time-zone boundary,Functional,High,Non-production tenant or isolated local fixture; synthetic records only; Place timestamps around local midnight and a daylight-saving transition. ,"1. Create a disposable, versioned synthetic fixture: Place timestamps around local midnight and a daylight-saving transition. 2. Execute the platform workflow to restrict log access to authorized project members. 3. Capture the committed result, resource version, or run status. 4. Compare the result with the source fixture and the declared invariant. 5. Repeat or recover the operation when applicable; verify access, audit evidence, and side effects.","The platform must correctly restrict log access to authorized project members; the time-zone boundary condition follows the configured contract; valid state is preserved, invalid or unauthorized work is rejected or quarantined without silent loss, retries do not duplicate side effects, lineage and audit evidence remain available, and no production records or credentials are used.",Playwright + platform UI/API,"supabase-platform,market-platform,synthetic-data,observability,time-zone-boundary"
Supabase,Logs and Observability,SUPA-OBSERVAB-00179,Logs and Observability: export a bounded incident bundle with correlation identifiers (time-zone boundary),Supabase: export a bounded incident bundle with correlation identifiers with time-zone boundary,Functional,High,Non-production tenant or isolated local fixture; synthetic records only; Place timestamps around local midnight and a daylight-saving transition. ,"1. Create a disposable, versioned synthetic fixture: Place timestamps around local midnight and a daylight-saving transition. 2. Execute the platform workflow to export a bounded incident bundle with correlation identifiers. 3. Capture the committed result, resource version, or run status. 4. Compare the result with the source fixture and the declared invariant. 5. Repeat or recover the operation when applicable; verify access, audit evidence, and side effects.","The platform must correctly export a bounded incident bundle with correlation identifiers; the time-zone boundary condition follows the configured contract; valid state is preserved, invalid or unauthorized work is rejected or quarantined without silent loss, retries do not duplicate side effects, lineage and audit evidence remain available, and no production records or credentials are used.",Playwright + platform UI/API,"supabase-platform,market-platform,synthetic-data,observability,time-zone-boundary"
Supabase,Logs and Observability,SUPA-OBSERVAB-00180,Logs and Observability: reconcile database metrics with a synthetic workload interval (time-zone boundary),Supabase: reconcile database metrics with a synthetic workload interval with time-zone boundary,Functional,High,Non-production tenant or isolated local fixture; synthetic records only; Place timestamps around local midnight and a daylight-saving transition. ,"1. Create a disposable, versioned synthetic fixture: Place timestamps around local midnight and a daylight-saving transition. 2. Execute the platform workflow to reconcile database metrics with a synthetic workload interval. 3. Capture the committed result, resource version, or run status. 4. Compare the result with the source fixture and the declared invariant. 5. Repeat or recover the operation when applicable; verify access, audit evidence, and side effects.","The platform must correctly reconcile database metrics with a synthetic workload interval; the time-zone boundary condition follows the configured contract; valid state is preserved, invalid or unauthorized work is rejected or quarantined without silent loss, retries do not duplicate side effects, lineage and audit evidence remain available, and no production records or credentials are used.",Playwright + platform UI/API,"supabase-platform,market-platform,synthetic-data,observability,time-zone-boundary"
Supabase,Logs and Observability,SUPA-OBSERVAB-00181,Logs and Observability: correlate an API request across gateway database and function logs (skewed high volume),Supabase: correlate an API request across gateway database and function logs with skewed high volume,Functional,Medium,Non-production tenant or isolated local fixture; synthetic records only; Use a large synthetic fixture with one intentionally skewed key or partition. ,"1. Create a disposable, versioned synthetic fixture: Use a large synthetic fixture with one intentionally skewed key or partition. 2. Execute the platform workflow to correlate an API request across gateway database and function logs. 3. Capture the committed result, resource version, or run status. 4. Compare the result with the source fixture and the declared invariant. 5. Repeat or recover the operation when applicable; verify access, audit evidence, and side effects.","The platform must correctly correlate an API request across gateway database and function logs; the skewed high volume condition follows the configured contract; valid state is preserved, invalid or unauthorized work is rejected or quarantined without silent loss, retries do not duplicate side effects, lineage and audit evidence remain available, and no production records or credentials are used.",Playwright + platform UI/API,"supabase-platform,market-platform,synthetic-data,observability,skewed-high-volume"
Supabase,Logs and Observability,SUPA-OBSERVAB-00182,Logs and Observability: filter logs by a stable synthetic request identifier (skewed high volume),Supabase: filter logs by a stable synthetic request identifier with skewed high volume,Functional,High,Non-production tenant or isolated local fixture; synthetic records only; Use a large synthetic fixture with one intentionally skewed key or partition. ,"1. Create a disposable, versioned synthetic fixture: Use a large synthetic fixture with one intentionally skewed key or partition. 2. Execute the platform workflow to filter logs by a stable synthetic request identifier. 3. Capture the committed result, resource version, or run status. 4. Compare the result with the source fixture and the declared invariant. 5. Repeat or recover the operation when applicable; verify access, audit evidence, and side effects.","The platform must correctly filter logs by a stable synthetic request identifier; the skewed high volume condition follows the configured contract; valid state is preserved, invalid or unauthorized work is rejected or quarantined without silent loss, retries do not duplicate side effects, lineage and audit evidence remain available, and no production records or credentials are used.",Playwright + platform UI/API,"supabase-platform,market-platform,synthetic-data,observability,skewed-high-volume"
Supabase,Logs and Observability,SUPA-OBSERVAB-00183,Logs and Observability: redact access tokens and personal data from log output (skewed high volume),Supabase: redact access tokens and personal data from log output with skewed high volume,Functional,High,Non-production tenant or isolated local fixture; synthetic records only; Use a large synthetic fixture with one intentionally skewed key or partition. ,"1. Create a disposable, versioned synthetic fixture: Use a large synthetic fixture with one intentionally skewed key or partition. 2. Execute the platform workflow to redact access tokens and personal data from log output. 3. Capture the committed result, resource version, or run status. 4. Compare the result with the source fixture and the declared invariant. 5. Repeat or recover the operation when applicable; verify access, audit evidence, and side effects.","The platform must correctly redact access tokens and personal data from log output; the skewed high volume condition follows the configured contract; valid state is preserved, invalid or unauthorized work is rejected or quarantined without silent loss, retries do not duplicate side effects, lineage and audit evidence remain available, and no production records or credentials are used.",Playwright + platform UI/API,"supabase-platform,market-platform,synthetic-data,observability,skewed-high-volume"
Supabase,Logs and Observability,SUPA-OBSERVAB-00184,Logs and Observability: alert when database connections exceed a configured threshold (skewed high volume),Supabase: alert when database connections exceed a configured threshold with skewed high volume,Functional,High,Non-production tenant or isolated local fixture; synthetic records only; Use a large synthetic fixture with one intentionally skewed key or partition. ,"1. Create a disposable, versioned synthetic fixture: Use a large synthetic fixture with one intentionally skewed key or partition. 2. Execute the platform workflow to alert when database connections exceed a configured threshold. 3. Capture the committed result, resource version, or run status. 4. Compare the result with the source fixture and the declared invariant. 5. Repeat or recover the operation when applicable; verify access, audit evidence, and side effects.","The platform must correctly alert when database connections exceed a configured threshold; the skewed high volume condition follows the configured contract; valid state is preserved, invalid or unauthorized work is rejected or quarantined without silent loss, retries do not duplicate side effects, lineage and audit evidence remain available, and no production records or credentials are used.",Playwright + platform UI/API,"supabase-platform,market-platform,synthetic-data,observability,skewed-high-volume"
Supabase,Logs and Observability,SUPA-OBSERVAB-00185,Logs and Observability: inspect slow queries without exposing row values (skewed high volume),Supabase: inspect slow queries without exposing row values with skewed high volume,Functional,Medium,Non-production tenant or isolated local fixture; synthetic records only; Use a large synthetic fixture with one intentionally skewed key or partition. ,"1. Create a disposable, versioned synthetic fixture: Use a large synthetic fixture with one intentionally skewed key or partition. 2. Execute the platform workflow to inspect slow queries without exposing row values. 3. Capture the committed result, resource version, or run status. 4. Compare the result with the source fixture and the declared invariant. 5. Repeat or recover the operation when applicable; verify access, audit evidence, and side effects.","The platform must correctly inspect slow queries without exposing row values; the skewed high volume condition follows the configured contract; valid state is preserved, invalid or unauthorized work is rejected or quarantined without silent loss, retries do not duplicate side effects, lineage and audit evidence remain available, and no production records or credentials are used.",Playwright + platform UI/API,"supabase-platform,market-platform,synthetic-data,observability,skewed-high-volume"
Supabase,Logs and Observability,SUPA-OBSERVAB-00186,Logs and Observability: verify log retention at the configured time boundary (skewed high volume),Supabase: verify log retention at the configured time boundary with skewed high volume,Functional,High,Non-production tenant or isolated local fixture; synthetic records only; Use a large synthetic fixture with one intentionally skewed key or partition. ,"1. Create a disposable, versioned synthetic fixture: Use a large synthetic fixture with one intentionally skewed key or partition. 2. Execute the platform workflow to verify log retention at the configured time boundary. 3. Capture the committed result, resource version, or run status. 4. Compare the result with the source fixture and the declared invariant. 5. Repeat or recover the operation when applicable; verify access, audit evidence, and side effects.","The platform must correctly verify log retention at the configured time boundary; the skewed high volume condition follows the configured contract; valid state is preserved, invalid or unauthorized work is rejected or quarantined without silent loss, retries do not duplicate side effects, lineage and audit evidence remain available, and no production records or credentials are used.",Playwright + platform UI/API,"supabase-platform,market-platform,synthetic-data,observability,skewed-high-volume"
Supabase,Logs and Observability,SUPA-OBSERVAB-00187,Logs and Observability: preserve relevant diagnostics after a function retry (skewed high volume),Supabase: preserve relevant diagnostics after a function retry with skewed high volume,Functional,High,Non-production tenant or isolated local fixture; synthetic records only; Use a large synthetic fixture with one intentionally skewed key or partition. ,"1. Create a disposable, versioned synthetic fixture: Use a large synthetic fixture with one intentionally skewed key or partition. 2. Execute the platform workflow to preserve relevant diagnostics after a function retry. 3. Capture the committed result, resource version, or run status. 4. Compare the result with the source fixture and the declared invariant. 5. Repeat or recover the operation when applicable; verify access, audit evidence, and side effects.","The platform must correctly preserve relevant diagnostics after a function retry; the skewed high volume condition follows the configured contract; valid state is preserved, invalid or unauthorized work is rejected or quarantined without silent loss, retries do not duplicate side effects, lineage and audit evidence remain available, and no production records or credentials are used.",Playwright + platform UI/API,"supabase-platform,market-platform,synthetic-data,observability,skewed-high-volume"
Supabase,Logs and Observability,SUPA-OBSERVAB-00188,Logs and Observability: restrict log access to authorized project members (skewed high volume),Supabase: restrict log access to authorized project members with skewed high volume,Functional,High,Non-production tenant or isolated local fixture; synthetic records only; Use a large synthetic fixture with one intentionally skewed key or partition. ,"1. Create a disposable, versioned synthetic fixture: Use a large synthetic fixture with one intentionally skewed key or partition. 2. Execute the platform workflow to restrict log access to authorized project members. 3. Capture the committed result, resource version, or run status. 4. Compare the result with the source fixture and the declared invariant. 5. Repeat or recover the operation when applicable; verify access, audit evidence, and side effects.","The platform must correctly restrict log access to authorized project members; the skewed high volume condition follows the configured contract; valid state is preserved, invalid or unauthorized work is rejected or quarantined without silent loss, retries do not duplicate side effects, lineage and audit evidence remain available, and no production records or credentials are used.",Playwright + platform UI/API,"supabase-platform,market-platform,synthetic-data,observability,skewed-high-volume"
Supabase,Logs and Observability,SUPA-OBSERVAB-00189,Logs and Observability: export a bounded incident bundle with correlation identifiers (skewed high volume),Supabase: export a bounded incident bundle with correlation identifiers with skewed high volume,Functional,Medium,Non-production tenant or isolated local fixture; synthetic records only; Use a large synthetic fixture with one intentionally skewed key or partition. ,"1. Create a disposable, versioned synthetic fixture: Use a large synthetic fixture with one intentionally skewed key or partition. 2. Execute the platform workflow to export a bounded incident bundle with correlation identifiers. 3. Capture the committed result, resource version, or run status. 4. Compare the result with the source fixture and the declared invariant. 5. Repeat or recover the operation when applicable; verify access, audit evidence, and side effects.","The platform must correctly export a bounded incident bundle with correlation identifiers; the skewed high volume condition follows the configured contract; valid state is preserved, invalid or unauthorized work is rejected or quarantined without silent loss, retries do not duplicate side effects, lineage and audit evidence remain available, and no production records or credentials are used.",Playwright + platform UI/API,"supabase-platform,market-platform,synthetic-data,observability,skewed-high-volume"
Supabase,Logs and Observability,SUPA-OBSERVAB-00190,Logs and Observability: reconcile database metrics with a synthetic workload interval (skewed high volume),Supabase: reconcile database metrics with a synthetic workload interval with skewed high volume,Functional,High,Non-production tenant or isolated local fixture; synthetic records only; Use a large synthetic fixture with one intentionally skewed key or partition. ,"1. Create a disposable, versioned synthetic fixture: Use a large synthetic fixture with one intentionally skewed key or partition. 2. Execute the platform workflow to reconcile database metrics with a synthetic workload interval. 3. Capture the committed result, resource version, or run status. 4. Compare the result with the source fixture and the declared invariant. 5. Repeat or recover the operation when applicable; verify access, audit evidence, and side effects.","The platform must correctly reconcile database metrics with a synthetic workload interval; the skewed high volume condition follows the configured contract; valid state is preserved, invalid or unauthorized work is rejected or quarantined without silent loss, retries do not duplicate side effects, lineage and audit evidence remain available, and no production records or credentials are used.",Playwright + platform UI/API,"supabase-platform,market-platform,synthetic-data,observability,skewed-high-volume"
Supabase,Logs and Observability,SUPA-OBSERVAB-00191,Logs and Observability: correlate an API request across gateway database and function logs (corrupt input),Supabase: correlate an API request across gateway database and function logs with corrupt input,Functional,High,Non-production tenant or isolated local fixture; synthetic records only; Include one malformed record and verify quarantine or clear failure without silent loss. ,"1. Create a disposable, versioned synthetic fixture: Include one malformed record and verify quarantine or clear failure without silent loss. 2. Execute the platform workflow to correlate an API request across gateway database and function logs. 3. Capture the committed result, resource version, or run status. 4. Compare the result with the source fixture and the declared invariant. 5. Repeat or recover the operation when applicable; verify access, audit evidence, and side effects.","The platform must correctly correlate an API request across gateway database and function logs; the corrupt input condition follows the configured contract; valid state is preserved, invalid or unauthorized work is rejected or quarantined without silent loss, retries do not duplicate side effects, lineage and audit evidence remain available, and no production records or credentials are used.",Playwright + platform UI/API,"supabase-platform,market-platform,synthetic-data,observability,corrupt-input"
Supabase,Logs and Observability,SUPA-OBSERVAB-00192,Logs and Observability: filter logs by a stable synthetic request identifier (corrupt input),Supabase: filter logs by a stable synthetic request identifier with corrupt input,Functional,High,Non-production tenant or isolated local fixture; synthetic records only; Include one malformed record and verify quarantine or clear failure without silent loss. ,"1. Create a disposable, versioned synthetic fixture: Include one malformed record and verify quarantine or clear failure without silent loss. 2. Execute the platform workflow to filter logs by a stable synthetic request identifier. 3. Capture the committed result, resource version, or run status. 4. Compare the result with the source fixture and the declared invariant. 5. Repeat or recover the operation when applicable; verify access, audit evidence, and side effects.","The platform must correctly filter logs by a stable synthetic request identifier; the corrupt input condition follows the configured contract; valid state is preserved, invalid or unauthorized work is rejected or quarantined without silent loss, retries do not duplicate side effects, lineage and audit evidence remain available, and no production records or credentials are used.",Playwright + platform UI/API,"supabase-platform,market-platform,synthetic-data,observability,corrupt-input"
Supabase,Logs and Observability,SUPA-OBSERVAB-00193,Logs and Observability: redact access tokens and personal data from log output (corrupt input),Supabase: redact access tokens and personal data from log output with corrupt input,Functional,Medium,Non-production tenant or isolated local fixture; synthetic records only; Include one malformed record and verify quarantine or clear failure without silent loss. ,"1. Create a disposable, versioned synthetic fixture: Include one malformed record and verify quarantine or clear failure without silent loss. 2. Execute the platform workflow to redact access tokens and personal data from log output. 3. Capture the committed result, resource version, or run status. 4. Compare the result with the source fixture and the declared invariant. 5. Repeat or recover the operation when applicable; verify access, audit evidence, and side effects.","The platform must correctly redact access tokens and personal data from log output; the corrupt input condition follows the configured contract; valid state is preserved, invalid or unauthorized work is rejected or quarantined without silent loss, retries do not duplicate side effects, lineage and audit evidence remain available, and no production records or credentials are used.",Playwright + platform UI/API,"supabase-platform,market-platform,synthetic-data,observability,corrupt-input"
Supabase,Logs and Observability,SUPA-OBSERVAB-00194,Logs and Observability: alert when database connections exceed a configured threshold (corrupt input),Supabase: alert when database connections exceed a configured threshold with corrupt input,Functional,High,Non-production tenant or isolated local fixture; synthetic records only; Include one malformed record and verify quarantine or clear failure without silent loss. ,"1. Create a disposable, versioned synthetic fixture: Include one malformed record and verify quarantine or clear failure without silent loss. 2. Execute the platform workflow to alert when database connections exceed a configured threshold. 3. Capture the committed result, resource version, or run status. 4. Compare the result with the source fixture and the declared invariant. 5. Repeat or recover the operation when applicable; verify access, audit evidence, and side effects.","The platform must correctly alert when database connections exceed a configured threshold; the corrupt input condition follows the configured contract; valid state is preserved, invalid or unauthorized work is rejected or quarantined without silent loss, retries do not duplicate side effects, lineage and audit evidence remain available, and no production records or credentials are used.",Playwright + platform UI/API,"supabase-platform,market-platform,synthetic-data,observability,corrupt-input"
Supabase,Logs and Observability,SUPA-OBSERVAB-00195,Logs and Observability: inspect slow queries without exposing row values (corrupt input),Supabase: inspect slow queries without exposing row values with corrupt input,Functional,High,Non-production tenant or isolated local fixture; synthetic records only; Include one malformed record and verify quarantine or clear failure without silent loss. ,"1. Create a disposable, versioned synthetic fixture: Include one malformed record and verify quarantine or clear failure without silent loss. 2. Execute the platform workflow to inspect slow queries without exposing row values. 3. Capture the committed result, resource version, or run status. 4. Compare the result with the source fixture and the declared invariant. 5. Repeat or recover the operation when applicable; verify access, audit evidence, and side effects.","The platform must correctly inspect slow queries without exposing row values; the corrupt input condition follows the configured contract; valid state is preserved, invalid or unauthorized work is rejected or quarantined without silent loss, retries do not duplicate side effects, lineage and audit evidence remain available, and no production records or credentials are used.",Playwright + platform UI/API,"supabase-platform,market-platform,synthetic-data,observability,corrupt-input"
Supabase,Logs and Observability,SUPA-OBSERVAB-00196,Logs and Observability: verify log retention at the configured time boundary (corrupt input),Supabase: verify log retention at the configured time boundary with corrupt input,Functional,High,Non-production tenant or isolated local fixture; synthetic records only; Include one malformed record and verify quarantine or clear failure without silent loss. ,"1. Create a disposable, versioned synthetic fixture: Include one malformed record and verify quarantine or clear failure without silent loss. 2. Execute the platform workflow to verify log retention at the configured time boundary. 3. Capture the committed result, resource version, or run status. 4. Compare the result with the source fixture and the declared invariant. 5. Repeat or recover the operation when applicable; verify access, audit evidence, and side effects.","The platform must correctly verify log retention at the configured time boundary; the corrupt input condition follows the configured contract; valid state is preserved, invalid or unauthorized work is rejected or quarantined without silent loss, retries do not duplicate side effects, lineage and audit evidence remain available, and no production records or credentials are used.",Playwright + platform UI/API,"supabase-platform,market-platform,synthetic-data,observability,corrupt-input"
Supabase,Logs and Observability,SUPA-OBSERVAB-00197,Logs and Observability: preserve relevant diagnostics after a function retry (corrupt input),Supabase: preserve relevant diagnostics after a function retry with corrupt input,Functional,Medium,Non-production tenant or isolated local fixture; synthetic records only; Include one malformed record and verify quarantine or clear failure without silent loss. ,"1. Create a disposable, versioned synthetic fixture: Include one malformed record and verify quarantine or clear failure without silent loss. 2. Execute the platform workflow to preserve relevant diagnostics after a function retry. 3. Capture the committed result, resource version, or run status. 4. Compare the result with the source fixture and the declared invariant. 5. Repeat or recover the operation when applicable; verify access, audit evidence, and side effects.","The platform must correctly preserve relevant diagnostics after a function retry; the corrupt input condition follows the configured contract; valid state is preserved, invalid or unauthorized work is rejected or quarantined without silent loss, retries do not duplicate side effects, lineage and audit evidence remain available, and no production records or credentials are used.",Playwright + platform UI/API,"supabase-platform,market-platform,synthetic-data,observability,corrupt-input"
Supabase,Logs and Observability,SUPA-OBSERVAB-00198,Logs and Observability: restrict log access to authorized project members (corrupt input),Supabase: restrict log access to authorized project members with corrupt input,Functional,High,Non-production tenant or isolated local fixture; synthetic records only; Include one malformed record and verify quarantine or clear failure without silent loss. ,"1. Create a disposable, versioned synthetic fixture: Include one malformed record and verify quarantine or clear failure without silent loss. 2. Execute the platform workflow to restrict log access to authorized project members. 3. Capture the committed result, resource version, or run status. 4. Compare the result with the source fixture and the declared invariant. 5. Repeat or recover the operation when applicable; verify access, audit evidence, and side effects.","The platform must correctly restrict log access to authorized project members; the corrupt input condition follows the configured contract; valid state is preserved, invalid or unauthorized work is rejected or quarantined without silent loss, retries do not duplicate side effects, lineage and audit evidence remain available, and no production records or credentials are used.",Playwright + platform UI/API,"supabase-platform,market-platform,synthetic-data,observability,corrupt-input"
Supabase,Logs and Observability,SUPA-OBSERVAB-00199,Logs and Observability: export a bounded incident bundle with correlation identifiers (corrupt input),Supabase: export a bounded incident bundle with correlation identifiers with corrupt input,Functional,High,Non-production tenant or isolated local fixture; synthetic records only; Include one malformed record and verify quarantine or clear failure without silent loss. ,"1. Create a disposable, versioned synthetic fixture: Include one malformed record and verify quarantine or clear failure without silent loss. 2. Execute the platform workflow to export a bounded incident bundle with correlation identifiers. 3. Capture the committed result, resource version, or run status. 4. Compare the result with the source fixture and the declared invariant. 5. Repeat or recover the operation when applicable; verify access, audit evidence, and side effects.","The platform must correctly export a bounded incident bundle with correlation identifiers; the corrupt input condition follows the configured contract; valid state is preserved, invalid or unauthorized work is rejected or quarantined without silent loss, retries do not duplicate side effects, lineage and audit evidence remain available, and no production records or credentials are used.",Playwright + platform UI/API,"supabase-platform,market-platform,synthetic-data,observability,corrupt-input"
Supabase,Logs and Observability,SUPA-OBSERVAB-00200,Logs and Observability: reconcile database metrics with a synthetic workload interval (corrupt input),Supabase: reconcile database metrics with a synthetic workload interval with corrupt input,Functional,High,Non-production tenant or isolated local fixture; synthetic records only; Include one malformed record and verify quarantine or clear failure without silent loss. ,"1. Create a disposable, versioned synthetic fixture: Include one malformed record and verify quarantine or clear failure without silent loss. 2. Execute the platform workflow to reconcile database metrics with a synthetic workload interval. 3. Capture the committed result, resource version, or run status. 4. Compare the result with the source fixture and the declared invariant. 5. Repeat or recover the operation when applicable; verify access, audit evidence, and side effects.","The platform must correctly reconcile database metrics with a synthetic workload interval; the corrupt input condition follows the configured contract; valid state is preserved, invalid or unauthorized work is rejected or quarantined without silent loss, retries do not duplicate side effects, lineage and audit evidence remain available, and no production records or credentials are used.",Playwright + platform UI/API,"supabase-platform,market-platform,synthetic-data,observability,corrupt-input"
