product,module,test_case_id,test_scenario,test_case_name,test_type,priority,preconditions,test_steps,expected_result,automation_framework,tags
Education & Research Systems,Learning Delivery and Accessibility,EDUX-LEARNING-00001,Learning Delivery and Accessibility: publish a synthetic course with accessible content metadata (clean baseline),Education & Research Systems: publish a synthetic course with accessible content metadata with clean baseline,Functional,Medium,"Non-production tenant or isolated local fixture; synthetic records only; Use a disposable workspace, tenant, project, and versioned synthetic fixture. Safety boundary: Use synthetic learners, applicants, grant records, datasets, and lab fixtures; never use real student or research-subject data. These workflows do not make academic, research-ethics, or human-subject determinations.","1. Create a disposable, versioned synthetic fixture: Use a disposable workspace, tenant, project, and versioned synthetic fixture. 2. Execute the platform workflow to publish a synthetic course with accessible content metadata. 3. Capture the committed result, resource version, or run status. 4. Compare the result with the source fixture and the declared invariant. 5. Repeat or recover the operation when applicable; verify access, audit evidence, and side effects.","The platform must correctly publish a synthetic course with accessible content metadata; the clean baseline condition follows the configured contract; valid state is preserved, invalid or unauthorized work is rejected or quarantined without silent loss, retries do not duplicate side effects, lineage and audit evidence remain available, and no production records or credentials are used. Safety boundary: Use synthetic learners, applicants, grant records, datasets, and lab fixtures; never use real student or research-subject data. These workflows do not make academic, research-ethics, or human-subject determinations.",Playwright + platform UI/API,"education-research,market-platform,synthetic-data,learning_delivery,clean-baseline"
Education & Research Systems,Learning Delivery and Accessibility,EDUX-LEARNING-00002,Learning Delivery and Accessibility: verify keyboard access to the test lesson and assessment (clean baseline),Education & Research Systems: verify keyboard access to the test lesson and assessment with clean baseline,Functional,High,"Non-production tenant or isolated local fixture; synthetic records only; Use a disposable workspace, tenant, project, and versioned synthetic fixture. Safety boundary: Use synthetic learners, applicants, grant records, datasets, and lab fixtures; never use real student or research-subject data. These workflows do not make academic, research-ethics, or human-subject determinations.","1. Create a disposable, versioned synthetic fixture: Use a disposable workspace, tenant, project, and versioned synthetic fixture. 2. Execute the platform workflow to verify keyboard access to the test lesson and assessment. 3. Capture the committed result, resource version, or run status. 4. Compare the result with the source fixture and the declared invariant. 5. Repeat or recover the operation when applicable; verify access, audit evidence, and side effects.","The platform must correctly verify keyboard access to the test lesson and assessment; the clean baseline condition follows the configured contract; valid state is preserved, invalid or unauthorized work is rejected or quarantined without silent loss, retries do not duplicate side effects, lineage and audit evidence remain available, and no production records or credentials are used. Safety boundary: Use synthetic learners, applicants, grant records, datasets, and lab fixtures; never use real student or research-subject data. These workflows do not make academic, research-ethics, or human-subject determinations.",Playwright + platform UI/API,"education-research,market-platform,synthetic-data,learning_delivery,clean-baseline"
Education & Research Systems,Learning Delivery and Accessibility,EDUX-LEARNING-00003,Learning Delivery and Accessibility: resume a learner session from its saved fixture checkpoint (clean baseline),Education & Research Systems: resume a learner session from its saved fixture checkpoint with clean baseline,Functional,High,"Non-production tenant or isolated local fixture; synthetic records only; Use a disposable workspace, tenant, project, and versioned synthetic fixture. Safety boundary: Use synthetic learners, applicants, grant records, datasets, and lab fixtures; never use real student or research-subject data. These workflows do not make academic, research-ethics, or human-subject determinations.","1. Create a disposable, versioned synthetic fixture: Use a disposable workspace, tenant, project, and versioned synthetic fixture. 2. Execute the platform workflow to resume a learner session from its saved fixture checkpoint. 3. Capture the committed result, resource version, or run status. 4. Compare the result with the source fixture and the declared invariant. 5. Repeat or recover the operation when applicable; verify access, audit evidence, and side effects.","The platform must correctly resume a learner session from its saved fixture checkpoint; the clean baseline condition follows the configured contract; valid state is preserved, invalid or unauthorized work is rejected or quarantined without silent loss, retries do not duplicate side effects, lineage and audit evidence remain available, and no production records or credentials are used. Safety boundary: Use synthetic learners, applicants, grant records, datasets, and lab fixtures; never use real student or research-subject data. These workflows do not make academic, research-ethics, or human-subject determinations.",Playwright + platform UI/API,"education-research,market-platform,synthetic-data,learning_delivery,clean-baseline"
Education & Research Systems,Learning Delivery and Accessibility,EDUX-LEARNING-00004,Learning Delivery and Accessibility: prevent duplicate completion events after offline sync (clean baseline),Education & Research Systems: prevent duplicate completion events after offline sync with clean baseline,Functional,High,"Non-production tenant or isolated local fixture; synthetic records only; Use a disposable workspace, tenant, project, and versioned synthetic fixture. Safety boundary: Use synthetic learners, applicants, grant records, datasets, and lab fixtures; never use real student or research-subject data. These workflows do not make academic, research-ethics, or human-subject determinations.","1. Create a disposable, versioned synthetic fixture: Use a disposable workspace, tenant, project, and versioned synthetic fixture. 2. Execute the platform workflow to prevent duplicate completion events after offline sync. 3. Capture the committed result, resource version, or run status. 4. Compare the result with the source fixture and the declared invariant. 5. Repeat or recover the operation when applicable; verify access, audit evidence, and side effects.","The platform must correctly prevent duplicate completion events after offline sync; the clean baseline condition follows the configured contract; valid state is preserved, invalid or unauthorized work is rejected or quarantined without silent loss, retries do not duplicate side effects, lineage and audit evidence remain available, and no production records or credentials are used. Safety boundary: Use synthetic learners, applicants, grant records, datasets, and lab fixtures; never use real student or research-subject data. These workflows do not make academic, research-ethics, or human-subject determinations.",Playwright + platform UI/API,"education-research,market-platform,synthetic-data,learning_delivery,clean-baseline"
Education & Research Systems,Learning Delivery and Accessibility,EDUX-LEARNING-00005,Learning Delivery and Accessibility: apply an approved course revision to new enrollments (clean baseline),Education & Research Systems: apply an approved course revision to new enrollments with clean baseline,Functional,Medium,"Non-production tenant or isolated local fixture; synthetic records only; Use a disposable workspace, tenant, project, and versioned synthetic fixture. Safety boundary: Use synthetic learners, applicants, grant records, datasets, and lab fixtures; never use real student or research-subject data. These workflows do not make academic, research-ethics, or human-subject determinations.","1. Create a disposable, versioned synthetic fixture: Use a disposable workspace, tenant, project, and versioned synthetic fixture. 2. Execute the platform workflow to apply an approved course revision to new enrollments. 3. Capture the committed result, resource version, or run status. 4. Compare the result with the source fixture and the declared invariant. 5. Repeat or recover the operation when applicable; verify access, audit evidence, and side effects.","The platform must correctly apply an approved course revision to new enrollments; the clean baseline condition follows the configured contract; valid state is preserved, invalid or unauthorized work is rejected or quarantined without silent loss, retries do not duplicate side effects, lineage and audit evidence remain available, and no production records or credentials are used. Safety boundary: Use synthetic learners, applicants, grant records, datasets, and lab fixtures; never use real student or research-subject data. These workflows do not make academic, research-ethics, or human-subject determinations.",Playwright + platform UI/API,"education-research,market-platform,synthetic-data,learning_delivery,clean-baseline"
Education & Research Systems,Learning Delivery and Accessibility,EDUX-LEARNING-00006,Learning Delivery and Accessibility: retain prior progress after a content correction (clean baseline),Education & Research Systems: retain prior progress after a content correction with clean baseline,Functional,High,"Non-production tenant or isolated local fixture; synthetic records only; Use a disposable workspace, tenant, project, and versioned synthetic fixture. Safety boundary: Use synthetic learners, applicants, grant records, datasets, and lab fixtures; never use real student or research-subject data. These workflows do not make academic, research-ethics, or human-subject determinations.","1. Create a disposable, versioned synthetic fixture: Use a disposable workspace, tenant, project, and versioned synthetic fixture. 2. Execute the platform workflow to retain prior progress after a content correction. 3. Capture the committed result, resource version, or run status. 4. Compare the result with the source fixture and the declared invariant. 5. Repeat or recover the operation when applicable; verify access, audit evidence, and side effects.","The platform must correctly retain prior progress after a content correction; the clean baseline condition follows the configured contract; valid state is preserved, invalid or unauthorized work is rejected or quarantined without silent loss, retries do not duplicate side effects, lineage and audit evidence remain available, and no production records or credentials are used. Safety boundary: Use synthetic learners, applicants, grant records, datasets, and lab fixtures; never use real student or research-subject data. These workflows do not make academic, research-ethics, or human-subject determinations.",Playwright + platform UI/API,"education-research,market-platform,synthetic-data,learning_delivery,clean-baseline"
Education & Research Systems,Learning Delivery and Accessibility,EDUX-LEARNING-00007,Learning Delivery and Accessibility: validate captions and alternate-text fixture metadata (clean baseline),Education & Research Systems: validate captions and alternate-text fixture metadata with clean baseline,Functional,High,"Non-production tenant or isolated local fixture; synthetic records only; Use a disposable workspace, tenant, project, and versioned synthetic fixture. Safety boundary: Use synthetic learners, applicants, grant records, datasets, and lab fixtures; never use real student or research-subject data. These workflows do not make academic, research-ethics, or human-subject determinations.","1. Create a disposable, versioned synthetic fixture: Use a disposable workspace, tenant, project, and versioned synthetic fixture. 2. Execute the platform workflow to validate captions and alternate-text fixture metadata. 3. Capture the committed result, resource version, or run status. 4. Compare the result with the source fixture and the declared invariant. 5. Repeat or recover the operation when applicable; verify access, audit evidence, and side effects.","The platform must correctly validate captions and alternate-text fixture metadata; the clean baseline condition follows the configured contract; valid state is preserved, invalid or unauthorized work is rejected or quarantined without silent loss, retries do not duplicate side effects, lineage and audit evidence remain available, and no production records or credentials are used. Safety boundary: Use synthetic learners, applicants, grant records, datasets, and lab fixtures; never use real student or research-subject data. These workflows do not make academic, research-ethics, or human-subject determinations.",Playwright + platform UI/API,"education-research,market-platform,synthetic-data,learning_delivery,clean-baseline"
Education & Research Systems,Learning Delivery and Accessibility,EDUX-LEARNING-00008,Learning Delivery and Accessibility: restrict instructor actions to assigned test courses (clean baseline),Education & Research Systems: restrict instructor actions to assigned test courses with clean baseline,Functional,High,"Non-production tenant or isolated local fixture; synthetic records only; Use a disposable workspace, tenant, project, and versioned synthetic fixture. Safety boundary: Use synthetic learners, applicants, grant records, datasets, and lab fixtures; never use real student or research-subject data. These workflows do not make academic, research-ethics, or human-subject determinations.","1. Create a disposable, versioned synthetic fixture: Use a disposable workspace, tenant, project, and versioned synthetic fixture. 2. Execute the platform workflow to restrict instructor actions to assigned test courses. 3. Capture the committed result, resource version, or run status. 4. Compare the result with the source fixture and the declared invariant. 5. Repeat or recover the operation when applicable; verify access, audit evidence, and side effects.","The platform must correctly restrict instructor actions to assigned test courses; the clean baseline condition follows the configured contract; valid state is preserved, invalid or unauthorized work is rejected or quarantined without silent loss, retries do not duplicate side effects, lineage and audit evidence remain available, and no production records or credentials are used. Safety boundary: Use synthetic learners, applicants, grant records, datasets, and lab fixtures; never use real student or research-subject data. These workflows do not make academic, research-ethics, or human-subject determinations.",Playwright + platform UI/API,"education-research,market-platform,synthetic-data,learning_delivery,clean-baseline"
Education & Research Systems,Learning Delivery and Accessibility,EDUX-LEARNING-00009,Learning Delivery and Accessibility: report completion from deterministic synthetic activity (clean baseline),Education & Research Systems: report completion from deterministic synthetic activity with clean baseline,Functional,Medium,"Non-production tenant or isolated local fixture; synthetic records only; Use a disposable workspace, tenant, project, and versioned synthetic fixture. Safety boundary: Use synthetic learners, applicants, grant records, datasets, and lab fixtures; never use real student or research-subject data. These workflows do not make academic, research-ethics, or human-subject determinations.","1. Create a disposable, versioned synthetic fixture: Use a disposable workspace, tenant, project, and versioned synthetic fixture. 2. Execute the platform workflow to report completion from deterministic synthetic activity. 3. Capture the committed result, resource version, or run status. 4. Compare the result with the source fixture and the declared invariant. 5. Repeat or recover the operation when applicable; verify access, audit evidence, and side effects.","The platform must correctly report completion from deterministic synthetic activity; the clean baseline condition follows the configured contract; valid state is preserved, invalid or unauthorized work is rejected or quarantined without silent loss, retries do not duplicate side effects, lineage and audit evidence remain available, and no production records or credentials are used. Safety boundary: Use synthetic learners, applicants, grant records, datasets, and lab fixtures; never use real student or research-subject data. These workflows do not make academic, research-ethics, or human-subject determinations.",Playwright + platform UI/API,"education-research,market-platform,synthetic-data,learning_delivery,clean-baseline"
Education & Research Systems,Learning Delivery and Accessibility,EDUX-LEARNING-00010,Learning Delivery and Accessibility: audit course publication and accessibility review (clean baseline),Education & Research Systems: audit course publication and accessibility review with clean baseline,Functional,High,"Non-production tenant or isolated local fixture; synthetic records only; Use a disposable workspace, tenant, project, and versioned synthetic fixture. Safety boundary: Use synthetic learners, applicants, grant records, datasets, and lab fixtures; never use real student or research-subject data. These workflows do not make academic, research-ethics, or human-subject determinations.","1. Create a disposable, versioned synthetic fixture: Use a disposable workspace, tenant, project, and versioned synthetic fixture. 2. Execute the platform workflow to audit course publication and accessibility review. 3. Capture the committed result, resource version, or run status. 4. Compare the result with the source fixture and the declared invariant. 5. Repeat or recover the operation when applicable; verify access, audit evidence, and side effects.","The platform must correctly audit course publication and accessibility review; the clean baseline condition follows the configured contract; valid state is preserved, invalid or unauthorized work is rejected or quarantined without silent loss, retries do not duplicate side effects, lineage and audit evidence remain available, and no production records or credentials are used. Safety boundary: Use synthetic learners, applicants, grant records, datasets, and lab fixtures; never use real student or research-subject data. These workflows do not make academic, research-ethics, or human-subject determinations.",Playwright + platform UI/API,"education-research,market-platform,synthetic-data,learning_delivery,clean-baseline"
Education & Research Systems,Learning Delivery and Accessibility,EDUX-LEARNING-00011,Learning Delivery and Accessibility: publish a synthetic course with accessible content metadata (empty input),Education & Research Systems: publish a synthetic course with accessible content metadata with empty input,Functional,High,"Non-production tenant or isolated local fixture; synthetic records only; Use an empty source or namespace and verify defined empty-result behavior. Safety boundary: Use synthetic learners, applicants, grant records, datasets, and lab fixtures; never use real student or research-subject data. These workflows do not make academic, research-ethics, or human-subject determinations.","1. Create a disposable, versioned synthetic fixture: Use an empty source or namespace and verify defined empty-result behavior. 2. Execute the platform workflow to publish a synthetic course with accessible content metadata. 3. Capture the committed result, resource version, or run status. 4. Compare the result with the source fixture and the declared invariant. 5. Repeat or recover the operation when applicable; verify access, audit evidence, and side effects.","The platform must correctly publish a synthetic course with accessible content metadata; the empty input condition follows the configured contract; valid state is preserved, invalid or unauthorized work is rejected or quarantined without silent loss, retries do not duplicate side effects, lineage and audit evidence remain available, and no production records or credentials are used. Safety boundary: Use synthetic learners, applicants, grant records, datasets, and lab fixtures; never use real student or research-subject data. These workflows do not make academic, research-ethics, or human-subject determinations.",Playwright + platform UI/API,"education-research,market-platform,synthetic-data,learning_delivery,empty-input"
Education & Research Systems,Learning Delivery and Accessibility,EDUX-LEARNING-00012,Learning Delivery and Accessibility: verify keyboard access to the test lesson and assessment (empty input),Education & Research Systems: verify keyboard access to the test lesson and assessment with empty input,Functional,High,"Non-production tenant or isolated local fixture; synthetic records only; Use an empty source or namespace and verify defined empty-result behavior. Safety boundary: Use synthetic learners, applicants, grant records, datasets, and lab fixtures; never use real student or research-subject data. These workflows do not make academic, research-ethics, or human-subject determinations.","1. Create a disposable, versioned synthetic fixture: Use an empty source or namespace and verify defined empty-result behavior. 2. Execute the platform workflow to verify keyboard access to the test lesson and assessment. 3. Capture the committed result, resource version, or run status. 4. Compare the result with the source fixture and the declared invariant. 5. Repeat or recover the operation when applicable; verify access, audit evidence, and side effects.","The platform must correctly verify keyboard access to the test lesson and assessment; the empty input condition follows the configured contract; valid state is preserved, invalid or unauthorized work is rejected or quarantined without silent loss, retries do not duplicate side effects, lineage and audit evidence remain available, and no production records or credentials are used. Safety boundary: Use synthetic learners, applicants, grant records, datasets, and lab fixtures; never use real student or research-subject data. These workflows do not make academic, research-ethics, or human-subject determinations.",Playwright + platform UI/API,"education-research,market-platform,synthetic-data,learning_delivery,empty-input"
Education & Research Systems,Learning Delivery and Accessibility,EDUX-LEARNING-00013,Learning Delivery and Accessibility: resume a learner session from its saved fixture checkpoint (empty input),Education & Research Systems: resume a learner session from its saved fixture checkpoint with empty input,Functional,Medium,"Non-production tenant or isolated local fixture; synthetic records only; Use an empty source or namespace and verify defined empty-result behavior. Safety boundary: Use synthetic learners, applicants, grant records, datasets, and lab fixtures; never use real student or research-subject data. These workflows do not make academic, research-ethics, or human-subject determinations.","1. Create a disposable, versioned synthetic fixture: Use an empty source or namespace and verify defined empty-result behavior. 2. Execute the platform workflow to resume a learner session from its saved fixture checkpoint. 3. Capture the committed result, resource version, or run status. 4. Compare the result with the source fixture and the declared invariant. 5. Repeat or recover the operation when applicable; verify access, audit evidence, and side effects.","The platform must correctly resume a learner session from its saved fixture checkpoint; the empty input condition follows the configured contract; valid state is preserved, invalid or unauthorized work is rejected or quarantined without silent loss, retries do not duplicate side effects, lineage and audit evidence remain available, and no production records or credentials are used. Safety boundary: Use synthetic learners, applicants, grant records, datasets, and lab fixtures; never use real student or research-subject data. These workflows do not make academic, research-ethics, or human-subject determinations.",Playwright + platform UI/API,"education-research,market-platform,synthetic-data,learning_delivery,empty-input"
Education & Research Systems,Learning Delivery and Accessibility,EDUX-LEARNING-00014,Learning Delivery and Accessibility: prevent duplicate completion events after offline sync (empty input),Education & Research Systems: prevent duplicate completion events after offline sync with empty input,Functional,High,"Non-production tenant or isolated local fixture; synthetic records only; Use an empty source or namespace and verify defined empty-result behavior. Safety boundary: Use synthetic learners, applicants, grant records, datasets, and lab fixtures; never use real student or research-subject data. These workflows do not make academic, research-ethics, or human-subject determinations.","1. Create a disposable, versioned synthetic fixture: Use an empty source or namespace and verify defined empty-result behavior. 2. Execute the platform workflow to prevent duplicate completion events after offline sync. 3. Capture the committed result, resource version, or run status. 4. Compare the result with the source fixture and the declared invariant. 5. Repeat or recover the operation when applicable; verify access, audit evidence, and side effects.","The platform must correctly prevent duplicate completion events after offline sync; the empty input condition follows the configured contract; valid state is preserved, invalid or unauthorized work is rejected or quarantined without silent loss, retries do not duplicate side effects, lineage and audit evidence remain available, and no production records or credentials are used. Safety boundary: Use synthetic learners, applicants, grant records, datasets, and lab fixtures; never use real student or research-subject data. These workflows do not make academic, research-ethics, or human-subject determinations.",Playwright + platform UI/API,"education-research,market-platform,synthetic-data,learning_delivery,empty-input"
Education & Research Systems,Learning Delivery and Accessibility,EDUX-LEARNING-00015,Learning Delivery and Accessibility: apply an approved course revision to new enrollments (empty input),Education & Research Systems: apply an approved course revision to new enrollments with empty input,Functional,High,"Non-production tenant or isolated local fixture; synthetic records only; Use an empty source or namespace and verify defined empty-result behavior. Safety boundary: Use synthetic learners, applicants, grant records, datasets, and lab fixtures; never use real student or research-subject data. These workflows do not make academic, research-ethics, or human-subject determinations.","1. Create a disposable, versioned synthetic fixture: Use an empty source or namespace and verify defined empty-result behavior. 2. Execute the platform workflow to apply an approved course revision to new enrollments. 3. Capture the committed result, resource version, or run status. 4. Compare the result with the source fixture and the declared invariant. 5. Repeat or recover the operation when applicable; verify access, audit evidence, and side effects.","The platform must correctly apply an approved course revision to new enrollments; the empty input condition follows the configured contract; valid state is preserved, invalid or unauthorized work is rejected or quarantined without silent loss, retries do not duplicate side effects, lineage and audit evidence remain available, and no production records or credentials are used. Safety boundary: Use synthetic learners, applicants, grant records, datasets, and lab fixtures; never use real student or research-subject data. These workflows do not make academic, research-ethics, or human-subject determinations.",Playwright + platform UI/API,"education-research,market-platform,synthetic-data,learning_delivery,empty-input"
Education & Research Systems,Learning Delivery and Accessibility,EDUX-LEARNING-00016,Learning Delivery and Accessibility: retain prior progress after a content correction (empty input),Education & Research Systems: retain prior progress after a content correction with empty input,Functional,High,"Non-production tenant or isolated local fixture; synthetic records only; Use an empty source or namespace and verify defined empty-result behavior. Safety boundary: Use synthetic learners, applicants, grant records, datasets, and lab fixtures; never use real student or research-subject data. These workflows do not make academic, research-ethics, or human-subject determinations.","1. Create a disposable, versioned synthetic fixture: Use an empty source or namespace and verify defined empty-result behavior. 2. Execute the platform workflow to retain prior progress after a content correction. 3. Capture the committed result, resource version, or run status. 4. Compare the result with the source fixture and the declared invariant. 5. Repeat or recover the operation when applicable; verify access, audit evidence, and side effects.","The platform must correctly retain prior progress after a content correction; the empty input condition follows the configured contract; valid state is preserved, invalid or unauthorized work is rejected or quarantined without silent loss, retries do not duplicate side effects, lineage and audit evidence remain available, and no production records or credentials are used. Safety boundary: Use synthetic learners, applicants, grant records, datasets, and lab fixtures; never use real student or research-subject data. These workflows do not make academic, research-ethics, or human-subject determinations.",Playwright + platform UI/API,"education-research,market-platform,synthetic-data,learning_delivery,empty-input"
Education & Research Systems,Learning Delivery and Accessibility,EDUX-LEARNING-00017,Learning Delivery and Accessibility: validate captions and alternate-text fixture metadata (empty input),Education & Research Systems: validate captions and alternate-text fixture metadata with empty input,Functional,Medium,"Non-production tenant or isolated local fixture; synthetic records only; Use an empty source or namespace and verify defined empty-result behavior. Safety boundary: Use synthetic learners, applicants, grant records, datasets, and lab fixtures; never use real student or research-subject data. These workflows do not make academic, research-ethics, or human-subject determinations.","1. Create a disposable, versioned synthetic fixture: Use an empty source or namespace and verify defined empty-result behavior. 2. Execute the platform workflow to validate captions and alternate-text fixture metadata. 3. Capture the committed result, resource version, or run status. 4. Compare the result with the source fixture and the declared invariant. 5. Repeat or recover the operation when applicable; verify access, audit evidence, and side effects.","The platform must correctly validate captions and alternate-text fixture metadata; the empty input condition follows the configured contract; valid state is preserved, invalid or unauthorized work is rejected or quarantined without silent loss, retries do not duplicate side effects, lineage and audit evidence remain available, and no production records or credentials are used. Safety boundary: Use synthetic learners, applicants, grant records, datasets, and lab fixtures; never use real student or research-subject data. These workflows do not make academic, research-ethics, or human-subject determinations.",Playwright + platform UI/API,"education-research,market-platform,synthetic-data,learning_delivery,empty-input"
Education & Research Systems,Learning Delivery and Accessibility,EDUX-LEARNING-00018,Learning Delivery and Accessibility: restrict instructor actions to assigned test courses (empty input),Education & Research Systems: restrict instructor actions to assigned test courses with empty input,Functional,High,"Non-production tenant or isolated local fixture; synthetic records only; Use an empty source or namespace and verify defined empty-result behavior. Safety boundary: Use synthetic learners, applicants, grant records, datasets, and lab fixtures; never use real student or research-subject data. These workflows do not make academic, research-ethics, or human-subject determinations.","1. Create a disposable, versioned synthetic fixture: Use an empty source or namespace and verify defined empty-result behavior. 2. Execute the platform workflow to restrict instructor actions to assigned test courses. 3. Capture the committed result, resource version, or run status. 4. Compare the result with the source fixture and the declared invariant. 5. Repeat or recover the operation when applicable; verify access, audit evidence, and side effects.","The platform must correctly restrict instructor actions to assigned test courses; the empty input condition follows the configured contract; valid state is preserved, invalid or unauthorized work is rejected or quarantined without silent loss, retries do not duplicate side effects, lineage and audit evidence remain available, and no production records or credentials are used. Safety boundary: Use synthetic learners, applicants, grant records, datasets, and lab fixtures; never use real student or research-subject data. These workflows do not make academic, research-ethics, or human-subject determinations.",Playwright + platform UI/API,"education-research,market-platform,synthetic-data,learning_delivery,empty-input"
Education & Research Systems,Learning Delivery and Accessibility,EDUX-LEARNING-00019,Learning Delivery and Accessibility: report completion from deterministic synthetic activity (empty input),Education & Research Systems: report completion from deterministic synthetic activity with empty input,Functional,High,"Non-production tenant or isolated local fixture; synthetic records only; Use an empty source or namespace and verify defined empty-result behavior. Safety boundary: Use synthetic learners, applicants, grant records, datasets, and lab fixtures; never use real student or research-subject data. These workflows do not make academic, research-ethics, or human-subject determinations.","1. Create a disposable, versioned synthetic fixture: Use an empty source or namespace and verify defined empty-result behavior. 2. Execute the platform workflow to report completion from deterministic synthetic activity. 3. Capture the committed result, resource version, or run status. 4. Compare the result with the source fixture and the declared invariant. 5. Repeat or recover the operation when applicable; verify access, audit evidence, and side effects.","The platform must correctly report completion from deterministic synthetic activity; the empty input condition follows the configured contract; valid state is preserved, invalid or unauthorized work is rejected or quarantined without silent loss, retries do not duplicate side effects, lineage and audit evidence remain available, and no production records or credentials are used. Safety boundary: Use synthetic learners, applicants, grant records, datasets, and lab fixtures; never use real student or research-subject data. These workflows do not make academic, research-ethics, or human-subject determinations.",Playwright + platform UI/API,"education-research,market-platform,synthetic-data,learning_delivery,empty-input"
Education & Research Systems,Learning Delivery and Accessibility,EDUX-LEARNING-00020,Learning Delivery and Accessibility: audit course publication and accessibility review (empty input),Education & Research Systems: audit course publication and accessibility review with empty input,Functional,High,"Non-production tenant or isolated local fixture; synthetic records only; Use an empty source or namespace and verify defined empty-result behavior. Safety boundary: Use synthetic learners, applicants, grant records, datasets, and lab fixtures; never use real student or research-subject data. These workflows do not make academic, research-ethics, or human-subject determinations.","1. Create a disposable, versioned synthetic fixture: Use an empty source or namespace and verify defined empty-result behavior. 2. Execute the platform workflow to audit course publication and accessibility review. 3. Capture the committed result, resource version, or run status. 4. Compare the result with the source fixture and the declared invariant. 5. Repeat or recover the operation when applicable; verify access, audit evidence, and side effects.","The platform must correctly audit course publication and accessibility review; the empty input condition follows the configured contract; valid state is preserved, invalid or unauthorized work is rejected or quarantined without silent loss, retries do not duplicate side effects, lineage and audit evidence remain available, and no production records or credentials are used. Safety boundary: Use synthetic learners, applicants, grant records, datasets, and lab fixtures; never use real student or research-subject data. These workflows do not make academic, research-ethics, or human-subject determinations.",Playwright + platform UI/API,"education-research,market-platform,synthetic-data,learning_delivery,empty-input"
Education & Research Systems,Learning Delivery and Accessibility,EDUX-LEARNING-00021,Learning Delivery and Accessibility: publish a synthetic course with accessible content metadata (single record),Education & Research Systems: publish a synthetic course with accessible content metadata with single record,Functional,Medium,"Non-production tenant or isolated local fixture; synthetic records only; Use one valid synthetic record and verify the smallest non-empty result. Safety boundary: Use synthetic learners, applicants, grant records, datasets, and lab fixtures; never use real student or research-subject data. These workflows do not make academic, research-ethics, or human-subject determinations.","1. Create a disposable, versioned synthetic fixture: Use one valid synthetic record and verify the smallest non-empty result. 2. Execute the platform workflow to publish a synthetic course with accessible content metadata. 3. Capture the committed result, resource version, or run status. 4. Compare the result with the source fixture and the declared invariant. 5. Repeat or recover the operation when applicable; verify access, audit evidence, and side effects.","The platform must correctly publish a synthetic course with accessible content metadata; the single record condition follows the configured contract; valid state is preserved, invalid or unauthorized work is rejected or quarantined without silent loss, retries do not duplicate side effects, lineage and audit evidence remain available, and no production records or credentials are used. Safety boundary: Use synthetic learners, applicants, grant records, datasets, and lab fixtures; never use real student or research-subject data. These workflows do not make academic, research-ethics, or human-subject determinations.",Playwright + platform UI/API,"education-research,market-platform,synthetic-data,learning_delivery,single-record"
Education & Research Systems,Learning Delivery and Accessibility,EDUX-LEARNING-00022,Learning Delivery and Accessibility: verify keyboard access to the test lesson and assessment (single record),Education & Research Systems: verify keyboard access to the test lesson and assessment with single record,Functional,High,"Non-production tenant or isolated local fixture; synthetic records only; Use one valid synthetic record and verify the smallest non-empty result. Safety boundary: Use synthetic learners, applicants, grant records, datasets, and lab fixtures; never use real student or research-subject data. These workflows do not make academic, research-ethics, or human-subject determinations.","1. Create a disposable, versioned synthetic fixture: Use one valid synthetic record and verify the smallest non-empty result. 2. Execute the platform workflow to verify keyboard access to the test lesson and assessment. 3. Capture the committed result, resource version, or run status. 4. Compare the result with the source fixture and the declared invariant. 5. Repeat or recover the operation when applicable; verify access, audit evidence, and side effects.","The platform must correctly verify keyboard access to the test lesson and assessment; the single record condition follows the configured contract; valid state is preserved, invalid or unauthorized work is rejected or quarantined without silent loss, retries do not duplicate side effects, lineage and audit evidence remain available, and no production records or credentials are used. Safety boundary: Use synthetic learners, applicants, grant records, datasets, and lab fixtures; never use real student or research-subject data. These workflows do not make academic, research-ethics, or human-subject determinations.",Playwright + platform UI/API,"education-research,market-platform,synthetic-data,learning_delivery,single-record"
Education & Research Systems,Learning Delivery and Accessibility,EDUX-LEARNING-00023,Learning Delivery and Accessibility: resume a learner session from its saved fixture checkpoint (single record),Education & Research Systems: resume a learner session from its saved fixture checkpoint with single record,Functional,High,"Non-production tenant or isolated local fixture; synthetic records only; Use one valid synthetic record and verify the smallest non-empty result. Safety boundary: Use synthetic learners, applicants, grant records, datasets, and lab fixtures; never use real student or research-subject data. These workflows do not make academic, research-ethics, or human-subject determinations.","1. Create a disposable, versioned synthetic fixture: Use one valid synthetic record and verify the smallest non-empty result. 2. Execute the platform workflow to resume a learner session from its saved fixture checkpoint. 3. Capture the committed result, resource version, or run status. 4. Compare the result with the source fixture and the declared invariant. 5. Repeat or recover the operation when applicable; verify access, audit evidence, and side effects.","The platform must correctly resume a learner session from its saved fixture checkpoint; the single record condition follows the configured contract; valid state is preserved, invalid or unauthorized work is rejected or quarantined without silent loss, retries do not duplicate side effects, lineage and audit evidence remain available, and no production records or credentials are used. Safety boundary: Use synthetic learners, applicants, grant records, datasets, and lab fixtures; never use real student or research-subject data. These workflows do not make academic, research-ethics, or human-subject determinations.",Playwright + platform UI/API,"education-research,market-platform,synthetic-data,learning_delivery,single-record"
Education & Research Systems,Learning Delivery and Accessibility,EDUX-LEARNING-00024,Learning Delivery and Accessibility: prevent duplicate completion events after offline sync (single record),Education & Research Systems: prevent duplicate completion events after offline sync with single record,Functional,High,"Non-production tenant or isolated local fixture; synthetic records only; Use one valid synthetic record and verify the smallest non-empty result. Safety boundary: Use synthetic learners, applicants, grant records, datasets, and lab fixtures; never use real student or research-subject data. These workflows do not make academic, research-ethics, or human-subject determinations.","1. Create a disposable, versioned synthetic fixture: Use one valid synthetic record and verify the smallest non-empty result. 2. Execute the platform workflow to prevent duplicate completion events after offline sync. 3. Capture the committed result, resource version, or run status. 4. Compare the result with the source fixture and the declared invariant. 5. Repeat or recover the operation when applicable; verify access, audit evidence, and side effects.","The platform must correctly prevent duplicate completion events after offline sync; the single record condition follows the configured contract; valid state is preserved, invalid or unauthorized work is rejected or quarantined without silent loss, retries do not duplicate side effects, lineage and audit evidence remain available, and no production records or credentials are used. Safety boundary: Use synthetic learners, applicants, grant records, datasets, and lab fixtures; never use real student or research-subject data. These workflows do not make academic, research-ethics, or human-subject determinations.",Playwright + platform UI/API,"education-research,market-platform,synthetic-data,learning_delivery,single-record"
Education & Research Systems,Learning Delivery and Accessibility,EDUX-LEARNING-00025,Learning Delivery and Accessibility: apply an approved course revision to new enrollments (single record),Education & Research Systems: apply an approved course revision to new enrollments with single record,Functional,Medium,"Non-production tenant or isolated local fixture; synthetic records only; Use one valid synthetic record and verify the smallest non-empty result. Safety boundary: Use synthetic learners, applicants, grant records, datasets, and lab fixtures; never use real student or research-subject data. These workflows do not make academic, research-ethics, or human-subject determinations.","1. Create a disposable, versioned synthetic fixture: Use one valid synthetic record and verify the smallest non-empty result. 2. Execute the platform workflow to apply an approved course revision to new enrollments. 3. Capture the committed result, resource version, or run status. 4. Compare the result with the source fixture and the declared invariant. 5. Repeat or recover the operation when applicable; verify access, audit evidence, and side effects.","The platform must correctly apply an approved course revision to new enrollments; the single record condition follows the configured contract; valid state is preserved, invalid or unauthorized work is rejected or quarantined without silent loss, retries do not duplicate side effects, lineage and audit evidence remain available, and no production records or credentials are used. Safety boundary: Use synthetic learners, applicants, grant records, datasets, and lab fixtures; never use real student or research-subject data. These workflows do not make academic, research-ethics, or human-subject determinations.",Playwright + platform UI/API,"education-research,market-platform,synthetic-data,learning_delivery,single-record"
Education & Research Systems,Learning Delivery and Accessibility,EDUX-LEARNING-00026,Learning Delivery and Accessibility: retain prior progress after a content correction (single record),Education & Research Systems: retain prior progress after a content correction with single record,Functional,High,"Non-production tenant or isolated local fixture; synthetic records only; Use one valid synthetic record and verify the smallest non-empty result. Safety boundary: Use synthetic learners, applicants, grant records, datasets, and lab fixtures; never use real student or research-subject data. These workflows do not make academic, research-ethics, or human-subject determinations.","1. Create a disposable, versioned synthetic fixture: Use one valid synthetic record and verify the smallest non-empty result. 2. Execute the platform workflow to retain prior progress after a content correction. 3. Capture the committed result, resource version, or run status. 4. Compare the result with the source fixture and the declared invariant. 5. Repeat or recover the operation when applicable; verify access, audit evidence, and side effects.","The platform must correctly retain prior progress after a content correction; the single record condition follows the configured contract; valid state is preserved, invalid or unauthorized work is rejected or quarantined without silent loss, retries do not duplicate side effects, lineage and audit evidence remain available, and no production records or credentials are used. Safety boundary: Use synthetic learners, applicants, grant records, datasets, and lab fixtures; never use real student or research-subject data. These workflows do not make academic, research-ethics, or human-subject determinations.",Playwright + platform UI/API,"education-research,market-platform,synthetic-data,learning_delivery,single-record"
Education & Research Systems,Learning Delivery and Accessibility,EDUX-LEARNING-00027,Learning Delivery and Accessibility: validate captions and alternate-text fixture metadata (single record),Education & Research Systems: validate captions and alternate-text fixture metadata with single record,Functional,High,"Non-production tenant or isolated local fixture; synthetic records only; Use one valid synthetic record and verify the smallest non-empty result. Safety boundary: Use synthetic learners, applicants, grant records, datasets, and lab fixtures; never use real student or research-subject data. These workflows do not make academic, research-ethics, or human-subject determinations.","1. Create a disposable, versioned synthetic fixture: Use one valid synthetic record and verify the smallest non-empty result. 2. Execute the platform workflow to validate captions and alternate-text fixture metadata. 3. Capture the committed result, resource version, or run status. 4. Compare the result with the source fixture and the declared invariant. 5. Repeat or recover the operation when applicable; verify access, audit evidence, and side effects.","The platform must correctly validate captions and alternate-text fixture metadata; the single record condition follows the configured contract; valid state is preserved, invalid or unauthorized work is rejected or quarantined without silent loss, retries do not duplicate side effects, lineage and audit evidence remain available, and no production records or credentials are used. Safety boundary: Use synthetic learners, applicants, grant records, datasets, and lab fixtures; never use real student or research-subject data. These workflows do not make academic, research-ethics, or human-subject determinations.",Playwright + platform UI/API,"education-research,market-platform,synthetic-data,learning_delivery,single-record"
Education & Research Systems,Learning Delivery and Accessibility,EDUX-LEARNING-00028,Learning Delivery and Accessibility: restrict instructor actions to assigned test courses (single record),Education & Research Systems: restrict instructor actions to assigned test courses with single record,Functional,High,"Non-production tenant or isolated local fixture; synthetic records only; Use one valid synthetic record and verify the smallest non-empty result. Safety boundary: Use synthetic learners, applicants, grant records, datasets, and lab fixtures; never use real student or research-subject data. These workflows do not make academic, research-ethics, or human-subject determinations.","1. Create a disposable, versioned synthetic fixture: Use one valid synthetic record and verify the smallest non-empty result. 2. Execute the platform workflow to restrict instructor actions to assigned test courses. 3. Capture the committed result, resource version, or run status. 4. Compare the result with the source fixture and the declared invariant. 5. Repeat or recover the operation when applicable; verify access, audit evidence, and side effects.","The platform must correctly restrict instructor actions to assigned test courses; the single record condition follows the configured contract; valid state is preserved, invalid or unauthorized work is rejected or quarantined without silent loss, retries do not duplicate side effects, lineage and audit evidence remain available, and no production records or credentials are used. Safety boundary: Use synthetic learners, applicants, grant records, datasets, and lab fixtures; never use real student or research-subject data. These workflows do not make academic, research-ethics, or human-subject determinations.",Playwright + platform UI/API,"education-research,market-platform,synthetic-data,learning_delivery,single-record"
Education & Research Systems,Learning Delivery and Accessibility,EDUX-LEARNING-00029,Learning Delivery and Accessibility: report completion from deterministic synthetic activity (single record),Education & Research Systems: report completion from deterministic synthetic activity with single record,Functional,Medium,"Non-production tenant or isolated local fixture; synthetic records only; Use one valid synthetic record and verify the smallest non-empty result. Safety boundary: Use synthetic learners, applicants, grant records, datasets, and lab fixtures; never use real student or research-subject data. These workflows do not make academic, research-ethics, or human-subject determinations.","1. Create a disposable, versioned synthetic fixture: Use one valid synthetic record and verify the smallest non-empty result. 2. Execute the platform workflow to report completion from deterministic synthetic activity. 3. Capture the committed result, resource version, or run status. 4. Compare the result with the source fixture and the declared invariant. 5. Repeat or recover the operation when applicable; verify access, audit evidence, and side effects.","The platform must correctly report completion from deterministic synthetic activity; the single record condition follows the configured contract; valid state is preserved, invalid or unauthorized work is rejected or quarantined without silent loss, retries do not duplicate side effects, lineage and audit evidence remain available, and no production records or credentials are used. Safety boundary: Use synthetic learners, applicants, grant records, datasets, and lab fixtures; never use real student or research-subject data. These workflows do not make academic, research-ethics, or human-subject determinations.",Playwright + platform UI/API,"education-research,market-platform,synthetic-data,learning_delivery,single-record"
Education & Research Systems,Learning Delivery and Accessibility,EDUX-LEARNING-00030,Learning Delivery and Accessibility: audit course publication and accessibility review (single record),Education & Research Systems: audit course publication and accessibility review with single record,Functional,High,"Non-production tenant or isolated local fixture; synthetic records only; Use one valid synthetic record and verify the smallest non-empty result. Safety boundary: Use synthetic learners, applicants, grant records, datasets, and lab fixtures; never use real student or research-subject data. These workflows do not make academic, research-ethics, or human-subject determinations.","1. Create a disposable, versioned synthetic fixture: Use one valid synthetic record and verify the smallest non-empty result. 2. Execute the platform workflow to audit course publication and accessibility review. 3. Capture the committed result, resource version, or run status. 4. Compare the result with the source fixture and the declared invariant. 5. Repeat or recover the operation when applicable; verify access, audit evidence, and side effects.","The platform must correctly audit course publication and accessibility review; the single record condition follows the configured contract; valid state is preserved, invalid or unauthorized work is rejected or quarantined without silent loss, retries do not duplicate side effects, lineage and audit evidence remain available, and no production records or credentials are used. Safety boundary: Use synthetic learners, applicants, grant records, datasets, and lab fixtures; never use real student or research-subject data. These workflows do not make academic, research-ethics, or human-subject determinations.",Playwright + platform UI/API,"education-research,market-platform,synthetic-data,learning_delivery,single-record"
Education & Research Systems,Learning Delivery and Accessibility,EDUX-LEARNING-00031,Learning Delivery and Accessibility: publish a synthetic course with accessible content metadata (duplicate key),Education & Research Systems: publish a synthetic course with accessible content metadata with duplicate key,Functional,High,"Non-production tenant or isolated local fixture; synthetic records only; Submit a duplicate business key and verify the declared deduplication or rejection rule. Safety boundary: Use synthetic learners, applicants, grant records, datasets, and lab fixtures; never use real student or research-subject data. These workflows do not make academic, research-ethics, or human-subject determinations.","1. Create a disposable, versioned synthetic fixture: Submit a duplicate business key and verify the declared deduplication or rejection rule. 2. Execute the platform workflow to publish a synthetic course with accessible content metadata. 3. Capture the committed result, resource version, or run status. 4. Compare the result with the source fixture and the declared invariant. 5. Repeat or recover the operation when applicable; verify access, audit evidence, and side effects.","The platform must correctly publish a synthetic course with accessible content metadata; the duplicate key condition follows the configured contract; valid state is preserved, invalid or unauthorized work is rejected or quarantined without silent loss, retries do not duplicate side effects, lineage and audit evidence remain available, and no production records or credentials are used. Safety boundary: Use synthetic learners, applicants, grant records, datasets, and lab fixtures; never use real student or research-subject data. These workflows do not make academic, research-ethics, or human-subject determinations.",Playwright + platform UI/API,"education-research,market-platform,synthetic-data,learning_delivery,duplicate-key"
Education & Research Systems,Learning Delivery and Accessibility,EDUX-LEARNING-00032,Learning Delivery and Accessibility: verify keyboard access to the test lesson and assessment (duplicate key),Education & Research Systems: verify keyboard access to the test lesson and assessment with duplicate key,Functional,High,"Non-production tenant or isolated local fixture; synthetic records only; Submit a duplicate business key and verify the declared deduplication or rejection rule. Safety boundary: Use synthetic learners, applicants, grant records, datasets, and lab fixtures; never use real student or research-subject data. These workflows do not make academic, research-ethics, or human-subject determinations.","1. Create a disposable, versioned synthetic fixture: Submit a duplicate business key and verify the declared deduplication or rejection rule. 2. Execute the platform workflow to verify keyboard access to the test lesson and assessment. 3. Capture the committed result, resource version, or run status. 4. Compare the result with the source fixture and the declared invariant. 5. Repeat or recover the operation when applicable; verify access, audit evidence, and side effects.","The platform must correctly verify keyboard access to the test lesson and assessment; the duplicate key condition follows the configured contract; valid state is preserved, invalid or unauthorized work is rejected or quarantined without silent loss, retries do not duplicate side effects, lineage and audit evidence remain available, and no production records or credentials are used. Safety boundary: Use synthetic learners, applicants, grant records, datasets, and lab fixtures; never use real student or research-subject data. These workflows do not make academic, research-ethics, or human-subject determinations.",Playwright + platform UI/API,"education-research,market-platform,synthetic-data,learning_delivery,duplicate-key"
Education & Research Systems,Learning Delivery and Accessibility,EDUX-LEARNING-00033,Learning Delivery and Accessibility: resume a learner session from its saved fixture checkpoint (duplicate key),Education & Research Systems: resume a learner session from its saved fixture checkpoint with duplicate key,Functional,Medium,"Non-production tenant or isolated local fixture; synthetic records only; Submit a duplicate business key and verify the declared deduplication or rejection rule. Safety boundary: Use synthetic learners, applicants, grant records, datasets, and lab fixtures; never use real student or research-subject data. These workflows do not make academic, research-ethics, or human-subject determinations.","1. Create a disposable, versioned synthetic fixture: Submit a duplicate business key and verify the declared deduplication or rejection rule. 2. Execute the platform workflow to resume a learner session from its saved fixture checkpoint. 3. Capture the committed result, resource version, or run status. 4. Compare the result with the source fixture and the declared invariant. 5. Repeat or recover the operation when applicable; verify access, audit evidence, and side effects.","The platform must correctly resume a learner session from its saved fixture checkpoint; the duplicate key condition follows the configured contract; valid state is preserved, invalid or unauthorized work is rejected or quarantined without silent loss, retries do not duplicate side effects, lineage and audit evidence remain available, and no production records or credentials are used. Safety boundary: Use synthetic learners, applicants, grant records, datasets, and lab fixtures; never use real student or research-subject data. These workflows do not make academic, research-ethics, or human-subject determinations.",Playwright + platform UI/API,"education-research,market-platform,synthetic-data,learning_delivery,duplicate-key"
Education & Research Systems,Learning Delivery and Accessibility,EDUX-LEARNING-00034,Learning Delivery and Accessibility: prevent duplicate completion events after offline sync (duplicate key),Education & Research Systems: prevent duplicate completion events after offline sync with duplicate key,Functional,High,"Non-production tenant or isolated local fixture; synthetic records only; Submit a duplicate business key and verify the declared deduplication or rejection rule. Safety boundary: Use synthetic learners, applicants, grant records, datasets, and lab fixtures; never use real student or research-subject data. These workflows do not make academic, research-ethics, or human-subject determinations.","1. Create a disposable, versioned synthetic fixture: Submit a duplicate business key and verify the declared deduplication or rejection rule. 2. Execute the platform workflow to prevent duplicate completion events after offline sync. 3. Capture the committed result, resource version, or run status. 4. Compare the result with the source fixture and the declared invariant. 5. Repeat or recover the operation when applicable; verify access, audit evidence, and side effects.","The platform must correctly prevent duplicate completion events after offline sync; the duplicate key condition follows the configured contract; valid state is preserved, invalid or unauthorized work is rejected or quarantined without silent loss, retries do not duplicate side effects, lineage and audit evidence remain available, and no production records or credentials are used. Safety boundary: Use synthetic learners, applicants, grant records, datasets, and lab fixtures; never use real student or research-subject data. These workflows do not make academic, research-ethics, or human-subject determinations.",Playwright + platform UI/API,"education-research,market-platform,synthetic-data,learning_delivery,duplicate-key"
Education & Research Systems,Learning Delivery and Accessibility,EDUX-LEARNING-00035,Learning Delivery and Accessibility: apply an approved course revision to new enrollments (duplicate key),Education & Research Systems: apply an approved course revision to new enrollments with duplicate key,Functional,High,"Non-production tenant or isolated local fixture; synthetic records only; Submit a duplicate business key and verify the declared deduplication or rejection rule. Safety boundary: Use synthetic learners, applicants, grant records, datasets, and lab fixtures; never use real student or research-subject data. These workflows do not make academic, research-ethics, or human-subject determinations.","1. Create a disposable, versioned synthetic fixture: Submit a duplicate business key and verify the declared deduplication or rejection rule. 2. Execute the platform workflow to apply an approved course revision to new enrollments. 3. Capture the committed result, resource version, or run status. 4. Compare the result with the source fixture and the declared invariant. 5. Repeat or recover the operation when applicable; verify access, audit evidence, and side effects.","The platform must correctly apply an approved course revision to new enrollments; the duplicate key condition follows the configured contract; valid state is preserved, invalid or unauthorized work is rejected or quarantined without silent loss, retries do not duplicate side effects, lineage and audit evidence remain available, and no production records or credentials are used. Safety boundary: Use synthetic learners, applicants, grant records, datasets, and lab fixtures; never use real student or research-subject data. These workflows do not make academic, research-ethics, or human-subject determinations.",Playwright + platform UI/API,"education-research,market-platform,synthetic-data,learning_delivery,duplicate-key"
Education & Research Systems,Learning Delivery and Accessibility,EDUX-LEARNING-00036,Learning Delivery and Accessibility: retain prior progress after a content correction (duplicate key),Education & Research Systems: retain prior progress after a content correction with duplicate key,Functional,High,"Non-production tenant or isolated local fixture; synthetic records only; Submit a duplicate business key and verify the declared deduplication or rejection rule. Safety boundary: Use synthetic learners, applicants, grant records, datasets, and lab fixtures; never use real student or research-subject data. These workflows do not make academic, research-ethics, or human-subject determinations.","1. Create a disposable, versioned synthetic fixture: Submit a duplicate business key and verify the declared deduplication or rejection rule. 2. Execute the platform workflow to retain prior progress after a content correction. 3. Capture the committed result, resource version, or run status. 4. Compare the result with the source fixture and the declared invariant. 5. Repeat or recover the operation when applicable; verify access, audit evidence, and side effects.","The platform must correctly retain prior progress after a content correction; the duplicate key condition follows the configured contract; valid state is preserved, invalid or unauthorized work is rejected or quarantined without silent loss, retries do not duplicate side effects, lineage and audit evidence remain available, and no production records or credentials are used. Safety boundary: Use synthetic learners, applicants, grant records, datasets, and lab fixtures; never use real student or research-subject data. These workflows do not make academic, research-ethics, or human-subject determinations.",Playwright + platform UI/API,"education-research,market-platform,synthetic-data,learning_delivery,duplicate-key"
Education & Research Systems,Learning Delivery and Accessibility,EDUX-LEARNING-00037,Learning Delivery and Accessibility: validate captions and alternate-text fixture metadata (duplicate key),Education & Research Systems: validate captions and alternate-text fixture metadata with duplicate key,Functional,Medium,"Non-production tenant or isolated local fixture; synthetic records only; Submit a duplicate business key and verify the declared deduplication or rejection rule. Safety boundary: Use synthetic learners, applicants, grant records, datasets, and lab fixtures; never use real student or research-subject data. These workflows do not make academic, research-ethics, or human-subject determinations.","1. Create a disposable, versioned synthetic fixture: Submit a duplicate business key and verify the declared deduplication or rejection rule. 2. Execute the platform workflow to validate captions and alternate-text fixture metadata. 3. Capture the committed result, resource version, or run status. 4. Compare the result with the source fixture and the declared invariant. 5. Repeat or recover the operation when applicable; verify access, audit evidence, and side effects.","The platform must correctly validate captions and alternate-text fixture metadata; the duplicate key condition follows the configured contract; valid state is preserved, invalid or unauthorized work is rejected or quarantined without silent loss, retries do not duplicate side effects, lineage and audit evidence remain available, and no production records or credentials are used. Safety boundary: Use synthetic learners, applicants, grant records, datasets, and lab fixtures; never use real student or research-subject data. These workflows do not make academic, research-ethics, or human-subject determinations.",Playwright + platform UI/API,"education-research,market-platform,synthetic-data,learning_delivery,duplicate-key"
Education & Research Systems,Learning Delivery and Accessibility,EDUX-LEARNING-00038,Learning Delivery and Accessibility: restrict instructor actions to assigned test courses (duplicate key),Education & Research Systems: restrict instructor actions to assigned test courses with duplicate key,Functional,High,"Non-production tenant or isolated local fixture; synthetic records only; Submit a duplicate business key and verify the declared deduplication or rejection rule. Safety boundary: Use synthetic learners, applicants, grant records, datasets, and lab fixtures; never use real student or research-subject data. These workflows do not make academic, research-ethics, or human-subject determinations.","1. Create a disposable, versioned synthetic fixture: Submit a duplicate business key and verify the declared deduplication or rejection rule. 2. Execute the platform workflow to restrict instructor actions to assigned test courses. 3. Capture the committed result, resource version, or run status. 4. Compare the result with the source fixture and the declared invariant. 5. Repeat or recover the operation when applicable; verify access, audit evidence, and side effects.","The platform must correctly restrict instructor actions to assigned test courses; the duplicate key condition follows the configured contract; valid state is preserved, invalid or unauthorized work is rejected or quarantined without silent loss, retries do not duplicate side effects, lineage and audit evidence remain available, and no production records or credentials are used. Safety boundary: Use synthetic learners, applicants, grant records, datasets, and lab fixtures; never use real student or research-subject data. These workflows do not make academic, research-ethics, or human-subject determinations.",Playwright + platform UI/API,"education-research,market-platform,synthetic-data,learning_delivery,duplicate-key"
Education & Research Systems,Learning Delivery and Accessibility,EDUX-LEARNING-00039,Learning Delivery and Accessibility: report completion from deterministic synthetic activity (duplicate key),Education & Research Systems: report completion from deterministic synthetic activity with duplicate key,Functional,High,"Non-production tenant or isolated local fixture; synthetic records only; Submit a duplicate business key and verify the declared deduplication or rejection rule. Safety boundary: Use synthetic learners, applicants, grant records, datasets, and lab fixtures; never use real student or research-subject data. These workflows do not make academic, research-ethics, or human-subject determinations.","1. Create a disposable, versioned synthetic fixture: Submit a duplicate business key and verify the declared deduplication or rejection rule. 2. Execute the platform workflow to report completion from deterministic synthetic activity. 3. Capture the committed result, resource version, or run status. 4. Compare the result with the source fixture and the declared invariant. 5. Repeat or recover the operation when applicable; verify access, audit evidence, and side effects.","The platform must correctly report completion from deterministic synthetic activity; the duplicate key condition follows the configured contract; valid state is preserved, invalid or unauthorized work is rejected or quarantined without silent loss, retries do not duplicate side effects, lineage and audit evidence remain available, and no production records or credentials are used. Safety boundary: Use synthetic learners, applicants, grant records, datasets, and lab fixtures; never use real student or research-subject data. These workflows do not make academic, research-ethics, or human-subject determinations.",Playwright + platform UI/API,"education-research,market-platform,synthetic-data,learning_delivery,duplicate-key"
Education & Research Systems,Learning Delivery and Accessibility,EDUX-LEARNING-00040,Learning Delivery and Accessibility: audit course publication and accessibility review (duplicate key),Education & Research Systems: audit course publication and accessibility review with duplicate key,Functional,High,"Non-production tenant or isolated local fixture; synthetic records only; Submit a duplicate business key and verify the declared deduplication or rejection rule. Safety boundary: Use synthetic learners, applicants, grant records, datasets, and lab fixtures; never use real student or research-subject data. These workflows do not make academic, research-ethics, or human-subject determinations.","1. Create a disposable, versioned synthetic fixture: Submit a duplicate business key and verify the declared deduplication or rejection rule. 2. Execute the platform workflow to audit course publication and accessibility review. 3. Capture the committed result, resource version, or run status. 4. Compare the result with the source fixture and the declared invariant. 5. Repeat or recover the operation when applicable; verify access, audit evidence, and side effects.","The platform must correctly audit course publication and accessibility review; the duplicate key condition follows the configured contract; valid state is preserved, invalid or unauthorized work is rejected or quarantined without silent loss, retries do not duplicate side effects, lineage and audit evidence remain available, and no production records or credentials are used. Safety boundary: Use synthetic learners, applicants, grant records, datasets, and lab fixtures; never use real student or research-subject data. These workflows do not make academic, research-ethics, or human-subject determinations.",Playwright + platform UI/API,"education-research,market-platform,synthetic-data,learning_delivery,duplicate-key"
Education & Research Systems,Learning Delivery and Accessibility,EDUX-LEARNING-00041,Learning Delivery and Accessibility: publish a synthetic course with accessible content metadata (nullable optional field),Education & Research Systems: publish a synthetic course with accessible content metadata with nullable optional field,Functional,Medium,"Non-production tenant or isolated local fixture; synthetic records only; Set optional fields to null while retaining all required identifiers. Safety boundary: Use synthetic learners, applicants, grant records, datasets, and lab fixtures; never use real student or research-subject data. These workflows do not make academic, research-ethics, or human-subject determinations.","1. Create a disposable, versioned synthetic fixture: Set optional fields to null while retaining all required identifiers. 2. Execute the platform workflow to publish a synthetic course with accessible content metadata. 3. Capture the committed result, resource version, or run status. 4. Compare the result with the source fixture and the declared invariant. 5. Repeat or recover the operation when applicable; verify access, audit evidence, and side effects.","The platform must correctly publish a synthetic course with accessible content metadata; the nullable optional field condition follows the configured contract; valid state is preserved, invalid or unauthorized work is rejected or quarantined without silent loss, retries do not duplicate side effects, lineage and audit evidence remain available, and no production records or credentials are used. Safety boundary: Use synthetic learners, applicants, grant records, datasets, and lab fixtures; never use real student or research-subject data. These workflows do not make academic, research-ethics, or human-subject determinations.",Playwright + platform UI/API,"education-research,market-platform,synthetic-data,learning_delivery,nullable-optional-field"
Education & Research Systems,Learning Delivery and Accessibility,EDUX-LEARNING-00042,Learning Delivery and Accessibility: verify keyboard access to the test lesson and assessment (nullable optional field),Education & Research Systems: verify keyboard access to the test lesson and assessment with nullable optional field,Functional,High,"Non-production tenant or isolated local fixture; synthetic records only; Set optional fields to null while retaining all required identifiers. Safety boundary: Use synthetic learners, applicants, grant records, datasets, and lab fixtures; never use real student or research-subject data. These workflows do not make academic, research-ethics, or human-subject determinations.","1. Create a disposable, versioned synthetic fixture: Set optional fields to null while retaining all required identifiers. 2. Execute the platform workflow to verify keyboard access to the test lesson and assessment. 3. Capture the committed result, resource version, or run status. 4. Compare the result with the source fixture and the declared invariant. 5. Repeat or recover the operation when applicable; verify access, audit evidence, and side effects.","The platform must correctly verify keyboard access to the test lesson and assessment; the nullable optional field condition follows the configured contract; valid state is preserved, invalid or unauthorized work is rejected or quarantined without silent loss, retries do not duplicate side effects, lineage and audit evidence remain available, and no production records or credentials are used. Safety boundary: Use synthetic learners, applicants, grant records, datasets, and lab fixtures; never use real student or research-subject data. These workflows do not make academic, research-ethics, or human-subject determinations.",Playwright + platform UI/API,"education-research,market-platform,synthetic-data,learning_delivery,nullable-optional-field"
Education & Research Systems,Learning Delivery and Accessibility,EDUX-LEARNING-00043,Learning Delivery and Accessibility: resume a learner session from its saved fixture checkpoint (nullable optional field),Education & Research Systems: resume a learner session from its saved fixture checkpoint with nullable optional field,Functional,High,"Non-production tenant or isolated local fixture; synthetic records only; Set optional fields to null while retaining all required identifiers. Safety boundary: Use synthetic learners, applicants, grant records, datasets, and lab fixtures; never use real student or research-subject data. These workflows do not make academic, research-ethics, or human-subject determinations.","1. Create a disposable, versioned synthetic fixture: Set optional fields to null while retaining all required identifiers. 2. Execute the platform workflow to resume a learner session from its saved fixture checkpoint. 3. Capture the committed result, resource version, or run status. 4. Compare the result with the source fixture and the declared invariant. 5. Repeat or recover the operation when applicable; verify access, audit evidence, and side effects.","The platform must correctly resume a learner session from its saved fixture checkpoint; the nullable optional field condition follows the configured contract; valid state is preserved, invalid or unauthorized work is rejected or quarantined without silent loss, retries do not duplicate side effects, lineage and audit evidence remain available, and no production records or credentials are used. Safety boundary: Use synthetic learners, applicants, grant records, datasets, and lab fixtures; never use real student or research-subject data. These workflows do not make academic, research-ethics, or human-subject determinations.",Playwright + platform UI/API,"education-research,market-platform,synthetic-data,learning_delivery,nullable-optional-field"
Education & Research Systems,Learning Delivery and Accessibility,EDUX-LEARNING-00044,Learning Delivery and Accessibility: prevent duplicate completion events after offline sync (nullable optional field),Education & Research Systems: prevent duplicate completion events after offline sync with nullable optional field,Functional,High,"Non-production tenant or isolated local fixture; synthetic records only; Set optional fields to null while retaining all required identifiers. Safety boundary: Use synthetic learners, applicants, grant records, datasets, and lab fixtures; never use real student or research-subject data. These workflows do not make academic, research-ethics, or human-subject determinations.","1. Create a disposable, versioned synthetic fixture: Set optional fields to null while retaining all required identifiers. 2. Execute the platform workflow to prevent duplicate completion events after offline sync. 3. Capture the committed result, resource version, or run status. 4. Compare the result with the source fixture and the declared invariant. 5. Repeat or recover the operation when applicable; verify access, audit evidence, and side effects.","The platform must correctly prevent duplicate completion events after offline sync; the nullable optional field condition follows the configured contract; valid state is preserved, invalid or unauthorized work is rejected or quarantined without silent loss, retries do not duplicate side effects, lineage and audit evidence remain available, and no production records or credentials are used. Safety boundary: Use synthetic learners, applicants, grant records, datasets, and lab fixtures; never use real student or research-subject data. These workflows do not make academic, research-ethics, or human-subject determinations.",Playwright + platform UI/API,"education-research,market-platform,synthetic-data,learning_delivery,nullable-optional-field"
Education & Research Systems,Learning Delivery and Accessibility,EDUX-LEARNING-00045,Learning Delivery and Accessibility: apply an approved course revision to new enrollments (nullable optional field),Education & Research Systems: apply an approved course revision to new enrollments with nullable optional field,Functional,Medium,"Non-production tenant or isolated local fixture; synthetic records only; Set optional fields to null while retaining all required identifiers. Safety boundary: Use synthetic learners, applicants, grant records, datasets, and lab fixtures; never use real student or research-subject data. These workflows do not make academic, research-ethics, or human-subject determinations.","1. Create a disposable, versioned synthetic fixture: Set optional fields to null while retaining all required identifiers. 2. Execute the platform workflow to apply an approved course revision to new enrollments. 3. Capture the committed result, resource version, or run status. 4. Compare the result with the source fixture and the declared invariant. 5. Repeat or recover the operation when applicable; verify access, audit evidence, and side effects.","The platform must correctly apply an approved course revision to new enrollments; the nullable optional field condition follows the configured contract; valid state is preserved, invalid or unauthorized work is rejected or quarantined without silent loss, retries do not duplicate side effects, lineage and audit evidence remain available, and no production records or credentials are used. Safety boundary: Use synthetic learners, applicants, grant records, datasets, and lab fixtures; never use real student or research-subject data. These workflows do not make academic, research-ethics, or human-subject determinations.",Playwright + platform UI/API,"education-research,market-platform,synthetic-data,learning_delivery,nullable-optional-field"
Education & Research Systems,Learning Delivery and Accessibility,EDUX-LEARNING-00046,Learning Delivery and Accessibility: retain prior progress after a content correction (nullable optional field),Education & Research Systems: retain prior progress after a content correction with nullable optional field,Functional,High,"Non-production tenant or isolated local fixture; synthetic records only; Set optional fields to null while retaining all required identifiers. Safety boundary: Use synthetic learners, applicants, grant records, datasets, and lab fixtures; never use real student or research-subject data. These workflows do not make academic, research-ethics, or human-subject determinations.","1. Create a disposable, versioned synthetic fixture: Set optional fields to null while retaining all required identifiers. 2. Execute the platform workflow to retain prior progress after a content correction. 3. Capture the committed result, resource version, or run status. 4. Compare the result with the source fixture and the declared invariant. 5. Repeat or recover the operation when applicable; verify access, audit evidence, and side effects.","The platform must correctly retain prior progress after a content correction; the nullable optional field condition follows the configured contract; valid state is preserved, invalid or unauthorized work is rejected or quarantined without silent loss, retries do not duplicate side effects, lineage and audit evidence remain available, and no production records or credentials are used. Safety boundary: Use synthetic learners, applicants, grant records, datasets, and lab fixtures; never use real student or research-subject data. These workflows do not make academic, research-ethics, or human-subject determinations.",Playwright + platform UI/API,"education-research,market-platform,synthetic-data,learning_delivery,nullable-optional-field"
Education & Research Systems,Learning Delivery and Accessibility,EDUX-LEARNING-00047,Learning Delivery and Accessibility: validate captions and alternate-text fixture metadata (nullable optional field),Education & Research Systems: validate captions and alternate-text fixture metadata with nullable optional field,Functional,High,"Non-production tenant or isolated local fixture; synthetic records only; Set optional fields to null while retaining all required identifiers. Safety boundary: Use synthetic learners, applicants, grant records, datasets, and lab fixtures; never use real student or research-subject data. These workflows do not make academic, research-ethics, or human-subject determinations.","1. Create a disposable, versioned synthetic fixture: Set optional fields to null while retaining all required identifiers. 2. Execute the platform workflow to validate captions and alternate-text fixture metadata. 3. Capture the committed result, resource version, or run status. 4. Compare the result with the source fixture and the declared invariant. 5. Repeat or recover the operation when applicable; verify access, audit evidence, and side effects.","The platform must correctly validate captions and alternate-text fixture metadata; the nullable optional field condition follows the configured contract; valid state is preserved, invalid or unauthorized work is rejected or quarantined without silent loss, retries do not duplicate side effects, lineage and audit evidence remain available, and no production records or credentials are used. Safety boundary: Use synthetic learners, applicants, grant records, datasets, and lab fixtures; never use real student or research-subject data. These workflows do not make academic, research-ethics, or human-subject determinations.",Playwright + platform UI/API,"education-research,market-platform,synthetic-data,learning_delivery,nullable-optional-field"
Education & Research Systems,Learning Delivery and Accessibility,EDUX-LEARNING-00048,Learning Delivery and Accessibility: restrict instructor actions to assigned test courses (nullable optional field),Education & Research Systems: restrict instructor actions to assigned test courses with nullable optional field,Functional,High,"Non-production tenant or isolated local fixture; synthetic records only; Set optional fields to null while retaining all required identifiers. Safety boundary: Use synthetic learners, applicants, grant records, datasets, and lab fixtures; never use real student or research-subject data. These workflows do not make academic, research-ethics, or human-subject determinations.","1. Create a disposable, versioned synthetic fixture: Set optional fields to null while retaining all required identifiers. 2. Execute the platform workflow to restrict instructor actions to assigned test courses. 3. Capture the committed result, resource version, or run status. 4. Compare the result with the source fixture and the declared invariant. 5. Repeat or recover the operation when applicable; verify access, audit evidence, and side effects.","The platform must correctly restrict instructor actions to assigned test courses; the nullable optional field condition follows the configured contract; valid state is preserved, invalid or unauthorized work is rejected or quarantined without silent loss, retries do not duplicate side effects, lineage and audit evidence remain available, and no production records or credentials are used. Safety boundary: Use synthetic learners, applicants, grant records, datasets, and lab fixtures; never use real student or research-subject data. These workflows do not make academic, research-ethics, or human-subject determinations.",Playwright + platform UI/API,"education-research,market-platform,synthetic-data,learning_delivery,nullable-optional-field"
Education & Research Systems,Learning Delivery and Accessibility,EDUX-LEARNING-00049,Learning Delivery and Accessibility: report completion from deterministic synthetic activity (nullable optional field),Education & Research Systems: report completion from deterministic synthetic activity with nullable optional field,Functional,Medium,"Non-production tenant or isolated local fixture; synthetic records only; Set optional fields to null while retaining all required identifiers. Safety boundary: Use synthetic learners, applicants, grant records, datasets, and lab fixtures; never use real student or research-subject data. These workflows do not make academic, research-ethics, or human-subject determinations.","1. Create a disposable, versioned synthetic fixture: Set optional fields to null while retaining all required identifiers. 2. Execute the platform workflow to report completion from deterministic synthetic activity. 3. Capture the committed result, resource version, or run status. 4. Compare the result with the source fixture and the declared invariant. 5. Repeat or recover the operation when applicable; verify access, audit evidence, and side effects.","The platform must correctly report completion from deterministic synthetic activity; the nullable optional field condition follows the configured contract; valid state is preserved, invalid or unauthorized work is rejected or quarantined without silent loss, retries do not duplicate side effects, lineage and audit evidence remain available, and no production records or credentials are used. Safety boundary: Use synthetic learners, applicants, grant records, datasets, and lab fixtures; never use real student or research-subject data. These workflows do not make academic, research-ethics, or human-subject determinations.",Playwright + platform UI/API,"education-research,market-platform,synthetic-data,learning_delivery,nullable-optional-field"
Education & Research Systems,Learning Delivery and Accessibility,EDUX-LEARNING-00050,Learning Delivery and Accessibility: audit course publication and accessibility review (nullable optional field),Education & Research Systems: audit course publication and accessibility review with nullable optional field,Functional,High,"Non-production tenant or isolated local fixture; synthetic records only; Set optional fields to null while retaining all required identifiers. Safety boundary: Use synthetic learners, applicants, grant records, datasets, and lab fixtures; never use real student or research-subject data. These workflows do not make academic, research-ethics, or human-subject determinations.","1. Create a disposable, versioned synthetic fixture: Set optional fields to null while retaining all required identifiers. 2. Execute the platform workflow to audit course publication and accessibility review. 3. Capture the committed result, resource version, or run status. 4. Compare the result with the source fixture and the declared invariant. 5. Repeat or recover the operation when applicable; verify access, audit evidence, and side effects.","The platform must correctly audit course publication and accessibility review; the nullable optional field condition follows the configured contract; valid state is preserved, invalid or unauthorized work is rejected or quarantined without silent loss, retries do not duplicate side effects, lineage and audit evidence remain available, and no production records or credentials are used. Safety boundary: Use synthetic learners, applicants, grant records, datasets, and lab fixtures; never use real student or research-subject data. These workflows do not make academic, research-ethics, or human-subject determinations.",Playwright + platform UI/API,"education-research,market-platform,synthetic-data,learning_delivery,nullable-optional-field"
Education & Research Systems,Learning Delivery and Accessibility,EDUX-LEARNING-00051,Learning Delivery and Accessibility: publish a synthetic course with accessible content metadata (boundary values),Education & Research Systems: publish a synthetic course with accessible content metadata with boundary values,Functional,High,"Non-production tenant or isolated local fixture; synthetic records only; Exercise documented minimum, maximum, and just-outside limits. Safety boundary: Use synthetic learners, applicants, grant records, datasets, and lab fixtures; never use real student or research-subject data. These workflows do not make academic, research-ethics, or human-subject determinations.","1. Create a disposable, versioned synthetic fixture: Exercise documented minimum, maximum, and just-outside limits. 2. Execute the platform workflow to publish a synthetic course with accessible content metadata. 3. Capture the committed result, resource version, or run status. 4. Compare the result with the source fixture and the declared invariant. 5. Repeat or recover the operation when applicable; verify access, audit evidence, and side effects.","The platform must correctly publish a synthetic course with accessible content metadata; the boundary values condition follows the configured contract; valid state is preserved, invalid or unauthorized work is rejected or quarantined without silent loss, retries do not duplicate side effects, lineage and audit evidence remain available, and no production records or credentials are used. Safety boundary: Use synthetic learners, applicants, grant records, datasets, and lab fixtures; never use real student or research-subject data. These workflows do not make academic, research-ethics, or human-subject determinations.",Playwright + platform UI/API,"education-research,market-platform,synthetic-data,learning_delivery,boundary-values"
Education & Research Systems,Learning Delivery and Accessibility,EDUX-LEARNING-00052,Learning Delivery and Accessibility: verify keyboard access to the test lesson and assessment (boundary values),Education & Research Systems: verify keyboard access to the test lesson and assessment with boundary values,Functional,High,"Non-production tenant or isolated local fixture; synthetic records only; Exercise documented minimum, maximum, and just-outside limits. Safety boundary: Use synthetic learners, applicants, grant records, datasets, and lab fixtures; never use real student or research-subject data. These workflows do not make academic, research-ethics, or human-subject determinations.","1. Create a disposable, versioned synthetic fixture: Exercise documented minimum, maximum, and just-outside limits. 2. Execute the platform workflow to verify keyboard access to the test lesson and assessment. 3. Capture the committed result, resource version, or run status. 4. Compare the result with the source fixture and the declared invariant. 5. Repeat or recover the operation when applicable; verify access, audit evidence, and side effects.","The platform must correctly verify keyboard access to the test lesson and assessment; the boundary values condition follows the configured contract; valid state is preserved, invalid or unauthorized work is rejected or quarantined without silent loss, retries do not duplicate side effects, lineage and audit evidence remain available, and no production records or credentials are used. Safety boundary: Use synthetic learners, applicants, grant records, datasets, and lab fixtures; never use real student or research-subject data. These workflows do not make academic, research-ethics, or human-subject determinations.",Playwright + platform UI/API,"education-research,market-platform,synthetic-data,learning_delivery,boundary-values"
Education & Research Systems,Learning Delivery and Accessibility,EDUX-LEARNING-00053,Learning Delivery and Accessibility: resume a learner session from its saved fixture checkpoint (boundary values),Education & Research Systems: resume a learner session from its saved fixture checkpoint with boundary values,Functional,Medium,"Non-production tenant or isolated local fixture; synthetic records only; Exercise documented minimum, maximum, and just-outside limits. Safety boundary: Use synthetic learners, applicants, grant records, datasets, and lab fixtures; never use real student or research-subject data. These workflows do not make academic, research-ethics, or human-subject determinations.","1. Create a disposable, versioned synthetic fixture: Exercise documented minimum, maximum, and just-outside limits. 2. Execute the platform workflow to resume a learner session from its saved fixture checkpoint. 3. Capture the committed result, resource version, or run status. 4. Compare the result with the source fixture and the declared invariant. 5. Repeat or recover the operation when applicable; verify access, audit evidence, and side effects.","The platform must correctly resume a learner session from its saved fixture checkpoint; the boundary values condition follows the configured contract; valid state is preserved, invalid or unauthorized work is rejected or quarantined without silent loss, retries do not duplicate side effects, lineage and audit evidence remain available, and no production records or credentials are used. Safety boundary: Use synthetic learners, applicants, grant records, datasets, and lab fixtures; never use real student or research-subject data. These workflows do not make academic, research-ethics, or human-subject determinations.",Playwright + platform UI/API,"education-research,market-platform,synthetic-data,learning_delivery,boundary-values"
Education & Research Systems,Learning Delivery and Accessibility,EDUX-LEARNING-00054,Learning Delivery and Accessibility: prevent duplicate completion events after offline sync (boundary values),Education & Research Systems: prevent duplicate completion events after offline sync with boundary values,Functional,High,"Non-production tenant or isolated local fixture; synthetic records only; Exercise documented minimum, maximum, and just-outside limits. Safety boundary: Use synthetic learners, applicants, grant records, datasets, and lab fixtures; never use real student or research-subject data. These workflows do not make academic, research-ethics, or human-subject determinations.","1. Create a disposable, versioned synthetic fixture: Exercise documented minimum, maximum, and just-outside limits. 2. Execute the platform workflow to prevent duplicate completion events after offline sync. 3. Capture the committed result, resource version, or run status. 4. Compare the result with the source fixture and the declared invariant. 5. Repeat or recover the operation when applicable; verify access, audit evidence, and side effects.","The platform must correctly prevent duplicate completion events after offline sync; the boundary values condition follows the configured contract; valid state is preserved, invalid or unauthorized work is rejected or quarantined without silent loss, retries do not duplicate side effects, lineage and audit evidence remain available, and no production records or credentials are used. Safety boundary: Use synthetic learners, applicants, grant records, datasets, and lab fixtures; never use real student or research-subject data. These workflows do not make academic, research-ethics, or human-subject determinations.",Playwright + platform UI/API,"education-research,market-platform,synthetic-data,learning_delivery,boundary-values"
Education & Research Systems,Learning Delivery and Accessibility,EDUX-LEARNING-00055,Learning Delivery and Accessibility: apply an approved course revision to new enrollments (boundary values),Education & Research Systems: apply an approved course revision to new enrollments with boundary values,Functional,High,"Non-production tenant or isolated local fixture; synthetic records only; Exercise documented minimum, maximum, and just-outside limits. Safety boundary: Use synthetic learners, applicants, grant records, datasets, and lab fixtures; never use real student or research-subject data. These workflows do not make academic, research-ethics, or human-subject determinations.","1. Create a disposable, versioned synthetic fixture: Exercise documented minimum, maximum, and just-outside limits. 2. Execute the platform workflow to apply an approved course revision to new enrollments. 3. Capture the committed result, resource version, or run status. 4. Compare the result with the source fixture and the declared invariant. 5. Repeat or recover the operation when applicable; verify access, audit evidence, and side effects.","The platform must correctly apply an approved course revision to new enrollments; the boundary values condition follows the configured contract; valid state is preserved, invalid or unauthorized work is rejected or quarantined without silent loss, retries do not duplicate side effects, lineage and audit evidence remain available, and no production records or credentials are used. Safety boundary: Use synthetic learners, applicants, grant records, datasets, and lab fixtures; never use real student or research-subject data. These workflows do not make academic, research-ethics, or human-subject determinations.",Playwright + platform UI/API,"education-research,market-platform,synthetic-data,learning_delivery,boundary-values"
Education & Research Systems,Learning Delivery and Accessibility,EDUX-LEARNING-00056,Learning Delivery and Accessibility: retain prior progress after a content correction (boundary values),Education & Research Systems: retain prior progress after a content correction with boundary values,Functional,High,"Non-production tenant or isolated local fixture; synthetic records only; Exercise documented minimum, maximum, and just-outside limits. Safety boundary: Use synthetic learners, applicants, grant records, datasets, and lab fixtures; never use real student or research-subject data. These workflows do not make academic, research-ethics, or human-subject determinations.","1. Create a disposable, versioned synthetic fixture: Exercise documented minimum, maximum, and just-outside limits. 2. Execute the platform workflow to retain prior progress after a content correction. 3. Capture the committed result, resource version, or run status. 4. Compare the result with the source fixture and the declared invariant. 5. Repeat or recover the operation when applicable; verify access, audit evidence, and side effects.","The platform must correctly retain prior progress after a content correction; the boundary values condition follows the configured contract; valid state is preserved, invalid or unauthorized work is rejected or quarantined without silent loss, retries do not duplicate side effects, lineage and audit evidence remain available, and no production records or credentials are used. Safety boundary: Use synthetic learners, applicants, grant records, datasets, and lab fixtures; never use real student or research-subject data. These workflows do not make academic, research-ethics, or human-subject determinations.",Playwright + platform UI/API,"education-research,market-platform,synthetic-data,learning_delivery,boundary-values"
Education & Research Systems,Learning Delivery and Accessibility,EDUX-LEARNING-00057,Learning Delivery and Accessibility: validate captions and alternate-text fixture metadata (boundary values),Education & Research Systems: validate captions and alternate-text fixture metadata with boundary values,Functional,Medium,"Non-production tenant or isolated local fixture; synthetic records only; Exercise documented minimum, maximum, and just-outside limits. Safety boundary: Use synthetic learners, applicants, grant records, datasets, and lab fixtures; never use real student or research-subject data. These workflows do not make academic, research-ethics, or human-subject determinations.","1. Create a disposable, versioned synthetic fixture: Exercise documented minimum, maximum, and just-outside limits. 2. Execute the platform workflow to validate captions and alternate-text fixture metadata. 3. Capture the committed result, resource version, or run status. 4. Compare the result with the source fixture and the declared invariant. 5. Repeat or recover the operation when applicable; verify access, audit evidence, and side effects.","The platform must correctly validate captions and alternate-text fixture metadata; the boundary values condition follows the configured contract; valid state is preserved, invalid or unauthorized work is rejected or quarantined without silent loss, retries do not duplicate side effects, lineage and audit evidence remain available, and no production records or credentials are used. Safety boundary: Use synthetic learners, applicants, grant records, datasets, and lab fixtures; never use real student or research-subject data. These workflows do not make academic, research-ethics, or human-subject determinations.",Playwright + platform UI/API,"education-research,market-platform,synthetic-data,learning_delivery,boundary-values"
Education & Research Systems,Learning Delivery and Accessibility,EDUX-LEARNING-00058,Learning Delivery and Accessibility: restrict instructor actions to assigned test courses (boundary values),Education & Research Systems: restrict instructor actions to assigned test courses with boundary values,Functional,High,"Non-production tenant or isolated local fixture; synthetic records only; Exercise documented minimum, maximum, and just-outside limits. Safety boundary: Use synthetic learners, applicants, grant records, datasets, and lab fixtures; never use real student or research-subject data. These workflows do not make academic, research-ethics, or human-subject determinations.","1. Create a disposable, versioned synthetic fixture: Exercise documented minimum, maximum, and just-outside limits. 2. Execute the platform workflow to restrict instructor actions to assigned test courses. 3. Capture the committed result, resource version, or run status. 4. Compare the result with the source fixture and the declared invariant. 5. Repeat or recover the operation when applicable; verify access, audit evidence, and side effects.","The platform must correctly restrict instructor actions to assigned test courses; the boundary values condition follows the configured contract; valid state is preserved, invalid or unauthorized work is rejected or quarantined without silent loss, retries do not duplicate side effects, lineage and audit evidence remain available, and no production records or credentials are used. Safety boundary: Use synthetic learners, applicants, grant records, datasets, and lab fixtures; never use real student or research-subject data. These workflows do not make academic, research-ethics, or human-subject determinations.",Playwright + platform UI/API,"education-research,market-platform,synthetic-data,learning_delivery,boundary-values"
Education & Research Systems,Learning Delivery and Accessibility,EDUX-LEARNING-00059,Learning Delivery and Accessibility: report completion from deterministic synthetic activity (boundary values),Education & Research Systems: report completion from deterministic synthetic activity with boundary values,Functional,High,"Non-production tenant or isolated local fixture; synthetic records only; Exercise documented minimum, maximum, and just-outside limits. Safety boundary: Use synthetic learners, applicants, grant records, datasets, and lab fixtures; never use real student or research-subject data. These workflows do not make academic, research-ethics, or human-subject determinations.","1. Create a disposable, versioned synthetic fixture: Exercise documented minimum, maximum, and just-outside limits. 2. Execute the platform workflow to report completion from deterministic synthetic activity. 3. Capture the committed result, resource version, or run status. 4. Compare the result with the source fixture and the declared invariant. 5. Repeat or recover the operation when applicable; verify access, audit evidence, and side effects.","The platform must correctly report completion from deterministic synthetic activity; the boundary values condition follows the configured contract; valid state is preserved, invalid or unauthorized work is rejected or quarantined without silent loss, retries do not duplicate side effects, lineage and audit evidence remain available, and no production records or credentials are used. Safety boundary: Use synthetic learners, applicants, grant records, datasets, and lab fixtures; never use real student or research-subject data. These workflows do not make academic, research-ethics, or human-subject determinations.",Playwright + platform UI/API,"education-research,market-platform,synthetic-data,learning_delivery,boundary-values"
Education & Research Systems,Learning Delivery and Accessibility,EDUX-LEARNING-00060,Learning Delivery and Accessibility: audit course publication and accessibility review (boundary values),Education & Research Systems: audit course publication and accessibility review with boundary values,Functional,High,"Non-production tenant or isolated local fixture; synthetic records only; Exercise documented minimum, maximum, and just-outside limits. Safety boundary: Use synthetic learners, applicants, grant records, datasets, and lab fixtures; never use real student or research-subject data. These workflows do not make academic, research-ethics, or human-subject determinations.","1. Create a disposable, versioned synthetic fixture: Exercise documented minimum, maximum, and just-outside limits. 2. Execute the platform workflow to audit course publication and accessibility review. 3. Capture the committed result, resource version, or run status. 4. Compare the result with the source fixture and the declared invariant. 5. Repeat or recover the operation when applicable; verify access, audit evidence, and side effects.","The platform must correctly audit course publication and accessibility review; the boundary values condition follows the configured contract; valid state is preserved, invalid or unauthorized work is rejected or quarantined without silent loss, retries do not duplicate side effects, lineage and audit evidence remain available, and no production records or credentials are used. Safety boundary: Use synthetic learners, applicants, grant records, datasets, and lab fixtures; never use real student or research-subject data. These workflows do not make academic, research-ethics, or human-subject determinations.",Playwright + platform UI/API,"education-research,market-platform,synthetic-data,learning_delivery,boundary-values"
Education & Research Systems,Learning Delivery and Accessibility,EDUX-LEARNING-00061,Learning Delivery and Accessibility: publish a synthetic course with accessible content metadata (late arriving data),Education & Research Systems: publish a synthetic course with accessible content metadata with late arriving data,Functional,Medium,"Non-production tenant or isolated local fixture; synthetic records only; Deliver an older event after a newer watermark or processing window has advanced. Safety boundary: Use synthetic learners, applicants, grant records, datasets, and lab fixtures; never use real student or research-subject data. These workflows do not make academic, research-ethics, or human-subject determinations.","1. Create a disposable, versioned synthetic fixture: Deliver an older event after a newer watermark or processing window has advanced. 2. Execute the platform workflow to publish a synthetic course with accessible content metadata. 3. Capture the committed result, resource version, or run status. 4. Compare the result with the source fixture and the declared invariant. 5. Repeat or recover the operation when applicable; verify access, audit evidence, and side effects.","The platform must correctly publish a synthetic course with accessible content metadata; the late arriving data condition follows the configured contract; valid state is preserved, invalid or unauthorized work is rejected or quarantined without silent loss, retries do not duplicate side effects, lineage and audit evidence remain available, and no production records or credentials are used. Safety boundary: Use synthetic learners, applicants, grant records, datasets, and lab fixtures; never use real student or research-subject data. These workflows do not make academic, research-ethics, or human-subject determinations.",Playwright + platform UI/API,"education-research,market-platform,synthetic-data,learning_delivery,late-arriving-data"
Education & Research Systems,Learning Delivery and Accessibility,EDUX-LEARNING-00062,Learning Delivery and Accessibility: verify keyboard access to the test lesson and assessment (late arriving data),Education & Research Systems: verify keyboard access to the test lesson and assessment with late arriving data,Functional,High,"Non-production tenant or isolated local fixture; synthetic records only; Deliver an older event after a newer watermark or processing window has advanced. Safety boundary: Use synthetic learners, applicants, grant records, datasets, and lab fixtures; never use real student or research-subject data. These workflows do not make academic, research-ethics, or human-subject determinations.","1. Create a disposable, versioned synthetic fixture: Deliver an older event after a newer watermark or processing window has advanced. 2. Execute the platform workflow to verify keyboard access to the test lesson and assessment. 3. Capture the committed result, resource version, or run status. 4. Compare the result with the source fixture and the declared invariant. 5. Repeat or recover the operation when applicable; verify access, audit evidence, and side effects.","The platform must correctly verify keyboard access to the test lesson and assessment; the late arriving data condition follows the configured contract; valid state is preserved, invalid or unauthorized work is rejected or quarantined without silent loss, retries do not duplicate side effects, lineage and audit evidence remain available, and no production records or credentials are used. Safety boundary: Use synthetic learners, applicants, grant records, datasets, and lab fixtures; never use real student or research-subject data. These workflows do not make academic, research-ethics, or human-subject determinations.",Playwright + platform UI/API,"education-research,market-platform,synthetic-data,learning_delivery,late-arriving-data"
Education & Research Systems,Learning Delivery and Accessibility,EDUX-LEARNING-00063,Learning Delivery and Accessibility: resume a learner session from its saved fixture checkpoint (late arriving data),Education & Research Systems: resume a learner session from its saved fixture checkpoint with late arriving data,Functional,High,"Non-production tenant or isolated local fixture; synthetic records only; Deliver an older event after a newer watermark or processing window has advanced. Safety boundary: Use synthetic learners, applicants, grant records, datasets, and lab fixtures; never use real student or research-subject data. These workflows do not make academic, research-ethics, or human-subject determinations.","1. Create a disposable, versioned synthetic fixture: Deliver an older event after a newer watermark or processing window has advanced. 2. Execute the platform workflow to resume a learner session from its saved fixture checkpoint. 3. Capture the committed result, resource version, or run status. 4. Compare the result with the source fixture and the declared invariant. 5. Repeat or recover the operation when applicable; verify access, audit evidence, and side effects.","The platform must correctly resume a learner session from its saved fixture checkpoint; the late arriving data condition follows the configured contract; valid state is preserved, invalid or unauthorized work is rejected or quarantined without silent loss, retries do not duplicate side effects, lineage and audit evidence remain available, and no production records or credentials are used. Safety boundary: Use synthetic learners, applicants, grant records, datasets, and lab fixtures; never use real student or research-subject data. These workflows do not make academic, research-ethics, or human-subject determinations.",Playwright + platform UI/API,"education-research,market-platform,synthetic-data,learning_delivery,late-arriving-data"
Education & Research Systems,Learning Delivery and Accessibility,EDUX-LEARNING-00064,Learning Delivery and Accessibility: prevent duplicate completion events after offline sync (late arriving data),Education & Research Systems: prevent duplicate completion events after offline sync with late arriving data,Functional,High,"Non-production tenant or isolated local fixture; synthetic records only; Deliver an older event after a newer watermark or processing window has advanced. Safety boundary: Use synthetic learners, applicants, grant records, datasets, and lab fixtures; never use real student or research-subject data. These workflows do not make academic, research-ethics, or human-subject determinations.","1. Create a disposable, versioned synthetic fixture: Deliver an older event after a newer watermark or processing window has advanced. 2. Execute the platform workflow to prevent duplicate completion events after offline sync. 3. Capture the committed result, resource version, or run status. 4. Compare the result with the source fixture and the declared invariant. 5. Repeat or recover the operation when applicable; verify access, audit evidence, and side effects.","The platform must correctly prevent duplicate completion events after offline sync; the late arriving data condition follows the configured contract; valid state is preserved, invalid or unauthorized work is rejected or quarantined without silent loss, retries do not duplicate side effects, lineage and audit evidence remain available, and no production records or credentials are used. Safety boundary: Use synthetic learners, applicants, grant records, datasets, and lab fixtures; never use real student or research-subject data. These workflows do not make academic, research-ethics, or human-subject determinations.",Playwright + platform UI/API,"education-research,market-platform,synthetic-data,learning_delivery,late-arriving-data"
Education & Research Systems,Learning Delivery and Accessibility,EDUX-LEARNING-00065,Learning Delivery and Accessibility: apply an approved course revision to new enrollments (late arriving data),Education & Research Systems: apply an approved course revision to new enrollments with late arriving data,Functional,Medium,"Non-production tenant or isolated local fixture; synthetic records only; Deliver an older event after a newer watermark or processing window has advanced. Safety boundary: Use synthetic learners, applicants, grant records, datasets, and lab fixtures; never use real student or research-subject data. These workflows do not make academic, research-ethics, or human-subject determinations.","1. Create a disposable, versioned synthetic fixture: Deliver an older event after a newer watermark or processing window has advanced. 2. Execute the platform workflow to apply an approved course revision to new enrollments. 3. Capture the committed result, resource version, or run status. 4. Compare the result with the source fixture and the declared invariant. 5. Repeat or recover the operation when applicable; verify access, audit evidence, and side effects.","The platform must correctly apply an approved course revision to new enrollments; the late arriving data condition follows the configured contract; valid state is preserved, invalid or unauthorized work is rejected or quarantined without silent loss, retries do not duplicate side effects, lineage and audit evidence remain available, and no production records or credentials are used. Safety boundary: Use synthetic learners, applicants, grant records, datasets, and lab fixtures; never use real student or research-subject data. These workflows do not make academic, research-ethics, or human-subject determinations.",Playwright + platform UI/API,"education-research,market-platform,synthetic-data,learning_delivery,late-arriving-data"
Education & Research Systems,Learning Delivery and Accessibility,EDUX-LEARNING-00066,Learning Delivery and Accessibility: retain prior progress after a content correction (late arriving data),Education & Research Systems: retain prior progress after a content correction with late arriving data,Functional,High,"Non-production tenant or isolated local fixture; synthetic records only; Deliver an older event after a newer watermark or processing window has advanced. Safety boundary: Use synthetic learners, applicants, grant records, datasets, and lab fixtures; never use real student or research-subject data. These workflows do not make academic, research-ethics, or human-subject determinations.","1. Create a disposable, versioned synthetic fixture: Deliver an older event after a newer watermark or processing window has advanced. 2. Execute the platform workflow to retain prior progress after a content correction. 3. Capture the committed result, resource version, or run status. 4. Compare the result with the source fixture and the declared invariant. 5. Repeat or recover the operation when applicable; verify access, audit evidence, and side effects.","The platform must correctly retain prior progress after a content correction; the late arriving data condition follows the configured contract; valid state is preserved, invalid or unauthorized work is rejected or quarantined without silent loss, retries do not duplicate side effects, lineage and audit evidence remain available, and no production records or credentials are used. Safety boundary: Use synthetic learners, applicants, grant records, datasets, and lab fixtures; never use real student or research-subject data. These workflows do not make academic, research-ethics, or human-subject determinations.",Playwright + platform UI/API,"education-research,market-platform,synthetic-data,learning_delivery,late-arriving-data"
Education & Research Systems,Learning Delivery and Accessibility,EDUX-LEARNING-00067,Learning Delivery and Accessibility: validate captions and alternate-text fixture metadata (late arriving data),Education & Research Systems: validate captions and alternate-text fixture metadata with late arriving data,Functional,High,"Non-production tenant or isolated local fixture; synthetic records only; Deliver an older event after a newer watermark or processing window has advanced. Safety boundary: Use synthetic learners, applicants, grant records, datasets, and lab fixtures; never use real student or research-subject data. These workflows do not make academic, research-ethics, or human-subject determinations.","1. Create a disposable, versioned synthetic fixture: Deliver an older event after a newer watermark or processing window has advanced. 2. Execute the platform workflow to validate captions and alternate-text fixture metadata. 3. Capture the committed result, resource version, or run status. 4. Compare the result with the source fixture and the declared invariant. 5. Repeat or recover the operation when applicable; verify access, audit evidence, and side effects.","The platform must correctly validate captions and alternate-text fixture metadata; the late arriving data condition follows the configured contract; valid state is preserved, invalid or unauthorized work is rejected or quarantined without silent loss, retries do not duplicate side effects, lineage and audit evidence remain available, and no production records or credentials are used. Safety boundary: Use synthetic learners, applicants, grant records, datasets, and lab fixtures; never use real student or research-subject data. These workflows do not make academic, research-ethics, or human-subject determinations.",Playwright + platform UI/API,"education-research,market-platform,synthetic-data,learning_delivery,late-arriving-data"
Education & Research Systems,Learning Delivery and Accessibility,EDUX-LEARNING-00068,Learning Delivery and Accessibility: restrict instructor actions to assigned test courses (late arriving data),Education & Research Systems: restrict instructor actions to assigned test courses with late arriving data,Functional,High,"Non-production tenant or isolated local fixture; synthetic records only; Deliver an older event after a newer watermark or processing window has advanced. Safety boundary: Use synthetic learners, applicants, grant records, datasets, and lab fixtures; never use real student or research-subject data. These workflows do not make academic, research-ethics, or human-subject determinations.","1. Create a disposable, versioned synthetic fixture: Deliver an older event after a newer watermark or processing window has advanced. 2. Execute the platform workflow to restrict instructor actions to assigned test courses. 3. Capture the committed result, resource version, or run status. 4. Compare the result with the source fixture and the declared invariant. 5. Repeat or recover the operation when applicable; verify access, audit evidence, and side effects.","The platform must correctly restrict instructor actions to assigned test courses; the late arriving data condition follows the configured contract; valid state is preserved, invalid or unauthorized work is rejected or quarantined without silent loss, retries do not duplicate side effects, lineage and audit evidence remain available, and no production records or credentials are used. Safety boundary: Use synthetic learners, applicants, grant records, datasets, and lab fixtures; never use real student or research-subject data. These workflows do not make academic, research-ethics, or human-subject determinations.",Playwright + platform UI/API,"education-research,market-platform,synthetic-data,learning_delivery,late-arriving-data"
Education & Research Systems,Learning Delivery and Accessibility,EDUX-LEARNING-00069,Learning Delivery and Accessibility: report completion from deterministic synthetic activity (late arriving data),Education & Research Systems: report completion from deterministic synthetic activity with late arriving data,Functional,Medium,"Non-production tenant or isolated local fixture; synthetic records only; Deliver an older event after a newer watermark or processing window has advanced. Safety boundary: Use synthetic learners, applicants, grant records, datasets, and lab fixtures; never use real student or research-subject data. These workflows do not make academic, research-ethics, or human-subject determinations.","1. Create a disposable, versioned synthetic fixture: Deliver an older event after a newer watermark or processing window has advanced. 2. Execute the platform workflow to report completion from deterministic synthetic activity. 3. Capture the committed result, resource version, or run status. 4. Compare the result with the source fixture and the declared invariant. 5. Repeat or recover the operation when applicable; verify access, audit evidence, and side effects.","The platform must correctly report completion from deterministic synthetic activity; the late arriving data condition follows the configured contract; valid state is preserved, invalid or unauthorized work is rejected or quarantined without silent loss, retries do not duplicate side effects, lineage and audit evidence remain available, and no production records or credentials are used. Safety boundary: Use synthetic learners, applicants, grant records, datasets, and lab fixtures; never use real student or research-subject data. These workflows do not make academic, research-ethics, or human-subject determinations.",Playwright + platform UI/API,"education-research,market-platform,synthetic-data,learning_delivery,late-arriving-data"
Education & Research Systems,Learning Delivery and Accessibility,EDUX-LEARNING-00070,Learning Delivery and Accessibility: audit course publication and accessibility review (late arriving data),Education & Research Systems: audit course publication and accessibility review with late arriving data,Functional,High,"Non-production tenant or isolated local fixture; synthetic records only; Deliver an older event after a newer watermark or processing window has advanced. Safety boundary: Use synthetic learners, applicants, grant records, datasets, and lab fixtures; never use real student or research-subject data. These workflows do not make academic, research-ethics, or human-subject determinations.","1. Create a disposable, versioned synthetic fixture: Deliver an older event after a newer watermark or processing window has advanced. 2. Execute the platform workflow to audit course publication and accessibility review. 3. Capture the committed result, resource version, or run status. 4. Compare the result with the source fixture and the declared invariant. 5. Repeat or recover the operation when applicable; verify access, audit evidence, and side effects.","The platform must correctly audit course publication and accessibility review; the late arriving data condition follows the configured contract; valid state is preserved, invalid or unauthorized work is rejected or quarantined without silent loss, retries do not duplicate side effects, lineage and audit evidence remain available, and no production records or credentials are used. Safety boundary: Use synthetic learners, applicants, grant records, datasets, and lab fixtures; never use real student or research-subject data. These workflows do not make academic, research-ethics, or human-subject determinations.",Playwright + platform UI/API,"education-research,market-platform,synthetic-data,learning_delivery,late-arriving-data"
Education & Research Systems,Learning Delivery and Accessibility,EDUX-LEARNING-00071,Learning Delivery and Accessibility: publish a synthetic course with accessible content metadata (out-of-order events),Education & Research Systems: publish a synthetic course with accessible content metadata with out-of-order events,Functional,High,"Non-production tenant or isolated local fixture; synthetic records only; Shuffle event or commit order while preserving source event-time values. Safety boundary: Use synthetic learners, applicants, grant records, datasets, and lab fixtures; never use real student or research-subject data. These workflows do not make academic, research-ethics, or human-subject determinations.","1. Create a disposable, versioned synthetic fixture: Shuffle event or commit order while preserving source event-time values. 2. Execute the platform workflow to publish a synthetic course with accessible content metadata. 3. Capture the committed result, resource version, or run status. 4. Compare the result with the source fixture and the declared invariant. 5. Repeat or recover the operation when applicable; verify access, audit evidence, and side effects.","The platform must correctly publish a synthetic course with accessible content metadata; the out-of-order events condition follows the configured contract; valid state is preserved, invalid or unauthorized work is rejected or quarantined without silent loss, retries do not duplicate side effects, lineage and audit evidence remain available, and no production records or credentials are used. Safety boundary: Use synthetic learners, applicants, grant records, datasets, and lab fixtures; never use real student or research-subject data. These workflows do not make academic, research-ethics, or human-subject determinations.",Playwright + platform UI/API,"education-research,market-platform,synthetic-data,learning_delivery,out-of-order-events"
Education & Research Systems,Learning Delivery and Accessibility,EDUX-LEARNING-00072,Learning Delivery and Accessibility: verify keyboard access to the test lesson and assessment (out-of-order events),Education & Research Systems: verify keyboard access to the test lesson and assessment with out-of-order events,Functional,High,"Non-production tenant or isolated local fixture; synthetic records only; Shuffle event or commit order while preserving source event-time values. Safety boundary: Use synthetic learners, applicants, grant records, datasets, and lab fixtures; never use real student or research-subject data. These workflows do not make academic, research-ethics, or human-subject determinations.","1. Create a disposable, versioned synthetic fixture: Shuffle event or commit order while preserving source event-time values. 2. Execute the platform workflow to verify keyboard access to the test lesson and assessment. 3. Capture the committed result, resource version, or run status. 4. Compare the result with the source fixture and the declared invariant. 5. Repeat or recover the operation when applicable; verify access, audit evidence, and side effects.","The platform must correctly verify keyboard access to the test lesson and assessment; the out-of-order events condition follows the configured contract; valid state is preserved, invalid or unauthorized work is rejected or quarantined without silent loss, retries do not duplicate side effects, lineage and audit evidence remain available, and no production records or credentials are used. Safety boundary: Use synthetic learners, applicants, grant records, datasets, and lab fixtures; never use real student or research-subject data. These workflows do not make academic, research-ethics, or human-subject determinations.",Playwright + platform UI/API,"education-research,market-platform,synthetic-data,learning_delivery,out-of-order-events"
Education & Research Systems,Learning Delivery and Accessibility,EDUX-LEARNING-00073,Learning Delivery and Accessibility: resume a learner session from its saved fixture checkpoint (out-of-order events),Education & Research Systems: resume a learner session from its saved fixture checkpoint with out-of-order events,Functional,Medium,"Non-production tenant or isolated local fixture; synthetic records only; Shuffle event or commit order while preserving source event-time values. Safety boundary: Use synthetic learners, applicants, grant records, datasets, and lab fixtures; never use real student or research-subject data. These workflows do not make academic, research-ethics, or human-subject determinations.","1. Create a disposable, versioned synthetic fixture: Shuffle event or commit order while preserving source event-time values. 2. Execute the platform workflow to resume a learner session from its saved fixture checkpoint. 3. Capture the committed result, resource version, or run status. 4. Compare the result with the source fixture and the declared invariant. 5. Repeat or recover the operation when applicable; verify access, audit evidence, and side effects.","The platform must correctly resume a learner session from its saved fixture checkpoint; the out-of-order events condition follows the configured contract; valid state is preserved, invalid or unauthorized work is rejected or quarantined without silent loss, retries do not duplicate side effects, lineage and audit evidence remain available, and no production records or credentials are used. Safety boundary: Use synthetic learners, applicants, grant records, datasets, and lab fixtures; never use real student or research-subject data. These workflows do not make academic, research-ethics, or human-subject determinations.",Playwright + platform UI/API,"education-research,market-platform,synthetic-data,learning_delivery,out-of-order-events"
Education & Research Systems,Learning Delivery and Accessibility,EDUX-LEARNING-00074,Learning Delivery and Accessibility: prevent duplicate completion events after offline sync (out-of-order events),Education & Research Systems: prevent duplicate completion events after offline sync with out-of-order events,Functional,High,"Non-production tenant or isolated local fixture; synthetic records only; Shuffle event or commit order while preserving source event-time values. Safety boundary: Use synthetic learners, applicants, grant records, datasets, and lab fixtures; never use real student or research-subject data. These workflows do not make academic, research-ethics, or human-subject determinations.","1. Create a disposable, versioned synthetic fixture: Shuffle event or commit order while preserving source event-time values. 2. Execute the platform workflow to prevent duplicate completion events after offline sync. 3. Capture the committed result, resource version, or run status. 4. Compare the result with the source fixture and the declared invariant. 5. Repeat or recover the operation when applicable; verify access, audit evidence, and side effects.","The platform must correctly prevent duplicate completion events after offline sync; the out-of-order events condition follows the configured contract; valid state is preserved, invalid or unauthorized work is rejected or quarantined without silent loss, retries do not duplicate side effects, lineage and audit evidence remain available, and no production records or credentials are used. Safety boundary: Use synthetic learners, applicants, grant records, datasets, and lab fixtures; never use real student or research-subject data. These workflows do not make academic, research-ethics, or human-subject determinations.",Playwright + platform UI/API,"education-research,market-platform,synthetic-data,learning_delivery,out-of-order-events"
Education & Research Systems,Learning Delivery and Accessibility,EDUX-LEARNING-00075,Learning Delivery and Accessibility: apply an approved course revision to new enrollments (out-of-order events),Education & Research Systems: apply an approved course revision to new enrollments with out-of-order events,Functional,High,"Non-production tenant or isolated local fixture; synthetic records only; Shuffle event or commit order while preserving source event-time values. Safety boundary: Use synthetic learners, applicants, grant records, datasets, and lab fixtures; never use real student or research-subject data. These workflows do not make academic, research-ethics, or human-subject determinations.","1. Create a disposable, versioned synthetic fixture: Shuffle event or commit order while preserving source event-time values. 2. Execute the platform workflow to apply an approved course revision to new enrollments. 3. Capture the committed result, resource version, or run status. 4. Compare the result with the source fixture and the declared invariant. 5. Repeat or recover the operation when applicable; verify access, audit evidence, and side effects.","The platform must correctly apply an approved course revision to new enrollments; the out-of-order events condition follows the configured contract; valid state is preserved, invalid or unauthorized work is rejected or quarantined without silent loss, retries do not duplicate side effects, lineage and audit evidence remain available, and no production records or credentials are used. Safety boundary: Use synthetic learners, applicants, grant records, datasets, and lab fixtures; never use real student or research-subject data. These workflows do not make academic, research-ethics, or human-subject determinations.",Playwright + platform UI/API,"education-research,market-platform,synthetic-data,learning_delivery,out-of-order-events"
Education & Research Systems,Learning Delivery and Accessibility,EDUX-LEARNING-00076,Learning Delivery and Accessibility: retain prior progress after a content correction (out-of-order events),Education & Research Systems: retain prior progress after a content correction with out-of-order events,Functional,High,"Non-production tenant or isolated local fixture; synthetic records only; Shuffle event or commit order while preserving source event-time values. Safety boundary: Use synthetic learners, applicants, grant records, datasets, and lab fixtures; never use real student or research-subject data. These workflows do not make academic, research-ethics, or human-subject determinations.","1. Create a disposable, versioned synthetic fixture: Shuffle event or commit order while preserving source event-time values. 2. Execute the platform workflow to retain prior progress after a content correction. 3. Capture the committed result, resource version, or run status. 4. Compare the result with the source fixture and the declared invariant. 5. Repeat or recover the operation when applicable; verify access, audit evidence, and side effects.","The platform must correctly retain prior progress after a content correction; the out-of-order events condition follows the configured contract; valid state is preserved, invalid or unauthorized work is rejected or quarantined without silent loss, retries do not duplicate side effects, lineage and audit evidence remain available, and no production records or credentials are used. Safety boundary: Use synthetic learners, applicants, grant records, datasets, and lab fixtures; never use real student or research-subject data. These workflows do not make academic, research-ethics, or human-subject determinations.",Playwright + platform UI/API,"education-research,market-platform,synthetic-data,learning_delivery,out-of-order-events"
Education & Research Systems,Learning Delivery and Accessibility,EDUX-LEARNING-00077,Learning Delivery and Accessibility: validate captions and alternate-text fixture metadata (out-of-order events),Education & Research Systems: validate captions and alternate-text fixture metadata with out-of-order events,Functional,Medium,"Non-production tenant or isolated local fixture; synthetic records only; Shuffle event or commit order while preserving source event-time values. Safety boundary: Use synthetic learners, applicants, grant records, datasets, and lab fixtures; never use real student or research-subject data. These workflows do not make academic, research-ethics, or human-subject determinations.","1. Create a disposable, versioned synthetic fixture: Shuffle event or commit order while preserving source event-time values. 2. Execute the platform workflow to validate captions and alternate-text fixture metadata. 3. Capture the committed result, resource version, or run status. 4. Compare the result with the source fixture and the declared invariant. 5. Repeat or recover the operation when applicable; verify access, audit evidence, and side effects.","The platform must correctly validate captions and alternate-text fixture metadata; the out-of-order events condition follows the configured contract; valid state is preserved, invalid or unauthorized work is rejected or quarantined without silent loss, retries do not duplicate side effects, lineage and audit evidence remain available, and no production records or credentials are used. Safety boundary: Use synthetic learners, applicants, grant records, datasets, and lab fixtures; never use real student or research-subject data. These workflows do not make academic, research-ethics, or human-subject determinations.",Playwright + platform UI/API,"education-research,market-platform,synthetic-data,learning_delivery,out-of-order-events"
Education & Research Systems,Learning Delivery and Accessibility,EDUX-LEARNING-00078,Learning Delivery and Accessibility: restrict instructor actions to assigned test courses (out-of-order events),Education & Research Systems: restrict instructor actions to assigned test courses with out-of-order events,Functional,High,"Non-production tenant or isolated local fixture; synthetic records only; Shuffle event or commit order while preserving source event-time values. Safety boundary: Use synthetic learners, applicants, grant records, datasets, and lab fixtures; never use real student or research-subject data. These workflows do not make academic, research-ethics, or human-subject determinations.","1. Create a disposable, versioned synthetic fixture: Shuffle event or commit order while preserving source event-time values. 2. Execute the platform workflow to restrict instructor actions to assigned test courses. 3. Capture the committed result, resource version, or run status. 4. Compare the result with the source fixture and the declared invariant. 5. Repeat or recover the operation when applicable; verify access, audit evidence, and side effects.","The platform must correctly restrict instructor actions to assigned test courses; the out-of-order events condition follows the configured contract; valid state is preserved, invalid or unauthorized work is rejected or quarantined without silent loss, retries do not duplicate side effects, lineage and audit evidence remain available, and no production records or credentials are used. Safety boundary: Use synthetic learners, applicants, grant records, datasets, and lab fixtures; never use real student or research-subject data. These workflows do not make academic, research-ethics, or human-subject determinations.",Playwright + platform UI/API,"education-research,market-platform,synthetic-data,learning_delivery,out-of-order-events"
Education & Research Systems,Learning Delivery and Accessibility,EDUX-LEARNING-00079,Learning Delivery and Accessibility: report completion from deterministic synthetic activity (out-of-order events),Education & Research Systems: report completion from deterministic synthetic activity with out-of-order events,Functional,High,"Non-production tenant or isolated local fixture; synthetic records only; Shuffle event or commit order while preserving source event-time values. Safety boundary: Use synthetic learners, applicants, grant records, datasets, and lab fixtures; never use real student or research-subject data. These workflows do not make academic, research-ethics, or human-subject determinations.","1. Create a disposable, versioned synthetic fixture: Shuffle event or commit order while preserving source event-time values. 2. Execute the platform workflow to report completion from deterministic synthetic activity. 3. Capture the committed result, resource version, or run status. 4. Compare the result with the source fixture and the declared invariant. 5. Repeat or recover the operation when applicable; verify access, audit evidence, and side effects.","The platform must correctly report completion from deterministic synthetic activity; the out-of-order events condition follows the configured contract; valid state is preserved, invalid or unauthorized work is rejected or quarantined without silent loss, retries do not duplicate side effects, lineage and audit evidence remain available, and no production records or credentials are used. Safety boundary: Use synthetic learners, applicants, grant records, datasets, and lab fixtures; never use real student or research-subject data. These workflows do not make academic, research-ethics, or human-subject determinations.",Playwright + platform UI/API,"education-research,market-platform,synthetic-data,learning_delivery,out-of-order-events"
Education & Research Systems,Learning Delivery and Accessibility,EDUX-LEARNING-00080,Learning Delivery and Accessibility: audit course publication and accessibility review (out-of-order events),Education & Research Systems: audit course publication and accessibility review with out-of-order events,Functional,High,"Non-production tenant or isolated local fixture; synthetic records only; Shuffle event or commit order while preserving source event-time values. Safety boundary: Use synthetic learners, applicants, grant records, datasets, and lab fixtures; never use real student or research-subject data. These workflows do not make academic, research-ethics, or human-subject determinations.","1. Create a disposable, versioned synthetic fixture: Shuffle event or commit order while preserving source event-time values. 2. Execute the platform workflow to audit course publication and accessibility review. 3. Capture the committed result, resource version, or run status. 4. Compare the result with the source fixture and the declared invariant. 5. Repeat or recover the operation when applicable; verify access, audit evidence, and side effects.","The platform must correctly audit course publication and accessibility review; the out-of-order events condition follows the configured contract; valid state is preserved, invalid or unauthorized work is rejected or quarantined without silent loss, retries do not duplicate side effects, lineage and audit evidence remain available, and no production records or credentials are used. Safety boundary: Use synthetic learners, applicants, grant records, datasets, and lab fixtures; never use real student or research-subject data. These workflows do not make academic, research-ethics, or human-subject determinations.",Playwright + platform UI/API,"education-research,market-platform,synthetic-data,learning_delivery,out-of-order-events"
Education & Research Systems,Learning Delivery and Accessibility,EDUX-LEARNING-00081,Learning Delivery and Accessibility: publish a synthetic course with accessible content metadata (compatible schema change),Education & Research Systems: publish a synthetic course with accessible content metadata with compatible schema change,Functional,Medium,"Non-production tenant or isolated local fixture; synthetic records only; Add a nullable field while existing readers and stored versions remain active. Safety boundary: Use synthetic learners, applicants, grant records, datasets, and lab fixtures; never use real student or research-subject data. These workflows do not make academic, research-ethics, or human-subject determinations.","1. Create a disposable, versioned synthetic fixture: Add a nullable field while existing readers and stored versions remain active. 2. Execute the platform workflow to publish a synthetic course with accessible content metadata. 3. Capture the committed result, resource version, or run status. 4. Compare the result with the source fixture and the declared invariant. 5. Repeat or recover the operation when applicable; verify access, audit evidence, and side effects.","The platform must correctly publish a synthetic course with accessible content metadata; the compatible schema change condition follows the configured contract; valid state is preserved, invalid or unauthorized work is rejected or quarantined without silent loss, retries do not duplicate side effects, lineage and audit evidence remain available, and no production records or credentials are used. Safety boundary: Use synthetic learners, applicants, grant records, datasets, and lab fixtures; never use real student or research-subject data. These workflows do not make academic, research-ethics, or human-subject determinations.",Playwright + platform UI/API,"education-research,market-platform,synthetic-data,learning_delivery,compatible-schema-change"
Education & Research Systems,Learning Delivery and Accessibility,EDUX-LEARNING-00082,Learning Delivery and Accessibility: verify keyboard access to the test lesson and assessment (compatible schema change),Education & Research Systems: verify keyboard access to the test lesson and assessment with compatible schema change,Functional,High,"Non-production tenant or isolated local fixture; synthetic records only; Add a nullable field while existing readers and stored versions remain active. Safety boundary: Use synthetic learners, applicants, grant records, datasets, and lab fixtures; never use real student or research-subject data. These workflows do not make academic, research-ethics, or human-subject determinations.","1. Create a disposable, versioned synthetic fixture: Add a nullable field while existing readers and stored versions remain active. 2. Execute the platform workflow to verify keyboard access to the test lesson and assessment. 3. Capture the committed result, resource version, or run status. 4. Compare the result with the source fixture and the declared invariant. 5. Repeat or recover the operation when applicable; verify access, audit evidence, and side effects.","The platform must correctly verify keyboard access to the test lesson and assessment; the compatible schema change condition follows the configured contract; valid state is preserved, invalid or unauthorized work is rejected or quarantined without silent loss, retries do not duplicate side effects, lineage and audit evidence remain available, and no production records or credentials are used. Safety boundary: Use synthetic learners, applicants, grant records, datasets, and lab fixtures; never use real student or research-subject data. These workflows do not make academic, research-ethics, or human-subject determinations.",Playwright + platform UI/API,"education-research,market-platform,synthetic-data,learning_delivery,compatible-schema-change"
Education & Research Systems,Learning Delivery and Accessibility,EDUX-LEARNING-00083,Learning Delivery and Accessibility: resume a learner session from its saved fixture checkpoint (compatible schema change),Education & Research Systems: resume a learner session from its saved fixture checkpoint with compatible schema change,Functional,High,"Non-production tenant or isolated local fixture; synthetic records only; Add a nullable field while existing readers and stored versions remain active. Safety boundary: Use synthetic learners, applicants, grant records, datasets, and lab fixtures; never use real student or research-subject data. These workflows do not make academic, research-ethics, or human-subject determinations.","1. Create a disposable, versioned synthetic fixture: Add a nullable field while existing readers and stored versions remain active. 2. Execute the platform workflow to resume a learner session from its saved fixture checkpoint. 3. Capture the committed result, resource version, or run status. 4. Compare the result with the source fixture and the declared invariant. 5. Repeat or recover the operation when applicable; verify access, audit evidence, and side effects.","The platform must correctly resume a learner session from its saved fixture checkpoint; the compatible schema change condition follows the configured contract; valid state is preserved, invalid or unauthorized work is rejected or quarantined without silent loss, retries do not duplicate side effects, lineage and audit evidence remain available, and no production records or credentials are used. Safety boundary: Use synthetic learners, applicants, grant records, datasets, and lab fixtures; never use real student or research-subject data. These workflows do not make academic, research-ethics, or human-subject determinations.",Playwright + platform UI/API,"education-research,market-platform,synthetic-data,learning_delivery,compatible-schema-change"
Education & Research Systems,Learning Delivery and Accessibility,EDUX-LEARNING-00084,Learning Delivery and Accessibility: prevent duplicate completion events after offline sync (compatible schema change),Education & Research Systems: prevent duplicate completion events after offline sync with compatible schema change,Functional,High,"Non-production tenant or isolated local fixture; synthetic records only; Add a nullable field while existing readers and stored versions remain active. Safety boundary: Use synthetic learners, applicants, grant records, datasets, and lab fixtures; never use real student or research-subject data. These workflows do not make academic, research-ethics, or human-subject determinations.","1. Create a disposable, versioned synthetic fixture: Add a nullable field while existing readers and stored versions remain active. 2. Execute the platform workflow to prevent duplicate completion events after offline sync. 3. Capture the committed result, resource version, or run status. 4. Compare the result with the source fixture and the declared invariant. 5. Repeat or recover the operation when applicable; verify access, audit evidence, and side effects.","The platform must correctly prevent duplicate completion events after offline sync; the compatible schema change condition follows the configured contract; valid state is preserved, invalid or unauthorized work is rejected or quarantined without silent loss, retries do not duplicate side effects, lineage and audit evidence remain available, and no production records or credentials are used. Safety boundary: Use synthetic learners, applicants, grant records, datasets, and lab fixtures; never use real student or research-subject data. These workflows do not make academic, research-ethics, or human-subject determinations.",Playwright + platform UI/API,"education-research,market-platform,synthetic-data,learning_delivery,compatible-schema-change"
Education & Research Systems,Learning Delivery and Accessibility,EDUX-LEARNING-00085,Learning Delivery and Accessibility: apply an approved course revision to new enrollments (compatible schema change),Education & Research Systems: apply an approved course revision to new enrollments with compatible schema change,Functional,Medium,"Non-production tenant or isolated local fixture; synthetic records only; Add a nullable field while existing readers and stored versions remain active. Safety boundary: Use synthetic learners, applicants, grant records, datasets, and lab fixtures; never use real student or research-subject data. These workflows do not make academic, research-ethics, or human-subject determinations.","1. Create a disposable, versioned synthetic fixture: Add a nullable field while existing readers and stored versions remain active. 2. Execute the platform workflow to apply an approved course revision to new enrollments. 3. Capture the committed result, resource version, or run status. 4. Compare the result with the source fixture and the declared invariant. 5. Repeat or recover the operation when applicable; verify access, audit evidence, and side effects.","The platform must correctly apply an approved course revision to new enrollments; the compatible schema change condition follows the configured contract; valid state is preserved, invalid or unauthorized work is rejected or quarantined without silent loss, retries do not duplicate side effects, lineage and audit evidence remain available, and no production records or credentials are used. Safety boundary: Use synthetic learners, applicants, grant records, datasets, and lab fixtures; never use real student or research-subject data. These workflows do not make academic, research-ethics, or human-subject determinations.",Playwright + platform UI/API,"education-research,market-platform,synthetic-data,learning_delivery,compatible-schema-change"
Education & Research Systems,Learning Delivery and Accessibility,EDUX-LEARNING-00086,Learning Delivery and Accessibility: retain prior progress after a content correction (compatible schema change),Education & Research Systems: retain prior progress after a content correction with compatible schema change,Functional,High,"Non-production tenant or isolated local fixture; synthetic records only; Add a nullable field while existing readers and stored versions remain active. Safety boundary: Use synthetic learners, applicants, grant records, datasets, and lab fixtures; never use real student or research-subject data. These workflows do not make academic, research-ethics, or human-subject determinations.","1. Create a disposable, versioned synthetic fixture: Add a nullable field while existing readers and stored versions remain active. 2. Execute the platform workflow to retain prior progress after a content correction. 3. Capture the committed result, resource version, or run status. 4. Compare the result with the source fixture and the declared invariant. 5. Repeat or recover the operation when applicable; verify access, audit evidence, and side effects.","The platform must correctly retain prior progress after a content correction; the compatible schema change condition follows the configured contract; valid state is preserved, invalid or unauthorized work is rejected or quarantined without silent loss, retries do not duplicate side effects, lineage and audit evidence remain available, and no production records or credentials are used. Safety boundary: Use synthetic learners, applicants, grant records, datasets, and lab fixtures; never use real student or research-subject data. These workflows do not make academic, research-ethics, or human-subject determinations.",Playwright + platform UI/API,"education-research,market-platform,synthetic-data,learning_delivery,compatible-schema-change"
Education & Research Systems,Learning Delivery and Accessibility,EDUX-LEARNING-00087,Learning Delivery and Accessibility: validate captions and alternate-text fixture metadata (compatible schema change),Education & Research Systems: validate captions and alternate-text fixture metadata with compatible schema change,Functional,High,"Non-production tenant or isolated local fixture; synthetic records only; Add a nullable field while existing readers and stored versions remain active. Safety boundary: Use synthetic learners, applicants, grant records, datasets, and lab fixtures; never use real student or research-subject data. These workflows do not make academic, research-ethics, or human-subject determinations.","1. Create a disposable, versioned synthetic fixture: Add a nullable field while existing readers and stored versions remain active. 2. Execute the platform workflow to validate captions and alternate-text fixture metadata. 3. Capture the committed result, resource version, or run status. 4. Compare the result with the source fixture and the declared invariant. 5. Repeat or recover the operation when applicable; verify access, audit evidence, and side effects.","The platform must correctly validate captions and alternate-text fixture metadata; the compatible schema change condition follows the configured contract; valid state is preserved, invalid or unauthorized work is rejected or quarantined without silent loss, retries do not duplicate side effects, lineage and audit evidence remain available, and no production records or credentials are used. Safety boundary: Use synthetic learners, applicants, grant records, datasets, and lab fixtures; never use real student or research-subject data. These workflows do not make academic, research-ethics, or human-subject determinations.",Playwright + platform UI/API,"education-research,market-platform,synthetic-data,learning_delivery,compatible-schema-change"
Education & Research Systems,Learning Delivery and Accessibility,EDUX-LEARNING-00088,Learning Delivery and Accessibility: restrict instructor actions to assigned test courses (compatible schema change),Education & Research Systems: restrict instructor actions to assigned test courses with compatible schema change,Functional,High,"Non-production tenant or isolated local fixture; synthetic records only; Add a nullable field while existing readers and stored versions remain active. Safety boundary: Use synthetic learners, applicants, grant records, datasets, and lab fixtures; never use real student or research-subject data. These workflows do not make academic, research-ethics, or human-subject determinations.","1. Create a disposable, versioned synthetic fixture: Add a nullable field while existing readers and stored versions remain active. 2. Execute the platform workflow to restrict instructor actions to assigned test courses. 3. Capture the committed result, resource version, or run status. 4. Compare the result with the source fixture and the declared invariant. 5. Repeat or recover the operation when applicable; verify access, audit evidence, and side effects.","The platform must correctly restrict instructor actions to assigned test courses; the compatible schema change condition follows the configured contract; valid state is preserved, invalid or unauthorized work is rejected or quarantined without silent loss, retries do not duplicate side effects, lineage and audit evidence remain available, and no production records or credentials are used. Safety boundary: Use synthetic learners, applicants, grant records, datasets, and lab fixtures; never use real student or research-subject data. These workflows do not make academic, research-ethics, or human-subject determinations.",Playwright + platform UI/API,"education-research,market-platform,synthetic-data,learning_delivery,compatible-schema-change"
Education & Research Systems,Learning Delivery and Accessibility,EDUX-LEARNING-00089,Learning Delivery and Accessibility: report completion from deterministic synthetic activity (compatible schema change),Education & Research Systems: report completion from deterministic synthetic activity with compatible schema change,Functional,Medium,"Non-production tenant or isolated local fixture; synthetic records only; Add a nullable field while existing readers and stored versions remain active. Safety boundary: Use synthetic learners, applicants, grant records, datasets, and lab fixtures; never use real student or research-subject data. These workflows do not make academic, research-ethics, or human-subject determinations.","1. Create a disposable, versioned synthetic fixture: Add a nullable field while existing readers and stored versions remain active. 2. Execute the platform workflow to report completion from deterministic synthetic activity. 3. Capture the committed result, resource version, or run status. 4. Compare the result with the source fixture and the declared invariant. 5. Repeat or recover the operation when applicable; verify access, audit evidence, and side effects.","The platform must correctly report completion from deterministic synthetic activity; the compatible schema change condition follows the configured contract; valid state is preserved, invalid or unauthorized work is rejected or quarantined without silent loss, retries do not duplicate side effects, lineage and audit evidence remain available, and no production records or credentials are used. Safety boundary: Use synthetic learners, applicants, grant records, datasets, and lab fixtures; never use real student or research-subject data. These workflows do not make academic, research-ethics, or human-subject determinations.",Playwright + platform UI/API,"education-research,market-platform,synthetic-data,learning_delivery,compatible-schema-change"
Education & Research Systems,Learning Delivery and Accessibility,EDUX-LEARNING-00090,Learning Delivery and Accessibility: audit course publication and accessibility review (compatible schema change),Education & Research Systems: audit course publication and accessibility review with compatible schema change,Functional,High,"Non-production tenant or isolated local fixture; synthetic records only; Add a nullable field while existing readers and stored versions remain active. Safety boundary: Use synthetic learners, applicants, grant records, datasets, and lab fixtures; never use real student or research-subject data. These workflows do not make academic, research-ethics, or human-subject determinations.","1. Create a disposable, versioned synthetic fixture: Add a nullable field while existing readers and stored versions remain active. 2. Execute the platform workflow to audit course publication and accessibility review. 3. Capture the committed result, resource version, or run status. 4. Compare the result with the source fixture and the declared invariant. 5. Repeat or recover the operation when applicable; verify access, audit evidence, and side effects.","The platform must correctly audit course publication and accessibility review; the compatible schema change condition follows the configured contract; valid state is preserved, invalid or unauthorized work is rejected or quarantined without silent loss, retries do not duplicate side effects, lineage and audit evidence remain available, and no production records or credentials are used. Safety boundary: Use synthetic learners, applicants, grant records, datasets, and lab fixtures; never use real student or research-subject data. These workflows do not make academic, research-ethics, or human-subject determinations.",Playwright + platform UI/API,"education-research,market-platform,synthetic-data,learning_delivery,compatible-schema-change"
Education & Research Systems,Learning Delivery and Accessibility,EDUX-LEARNING-00091,Learning Delivery and Accessibility: publish a synthetic course with accessible content metadata (field rename),Education & Research Systems: publish a synthetic course with accessible content metadata with field rename,Functional,High,"Non-production tenant or isolated local fixture; synthetic records only; Rename a field using the supported migration path and inspect historical reads. Safety boundary: Use synthetic learners, applicants, grant records, datasets, and lab fixtures; never use real student or research-subject data. These workflows do not make academic, research-ethics, or human-subject determinations.","1. Create a disposable, versioned synthetic fixture: Rename a field using the supported migration path and inspect historical reads. 2. Execute the platform workflow to publish a synthetic course with accessible content metadata. 3. Capture the committed result, resource version, or run status. 4. Compare the result with the source fixture and the declared invariant. 5. Repeat or recover the operation when applicable; verify access, audit evidence, and side effects.","The platform must correctly publish a synthetic course with accessible content metadata; the field rename condition follows the configured contract; valid state is preserved, invalid or unauthorized work is rejected or quarantined without silent loss, retries do not duplicate side effects, lineage and audit evidence remain available, and no production records or credentials are used. Safety boundary: Use synthetic learners, applicants, grant records, datasets, and lab fixtures; never use real student or research-subject data. These workflows do not make academic, research-ethics, or human-subject determinations.",Playwright + platform UI/API,"education-research,market-platform,synthetic-data,learning_delivery,field-rename"
Education & Research Systems,Learning Delivery and Accessibility,EDUX-LEARNING-00092,Learning Delivery and Accessibility: verify keyboard access to the test lesson and assessment (field rename),Education & Research Systems: verify keyboard access to the test lesson and assessment with field rename,Functional,High,"Non-production tenant or isolated local fixture; synthetic records only; Rename a field using the supported migration path and inspect historical reads. Safety boundary: Use synthetic learners, applicants, grant records, datasets, and lab fixtures; never use real student or research-subject data. These workflows do not make academic, research-ethics, or human-subject determinations.","1. Create a disposable, versioned synthetic fixture: Rename a field using the supported migration path and inspect historical reads. 2. Execute the platform workflow to verify keyboard access to the test lesson and assessment. 3. Capture the committed result, resource version, or run status. 4. Compare the result with the source fixture and the declared invariant. 5. Repeat or recover the operation when applicable; verify access, audit evidence, and side effects.","The platform must correctly verify keyboard access to the test lesson and assessment; the field rename condition follows the configured contract; valid state is preserved, invalid or unauthorized work is rejected or quarantined without silent loss, retries do not duplicate side effects, lineage and audit evidence remain available, and no production records or credentials are used. Safety boundary: Use synthetic learners, applicants, grant records, datasets, and lab fixtures; never use real student or research-subject data. These workflows do not make academic, research-ethics, or human-subject determinations.",Playwright + platform UI/API,"education-research,market-platform,synthetic-data,learning_delivery,field-rename"
Education & Research Systems,Learning Delivery and Accessibility,EDUX-LEARNING-00093,Learning Delivery and Accessibility: resume a learner session from its saved fixture checkpoint (field rename),Education & Research Systems: resume a learner session from its saved fixture checkpoint with field rename,Functional,Medium,"Non-production tenant or isolated local fixture; synthetic records only; Rename a field using the supported migration path and inspect historical reads. Safety boundary: Use synthetic learners, applicants, grant records, datasets, and lab fixtures; never use real student or research-subject data. These workflows do not make academic, research-ethics, or human-subject determinations.","1. Create a disposable, versioned synthetic fixture: Rename a field using the supported migration path and inspect historical reads. 2. Execute the platform workflow to resume a learner session from its saved fixture checkpoint. 3. Capture the committed result, resource version, or run status. 4. Compare the result with the source fixture and the declared invariant. 5. Repeat or recover the operation when applicable; verify access, audit evidence, and side effects.","The platform must correctly resume a learner session from its saved fixture checkpoint; the field rename condition follows the configured contract; valid state is preserved, invalid or unauthorized work is rejected or quarantined without silent loss, retries do not duplicate side effects, lineage and audit evidence remain available, and no production records or credentials are used. Safety boundary: Use synthetic learners, applicants, grant records, datasets, and lab fixtures; never use real student or research-subject data. These workflows do not make academic, research-ethics, or human-subject determinations.",Playwright + platform UI/API,"education-research,market-platform,synthetic-data,learning_delivery,field-rename"
Education & Research Systems,Learning Delivery and Accessibility,EDUX-LEARNING-00094,Learning Delivery and Accessibility: prevent duplicate completion events after offline sync (field rename),Education & Research Systems: prevent duplicate completion events after offline sync with field rename,Functional,High,"Non-production tenant or isolated local fixture; synthetic records only; Rename a field using the supported migration path and inspect historical reads. Safety boundary: Use synthetic learners, applicants, grant records, datasets, and lab fixtures; never use real student or research-subject data. These workflows do not make academic, research-ethics, or human-subject determinations.","1. Create a disposable, versioned synthetic fixture: Rename a field using the supported migration path and inspect historical reads. 2. Execute the platform workflow to prevent duplicate completion events after offline sync. 3. Capture the committed result, resource version, or run status. 4. Compare the result with the source fixture and the declared invariant. 5. Repeat or recover the operation when applicable; verify access, audit evidence, and side effects.","The platform must correctly prevent duplicate completion events after offline sync; the field rename condition follows the configured contract; valid state is preserved, invalid or unauthorized work is rejected or quarantined without silent loss, retries do not duplicate side effects, lineage and audit evidence remain available, and no production records or credentials are used. Safety boundary: Use synthetic learners, applicants, grant records, datasets, and lab fixtures; never use real student or research-subject data. These workflows do not make academic, research-ethics, or human-subject determinations.",Playwright + platform UI/API,"education-research,market-platform,synthetic-data,learning_delivery,field-rename"
Education & Research Systems,Learning Delivery and Accessibility,EDUX-LEARNING-00095,Learning Delivery and Accessibility: apply an approved course revision to new enrollments (field rename),Education & Research Systems: apply an approved course revision to new enrollments with field rename,Functional,High,"Non-production tenant or isolated local fixture; synthetic records only; Rename a field using the supported migration path and inspect historical reads. Safety boundary: Use synthetic learners, applicants, grant records, datasets, and lab fixtures; never use real student or research-subject data. These workflows do not make academic, research-ethics, or human-subject determinations.","1. Create a disposable, versioned synthetic fixture: Rename a field using the supported migration path and inspect historical reads. 2. Execute the platform workflow to apply an approved course revision to new enrollments. 3. Capture the committed result, resource version, or run status. 4. Compare the result with the source fixture and the declared invariant. 5. Repeat or recover the operation when applicable; verify access, audit evidence, and side effects.","The platform must correctly apply an approved course revision to new enrollments; the field rename condition follows the configured contract; valid state is preserved, invalid or unauthorized work is rejected or quarantined without silent loss, retries do not duplicate side effects, lineage and audit evidence remain available, and no production records or credentials are used. Safety boundary: Use synthetic learners, applicants, grant records, datasets, and lab fixtures; never use real student or research-subject data. These workflows do not make academic, research-ethics, or human-subject determinations.",Playwright + platform UI/API,"education-research,market-platform,synthetic-data,learning_delivery,field-rename"
Education & Research Systems,Learning Delivery and Accessibility,EDUX-LEARNING-00096,Learning Delivery and Accessibility: retain prior progress after a content correction (field rename),Education & Research Systems: retain prior progress after a content correction with field rename,Functional,High,"Non-production tenant or isolated local fixture; synthetic records only; Rename a field using the supported migration path and inspect historical reads. Safety boundary: Use synthetic learners, applicants, grant records, datasets, and lab fixtures; never use real student or research-subject data. These workflows do not make academic, research-ethics, or human-subject determinations.","1. Create a disposable, versioned synthetic fixture: Rename a field using the supported migration path and inspect historical reads. 2. Execute the platform workflow to retain prior progress after a content correction. 3. Capture the committed result, resource version, or run status. 4. Compare the result with the source fixture and the declared invariant. 5. Repeat or recover the operation when applicable; verify access, audit evidence, and side effects.","The platform must correctly retain prior progress after a content correction; the field rename condition follows the configured contract; valid state is preserved, invalid or unauthorized work is rejected or quarantined without silent loss, retries do not duplicate side effects, lineage and audit evidence remain available, and no production records or credentials are used. Safety boundary: Use synthetic learners, applicants, grant records, datasets, and lab fixtures; never use real student or research-subject data. These workflows do not make academic, research-ethics, or human-subject determinations.",Playwright + platform UI/API,"education-research,market-platform,synthetic-data,learning_delivery,field-rename"
Education & Research Systems,Learning Delivery and Accessibility,EDUX-LEARNING-00097,Learning Delivery and Accessibility: validate captions and alternate-text fixture metadata (field rename),Education & Research Systems: validate captions and alternate-text fixture metadata with field rename,Functional,Medium,"Non-production tenant or isolated local fixture; synthetic records only; Rename a field using the supported migration path and inspect historical reads. Safety boundary: Use synthetic learners, applicants, grant records, datasets, and lab fixtures; never use real student or research-subject data. These workflows do not make academic, research-ethics, or human-subject determinations.","1. Create a disposable, versioned synthetic fixture: Rename a field using the supported migration path and inspect historical reads. 2. Execute the platform workflow to validate captions and alternate-text fixture metadata. 3. Capture the committed result, resource version, or run status. 4. Compare the result with the source fixture and the declared invariant. 5. Repeat or recover the operation when applicable; verify access, audit evidence, and side effects.","The platform must correctly validate captions and alternate-text fixture metadata; the field rename condition follows the configured contract; valid state is preserved, invalid or unauthorized work is rejected or quarantined without silent loss, retries do not duplicate side effects, lineage and audit evidence remain available, and no production records or credentials are used. Safety boundary: Use synthetic learners, applicants, grant records, datasets, and lab fixtures; never use real student or research-subject data. These workflows do not make academic, research-ethics, or human-subject determinations.",Playwright + platform UI/API,"education-research,market-platform,synthetic-data,learning_delivery,field-rename"
Education & Research Systems,Learning Delivery and Accessibility,EDUX-LEARNING-00098,Learning Delivery and Accessibility: restrict instructor actions to assigned test courses (field rename),Education & Research Systems: restrict instructor actions to assigned test courses with field rename,Functional,High,"Non-production tenant or isolated local fixture; synthetic records only; Rename a field using the supported migration path and inspect historical reads. Safety boundary: Use synthetic learners, applicants, grant records, datasets, and lab fixtures; never use real student or research-subject data. These workflows do not make academic, research-ethics, or human-subject determinations.","1. Create a disposable, versioned synthetic fixture: Rename a field using the supported migration path and inspect historical reads. 2. Execute the platform workflow to restrict instructor actions to assigned test courses. 3. Capture the committed result, resource version, or run status. 4. Compare the result with the source fixture and the declared invariant. 5. Repeat or recover the operation when applicable; verify access, audit evidence, and side effects.","The platform must correctly restrict instructor actions to assigned test courses; the field rename condition follows the configured contract; valid state is preserved, invalid or unauthorized work is rejected or quarantined without silent loss, retries do not duplicate side effects, lineage and audit evidence remain available, and no production records or credentials are used. Safety boundary: Use synthetic learners, applicants, grant records, datasets, and lab fixtures; never use real student or research-subject data. These workflows do not make academic, research-ethics, or human-subject determinations.",Playwright + platform UI/API,"education-research,market-platform,synthetic-data,learning_delivery,field-rename"
Education & Research Systems,Learning Delivery and Accessibility,EDUX-LEARNING-00099,Learning Delivery and Accessibility: report completion from deterministic synthetic activity (field rename),Education & Research Systems: report completion from deterministic synthetic activity with field rename,Functional,High,"Non-production tenant or isolated local fixture; synthetic records only; Rename a field using the supported migration path and inspect historical reads. Safety boundary: Use synthetic learners, applicants, grant records, datasets, and lab fixtures; never use real student or research-subject data. These workflows do not make academic, research-ethics, or human-subject determinations.","1. Create a disposable, versioned synthetic fixture: Rename a field using the supported migration path and inspect historical reads. 2. Execute the platform workflow to report completion from deterministic synthetic activity. 3. Capture the committed result, resource version, or run status. 4. Compare the result with the source fixture and the declared invariant. 5. Repeat or recover the operation when applicable; verify access, audit evidence, and side effects.","The platform must correctly report completion from deterministic synthetic activity; the field rename condition follows the configured contract; valid state is preserved, invalid or unauthorized work is rejected or quarantined without silent loss, retries do not duplicate side effects, lineage and audit evidence remain available, and no production records or credentials are used. Safety boundary: Use synthetic learners, applicants, grant records, datasets, and lab fixtures; never use real student or research-subject data. These workflows do not make academic, research-ethics, or human-subject determinations.",Playwright + platform UI/API,"education-research,market-platform,synthetic-data,learning_delivery,field-rename"
Education & Research Systems,Learning Delivery and Accessibility,EDUX-LEARNING-00100,Learning Delivery and Accessibility: audit course publication and accessibility review (field rename),Education & Research Systems: audit course publication and accessibility review with field rename,Functional,High,"Non-production tenant or isolated local fixture; synthetic records only; Rename a field using the supported migration path and inspect historical reads. Safety boundary: Use synthetic learners, applicants, grant records, datasets, and lab fixtures; never use real student or research-subject data. These workflows do not make academic, research-ethics, or human-subject determinations.","1. Create a disposable, versioned synthetic fixture: Rename a field using the supported migration path and inspect historical reads. 2. Execute the platform workflow to audit course publication and accessibility review. 3. Capture the committed result, resource version, or run status. 4. Compare the result with the source fixture and the declared invariant. 5. Repeat or recover the operation when applicable; verify access, audit evidence, and side effects.","The platform must correctly audit course publication and accessibility review; the field rename condition follows the configured contract; valid state is preserved, invalid or unauthorized work is rejected or quarantined without silent loss, retries do not duplicate side effects, lineage and audit evidence remain available, and no production records or credentials are used. Safety boundary: Use synthetic learners, applicants, grant records, datasets, and lab fixtures; never use real student or research-subject data. These workflows do not make academic, research-ethics, or human-subject determinations.",Playwright + platform UI/API,"education-research,market-platform,synthetic-data,learning_delivery,field-rename"
Education & Research Systems,Learning Delivery and Accessibility,EDUX-LEARNING-00101,Learning Delivery and Accessibility: publish a synthetic course with accessible content metadata (worker restart),Education & Research Systems: publish a synthetic course with accessible content metadata with worker restart,Resilience,Medium,"Non-production tenant or isolated local fixture; synthetic records only; Restart a worker after processing input but before final checkpoint or commit. Safety boundary: Use synthetic learners, applicants, grant records, datasets, and lab fixtures; never use real student or research-subject data. These workflows do not make academic, research-ethics, or human-subject determinations.","1. Create a disposable, versioned synthetic fixture: Restart a worker after processing input but before final checkpoint or commit. 2. Execute the platform workflow to publish a synthetic course with accessible content metadata. 3. Capture the committed result, resource version, or run status. 4. Compare the result with the source fixture and the declared invariant. 5. Repeat or recover the operation when applicable; verify access, audit evidence, and side effects.","The platform must correctly publish a synthetic course with accessible content metadata; the worker restart condition follows the configured contract; valid state is preserved, invalid or unauthorized work is rejected or quarantined without silent loss, retries do not duplicate side effects, lineage and audit evidence remain available, and no production records or credentials are used. Safety boundary: Use synthetic learners, applicants, grant records, datasets, and lab fixtures; never use real student or research-subject data. These workflows do not make academic, research-ethics, or human-subject determinations.",Playwright + platform UI/API,"education-research,market-platform,synthetic-data,learning_delivery,worker-restart"
Education & Research Systems,Learning Delivery and Accessibility,EDUX-LEARNING-00102,Learning Delivery and Accessibility: verify keyboard access to the test lesson and assessment (worker restart),Education & Research Systems: verify keyboard access to the test lesson and assessment with worker restart,Resilience,High,"Non-production tenant or isolated local fixture; synthetic records only; Restart a worker after processing input but before final checkpoint or commit. Safety boundary: Use synthetic learners, applicants, grant records, datasets, and lab fixtures; never use real student or research-subject data. These workflows do not make academic, research-ethics, or human-subject determinations.","1. Create a disposable, versioned synthetic fixture: Restart a worker after processing input but before final checkpoint or commit. 2. Execute the platform workflow to verify keyboard access to the test lesson and assessment. 3. Capture the committed result, resource version, or run status. 4. Compare the result with the source fixture and the declared invariant. 5. Repeat or recover the operation when applicable; verify access, audit evidence, and side effects.","The platform must correctly verify keyboard access to the test lesson and assessment; the worker restart condition follows the configured contract; valid state is preserved, invalid or unauthorized work is rejected or quarantined without silent loss, retries do not duplicate side effects, lineage and audit evidence remain available, and no production records or credentials are used. Safety boundary: Use synthetic learners, applicants, grant records, datasets, and lab fixtures; never use real student or research-subject data. These workflows do not make academic, research-ethics, or human-subject determinations.",Playwright + platform UI/API,"education-research,market-platform,synthetic-data,learning_delivery,worker-restart"
Education & Research Systems,Learning Delivery and Accessibility,EDUX-LEARNING-00103,Learning Delivery and Accessibility: resume a learner session from its saved fixture checkpoint (worker restart),Education & Research Systems: resume a learner session from its saved fixture checkpoint with worker restart,Resilience,High,"Non-production tenant or isolated local fixture; synthetic records only; Restart a worker after processing input but before final checkpoint or commit. Safety boundary: Use synthetic learners, applicants, grant records, datasets, and lab fixtures; never use real student or research-subject data. These workflows do not make academic, research-ethics, or human-subject determinations.","1. Create a disposable, versioned synthetic fixture: Restart a worker after processing input but before final checkpoint or commit. 2. Execute the platform workflow to resume a learner session from its saved fixture checkpoint. 3. Capture the committed result, resource version, or run status. 4. Compare the result with the source fixture and the declared invariant. 5. Repeat or recover the operation when applicable; verify access, audit evidence, and side effects.","The platform must correctly resume a learner session from its saved fixture checkpoint; the worker restart condition follows the configured contract; valid state is preserved, invalid or unauthorized work is rejected or quarantined without silent loss, retries do not duplicate side effects, lineage and audit evidence remain available, and no production records or credentials are used. Safety boundary: Use synthetic learners, applicants, grant records, datasets, and lab fixtures; never use real student or research-subject data. These workflows do not make academic, research-ethics, or human-subject determinations.",Playwright + platform UI/API,"education-research,market-platform,synthetic-data,learning_delivery,worker-restart"
Education & Research Systems,Learning Delivery and Accessibility,EDUX-LEARNING-00104,Learning Delivery and Accessibility: prevent duplicate completion events after offline sync (worker restart),Education & Research Systems: prevent duplicate completion events after offline sync with worker restart,Resilience,High,"Non-production tenant or isolated local fixture; synthetic records only; Restart a worker after processing input but before final checkpoint or commit. Safety boundary: Use synthetic learners, applicants, grant records, datasets, and lab fixtures; never use real student or research-subject data. These workflows do not make academic, research-ethics, or human-subject determinations.","1. Create a disposable, versioned synthetic fixture: Restart a worker after processing input but before final checkpoint or commit. 2. Execute the platform workflow to prevent duplicate completion events after offline sync. 3. Capture the committed result, resource version, or run status. 4. Compare the result with the source fixture and the declared invariant. 5. Repeat or recover the operation when applicable; verify access, audit evidence, and side effects.","The platform must correctly prevent duplicate completion events after offline sync; the worker restart condition follows the configured contract; valid state is preserved, invalid or unauthorized work is rejected or quarantined without silent loss, retries do not duplicate side effects, lineage and audit evidence remain available, and no production records or credentials are used. Safety boundary: Use synthetic learners, applicants, grant records, datasets, and lab fixtures; never use real student or research-subject data. These workflows do not make academic, research-ethics, or human-subject determinations.",Playwright + platform UI/API,"education-research,market-platform,synthetic-data,learning_delivery,worker-restart"
Education & Research Systems,Learning Delivery and Accessibility,EDUX-LEARNING-00105,Learning Delivery and Accessibility: apply an approved course revision to new enrollments (worker restart),Education & Research Systems: apply an approved course revision to new enrollments with worker restart,Resilience,Medium,"Non-production tenant or isolated local fixture; synthetic records only; Restart a worker after processing input but before final checkpoint or commit. Safety boundary: Use synthetic learners, applicants, grant records, datasets, and lab fixtures; never use real student or research-subject data. These workflows do not make academic, research-ethics, or human-subject determinations.","1. Create a disposable, versioned synthetic fixture: Restart a worker after processing input but before final checkpoint or commit. 2. Execute the platform workflow to apply an approved course revision to new enrollments. 3. Capture the committed result, resource version, or run status. 4. Compare the result with the source fixture and the declared invariant. 5. Repeat or recover the operation when applicable; verify access, audit evidence, and side effects.","The platform must correctly apply an approved course revision to new enrollments; the worker restart condition follows the configured contract; valid state is preserved, invalid or unauthorized work is rejected or quarantined without silent loss, retries do not duplicate side effects, lineage and audit evidence remain available, and no production records or credentials are used. Safety boundary: Use synthetic learners, applicants, grant records, datasets, and lab fixtures; never use real student or research-subject data. These workflows do not make academic, research-ethics, or human-subject determinations.",Playwright + platform UI/API,"education-research,market-platform,synthetic-data,learning_delivery,worker-restart"
Education & Research Systems,Learning Delivery and Accessibility,EDUX-LEARNING-00106,Learning Delivery and Accessibility: retain prior progress after a content correction (worker restart),Education & Research Systems: retain prior progress after a content correction with worker restart,Resilience,High,"Non-production tenant or isolated local fixture; synthetic records only; Restart a worker after processing input but before final checkpoint or commit. Safety boundary: Use synthetic learners, applicants, grant records, datasets, and lab fixtures; never use real student or research-subject data. These workflows do not make academic, research-ethics, or human-subject determinations.","1. Create a disposable, versioned synthetic fixture: Restart a worker after processing input but before final checkpoint or commit. 2. Execute the platform workflow to retain prior progress after a content correction. 3. Capture the committed result, resource version, or run status. 4. Compare the result with the source fixture and the declared invariant. 5. Repeat or recover the operation when applicable; verify access, audit evidence, and side effects.","The platform must correctly retain prior progress after a content correction; the worker restart condition follows the configured contract; valid state is preserved, invalid or unauthorized work is rejected or quarantined without silent loss, retries do not duplicate side effects, lineage and audit evidence remain available, and no production records or credentials are used. Safety boundary: Use synthetic learners, applicants, grant records, datasets, and lab fixtures; never use real student or research-subject data. These workflows do not make academic, research-ethics, or human-subject determinations.",Playwright + platform UI/API,"education-research,market-platform,synthetic-data,learning_delivery,worker-restart"
Education & Research Systems,Learning Delivery and Accessibility,EDUX-LEARNING-00107,Learning Delivery and Accessibility: validate captions and alternate-text fixture metadata (worker restart),Education & Research Systems: validate captions and alternate-text fixture metadata with worker restart,Resilience,High,"Non-production tenant or isolated local fixture; synthetic records only; Restart a worker after processing input but before final checkpoint or commit. Safety boundary: Use synthetic learners, applicants, grant records, datasets, and lab fixtures; never use real student or research-subject data. These workflows do not make academic, research-ethics, or human-subject determinations.","1. Create a disposable, versioned synthetic fixture: Restart a worker after processing input but before final checkpoint or commit. 2. Execute the platform workflow to validate captions and alternate-text fixture metadata. 3. Capture the committed result, resource version, or run status. 4. Compare the result with the source fixture and the declared invariant. 5. Repeat or recover the operation when applicable; verify access, audit evidence, and side effects.","The platform must correctly validate captions and alternate-text fixture metadata; the worker restart condition follows the configured contract; valid state is preserved, invalid or unauthorized work is rejected or quarantined without silent loss, retries do not duplicate side effects, lineage and audit evidence remain available, and no production records or credentials are used. Safety boundary: Use synthetic learners, applicants, grant records, datasets, and lab fixtures; never use real student or research-subject data. These workflows do not make academic, research-ethics, or human-subject determinations.",Playwright + platform UI/API,"education-research,market-platform,synthetic-data,learning_delivery,worker-restart"
Education & Research Systems,Learning Delivery and Accessibility,EDUX-LEARNING-00108,Learning Delivery and Accessibility: restrict instructor actions to assigned test courses (worker restart),Education & Research Systems: restrict instructor actions to assigned test courses with worker restart,Resilience,High,"Non-production tenant or isolated local fixture; synthetic records only; Restart a worker after processing input but before final checkpoint or commit. Safety boundary: Use synthetic learners, applicants, grant records, datasets, and lab fixtures; never use real student or research-subject data. These workflows do not make academic, research-ethics, or human-subject determinations.","1. Create a disposable, versioned synthetic fixture: Restart a worker after processing input but before final checkpoint or commit. 2. Execute the platform workflow to restrict instructor actions to assigned test courses. 3. Capture the committed result, resource version, or run status. 4. Compare the result with the source fixture and the declared invariant. 5. Repeat or recover the operation when applicable; verify access, audit evidence, and side effects.","The platform must correctly restrict instructor actions to assigned test courses; the worker restart condition follows the configured contract; valid state is preserved, invalid or unauthorized work is rejected or quarantined without silent loss, retries do not duplicate side effects, lineage and audit evidence remain available, and no production records or credentials are used. Safety boundary: Use synthetic learners, applicants, grant records, datasets, and lab fixtures; never use real student or research-subject data. These workflows do not make academic, research-ethics, or human-subject determinations.",Playwright + platform UI/API,"education-research,market-platform,synthetic-data,learning_delivery,worker-restart"
Education & Research Systems,Learning Delivery and Accessibility,EDUX-LEARNING-00109,Learning Delivery and Accessibility: report completion from deterministic synthetic activity (worker restart),Education & Research Systems: report completion from deterministic synthetic activity with worker restart,Resilience,Medium,"Non-production tenant or isolated local fixture; synthetic records only; Restart a worker after processing input but before final checkpoint or commit. Safety boundary: Use synthetic learners, applicants, grant records, datasets, and lab fixtures; never use real student or research-subject data. These workflows do not make academic, research-ethics, or human-subject determinations.","1. Create a disposable, versioned synthetic fixture: Restart a worker after processing input but before final checkpoint or commit. 2. Execute the platform workflow to report completion from deterministic synthetic activity. 3. Capture the committed result, resource version, or run status. 4. Compare the result with the source fixture and the declared invariant. 5. Repeat or recover the operation when applicable; verify access, audit evidence, and side effects.","The platform must correctly report completion from deterministic synthetic activity; the worker restart condition follows the configured contract; valid state is preserved, invalid or unauthorized work is rejected or quarantined without silent loss, retries do not duplicate side effects, lineage and audit evidence remain available, and no production records or credentials are used. Safety boundary: Use synthetic learners, applicants, grant records, datasets, and lab fixtures; never use real student or research-subject data. These workflows do not make academic, research-ethics, or human-subject determinations.",Playwright + platform UI/API,"education-research,market-platform,synthetic-data,learning_delivery,worker-restart"
Education & Research Systems,Learning Delivery and Accessibility,EDUX-LEARNING-00110,Learning Delivery and Accessibility: audit course publication and accessibility review (worker restart),Education & Research Systems: audit course publication and accessibility review with worker restart,Resilience,High,"Non-production tenant or isolated local fixture; synthetic records only; Restart a worker after processing input but before final checkpoint or commit. Safety boundary: Use synthetic learners, applicants, grant records, datasets, and lab fixtures; never use real student or research-subject data. These workflows do not make academic, research-ethics, or human-subject determinations.","1. Create a disposable, versioned synthetic fixture: Restart a worker after processing input but before final checkpoint or commit. 2. Execute the platform workflow to audit course publication and accessibility review. 3. Capture the committed result, resource version, or run status. 4. Compare the result with the source fixture and the declared invariant. 5. Repeat or recover the operation when applicable; verify access, audit evidence, and side effects.","The platform must correctly audit course publication and accessibility review; the worker restart condition follows the configured contract; valid state is preserved, invalid or unauthorized work is rejected or quarantined without silent loss, retries do not duplicate side effects, lineage and audit evidence remain available, and no production records or credentials are used. Safety boundary: Use synthetic learners, applicants, grant records, datasets, and lab fixtures; never use real student or research-subject data. These workflows do not make academic, research-ethics, or human-subject determinations.",Playwright + platform UI/API,"education-research,market-platform,synthetic-data,learning_delivery,worker-restart"
Education & Research Systems,Learning Delivery and Accessibility,EDUX-LEARNING-00111,Learning Delivery and Accessibility: publish a synthetic course with accessible content metadata (least privilege),Education & Research Systems: publish a synthetic course with accessible content metadata with least privilege,Security,Critical,"Non-production tenant or isolated local fixture; synthetic records only; Compare the authorized role with a role missing the required grant. Safety boundary: Use synthetic learners, applicants, grant records, datasets, and lab fixtures; never use real student or research-subject data. These workflows do not make academic, research-ethics, or human-subject determinations.","1. Create a disposable, versioned synthetic fixture: Compare the authorized role with a role missing the required grant. 2. Execute the platform workflow to publish a synthetic course with accessible content metadata. 3. Capture the committed result, resource version, or run status. 4. Compare the result with the source fixture and the declared invariant. 5. Repeat or recover the operation when applicable; verify access, audit evidence, and side effects.","The platform must correctly publish a synthetic course with accessible content metadata; the least privilege condition follows the configured contract; valid state is preserved, invalid or unauthorized work is rejected or quarantined without silent loss, retries do not duplicate side effects, lineage and audit evidence remain available, and no production records or credentials are used. Safety boundary: Use synthetic learners, applicants, grant records, datasets, and lab fixtures; never use real student or research-subject data. These workflows do not make academic, research-ethics, or human-subject determinations.",Playwright + platform UI/API,"education-research,market-platform,synthetic-data,learning_delivery,least-privilege"
Education & Research Systems,Learning Delivery and Accessibility,EDUX-LEARNING-00112,Learning Delivery and Accessibility: verify keyboard access to the test lesson and assessment (least privilege),Education & Research Systems: verify keyboard access to the test lesson and assessment with least privilege,Security,Critical,"Non-production tenant or isolated local fixture; synthetic records only; Compare the authorized role with a role missing the required grant. Safety boundary: Use synthetic learners, applicants, grant records, datasets, and lab fixtures; never use real student or research-subject data. These workflows do not make academic, research-ethics, or human-subject determinations.","1. Create a disposable, versioned synthetic fixture: Compare the authorized role with a role missing the required grant. 2. Execute the platform workflow to verify keyboard access to the test lesson and assessment. 3. Capture the committed result, resource version, or run status. 4. Compare the result with the source fixture and the declared invariant. 5. Repeat or recover the operation when applicable; verify access, audit evidence, and side effects.","The platform must correctly verify keyboard access to the test lesson and assessment; the least privilege condition follows the configured contract; valid state is preserved, invalid or unauthorized work is rejected or quarantined without silent loss, retries do not duplicate side effects, lineage and audit evidence remain available, and no production records or credentials are used. Safety boundary: Use synthetic learners, applicants, grant records, datasets, and lab fixtures; never use real student or research-subject data. These workflows do not make academic, research-ethics, or human-subject determinations.",Playwright + platform UI/API,"education-research,market-platform,synthetic-data,learning_delivery,least-privilege"
Education & Research Systems,Learning Delivery and Accessibility,EDUX-LEARNING-00113,Learning Delivery and Accessibility: resume a learner session from its saved fixture checkpoint (least privilege),Education & Research Systems: resume a learner session from its saved fixture checkpoint with least privilege,Security,Critical,"Non-production tenant or isolated local fixture; synthetic records only; Compare the authorized role with a role missing the required grant. Safety boundary: Use synthetic learners, applicants, grant records, datasets, and lab fixtures; never use real student or research-subject data. These workflows do not make academic, research-ethics, or human-subject determinations.","1. Create a disposable, versioned synthetic fixture: Compare the authorized role with a role missing the required grant. 2. Execute the platform workflow to resume a learner session from its saved fixture checkpoint. 3. Capture the committed result, resource version, or run status. 4. Compare the result with the source fixture and the declared invariant. 5. Repeat or recover the operation when applicable; verify access, audit evidence, and side effects.","The platform must correctly resume a learner session from its saved fixture checkpoint; the least privilege condition follows the configured contract; valid state is preserved, invalid or unauthorized work is rejected or quarantined without silent loss, retries do not duplicate side effects, lineage and audit evidence remain available, and no production records or credentials are used. Safety boundary: Use synthetic learners, applicants, grant records, datasets, and lab fixtures; never use real student or research-subject data. These workflows do not make academic, research-ethics, or human-subject determinations.",Playwright + platform UI/API,"education-research,market-platform,synthetic-data,learning_delivery,least-privilege"
Education & Research Systems,Learning Delivery and Accessibility,EDUX-LEARNING-00114,Learning Delivery and Accessibility: prevent duplicate completion events after offline sync (least privilege),Education & Research Systems: prevent duplicate completion events after offline sync with least privilege,Security,Critical,"Non-production tenant or isolated local fixture; synthetic records only; Compare the authorized role with a role missing the required grant. Safety boundary: Use synthetic learners, applicants, grant records, datasets, and lab fixtures; never use real student or research-subject data. These workflows do not make academic, research-ethics, or human-subject determinations.","1. Create a disposable, versioned synthetic fixture: Compare the authorized role with a role missing the required grant. 2. Execute the platform workflow to prevent duplicate completion events after offline sync. 3. Capture the committed result, resource version, or run status. 4. Compare the result with the source fixture and the declared invariant. 5. Repeat or recover the operation when applicable; verify access, audit evidence, and side effects.","The platform must correctly prevent duplicate completion events after offline sync; the least privilege condition follows the configured contract; valid state is preserved, invalid or unauthorized work is rejected or quarantined without silent loss, retries do not duplicate side effects, lineage and audit evidence remain available, and no production records or credentials are used. Safety boundary: Use synthetic learners, applicants, grant records, datasets, and lab fixtures; never use real student or research-subject data. These workflows do not make academic, research-ethics, or human-subject determinations.",Playwright + platform UI/API,"education-research,market-platform,synthetic-data,learning_delivery,least-privilege"
Education & Research Systems,Learning Delivery and Accessibility,EDUX-LEARNING-00115,Learning Delivery and Accessibility: apply an approved course revision to new enrollments (least privilege),Education & Research Systems: apply an approved course revision to new enrollments with least privilege,Security,Critical,"Non-production tenant or isolated local fixture; synthetic records only; Compare the authorized role with a role missing the required grant. Safety boundary: Use synthetic learners, applicants, grant records, datasets, and lab fixtures; never use real student or research-subject data. These workflows do not make academic, research-ethics, or human-subject determinations.","1. Create a disposable, versioned synthetic fixture: Compare the authorized role with a role missing the required grant. 2. Execute the platform workflow to apply an approved course revision to new enrollments. 3. Capture the committed result, resource version, or run status. 4. Compare the result with the source fixture and the declared invariant. 5. Repeat or recover the operation when applicable; verify access, audit evidence, and side effects.","The platform must correctly apply an approved course revision to new enrollments; the least privilege condition follows the configured contract; valid state is preserved, invalid or unauthorized work is rejected or quarantined without silent loss, retries do not duplicate side effects, lineage and audit evidence remain available, and no production records or credentials are used. Safety boundary: Use synthetic learners, applicants, grant records, datasets, and lab fixtures; never use real student or research-subject data. These workflows do not make academic, research-ethics, or human-subject determinations.",Playwright + platform UI/API,"education-research,market-platform,synthetic-data,learning_delivery,least-privilege"
Education & Research Systems,Learning Delivery and Accessibility,EDUX-LEARNING-00116,Learning Delivery and Accessibility: retain prior progress after a content correction (least privilege),Education & Research Systems: retain prior progress after a content correction with least privilege,Security,Critical,"Non-production tenant or isolated local fixture; synthetic records only; Compare the authorized role with a role missing the required grant. Safety boundary: Use synthetic learners, applicants, grant records, datasets, and lab fixtures; never use real student or research-subject data. These workflows do not make academic, research-ethics, or human-subject determinations.","1. Create a disposable, versioned synthetic fixture: Compare the authorized role with a role missing the required grant. 2. Execute the platform workflow to retain prior progress after a content correction. 3. Capture the committed result, resource version, or run status. 4. Compare the result with the source fixture and the declared invariant. 5. Repeat or recover the operation when applicable; verify access, audit evidence, and side effects.","The platform must correctly retain prior progress after a content correction; the least privilege condition follows the configured contract; valid state is preserved, invalid or unauthorized work is rejected or quarantined without silent loss, retries do not duplicate side effects, lineage and audit evidence remain available, and no production records or credentials are used. Safety boundary: Use synthetic learners, applicants, grant records, datasets, and lab fixtures; never use real student or research-subject data. These workflows do not make academic, research-ethics, or human-subject determinations.",Playwright + platform UI/API,"education-research,market-platform,synthetic-data,learning_delivery,least-privilege"
Education & Research Systems,Learning Delivery and Accessibility,EDUX-LEARNING-00117,Learning Delivery and Accessibility: validate captions and alternate-text fixture metadata (least privilege),Education & Research Systems: validate captions and alternate-text fixture metadata with least privilege,Security,Critical,"Non-production tenant or isolated local fixture; synthetic records only; Compare the authorized role with a role missing the required grant. Safety boundary: Use synthetic learners, applicants, grant records, datasets, and lab fixtures; never use real student or research-subject data. These workflows do not make academic, research-ethics, or human-subject determinations.","1. Create a disposable, versioned synthetic fixture: Compare the authorized role with a role missing the required grant. 2. Execute the platform workflow to validate captions and alternate-text fixture metadata. 3. Capture the committed result, resource version, or run status. 4. Compare the result with the source fixture and the declared invariant. 5. Repeat or recover the operation when applicable; verify access, audit evidence, and side effects.","The platform must correctly validate captions and alternate-text fixture metadata; the least privilege condition follows the configured contract; valid state is preserved, invalid or unauthorized work is rejected or quarantined without silent loss, retries do not duplicate side effects, lineage and audit evidence remain available, and no production records or credentials are used. Safety boundary: Use synthetic learners, applicants, grant records, datasets, and lab fixtures; never use real student or research-subject data. These workflows do not make academic, research-ethics, or human-subject determinations.",Playwright + platform UI/API,"education-research,market-platform,synthetic-data,learning_delivery,least-privilege"
Education & Research Systems,Learning Delivery and Accessibility,EDUX-LEARNING-00118,Learning Delivery and Accessibility: restrict instructor actions to assigned test courses (least privilege),Education & Research Systems: restrict instructor actions to assigned test courses with least privilege,Security,Critical,"Non-production tenant or isolated local fixture; synthetic records only; Compare the authorized role with a role missing the required grant. Safety boundary: Use synthetic learners, applicants, grant records, datasets, and lab fixtures; never use real student or research-subject data. These workflows do not make academic, research-ethics, or human-subject determinations.","1. Create a disposable, versioned synthetic fixture: Compare the authorized role with a role missing the required grant. 2. Execute the platform workflow to restrict instructor actions to assigned test courses. 3. Capture the committed result, resource version, or run status. 4. Compare the result with the source fixture and the declared invariant. 5. Repeat or recover the operation when applicable; verify access, audit evidence, and side effects.","The platform must correctly restrict instructor actions to assigned test courses; the least privilege condition follows the configured contract; valid state is preserved, invalid or unauthorized work is rejected or quarantined without silent loss, retries do not duplicate side effects, lineage and audit evidence remain available, and no production records or credentials are used. Safety boundary: Use synthetic learners, applicants, grant records, datasets, and lab fixtures; never use real student or research-subject data. These workflows do not make academic, research-ethics, or human-subject determinations.",Playwright + platform UI/API,"education-research,market-platform,synthetic-data,learning_delivery,least-privilege"
Education & Research Systems,Learning Delivery and Accessibility,EDUX-LEARNING-00119,Learning Delivery and Accessibility: report completion from deterministic synthetic activity (least privilege),Education & Research Systems: report completion from deterministic synthetic activity with least privilege,Security,Critical,"Non-production tenant or isolated local fixture; synthetic records only; Compare the authorized role with a role missing the required grant. Safety boundary: Use synthetic learners, applicants, grant records, datasets, and lab fixtures; never use real student or research-subject data. These workflows do not make academic, research-ethics, or human-subject determinations.","1. Create a disposable, versioned synthetic fixture: Compare the authorized role with a role missing the required grant. 2. Execute the platform workflow to report completion from deterministic synthetic activity. 3. Capture the committed result, resource version, or run status. 4. Compare the result with the source fixture and the declared invariant. 5. Repeat or recover the operation when applicable; verify access, audit evidence, and side effects.","The platform must correctly report completion from deterministic synthetic activity; the least privilege condition follows the configured contract; valid state is preserved, invalid or unauthorized work is rejected or quarantined without silent loss, retries do not duplicate side effects, lineage and audit evidence remain available, and no production records or credentials are used. Safety boundary: Use synthetic learners, applicants, grant records, datasets, and lab fixtures; never use real student or research-subject data. These workflows do not make academic, research-ethics, or human-subject determinations.",Playwright + platform UI/API,"education-research,market-platform,synthetic-data,learning_delivery,least-privilege"
Education & Research Systems,Learning Delivery and Accessibility,EDUX-LEARNING-00120,Learning Delivery and Accessibility: audit course publication and accessibility review (least privilege),Education & Research Systems: audit course publication and accessibility review with least privilege,Security,Critical,"Non-production tenant or isolated local fixture; synthetic records only; Compare the authorized role with a role missing the required grant. Safety boundary: Use synthetic learners, applicants, grant records, datasets, and lab fixtures; never use real student or research-subject data. These workflows do not make academic, research-ethics, or human-subject determinations.","1. Create a disposable, versioned synthetic fixture: Compare the authorized role with a role missing the required grant. 2. Execute the platform workflow to audit course publication and accessibility review. 3. Capture the committed result, resource version, or run status. 4. Compare the result with the source fixture and the declared invariant. 5. Repeat or recover the operation when applicable; verify access, audit evidence, and side effects.","The platform must correctly audit course publication and accessibility review; the least privilege condition follows the configured contract; valid state is preserved, invalid or unauthorized work is rejected or quarantined without silent loss, retries do not duplicate side effects, lineage and audit evidence remain available, and no production records or credentials are used. Safety boundary: Use synthetic learners, applicants, grant records, datasets, and lab fixtures; never use real student or research-subject data. These workflows do not make academic, research-ethics, or human-subject determinations.",Playwright + platform UI/API,"education-research,market-platform,synthetic-data,learning_delivery,least-privilege"
Education & Research Systems,Learning Delivery and Accessibility,EDUX-LEARNING-00121,Learning Delivery and Accessibility: publish a synthetic course with accessible content metadata (concurrent writers),Education & Research Systems: publish a synthetic course with accessible content metadata with concurrent writers,Functional,Medium,"Non-production tenant or isolated local fixture; synthetic records only; Run two valid writers against overlapping logical data at the same time. Safety boundary: Use synthetic learners, applicants, grant records, datasets, and lab fixtures; never use real student or research-subject data. These workflows do not make academic, research-ethics, or human-subject determinations.","1. Create a disposable, versioned synthetic fixture: Run two valid writers against overlapping logical data at the same time. 2. Execute the platform workflow to publish a synthetic course with accessible content metadata. 3. Capture the committed result, resource version, or run status. 4. Compare the result with the source fixture and the declared invariant. 5. Repeat or recover the operation when applicable; verify access, audit evidence, and side effects.","The platform must correctly publish a synthetic course with accessible content metadata; the concurrent writers condition follows the configured contract; valid state is preserved, invalid or unauthorized work is rejected or quarantined without silent loss, retries do not duplicate side effects, lineage and audit evidence remain available, and no production records or credentials are used. Safety boundary: Use synthetic learners, applicants, grant records, datasets, and lab fixtures; never use real student or research-subject data. These workflows do not make academic, research-ethics, or human-subject determinations.",Playwright + platform UI/API,"education-research,market-platform,synthetic-data,learning_delivery,concurrent-writers"
Education & Research Systems,Learning Delivery and Accessibility,EDUX-LEARNING-00122,Learning Delivery and Accessibility: verify keyboard access to the test lesson and assessment (concurrent writers),Education & Research Systems: verify keyboard access to the test lesson and assessment with concurrent writers,Functional,High,"Non-production tenant or isolated local fixture; synthetic records only; Run two valid writers against overlapping logical data at the same time. Safety boundary: Use synthetic learners, applicants, grant records, datasets, and lab fixtures; never use real student or research-subject data. These workflows do not make academic, research-ethics, or human-subject determinations.","1. Create a disposable, versioned synthetic fixture: Run two valid writers against overlapping logical data at the same time. 2. Execute the platform workflow to verify keyboard access to the test lesson and assessment. 3. Capture the committed result, resource version, or run status. 4. Compare the result with the source fixture and the declared invariant. 5. Repeat or recover the operation when applicable; verify access, audit evidence, and side effects.","The platform must correctly verify keyboard access to the test lesson and assessment; the concurrent writers condition follows the configured contract; valid state is preserved, invalid or unauthorized work is rejected or quarantined without silent loss, retries do not duplicate side effects, lineage and audit evidence remain available, and no production records or credentials are used. Safety boundary: Use synthetic learners, applicants, grant records, datasets, and lab fixtures; never use real student or research-subject data. These workflows do not make academic, research-ethics, or human-subject determinations.",Playwright + platform UI/API,"education-research,market-platform,synthetic-data,learning_delivery,concurrent-writers"
Education & Research Systems,Learning Delivery and Accessibility,EDUX-LEARNING-00123,Learning Delivery and Accessibility: resume a learner session from its saved fixture checkpoint (concurrent writers),Education & Research Systems: resume a learner session from its saved fixture checkpoint with concurrent writers,Functional,High,"Non-production tenant or isolated local fixture; synthetic records only; Run two valid writers against overlapping logical data at the same time. Safety boundary: Use synthetic learners, applicants, grant records, datasets, and lab fixtures; never use real student or research-subject data. These workflows do not make academic, research-ethics, or human-subject determinations.","1. Create a disposable, versioned synthetic fixture: Run two valid writers against overlapping logical data at the same time. 2. Execute the platform workflow to resume a learner session from its saved fixture checkpoint. 3. Capture the committed result, resource version, or run status. 4. Compare the result with the source fixture and the declared invariant. 5. Repeat or recover the operation when applicable; verify access, audit evidence, and side effects.","The platform must correctly resume a learner session from its saved fixture checkpoint; the concurrent writers condition follows the configured contract; valid state is preserved, invalid or unauthorized work is rejected or quarantined without silent loss, retries do not duplicate side effects, lineage and audit evidence remain available, and no production records or credentials are used. Safety boundary: Use synthetic learners, applicants, grant records, datasets, and lab fixtures; never use real student or research-subject data. These workflows do not make academic, research-ethics, or human-subject determinations.",Playwright + platform UI/API,"education-research,market-platform,synthetic-data,learning_delivery,concurrent-writers"
Education & Research Systems,Learning Delivery and Accessibility,EDUX-LEARNING-00124,Learning Delivery and Accessibility: prevent duplicate completion events after offline sync (concurrent writers),Education & Research Systems: prevent duplicate completion events after offline sync with concurrent writers,Functional,High,"Non-production tenant or isolated local fixture; synthetic records only; Run two valid writers against overlapping logical data at the same time. Safety boundary: Use synthetic learners, applicants, grant records, datasets, and lab fixtures; never use real student or research-subject data. These workflows do not make academic, research-ethics, or human-subject determinations.","1. Create a disposable, versioned synthetic fixture: Run two valid writers against overlapping logical data at the same time. 2. Execute the platform workflow to prevent duplicate completion events after offline sync. 3. Capture the committed result, resource version, or run status. 4. Compare the result with the source fixture and the declared invariant. 5. Repeat or recover the operation when applicable; verify access, audit evidence, and side effects.","The platform must correctly prevent duplicate completion events after offline sync; the concurrent writers condition follows the configured contract; valid state is preserved, invalid or unauthorized work is rejected or quarantined without silent loss, retries do not duplicate side effects, lineage and audit evidence remain available, and no production records or credentials are used. Safety boundary: Use synthetic learners, applicants, grant records, datasets, and lab fixtures; never use real student or research-subject data. These workflows do not make academic, research-ethics, or human-subject determinations.",Playwright + platform UI/API,"education-research,market-platform,synthetic-data,learning_delivery,concurrent-writers"
Education & Research Systems,Learning Delivery and Accessibility,EDUX-LEARNING-00125,Learning Delivery and Accessibility: apply an approved course revision to new enrollments (concurrent writers),Education & Research Systems: apply an approved course revision to new enrollments with concurrent writers,Functional,Medium,"Non-production tenant or isolated local fixture; synthetic records only; Run two valid writers against overlapping logical data at the same time. Safety boundary: Use synthetic learners, applicants, grant records, datasets, and lab fixtures; never use real student or research-subject data. These workflows do not make academic, research-ethics, or human-subject determinations.","1. Create a disposable, versioned synthetic fixture: Run two valid writers against overlapping logical data at the same time. 2. Execute the platform workflow to apply an approved course revision to new enrollments. 3. Capture the committed result, resource version, or run status. 4. Compare the result with the source fixture and the declared invariant. 5. Repeat or recover the operation when applicable; verify access, audit evidence, and side effects.","The platform must correctly apply an approved course revision to new enrollments; the concurrent writers condition follows the configured contract; valid state is preserved, invalid or unauthorized work is rejected or quarantined without silent loss, retries do not duplicate side effects, lineage and audit evidence remain available, and no production records or credentials are used. Safety boundary: Use synthetic learners, applicants, grant records, datasets, and lab fixtures; never use real student or research-subject data. These workflows do not make academic, research-ethics, or human-subject determinations.",Playwright + platform UI/API,"education-research,market-platform,synthetic-data,learning_delivery,concurrent-writers"
Education & Research Systems,Learning Delivery and Accessibility,EDUX-LEARNING-00126,Learning Delivery and Accessibility: retain prior progress after a content correction (concurrent writers),Education & Research Systems: retain prior progress after a content correction with concurrent writers,Functional,High,"Non-production tenant or isolated local fixture; synthetic records only; Run two valid writers against overlapping logical data at the same time. Safety boundary: Use synthetic learners, applicants, grant records, datasets, and lab fixtures; never use real student or research-subject data. These workflows do not make academic, research-ethics, or human-subject determinations.","1. Create a disposable, versioned synthetic fixture: Run two valid writers against overlapping logical data at the same time. 2. Execute the platform workflow to retain prior progress after a content correction. 3. Capture the committed result, resource version, or run status. 4. Compare the result with the source fixture and the declared invariant. 5. Repeat or recover the operation when applicable; verify access, audit evidence, and side effects.","The platform must correctly retain prior progress after a content correction; the concurrent writers condition follows the configured contract; valid state is preserved, invalid or unauthorized work is rejected or quarantined without silent loss, retries do not duplicate side effects, lineage and audit evidence remain available, and no production records or credentials are used. Safety boundary: Use synthetic learners, applicants, grant records, datasets, and lab fixtures; never use real student or research-subject data. These workflows do not make academic, research-ethics, or human-subject determinations.",Playwright + platform UI/API,"education-research,market-platform,synthetic-data,learning_delivery,concurrent-writers"
Education & Research Systems,Learning Delivery and Accessibility,EDUX-LEARNING-00127,Learning Delivery and Accessibility: validate captions and alternate-text fixture metadata (concurrent writers),Education & Research Systems: validate captions and alternate-text fixture metadata with concurrent writers,Functional,High,"Non-production tenant or isolated local fixture; synthetic records only; Run two valid writers against overlapping logical data at the same time. Safety boundary: Use synthetic learners, applicants, grant records, datasets, and lab fixtures; never use real student or research-subject data. These workflows do not make academic, research-ethics, or human-subject determinations.","1. Create a disposable, versioned synthetic fixture: Run two valid writers against overlapping logical data at the same time. 2. Execute the platform workflow to validate captions and alternate-text fixture metadata. 3. Capture the committed result, resource version, or run status. 4. Compare the result with the source fixture and the declared invariant. 5. Repeat or recover the operation when applicable; verify access, audit evidence, and side effects.","The platform must correctly validate captions and alternate-text fixture metadata; the concurrent writers condition follows the configured contract; valid state is preserved, invalid or unauthorized work is rejected or quarantined without silent loss, retries do not duplicate side effects, lineage and audit evidence remain available, and no production records or credentials are used. Safety boundary: Use synthetic learners, applicants, grant records, datasets, and lab fixtures; never use real student or research-subject data. These workflows do not make academic, research-ethics, or human-subject determinations.",Playwright + platform UI/API,"education-research,market-platform,synthetic-data,learning_delivery,concurrent-writers"
Education & Research Systems,Learning Delivery and Accessibility,EDUX-LEARNING-00128,Learning Delivery and Accessibility: restrict instructor actions to assigned test courses (concurrent writers),Education & Research Systems: restrict instructor actions to assigned test courses with concurrent writers,Functional,High,"Non-production tenant or isolated local fixture; synthetic records only; Run two valid writers against overlapping logical data at the same time. Safety boundary: Use synthetic learners, applicants, grant records, datasets, and lab fixtures; never use real student or research-subject data. These workflows do not make academic, research-ethics, or human-subject determinations.","1. Create a disposable, versioned synthetic fixture: Run two valid writers against overlapping logical data at the same time. 2. Execute the platform workflow to restrict instructor actions to assigned test courses. 3. Capture the committed result, resource version, or run status. 4. Compare the result with the source fixture and the declared invariant. 5. Repeat or recover the operation when applicable; verify access, audit evidence, and side effects.","The platform must correctly restrict instructor actions to assigned test courses; the concurrent writers condition follows the configured contract; valid state is preserved, invalid or unauthorized work is rejected or quarantined without silent loss, retries do not duplicate side effects, lineage and audit evidence remain available, and no production records or credentials are used. Safety boundary: Use synthetic learners, applicants, grant records, datasets, and lab fixtures; never use real student or research-subject data. These workflows do not make academic, research-ethics, or human-subject determinations.",Playwright + platform UI/API,"education-research,market-platform,synthetic-data,learning_delivery,concurrent-writers"
Education & Research Systems,Learning Delivery and Accessibility,EDUX-LEARNING-00129,Learning Delivery and Accessibility: report completion from deterministic synthetic activity (concurrent writers),Education & Research Systems: report completion from deterministic synthetic activity with concurrent writers,Functional,Medium,"Non-production tenant or isolated local fixture; synthetic records only; Run two valid writers against overlapping logical data at the same time. Safety boundary: Use synthetic learners, applicants, grant records, datasets, and lab fixtures; never use real student or research-subject data. These workflows do not make academic, research-ethics, or human-subject determinations.","1. Create a disposable, versioned synthetic fixture: Run two valid writers against overlapping logical data at the same time. 2. Execute the platform workflow to report completion from deterministic synthetic activity. 3. Capture the committed result, resource version, or run status. 4. Compare the result with the source fixture and the declared invariant. 5. Repeat or recover the operation when applicable; verify access, audit evidence, and side effects.","The platform must correctly report completion from deterministic synthetic activity; the concurrent writers condition follows the configured contract; valid state is preserved, invalid or unauthorized work is rejected or quarantined without silent loss, retries do not duplicate side effects, lineage and audit evidence remain available, and no production records or credentials are used. Safety boundary: Use synthetic learners, applicants, grant records, datasets, and lab fixtures; never use real student or research-subject data. These workflows do not make academic, research-ethics, or human-subject determinations.",Playwright + platform UI/API,"education-research,market-platform,synthetic-data,learning_delivery,concurrent-writers"
Education & Research Systems,Learning Delivery and Accessibility,EDUX-LEARNING-00130,Learning Delivery and Accessibility: audit course publication and accessibility review (concurrent writers),Education & Research Systems: audit course publication and accessibility review with concurrent writers,Functional,High,"Non-production tenant or isolated local fixture; synthetic records only; Run two valid writers against overlapping logical data at the same time. Safety boundary: Use synthetic learners, applicants, grant records, datasets, and lab fixtures; never use real student or research-subject data. These workflows do not make academic, research-ethics, or human-subject determinations.","1. Create a disposable, versioned synthetic fixture: Run two valid writers against overlapping logical data at the same time. 2. Execute the platform workflow to audit course publication and accessibility review. 3. Capture the committed result, resource version, or run status. 4. Compare the result with the source fixture and the declared invariant. 5. Repeat or recover the operation when applicable; verify access, audit evidence, and side effects.","The platform must correctly audit course publication and accessibility review; the concurrent writers condition follows the configured contract; valid state is preserved, invalid or unauthorized work is rejected or quarantined without silent loss, retries do not duplicate side effects, lineage and audit evidence remain available, and no production records or credentials are used. Safety boundary: Use synthetic learners, applicants, grant records, datasets, and lab fixtures; never use real student or research-subject data. These workflows do not make academic, research-ethics, or human-subject determinations.",Playwright + platform UI/API,"education-research,market-platform,synthetic-data,learning_delivery,concurrent-writers"
Education & Research Systems,Learning Delivery and Accessibility,EDUX-LEARNING-00131,Learning Delivery and Accessibility: publish a synthetic course with accessible content metadata (transient retry),Education & Research Systems: publish a synthetic course with accessible content metadata with transient retry,Resilience,High,"Non-production tenant or isolated local fixture; synthetic records only; Inject one transient service failure, restore the dependency, and retry. Safety boundary: Use synthetic learners, applicants, grant records, datasets, and lab fixtures; never use real student or research-subject data. These workflows do not make academic, research-ethics, or human-subject determinations.","1. Create a disposable, versioned synthetic fixture: Inject one transient service failure, restore the dependency, and retry. 2. Execute the platform workflow to publish a synthetic course with accessible content metadata. 3. Capture the committed result, resource version, or run status. 4. Compare the result with the source fixture and the declared invariant. 5. Repeat or recover the operation when applicable; verify access, audit evidence, and side effects.","The platform must correctly publish a synthetic course with accessible content metadata; the transient retry condition follows the configured contract; valid state is preserved, invalid or unauthorized work is rejected or quarantined without silent loss, retries do not duplicate side effects, lineage and audit evidence remain available, and no production records or credentials are used. Safety boundary: Use synthetic learners, applicants, grant records, datasets, and lab fixtures; never use real student or research-subject data. These workflows do not make academic, research-ethics, or human-subject determinations.",Playwright + platform UI/API,"education-research,market-platform,synthetic-data,learning_delivery,transient-retry"
Education & Research Systems,Learning Delivery and Accessibility,EDUX-LEARNING-00132,Learning Delivery and Accessibility: verify keyboard access to the test lesson and assessment (transient retry),Education & Research Systems: verify keyboard access to the test lesson and assessment with transient retry,Resilience,High,"Non-production tenant or isolated local fixture; synthetic records only; Inject one transient service failure, restore the dependency, and retry. Safety boundary: Use synthetic learners, applicants, grant records, datasets, and lab fixtures; never use real student or research-subject data. These workflows do not make academic, research-ethics, or human-subject determinations.","1. Create a disposable, versioned synthetic fixture: Inject one transient service failure, restore the dependency, and retry. 2. Execute the platform workflow to verify keyboard access to the test lesson and assessment. 3. Capture the committed result, resource version, or run status. 4. Compare the result with the source fixture and the declared invariant. 5. Repeat or recover the operation when applicable; verify access, audit evidence, and side effects.","The platform must correctly verify keyboard access to the test lesson and assessment; the transient retry condition follows the configured contract; valid state is preserved, invalid or unauthorized work is rejected or quarantined without silent loss, retries do not duplicate side effects, lineage and audit evidence remain available, and no production records or credentials are used. Safety boundary: Use synthetic learners, applicants, grant records, datasets, and lab fixtures; never use real student or research-subject data. These workflows do not make academic, research-ethics, or human-subject determinations.",Playwright + platform UI/API,"education-research,market-platform,synthetic-data,learning_delivery,transient-retry"
Education & Research Systems,Learning Delivery and Accessibility,EDUX-LEARNING-00133,Learning Delivery and Accessibility: resume a learner session from its saved fixture checkpoint (transient retry),Education & Research Systems: resume a learner session from its saved fixture checkpoint with transient retry,Resilience,Medium,"Non-production tenant or isolated local fixture; synthetic records only; Inject one transient service failure, restore the dependency, and retry. Safety boundary: Use synthetic learners, applicants, grant records, datasets, and lab fixtures; never use real student or research-subject data. These workflows do not make academic, research-ethics, or human-subject determinations.","1. Create a disposable, versioned synthetic fixture: Inject one transient service failure, restore the dependency, and retry. 2. Execute the platform workflow to resume a learner session from its saved fixture checkpoint. 3. Capture the committed result, resource version, or run status. 4. Compare the result with the source fixture and the declared invariant. 5. Repeat or recover the operation when applicable; verify access, audit evidence, and side effects.","The platform must correctly resume a learner session from its saved fixture checkpoint; the transient retry condition follows the configured contract; valid state is preserved, invalid or unauthorized work is rejected or quarantined without silent loss, retries do not duplicate side effects, lineage and audit evidence remain available, and no production records or credentials are used. Safety boundary: Use synthetic learners, applicants, grant records, datasets, and lab fixtures; never use real student or research-subject data. These workflows do not make academic, research-ethics, or human-subject determinations.",Playwright + platform UI/API,"education-research,market-platform,synthetic-data,learning_delivery,transient-retry"
Education & Research Systems,Learning Delivery and Accessibility,EDUX-LEARNING-00134,Learning Delivery and Accessibility: prevent duplicate completion events after offline sync (transient retry),Education & Research Systems: prevent duplicate completion events after offline sync with transient retry,Resilience,High,"Non-production tenant or isolated local fixture; synthetic records only; Inject one transient service failure, restore the dependency, and retry. Safety boundary: Use synthetic learners, applicants, grant records, datasets, and lab fixtures; never use real student or research-subject data. These workflows do not make academic, research-ethics, or human-subject determinations.","1. Create a disposable, versioned synthetic fixture: Inject one transient service failure, restore the dependency, and retry. 2. Execute the platform workflow to prevent duplicate completion events after offline sync. 3. Capture the committed result, resource version, or run status. 4. Compare the result with the source fixture and the declared invariant. 5. Repeat or recover the operation when applicable; verify access, audit evidence, and side effects.","The platform must correctly prevent duplicate completion events after offline sync; the transient retry condition follows the configured contract; valid state is preserved, invalid or unauthorized work is rejected or quarantined without silent loss, retries do not duplicate side effects, lineage and audit evidence remain available, and no production records or credentials are used. Safety boundary: Use synthetic learners, applicants, grant records, datasets, and lab fixtures; never use real student or research-subject data. These workflows do not make academic, research-ethics, or human-subject determinations.",Playwright + platform UI/API,"education-research,market-platform,synthetic-data,learning_delivery,transient-retry"
Education & Research Systems,Learning Delivery and Accessibility,EDUX-LEARNING-00135,Learning Delivery and Accessibility: apply an approved course revision to new enrollments (transient retry),Education & Research Systems: apply an approved course revision to new enrollments with transient retry,Resilience,High,"Non-production tenant or isolated local fixture; synthetic records only; Inject one transient service failure, restore the dependency, and retry. Safety boundary: Use synthetic learners, applicants, grant records, datasets, and lab fixtures; never use real student or research-subject data. These workflows do not make academic, research-ethics, or human-subject determinations.","1. Create a disposable, versioned synthetic fixture: Inject one transient service failure, restore the dependency, and retry. 2. Execute the platform workflow to apply an approved course revision to new enrollments. 3. Capture the committed result, resource version, or run status. 4. Compare the result with the source fixture and the declared invariant. 5. Repeat or recover the operation when applicable; verify access, audit evidence, and side effects.","The platform must correctly apply an approved course revision to new enrollments; the transient retry condition follows the configured contract; valid state is preserved, invalid or unauthorized work is rejected or quarantined without silent loss, retries do not duplicate side effects, lineage and audit evidence remain available, and no production records or credentials are used. Safety boundary: Use synthetic learners, applicants, grant records, datasets, and lab fixtures; never use real student or research-subject data. These workflows do not make academic, research-ethics, or human-subject determinations.",Playwright + platform UI/API,"education-research,market-platform,synthetic-data,learning_delivery,transient-retry"
Education & Research Systems,Learning Delivery and Accessibility,EDUX-LEARNING-00136,Learning Delivery and Accessibility: retain prior progress after a content correction (transient retry),Education & Research Systems: retain prior progress after a content correction with transient retry,Resilience,High,"Non-production tenant or isolated local fixture; synthetic records only; Inject one transient service failure, restore the dependency, and retry. Safety boundary: Use synthetic learners, applicants, grant records, datasets, and lab fixtures; never use real student or research-subject data. These workflows do not make academic, research-ethics, or human-subject determinations.","1. Create a disposable, versioned synthetic fixture: Inject one transient service failure, restore the dependency, and retry. 2. Execute the platform workflow to retain prior progress after a content correction. 3. Capture the committed result, resource version, or run status. 4. Compare the result with the source fixture and the declared invariant. 5. Repeat or recover the operation when applicable; verify access, audit evidence, and side effects.","The platform must correctly retain prior progress after a content correction; the transient retry condition follows the configured contract; valid state is preserved, invalid or unauthorized work is rejected or quarantined without silent loss, retries do not duplicate side effects, lineage and audit evidence remain available, and no production records or credentials are used. Safety boundary: Use synthetic learners, applicants, grant records, datasets, and lab fixtures; never use real student or research-subject data. These workflows do not make academic, research-ethics, or human-subject determinations.",Playwright + platform UI/API,"education-research,market-platform,synthetic-data,learning_delivery,transient-retry"
Education & Research Systems,Learning Delivery and Accessibility,EDUX-LEARNING-00137,Learning Delivery and Accessibility: validate captions and alternate-text fixture metadata (transient retry),Education & Research Systems: validate captions and alternate-text fixture metadata with transient retry,Resilience,Medium,"Non-production tenant or isolated local fixture; synthetic records only; Inject one transient service failure, restore the dependency, and retry. Safety boundary: Use synthetic learners, applicants, grant records, datasets, and lab fixtures; never use real student or research-subject data. These workflows do not make academic, research-ethics, or human-subject determinations.","1. Create a disposable, versioned synthetic fixture: Inject one transient service failure, restore the dependency, and retry. 2. Execute the platform workflow to validate captions and alternate-text fixture metadata. 3. Capture the committed result, resource version, or run status. 4. Compare the result with the source fixture and the declared invariant. 5. Repeat or recover the operation when applicable; verify access, audit evidence, and side effects.","The platform must correctly validate captions and alternate-text fixture metadata; the transient retry condition follows the configured contract; valid state is preserved, invalid or unauthorized work is rejected or quarantined without silent loss, retries do not duplicate side effects, lineage and audit evidence remain available, and no production records or credentials are used. Safety boundary: Use synthetic learners, applicants, grant records, datasets, and lab fixtures; never use real student or research-subject data. These workflows do not make academic, research-ethics, or human-subject determinations.",Playwright + platform UI/API,"education-research,market-platform,synthetic-data,learning_delivery,transient-retry"
Education & Research Systems,Learning Delivery and Accessibility,EDUX-LEARNING-00138,Learning Delivery and Accessibility: restrict instructor actions to assigned test courses (transient retry),Education & Research Systems: restrict instructor actions to assigned test courses with transient retry,Resilience,High,"Non-production tenant or isolated local fixture; synthetic records only; Inject one transient service failure, restore the dependency, and retry. Safety boundary: Use synthetic learners, applicants, grant records, datasets, and lab fixtures; never use real student or research-subject data. These workflows do not make academic, research-ethics, or human-subject determinations.","1. Create a disposable, versioned synthetic fixture: Inject one transient service failure, restore the dependency, and retry. 2. Execute the platform workflow to restrict instructor actions to assigned test courses. 3. Capture the committed result, resource version, or run status. 4. Compare the result with the source fixture and the declared invariant. 5. Repeat or recover the operation when applicable; verify access, audit evidence, and side effects.","The platform must correctly restrict instructor actions to assigned test courses; the transient retry condition follows the configured contract; valid state is preserved, invalid or unauthorized work is rejected or quarantined without silent loss, retries do not duplicate side effects, lineage and audit evidence remain available, and no production records or credentials are used. Safety boundary: Use synthetic learners, applicants, grant records, datasets, and lab fixtures; never use real student or research-subject data. These workflows do not make academic, research-ethics, or human-subject determinations.",Playwright + platform UI/API,"education-research,market-platform,synthetic-data,learning_delivery,transient-retry"
Education & Research Systems,Learning Delivery and Accessibility,EDUX-LEARNING-00139,Learning Delivery and Accessibility: report completion from deterministic synthetic activity (transient retry),Education & Research Systems: report completion from deterministic synthetic activity with transient retry,Resilience,High,"Non-production tenant or isolated local fixture; synthetic records only; Inject one transient service failure, restore the dependency, and retry. Safety boundary: Use synthetic learners, applicants, grant records, datasets, and lab fixtures; never use real student or research-subject data. These workflows do not make academic, research-ethics, or human-subject determinations.","1. Create a disposable, versioned synthetic fixture: Inject one transient service failure, restore the dependency, and retry. 2. Execute the platform workflow to report completion from deterministic synthetic activity. 3. Capture the committed result, resource version, or run status. 4. Compare the result with the source fixture and the declared invariant. 5. Repeat or recover the operation when applicable; verify access, audit evidence, and side effects.","The platform must correctly report completion from deterministic synthetic activity; the transient retry condition follows the configured contract; valid state is preserved, invalid or unauthorized work is rejected or quarantined without silent loss, retries do not duplicate side effects, lineage and audit evidence remain available, and no production records or credentials are used. Safety boundary: Use synthetic learners, applicants, grant records, datasets, and lab fixtures; never use real student or research-subject data. These workflows do not make academic, research-ethics, or human-subject determinations.",Playwright + platform UI/API,"education-research,market-platform,synthetic-data,learning_delivery,transient-retry"
Education & Research Systems,Learning Delivery and Accessibility,EDUX-LEARNING-00140,Learning Delivery and Accessibility: audit course publication and accessibility review (transient retry),Education & Research Systems: audit course publication and accessibility review with transient retry,Resilience,High,"Non-production tenant or isolated local fixture; synthetic records only; Inject one transient service failure, restore the dependency, and retry. Safety boundary: Use synthetic learners, applicants, grant records, datasets, and lab fixtures; never use real student or research-subject data. These workflows do not make academic, research-ethics, or human-subject determinations.","1. Create a disposable, versioned synthetic fixture: Inject one transient service failure, restore the dependency, and retry. 2. Execute the platform workflow to audit course publication and accessibility review. 3. Capture the committed result, resource version, or run status. 4. Compare the result with the source fixture and the declared invariant. 5. Repeat or recover the operation when applicable; verify access, audit evidence, and side effects.","The platform must correctly audit course publication and accessibility review; the transient retry condition follows the configured contract; valid state is preserved, invalid or unauthorized work is rejected or quarantined without silent loss, retries do not duplicate side effects, lineage and audit evidence remain available, and no production records or credentials are used. Safety boundary: Use synthetic learners, applicants, grant records, datasets, and lab fixtures; never use real student or research-subject data. These workflows do not make academic, research-ethics, or human-subject determinations.",Playwright + platform UI/API,"education-research,market-platform,synthetic-data,learning_delivery,transient-retry"
Education & Research Systems,Learning Delivery and Accessibility,EDUX-LEARNING-00141,Learning Delivery and Accessibility: publish a synthetic course with accessible content metadata (commit conflict),Education & Research Systems: publish a synthetic course with accessible content metadata with commit conflict,Functional,Medium,"Non-production tenant or isolated local fixture; synthetic records only; Advance the resource version between read and write to create an optimistic conflict. Safety boundary: Use synthetic learners, applicants, grant records, datasets, and lab fixtures; never use real student or research-subject data. These workflows do not make academic, research-ethics, or human-subject determinations.","1. Create a disposable, versioned synthetic fixture: Advance the resource version between read and write to create an optimistic conflict. 2. Execute the platform workflow to publish a synthetic course with accessible content metadata. 3. Capture the committed result, resource version, or run status. 4. Compare the result with the source fixture and the declared invariant. 5. Repeat or recover the operation when applicable; verify access, audit evidence, and side effects.","The platform must correctly publish a synthetic course with accessible content metadata; the commit conflict condition follows the configured contract; valid state is preserved, invalid or unauthorized work is rejected or quarantined without silent loss, retries do not duplicate side effects, lineage and audit evidence remain available, and no production records or credentials are used. Safety boundary: Use synthetic learners, applicants, grant records, datasets, and lab fixtures; never use real student or research-subject data. These workflows do not make academic, research-ethics, or human-subject determinations.",Playwright + platform UI/API,"education-research,market-platform,synthetic-data,learning_delivery,commit-conflict"
Education & Research Systems,Learning Delivery and Accessibility,EDUX-LEARNING-00142,Learning Delivery and Accessibility: verify keyboard access to the test lesson and assessment (commit conflict),Education & Research Systems: verify keyboard access to the test lesson and assessment with commit conflict,Functional,High,"Non-production tenant or isolated local fixture; synthetic records only; Advance the resource version between read and write to create an optimistic conflict. Safety boundary: Use synthetic learners, applicants, grant records, datasets, and lab fixtures; never use real student or research-subject data. These workflows do not make academic, research-ethics, or human-subject determinations.","1. Create a disposable, versioned synthetic fixture: Advance the resource version between read and write to create an optimistic conflict. 2. Execute the platform workflow to verify keyboard access to the test lesson and assessment. 3. Capture the committed result, resource version, or run status. 4. Compare the result with the source fixture and the declared invariant. 5. Repeat or recover the operation when applicable; verify access, audit evidence, and side effects.","The platform must correctly verify keyboard access to the test lesson and assessment; the commit conflict condition follows the configured contract; valid state is preserved, invalid or unauthorized work is rejected or quarantined without silent loss, retries do not duplicate side effects, lineage and audit evidence remain available, and no production records or credentials are used. Safety boundary: Use synthetic learners, applicants, grant records, datasets, and lab fixtures; never use real student or research-subject data. These workflows do not make academic, research-ethics, or human-subject determinations.",Playwright + platform UI/API,"education-research,market-platform,synthetic-data,learning_delivery,commit-conflict"
Education & Research Systems,Learning Delivery and Accessibility,EDUX-LEARNING-00143,Learning Delivery and Accessibility: resume a learner session from its saved fixture checkpoint (commit conflict),Education & Research Systems: resume a learner session from its saved fixture checkpoint with commit conflict,Functional,High,"Non-production tenant or isolated local fixture; synthetic records only; Advance the resource version between read and write to create an optimistic conflict. Safety boundary: Use synthetic learners, applicants, grant records, datasets, and lab fixtures; never use real student or research-subject data. These workflows do not make academic, research-ethics, or human-subject determinations.","1. Create a disposable, versioned synthetic fixture: Advance the resource version between read and write to create an optimistic conflict. 2. Execute the platform workflow to resume a learner session from its saved fixture checkpoint. 3. Capture the committed result, resource version, or run status. 4. Compare the result with the source fixture and the declared invariant. 5. Repeat or recover the operation when applicable; verify access, audit evidence, and side effects.","The platform must correctly resume a learner session from its saved fixture checkpoint; the commit conflict condition follows the configured contract; valid state is preserved, invalid or unauthorized work is rejected or quarantined without silent loss, retries do not duplicate side effects, lineage and audit evidence remain available, and no production records or credentials are used. Safety boundary: Use synthetic learners, applicants, grant records, datasets, and lab fixtures; never use real student or research-subject data. These workflows do not make academic, research-ethics, or human-subject determinations.",Playwright + platform UI/API,"education-research,market-platform,synthetic-data,learning_delivery,commit-conflict"
Education & Research Systems,Learning Delivery and Accessibility,EDUX-LEARNING-00144,Learning Delivery and Accessibility: prevent duplicate completion events after offline sync (commit conflict),Education & Research Systems: prevent duplicate completion events after offline sync with commit conflict,Functional,High,"Non-production tenant or isolated local fixture; synthetic records only; Advance the resource version between read and write to create an optimistic conflict. Safety boundary: Use synthetic learners, applicants, grant records, datasets, and lab fixtures; never use real student or research-subject data. These workflows do not make academic, research-ethics, or human-subject determinations.","1. Create a disposable, versioned synthetic fixture: Advance the resource version between read and write to create an optimistic conflict. 2. Execute the platform workflow to prevent duplicate completion events after offline sync. 3. Capture the committed result, resource version, or run status. 4. Compare the result with the source fixture and the declared invariant. 5. Repeat or recover the operation when applicable; verify access, audit evidence, and side effects.","The platform must correctly prevent duplicate completion events after offline sync; the commit conflict condition follows the configured contract; valid state is preserved, invalid or unauthorized work is rejected or quarantined without silent loss, retries do not duplicate side effects, lineage and audit evidence remain available, and no production records or credentials are used. Safety boundary: Use synthetic learners, applicants, grant records, datasets, and lab fixtures; never use real student or research-subject data. These workflows do not make academic, research-ethics, or human-subject determinations.",Playwright + platform UI/API,"education-research,market-platform,synthetic-data,learning_delivery,commit-conflict"
Education & Research Systems,Learning Delivery and Accessibility,EDUX-LEARNING-00145,Learning Delivery and Accessibility: apply an approved course revision to new enrollments (commit conflict),Education & Research Systems: apply an approved course revision to new enrollments with commit conflict,Functional,Medium,"Non-production tenant or isolated local fixture; synthetic records only; Advance the resource version between read and write to create an optimistic conflict. Safety boundary: Use synthetic learners, applicants, grant records, datasets, and lab fixtures; never use real student or research-subject data. These workflows do not make academic, research-ethics, or human-subject determinations.","1. Create a disposable, versioned synthetic fixture: Advance the resource version between read and write to create an optimistic conflict. 2. Execute the platform workflow to apply an approved course revision to new enrollments. 3. Capture the committed result, resource version, or run status. 4. Compare the result with the source fixture and the declared invariant. 5. Repeat or recover the operation when applicable; verify access, audit evidence, and side effects.","The platform must correctly apply an approved course revision to new enrollments; the commit conflict condition follows the configured contract; valid state is preserved, invalid or unauthorized work is rejected or quarantined without silent loss, retries do not duplicate side effects, lineage and audit evidence remain available, and no production records or credentials are used. Safety boundary: Use synthetic learners, applicants, grant records, datasets, and lab fixtures; never use real student or research-subject data. These workflows do not make academic, research-ethics, or human-subject determinations.",Playwright + platform UI/API,"education-research,market-platform,synthetic-data,learning_delivery,commit-conflict"
Education & Research Systems,Learning Delivery and Accessibility,EDUX-LEARNING-00146,Learning Delivery and Accessibility: retain prior progress after a content correction (commit conflict),Education & Research Systems: retain prior progress after a content correction with commit conflict,Functional,High,"Non-production tenant or isolated local fixture; synthetic records only; Advance the resource version between read and write to create an optimistic conflict. Safety boundary: Use synthetic learners, applicants, grant records, datasets, and lab fixtures; never use real student or research-subject data. These workflows do not make academic, research-ethics, or human-subject determinations.","1. Create a disposable, versioned synthetic fixture: Advance the resource version between read and write to create an optimistic conflict. 2. Execute the platform workflow to retain prior progress after a content correction. 3. Capture the committed result, resource version, or run status. 4. Compare the result with the source fixture and the declared invariant. 5. Repeat or recover the operation when applicable; verify access, audit evidence, and side effects.","The platform must correctly retain prior progress after a content correction; the commit conflict condition follows the configured contract; valid state is preserved, invalid or unauthorized work is rejected or quarantined without silent loss, retries do not duplicate side effects, lineage and audit evidence remain available, and no production records or credentials are used. Safety boundary: Use synthetic learners, applicants, grant records, datasets, and lab fixtures; never use real student or research-subject data. These workflows do not make academic, research-ethics, or human-subject determinations.",Playwright + platform UI/API,"education-research,market-platform,synthetic-data,learning_delivery,commit-conflict"
Education & Research Systems,Learning Delivery and Accessibility,EDUX-LEARNING-00147,Learning Delivery and Accessibility: validate captions and alternate-text fixture metadata (commit conflict),Education & Research Systems: validate captions and alternate-text fixture metadata with commit conflict,Functional,High,"Non-production tenant or isolated local fixture; synthetic records only; Advance the resource version between read and write to create an optimistic conflict. Safety boundary: Use synthetic learners, applicants, grant records, datasets, and lab fixtures; never use real student or research-subject data. These workflows do not make academic, research-ethics, or human-subject determinations.","1. Create a disposable, versioned synthetic fixture: Advance the resource version between read and write to create an optimistic conflict. 2. Execute the platform workflow to validate captions and alternate-text fixture metadata. 3. Capture the committed result, resource version, or run status. 4. Compare the result with the source fixture and the declared invariant. 5. Repeat or recover the operation when applicable; verify access, audit evidence, and side effects.","The platform must correctly validate captions and alternate-text fixture metadata; the commit conflict condition follows the configured contract; valid state is preserved, invalid or unauthorized work is rejected or quarantined without silent loss, retries do not duplicate side effects, lineage and audit evidence remain available, and no production records or credentials are used. Safety boundary: Use synthetic learners, applicants, grant records, datasets, and lab fixtures; never use real student or research-subject data. These workflows do not make academic, research-ethics, or human-subject determinations.",Playwright + platform UI/API,"education-research,market-platform,synthetic-data,learning_delivery,commit-conflict"
Education & Research Systems,Learning Delivery and Accessibility,EDUX-LEARNING-00148,Learning Delivery and Accessibility: restrict instructor actions to assigned test courses (commit conflict),Education & Research Systems: restrict instructor actions to assigned test courses with commit conflict,Functional,High,"Non-production tenant or isolated local fixture; synthetic records only; Advance the resource version between read and write to create an optimistic conflict. Safety boundary: Use synthetic learners, applicants, grant records, datasets, and lab fixtures; never use real student or research-subject data. These workflows do not make academic, research-ethics, or human-subject determinations.","1. Create a disposable, versioned synthetic fixture: Advance the resource version between read and write to create an optimistic conflict. 2. Execute the platform workflow to restrict instructor actions to assigned test courses. 3. Capture the committed result, resource version, or run status. 4. Compare the result with the source fixture and the declared invariant. 5. Repeat or recover the operation when applicable; verify access, audit evidence, and side effects.","The platform must correctly restrict instructor actions to assigned test courses; the commit conflict condition follows the configured contract; valid state is preserved, invalid or unauthorized work is rejected or quarantined without silent loss, retries do not duplicate side effects, lineage and audit evidence remain available, and no production records or credentials are used. Safety boundary: Use synthetic learners, applicants, grant records, datasets, and lab fixtures; never use real student or research-subject data. These workflows do not make academic, research-ethics, or human-subject determinations.",Playwright + platform UI/API,"education-research,market-platform,synthetic-data,learning_delivery,commit-conflict"
Education & Research Systems,Learning Delivery and Accessibility,EDUX-LEARNING-00149,Learning Delivery and Accessibility: report completion from deterministic synthetic activity (commit conflict),Education & Research Systems: report completion from deterministic synthetic activity with commit conflict,Functional,Medium,"Non-production tenant or isolated local fixture; synthetic records only; Advance the resource version between read and write to create an optimistic conflict. Safety boundary: Use synthetic learners, applicants, grant records, datasets, and lab fixtures; never use real student or research-subject data. These workflows do not make academic, research-ethics, or human-subject determinations.","1. Create a disposable, versioned synthetic fixture: Advance the resource version between read and write to create an optimistic conflict. 2. Execute the platform workflow to report completion from deterministic synthetic activity. 3. Capture the committed result, resource version, or run status. 4. Compare the result with the source fixture and the declared invariant. 5. Repeat or recover the operation when applicable; verify access, audit evidence, and side effects.","The platform must correctly report completion from deterministic synthetic activity; the commit conflict condition follows the configured contract; valid state is preserved, invalid or unauthorized work is rejected or quarantined without silent loss, retries do not duplicate side effects, lineage and audit evidence remain available, and no production records or credentials are used. Safety boundary: Use synthetic learners, applicants, grant records, datasets, and lab fixtures; never use real student or research-subject data. These workflows do not make academic, research-ethics, or human-subject determinations.",Playwright + platform UI/API,"education-research,market-platform,synthetic-data,learning_delivery,commit-conflict"
Education & Research Systems,Learning Delivery and Accessibility,EDUX-LEARNING-00150,Learning Delivery and Accessibility: audit course publication and accessibility review (commit conflict),Education & Research Systems: audit course publication and accessibility review with commit conflict,Functional,High,"Non-production tenant or isolated local fixture; synthetic records only; Advance the resource version between read and write to create an optimistic conflict. Safety boundary: Use synthetic learners, applicants, grant records, datasets, and lab fixtures; never use real student or research-subject data. These workflows do not make academic, research-ethics, or human-subject determinations.","1. Create a disposable, versioned synthetic fixture: Advance the resource version between read and write to create an optimistic conflict. 2. Execute the platform workflow to audit course publication and accessibility review. 3. Capture the committed result, resource version, or run status. 4. Compare the result with the source fixture and the declared invariant. 5. Repeat or recover the operation when applicable; verify access, audit evidence, and side effects.","The platform must correctly audit course publication and accessibility review; the commit conflict condition follows the configured contract; valid state is preserved, invalid or unauthorized work is rejected or quarantined without silent loss, retries do not duplicate side effects, lineage and audit evidence remain available, and no production records or credentials are used. Safety boundary: Use synthetic learners, applicants, grant records, datasets, and lab fixtures; never use real student or research-subject data. These workflows do not make academic, research-ethics, or human-subject determinations.",Playwright + platform UI/API,"education-research,market-platform,synthetic-data,learning_delivery,commit-conflict"
Education & Research Systems,Learning Delivery and Accessibility,EDUX-LEARNING-00151,Learning Delivery and Accessibility: publish a synthetic course with accessible content metadata (rollback and replay),Education & Research Systems: publish a synthetic course with accessible content metadata with rollback and replay,Functional,High,"Non-production tenant or isolated local fixture; synthetic records only; Restore a prior version in a disposable fixture and replay the same operation. Safety boundary: Use synthetic learners, applicants, grant records, datasets, and lab fixtures; never use real student or research-subject data. These workflows do not make academic, research-ethics, or human-subject determinations.","1. Create a disposable, versioned synthetic fixture: Restore a prior version in a disposable fixture and replay the same operation. 2. Execute the platform workflow to publish a synthetic course with accessible content metadata. 3. Capture the committed result, resource version, or run status. 4. Compare the result with the source fixture and the declared invariant. 5. Repeat or recover the operation when applicable; verify access, audit evidence, and side effects.","The platform must correctly publish a synthetic course with accessible content metadata; the rollback and replay condition follows the configured contract; valid state is preserved, invalid or unauthorized work is rejected or quarantined without silent loss, retries do not duplicate side effects, lineage and audit evidence remain available, and no production records or credentials are used. Safety boundary: Use synthetic learners, applicants, grant records, datasets, and lab fixtures; never use real student or research-subject data. These workflows do not make academic, research-ethics, or human-subject determinations.",Playwright + platform UI/API,"education-research,market-platform,synthetic-data,learning_delivery,rollback-and-replay"
Education & Research Systems,Learning Delivery and Accessibility,EDUX-LEARNING-00152,Learning Delivery and Accessibility: verify keyboard access to the test lesson and assessment (rollback and replay),Education & Research Systems: verify keyboard access to the test lesson and assessment with rollback and replay,Functional,High,"Non-production tenant or isolated local fixture; synthetic records only; Restore a prior version in a disposable fixture and replay the same operation. Safety boundary: Use synthetic learners, applicants, grant records, datasets, and lab fixtures; never use real student or research-subject data. These workflows do not make academic, research-ethics, or human-subject determinations.","1. Create a disposable, versioned synthetic fixture: Restore a prior version in a disposable fixture and replay the same operation. 2. Execute the platform workflow to verify keyboard access to the test lesson and assessment. 3. Capture the committed result, resource version, or run status. 4. Compare the result with the source fixture and the declared invariant. 5. Repeat or recover the operation when applicable; verify access, audit evidence, and side effects.","The platform must correctly verify keyboard access to the test lesson and assessment; the rollback and replay condition follows the configured contract; valid state is preserved, invalid or unauthorized work is rejected or quarantined without silent loss, retries do not duplicate side effects, lineage and audit evidence remain available, and no production records or credentials are used. Safety boundary: Use synthetic learners, applicants, grant records, datasets, and lab fixtures; never use real student or research-subject data. These workflows do not make academic, research-ethics, or human-subject determinations.",Playwright + platform UI/API,"education-research,market-platform,synthetic-data,learning_delivery,rollback-and-replay"
Education & Research Systems,Learning Delivery and Accessibility,EDUX-LEARNING-00153,Learning Delivery and Accessibility: resume a learner session from its saved fixture checkpoint (rollback and replay),Education & Research Systems: resume a learner session from its saved fixture checkpoint with rollback and replay,Functional,Medium,"Non-production tenant or isolated local fixture; synthetic records only; Restore a prior version in a disposable fixture and replay the same operation. Safety boundary: Use synthetic learners, applicants, grant records, datasets, and lab fixtures; never use real student or research-subject data. These workflows do not make academic, research-ethics, or human-subject determinations.","1. Create a disposable, versioned synthetic fixture: Restore a prior version in a disposable fixture and replay the same operation. 2. Execute the platform workflow to resume a learner session from its saved fixture checkpoint. 3. Capture the committed result, resource version, or run status. 4. Compare the result with the source fixture and the declared invariant. 5. Repeat or recover the operation when applicable; verify access, audit evidence, and side effects.","The platform must correctly resume a learner session from its saved fixture checkpoint; the rollback and replay condition follows the configured contract; valid state is preserved, invalid or unauthorized work is rejected or quarantined without silent loss, retries do not duplicate side effects, lineage and audit evidence remain available, and no production records or credentials are used. Safety boundary: Use synthetic learners, applicants, grant records, datasets, and lab fixtures; never use real student or research-subject data. These workflows do not make academic, research-ethics, or human-subject determinations.",Playwright + platform UI/API,"education-research,market-platform,synthetic-data,learning_delivery,rollback-and-replay"
Education & Research Systems,Learning Delivery and Accessibility,EDUX-LEARNING-00154,Learning Delivery and Accessibility: prevent duplicate completion events after offline sync (rollback and replay),Education & Research Systems: prevent duplicate completion events after offline sync with rollback and replay,Functional,High,"Non-production tenant or isolated local fixture; synthetic records only; Restore a prior version in a disposable fixture and replay the same operation. Safety boundary: Use synthetic learners, applicants, grant records, datasets, and lab fixtures; never use real student or research-subject data. These workflows do not make academic, research-ethics, or human-subject determinations.","1. Create a disposable, versioned synthetic fixture: Restore a prior version in a disposable fixture and replay the same operation. 2. Execute the platform workflow to prevent duplicate completion events after offline sync. 3. Capture the committed result, resource version, or run status. 4. Compare the result with the source fixture and the declared invariant. 5. Repeat or recover the operation when applicable; verify access, audit evidence, and side effects.","The platform must correctly prevent duplicate completion events after offline sync; the rollback and replay condition follows the configured contract; valid state is preserved, invalid or unauthorized work is rejected or quarantined without silent loss, retries do not duplicate side effects, lineage and audit evidence remain available, and no production records or credentials are used. Safety boundary: Use synthetic learners, applicants, grant records, datasets, and lab fixtures; never use real student or research-subject data. These workflows do not make academic, research-ethics, or human-subject determinations.",Playwright + platform UI/API,"education-research,market-platform,synthetic-data,learning_delivery,rollback-and-replay"
Education & Research Systems,Learning Delivery and Accessibility,EDUX-LEARNING-00155,Learning Delivery and Accessibility: apply an approved course revision to new enrollments (rollback and replay),Education & Research Systems: apply an approved course revision to new enrollments with rollback and replay,Functional,High,"Non-production tenant or isolated local fixture; synthetic records only; Restore a prior version in a disposable fixture and replay the same operation. Safety boundary: Use synthetic learners, applicants, grant records, datasets, and lab fixtures; never use real student or research-subject data. These workflows do not make academic, research-ethics, or human-subject determinations.","1. Create a disposable, versioned synthetic fixture: Restore a prior version in a disposable fixture and replay the same operation. 2. Execute the platform workflow to apply an approved course revision to new enrollments. 3. Capture the committed result, resource version, or run status. 4. Compare the result with the source fixture and the declared invariant. 5. Repeat or recover the operation when applicable; verify access, audit evidence, and side effects.","The platform must correctly apply an approved course revision to new enrollments; the rollback and replay condition follows the configured contract; valid state is preserved, invalid or unauthorized work is rejected or quarantined without silent loss, retries do not duplicate side effects, lineage and audit evidence remain available, and no production records or credentials are used. Safety boundary: Use synthetic learners, applicants, grant records, datasets, and lab fixtures; never use real student or research-subject data. These workflows do not make academic, research-ethics, or human-subject determinations.",Playwright + platform UI/API,"education-research,market-platform,synthetic-data,learning_delivery,rollback-and-replay"
Education & Research Systems,Learning Delivery and Accessibility,EDUX-LEARNING-00156,Learning Delivery and Accessibility: retain prior progress after a content correction (rollback and replay),Education & Research Systems: retain prior progress after a content correction with rollback and replay,Functional,High,"Non-production tenant or isolated local fixture; synthetic records only; Restore a prior version in a disposable fixture and replay the same operation. Safety boundary: Use synthetic learners, applicants, grant records, datasets, and lab fixtures; never use real student or research-subject data. These workflows do not make academic, research-ethics, or human-subject determinations.","1. Create a disposable, versioned synthetic fixture: Restore a prior version in a disposable fixture and replay the same operation. 2. Execute the platform workflow to retain prior progress after a content correction. 3. Capture the committed result, resource version, or run status. 4. Compare the result with the source fixture and the declared invariant. 5. Repeat or recover the operation when applicable; verify access, audit evidence, and side effects.","The platform must correctly retain prior progress after a content correction; the rollback and replay condition follows the configured contract; valid state is preserved, invalid or unauthorized work is rejected or quarantined without silent loss, retries do not duplicate side effects, lineage and audit evidence remain available, and no production records or credentials are used. Safety boundary: Use synthetic learners, applicants, grant records, datasets, and lab fixtures; never use real student or research-subject data. These workflows do not make academic, research-ethics, or human-subject determinations.",Playwright + platform UI/API,"education-research,market-platform,synthetic-data,learning_delivery,rollback-and-replay"
Education & Research Systems,Learning Delivery and Accessibility,EDUX-LEARNING-00157,Learning Delivery and Accessibility: validate captions and alternate-text fixture metadata (rollback and replay),Education & Research Systems: validate captions and alternate-text fixture metadata with rollback and replay,Functional,Medium,"Non-production tenant or isolated local fixture; synthetic records only; Restore a prior version in a disposable fixture and replay the same operation. Safety boundary: Use synthetic learners, applicants, grant records, datasets, and lab fixtures; never use real student or research-subject data. These workflows do not make academic, research-ethics, or human-subject determinations.","1. Create a disposable, versioned synthetic fixture: Restore a prior version in a disposable fixture and replay the same operation. 2. Execute the platform workflow to validate captions and alternate-text fixture metadata. 3. Capture the committed result, resource version, or run status. 4. Compare the result with the source fixture and the declared invariant. 5. Repeat or recover the operation when applicable; verify access, audit evidence, and side effects.","The platform must correctly validate captions and alternate-text fixture metadata; the rollback and replay condition follows the configured contract; valid state is preserved, invalid or unauthorized work is rejected or quarantined without silent loss, retries do not duplicate side effects, lineage and audit evidence remain available, and no production records or credentials are used. Safety boundary: Use synthetic learners, applicants, grant records, datasets, and lab fixtures; never use real student or research-subject data. These workflows do not make academic, research-ethics, or human-subject determinations.",Playwright + platform UI/API,"education-research,market-platform,synthetic-data,learning_delivery,rollback-and-replay"
Education & Research Systems,Learning Delivery and Accessibility,EDUX-LEARNING-00158,Learning Delivery and Accessibility: restrict instructor actions to assigned test courses (rollback and replay),Education & Research Systems: restrict instructor actions to assigned test courses with rollback and replay,Functional,High,"Non-production tenant or isolated local fixture; synthetic records only; Restore a prior version in a disposable fixture and replay the same operation. Safety boundary: Use synthetic learners, applicants, grant records, datasets, and lab fixtures; never use real student or research-subject data. These workflows do not make academic, research-ethics, or human-subject determinations.","1. Create a disposable, versioned synthetic fixture: Restore a prior version in a disposable fixture and replay the same operation. 2. Execute the platform workflow to restrict instructor actions to assigned test courses. 3. Capture the committed result, resource version, or run status. 4. Compare the result with the source fixture and the declared invariant. 5. Repeat or recover the operation when applicable; verify access, audit evidence, and side effects.","The platform must correctly restrict instructor actions to assigned test courses; the rollback and replay condition follows the configured contract; valid state is preserved, invalid or unauthorized work is rejected or quarantined without silent loss, retries do not duplicate side effects, lineage and audit evidence remain available, and no production records or credentials are used. Safety boundary: Use synthetic learners, applicants, grant records, datasets, and lab fixtures; never use real student or research-subject data. These workflows do not make academic, research-ethics, or human-subject determinations.",Playwright + platform UI/API,"education-research,market-platform,synthetic-data,learning_delivery,rollback-and-replay"
Education & Research Systems,Learning Delivery and Accessibility,EDUX-LEARNING-00159,Learning Delivery and Accessibility: report completion from deterministic synthetic activity (rollback and replay),Education & Research Systems: report completion from deterministic synthetic activity with rollback and replay,Functional,High,"Non-production tenant or isolated local fixture; synthetic records only; Restore a prior version in a disposable fixture and replay the same operation. Safety boundary: Use synthetic learners, applicants, grant records, datasets, and lab fixtures; never use real student or research-subject data. These workflows do not make academic, research-ethics, or human-subject determinations.","1. Create a disposable, versioned synthetic fixture: Restore a prior version in a disposable fixture and replay the same operation. 2. Execute the platform workflow to report completion from deterministic synthetic activity. 3. Capture the committed result, resource version, or run status. 4. Compare the result with the source fixture and the declared invariant. 5. Repeat or recover the operation when applicable; verify access, audit evidence, and side effects.","The platform must correctly report completion from deterministic synthetic activity; the rollback and replay condition follows the configured contract; valid state is preserved, invalid or unauthorized work is rejected or quarantined without silent loss, retries do not duplicate side effects, lineage and audit evidence remain available, and no production records or credentials are used. Safety boundary: Use synthetic learners, applicants, grant records, datasets, and lab fixtures; never use real student or research-subject data. These workflows do not make academic, research-ethics, or human-subject determinations.",Playwright + platform UI/API,"education-research,market-platform,synthetic-data,learning_delivery,rollback-and-replay"
Education & Research Systems,Learning Delivery and Accessibility,EDUX-LEARNING-00160,Learning Delivery and Accessibility: audit course publication and accessibility review (rollback and replay),Education & Research Systems: audit course publication and accessibility review with rollback and replay,Functional,High,"Non-production tenant or isolated local fixture; synthetic records only; Restore a prior version in a disposable fixture and replay the same operation. Safety boundary: Use synthetic learners, applicants, grant records, datasets, and lab fixtures; never use real student or research-subject data. These workflows do not make academic, research-ethics, or human-subject determinations.","1. Create a disposable, versioned synthetic fixture: Restore a prior version in a disposable fixture and replay the same operation. 2. Execute the platform workflow to audit course publication and accessibility review. 3. Capture the committed result, resource version, or run status. 4. Compare the result with the source fixture and the declared invariant. 5. Repeat or recover the operation when applicable; verify access, audit evidence, and side effects.","The platform must correctly audit course publication and accessibility review; the rollback and replay condition follows the configured contract; valid state is preserved, invalid or unauthorized work is rejected or quarantined without silent loss, retries do not duplicate side effects, lineage and audit evidence remain available, and no production records or credentials are used. Safety boundary: Use synthetic learners, applicants, grant records, datasets, and lab fixtures; never use real student or research-subject data. These workflows do not make academic, research-ethics, or human-subject determinations.",Playwright + platform UI/API,"education-research,market-platform,synthetic-data,learning_delivery,rollback-and-replay"
Education & Research Systems,Learning Delivery and Accessibility,EDUX-LEARNING-00161,Learning Delivery and Accessibility: publish a synthetic course with accessible content metadata (Unicode identifiers),Education & Research Systems: publish a synthetic course with accessible content metadata with Unicode identifiers,Functional,Medium,"Non-production tenant or isolated local fixture; synthetic records only; Use Unicode in safe project, model, table, index, and synthetic account labels. Safety boundary: Use synthetic learners, applicants, grant records, datasets, and lab fixtures; never use real student or research-subject data. These workflows do not make academic, research-ethics, or human-subject determinations.","1. Create a disposable, versioned synthetic fixture: Use Unicode in safe project, model, table, index, and synthetic account labels. 2. Execute the platform workflow to publish a synthetic course with accessible content metadata. 3. Capture the committed result, resource version, or run status. 4. Compare the result with the source fixture and the declared invariant. 5. Repeat or recover the operation when applicable; verify access, audit evidence, and side effects.","The platform must correctly publish a synthetic course with accessible content metadata; the Unicode identifiers condition follows the configured contract; valid state is preserved, invalid or unauthorized work is rejected or quarantined without silent loss, retries do not duplicate side effects, lineage and audit evidence remain available, and no production records or credentials are used. Safety boundary: Use synthetic learners, applicants, grant records, datasets, and lab fixtures; never use real student or research-subject data. These workflows do not make academic, research-ethics, or human-subject determinations.",Playwright + platform UI/API,"education-research,market-platform,synthetic-data,learning_delivery,Unicode-identifiers"
Education & Research Systems,Learning Delivery and Accessibility,EDUX-LEARNING-00162,Learning Delivery and Accessibility: verify keyboard access to the test lesson and assessment (Unicode identifiers),Education & Research Systems: verify keyboard access to the test lesson and assessment with Unicode identifiers,Functional,High,"Non-production tenant or isolated local fixture; synthetic records only; Use Unicode in safe project, model, table, index, and synthetic account labels. Safety boundary: Use synthetic learners, applicants, grant records, datasets, and lab fixtures; never use real student or research-subject data. These workflows do not make academic, research-ethics, or human-subject determinations.","1. Create a disposable, versioned synthetic fixture: Use Unicode in safe project, model, table, index, and synthetic account labels. 2. Execute the platform workflow to verify keyboard access to the test lesson and assessment. 3. Capture the committed result, resource version, or run status. 4. Compare the result with the source fixture and the declared invariant. 5. Repeat or recover the operation when applicable; verify access, audit evidence, and side effects.","The platform must correctly verify keyboard access to the test lesson and assessment; the Unicode identifiers condition follows the configured contract; valid state is preserved, invalid or unauthorized work is rejected or quarantined without silent loss, retries do not duplicate side effects, lineage and audit evidence remain available, and no production records or credentials are used. Safety boundary: Use synthetic learners, applicants, grant records, datasets, and lab fixtures; never use real student or research-subject data. These workflows do not make academic, research-ethics, or human-subject determinations.",Playwright + platform UI/API,"education-research,market-platform,synthetic-data,learning_delivery,Unicode-identifiers"
Education & Research Systems,Learning Delivery and Accessibility,EDUX-LEARNING-00163,Learning Delivery and Accessibility: resume a learner session from its saved fixture checkpoint (Unicode identifiers),Education & Research Systems: resume a learner session from its saved fixture checkpoint with Unicode identifiers,Functional,High,"Non-production tenant or isolated local fixture; synthetic records only; Use Unicode in safe project, model, table, index, and synthetic account labels. Safety boundary: Use synthetic learners, applicants, grant records, datasets, and lab fixtures; never use real student or research-subject data. These workflows do not make academic, research-ethics, or human-subject determinations.","1. Create a disposable, versioned synthetic fixture: Use Unicode in safe project, model, table, index, and synthetic account labels. 2. Execute the platform workflow to resume a learner session from its saved fixture checkpoint. 3. Capture the committed result, resource version, or run status. 4. Compare the result with the source fixture and the declared invariant. 5. Repeat or recover the operation when applicable; verify access, audit evidence, and side effects.","The platform must correctly resume a learner session from its saved fixture checkpoint; the Unicode identifiers condition follows the configured contract; valid state is preserved, invalid or unauthorized work is rejected or quarantined without silent loss, retries do not duplicate side effects, lineage and audit evidence remain available, and no production records or credentials are used. Safety boundary: Use synthetic learners, applicants, grant records, datasets, and lab fixtures; never use real student or research-subject data. These workflows do not make academic, research-ethics, or human-subject determinations.",Playwright + platform UI/API,"education-research,market-platform,synthetic-data,learning_delivery,Unicode-identifiers"
Education & Research Systems,Learning Delivery and Accessibility,EDUX-LEARNING-00164,Learning Delivery and Accessibility: prevent duplicate completion events after offline sync (Unicode identifiers),Education & Research Systems: prevent duplicate completion events after offline sync with Unicode identifiers,Functional,High,"Non-production tenant or isolated local fixture; synthetic records only; Use Unicode in safe project, model, table, index, and synthetic account labels. Safety boundary: Use synthetic learners, applicants, grant records, datasets, and lab fixtures; never use real student or research-subject data. These workflows do not make academic, research-ethics, or human-subject determinations.","1. Create a disposable, versioned synthetic fixture: Use Unicode in safe project, model, table, index, and synthetic account labels. 2. Execute the platform workflow to prevent duplicate completion events after offline sync. 3. Capture the committed result, resource version, or run status. 4. Compare the result with the source fixture and the declared invariant. 5. Repeat or recover the operation when applicable; verify access, audit evidence, and side effects.","The platform must correctly prevent duplicate completion events after offline sync; the Unicode identifiers condition follows the configured contract; valid state is preserved, invalid or unauthorized work is rejected or quarantined without silent loss, retries do not duplicate side effects, lineage and audit evidence remain available, and no production records or credentials are used. Safety boundary: Use synthetic learners, applicants, grant records, datasets, and lab fixtures; never use real student or research-subject data. These workflows do not make academic, research-ethics, or human-subject determinations.",Playwright + platform UI/API,"education-research,market-platform,synthetic-data,learning_delivery,Unicode-identifiers"
Education & Research Systems,Learning Delivery and Accessibility,EDUX-LEARNING-00165,Learning Delivery and Accessibility: apply an approved course revision to new enrollments (Unicode identifiers),Education & Research Systems: apply an approved course revision to new enrollments with Unicode identifiers,Functional,Medium,"Non-production tenant or isolated local fixture; synthetic records only; Use Unicode in safe project, model, table, index, and synthetic account labels. Safety boundary: Use synthetic learners, applicants, grant records, datasets, and lab fixtures; never use real student or research-subject data. These workflows do not make academic, research-ethics, or human-subject determinations.","1. Create a disposable, versioned synthetic fixture: Use Unicode in safe project, model, table, index, and synthetic account labels. 2. Execute the platform workflow to apply an approved course revision to new enrollments. 3. Capture the committed result, resource version, or run status. 4. Compare the result with the source fixture and the declared invariant. 5. Repeat or recover the operation when applicable; verify access, audit evidence, and side effects.","The platform must correctly apply an approved course revision to new enrollments; the Unicode identifiers condition follows the configured contract; valid state is preserved, invalid or unauthorized work is rejected or quarantined without silent loss, retries do not duplicate side effects, lineage and audit evidence remain available, and no production records or credentials are used. Safety boundary: Use synthetic learners, applicants, grant records, datasets, and lab fixtures; never use real student or research-subject data. These workflows do not make academic, research-ethics, or human-subject determinations.",Playwright + platform UI/API,"education-research,market-platform,synthetic-data,learning_delivery,Unicode-identifiers"
Education & Research Systems,Learning Delivery and Accessibility,EDUX-LEARNING-00166,Learning Delivery and Accessibility: retain prior progress after a content correction (Unicode identifiers),Education & Research Systems: retain prior progress after a content correction with Unicode identifiers,Functional,High,"Non-production tenant or isolated local fixture; synthetic records only; Use Unicode in safe project, model, table, index, and synthetic account labels. Safety boundary: Use synthetic learners, applicants, grant records, datasets, and lab fixtures; never use real student or research-subject data. These workflows do not make academic, research-ethics, or human-subject determinations.","1. Create a disposable, versioned synthetic fixture: Use Unicode in safe project, model, table, index, and synthetic account labels. 2. Execute the platform workflow to retain prior progress after a content correction. 3. Capture the committed result, resource version, or run status. 4. Compare the result with the source fixture and the declared invariant. 5. Repeat or recover the operation when applicable; verify access, audit evidence, and side effects.","The platform must correctly retain prior progress after a content correction; the Unicode identifiers condition follows the configured contract; valid state is preserved, invalid or unauthorized work is rejected or quarantined without silent loss, retries do not duplicate side effects, lineage and audit evidence remain available, and no production records or credentials are used. Safety boundary: Use synthetic learners, applicants, grant records, datasets, and lab fixtures; never use real student or research-subject data. These workflows do not make academic, research-ethics, or human-subject determinations.",Playwright + platform UI/API,"education-research,market-platform,synthetic-data,learning_delivery,Unicode-identifiers"
Education & Research Systems,Learning Delivery and Accessibility,EDUX-LEARNING-00167,Learning Delivery and Accessibility: validate captions and alternate-text fixture metadata (Unicode identifiers),Education & Research Systems: validate captions and alternate-text fixture metadata with Unicode identifiers,Functional,High,"Non-production tenant or isolated local fixture; synthetic records only; Use Unicode in safe project, model, table, index, and synthetic account labels. Safety boundary: Use synthetic learners, applicants, grant records, datasets, and lab fixtures; never use real student or research-subject data. These workflows do not make academic, research-ethics, or human-subject determinations.","1. Create a disposable, versioned synthetic fixture: Use Unicode in safe project, model, table, index, and synthetic account labels. 2. Execute the platform workflow to validate captions and alternate-text fixture metadata. 3. Capture the committed result, resource version, or run status. 4. Compare the result with the source fixture and the declared invariant. 5. Repeat or recover the operation when applicable; verify access, audit evidence, and side effects.","The platform must correctly validate captions and alternate-text fixture metadata; the Unicode identifiers condition follows the configured contract; valid state is preserved, invalid or unauthorized work is rejected or quarantined without silent loss, retries do not duplicate side effects, lineage and audit evidence remain available, and no production records or credentials are used. Safety boundary: Use synthetic learners, applicants, grant records, datasets, and lab fixtures; never use real student or research-subject data. These workflows do not make academic, research-ethics, or human-subject determinations.",Playwright + platform UI/API,"education-research,market-platform,synthetic-data,learning_delivery,Unicode-identifiers"
Education & Research Systems,Learning Delivery and Accessibility,EDUX-LEARNING-00168,Learning Delivery and Accessibility: restrict instructor actions to assigned test courses (Unicode identifiers),Education & Research Systems: restrict instructor actions to assigned test courses with Unicode identifiers,Functional,High,"Non-production tenant or isolated local fixture; synthetic records only; Use Unicode in safe project, model, table, index, and synthetic account labels. Safety boundary: Use synthetic learners, applicants, grant records, datasets, and lab fixtures; never use real student or research-subject data. These workflows do not make academic, research-ethics, or human-subject determinations.","1. Create a disposable, versioned synthetic fixture: Use Unicode in safe project, model, table, index, and synthetic account labels. 2. Execute the platform workflow to restrict instructor actions to assigned test courses. 3. Capture the committed result, resource version, or run status. 4. Compare the result with the source fixture and the declared invariant. 5. Repeat or recover the operation when applicable; verify access, audit evidence, and side effects.","The platform must correctly restrict instructor actions to assigned test courses; the Unicode identifiers condition follows the configured contract; valid state is preserved, invalid or unauthorized work is rejected or quarantined without silent loss, retries do not duplicate side effects, lineage and audit evidence remain available, and no production records or credentials are used. Safety boundary: Use synthetic learners, applicants, grant records, datasets, and lab fixtures; never use real student or research-subject data. These workflows do not make academic, research-ethics, or human-subject determinations.",Playwright + platform UI/API,"education-research,market-platform,synthetic-data,learning_delivery,Unicode-identifiers"
Education & Research Systems,Learning Delivery and Accessibility,EDUX-LEARNING-00169,Learning Delivery and Accessibility: report completion from deterministic synthetic activity (Unicode identifiers),Education & Research Systems: report completion from deterministic synthetic activity with Unicode identifiers,Functional,Medium,"Non-production tenant or isolated local fixture; synthetic records only; Use Unicode in safe project, model, table, index, and synthetic account labels. Safety boundary: Use synthetic learners, applicants, grant records, datasets, and lab fixtures; never use real student or research-subject data. These workflows do not make academic, research-ethics, or human-subject determinations.","1. Create a disposable, versioned synthetic fixture: Use Unicode in safe project, model, table, index, and synthetic account labels. 2. Execute the platform workflow to report completion from deterministic synthetic activity. 3. Capture the committed result, resource version, or run status. 4. Compare the result with the source fixture and the declared invariant. 5. Repeat or recover the operation when applicable; verify access, audit evidence, and side effects.","The platform must correctly report completion from deterministic synthetic activity; the Unicode identifiers condition follows the configured contract; valid state is preserved, invalid or unauthorized work is rejected or quarantined without silent loss, retries do not duplicate side effects, lineage and audit evidence remain available, and no production records or credentials are used. Safety boundary: Use synthetic learners, applicants, grant records, datasets, and lab fixtures; never use real student or research-subject data. These workflows do not make academic, research-ethics, or human-subject determinations.",Playwright + platform UI/API,"education-research,market-platform,synthetic-data,learning_delivery,Unicode-identifiers"
Education & Research Systems,Learning Delivery and Accessibility,EDUX-LEARNING-00170,Learning Delivery and Accessibility: audit course publication and accessibility review (Unicode identifiers),Education & Research Systems: audit course publication and accessibility review with Unicode identifiers,Functional,High,"Non-production tenant or isolated local fixture; synthetic records only; Use Unicode in safe project, model, table, index, and synthetic account labels. Safety boundary: Use synthetic learners, applicants, grant records, datasets, and lab fixtures; never use real student or research-subject data. These workflows do not make academic, research-ethics, or human-subject determinations.","1. Create a disposable, versioned synthetic fixture: Use Unicode in safe project, model, table, index, and synthetic account labels. 2. Execute the platform workflow to audit course publication and accessibility review. 3. Capture the committed result, resource version, or run status. 4. Compare the result with the source fixture and the declared invariant. 5. Repeat or recover the operation when applicable; verify access, audit evidence, and side effects.","The platform must correctly audit course publication and accessibility review; the Unicode identifiers condition follows the configured contract; valid state is preserved, invalid or unauthorized work is rejected or quarantined without silent loss, retries do not duplicate side effects, lineage and audit evidence remain available, and no production records or credentials are used. Safety boundary: Use synthetic learners, applicants, grant records, datasets, and lab fixtures; never use real student or research-subject data. These workflows do not make academic, research-ethics, or human-subject determinations.",Playwright + platform UI/API,"education-research,market-platform,synthetic-data,learning_delivery,Unicode-identifiers"
Education & Research Systems,Learning Delivery and Accessibility,EDUX-LEARNING-00171,Learning Delivery and Accessibility: publish a synthetic course with accessible content metadata (time-zone boundary),Education & Research Systems: publish a synthetic course with accessible content metadata with time-zone boundary,Functional,High,"Non-production tenant or isolated local fixture; synthetic records only; Place timestamps around local midnight and a daylight-saving transition. Safety boundary: Use synthetic learners, applicants, grant records, datasets, and lab fixtures; never use real student or research-subject data. These workflows do not make academic, research-ethics, or human-subject determinations.","1. Create a disposable, versioned synthetic fixture: Place timestamps around local midnight and a daylight-saving transition. 2. Execute the platform workflow to publish a synthetic course with accessible content metadata. 3. Capture the committed result, resource version, or run status. 4. Compare the result with the source fixture and the declared invariant. 5. Repeat or recover the operation when applicable; verify access, audit evidence, and side effects.","The platform must correctly publish a synthetic course with accessible content metadata; the time-zone boundary condition follows the configured contract; valid state is preserved, invalid or unauthorized work is rejected or quarantined without silent loss, retries do not duplicate side effects, lineage and audit evidence remain available, and no production records or credentials are used. Safety boundary: Use synthetic learners, applicants, grant records, datasets, and lab fixtures; never use real student or research-subject data. These workflows do not make academic, research-ethics, or human-subject determinations.",Playwright + platform UI/API,"education-research,market-platform,synthetic-data,learning_delivery,time-zone-boundary"
Education & Research Systems,Learning Delivery and Accessibility,EDUX-LEARNING-00172,Learning Delivery and Accessibility: verify keyboard access to the test lesson and assessment (time-zone boundary),Education & Research Systems: verify keyboard access to the test lesson and assessment with time-zone boundary,Functional,High,"Non-production tenant or isolated local fixture; synthetic records only; Place timestamps around local midnight and a daylight-saving transition. Safety boundary: Use synthetic learners, applicants, grant records, datasets, and lab fixtures; never use real student or research-subject data. These workflows do not make academic, research-ethics, or human-subject determinations.","1. Create a disposable, versioned synthetic fixture: Place timestamps around local midnight and a daylight-saving transition. 2. Execute the platform workflow to verify keyboard access to the test lesson and assessment. 3. Capture the committed result, resource version, or run status. 4. Compare the result with the source fixture and the declared invariant. 5. Repeat or recover the operation when applicable; verify access, audit evidence, and side effects.","The platform must correctly verify keyboard access to the test lesson and assessment; the time-zone boundary condition follows the configured contract; valid state is preserved, invalid or unauthorized work is rejected or quarantined without silent loss, retries do not duplicate side effects, lineage and audit evidence remain available, and no production records or credentials are used. Safety boundary: Use synthetic learners, applicants, grant records, datasets, and lab fixtures; never use real student or research-subject data. These workflows do not make academic, research-ethics, or human-subject determinations.",Playwright + platform UI/API,"education-research,market-platform,synthetic-data,learning_delivery,time-zone-boundary"
Education & Research Systems,Learning Delivery and Accessibility,EDUX-LEARNING-00173,Learning Delivery and Accessibility: resume a learner session from its saved fixture checkpoint (time-zone boundary),Education & Research Systems: resume a learner session from its saved fixture checkpoint with time-zone boundary,Functional,Medium,"Non-production tenant or isolated local fixture; synthetic records only; Place timestamps around local midnight and a daylight-saving transition. Safety boundary: Use synthetic learners, applicants, grant records, datasets, and lab fixtures; never use real student or research-subject data. These workflows do not make academic, research-ethics, or human-subject determinations.","1. Create a disposable, versioned synthetic fixture: Place timestamps around local midnight and a daylight-saving transition. 2. Execute the platform workflow to resume a learner session from its saved fixture checkpoint. 3. Capture the committed result, resource version, or run status. 4. Compare the result with the source fixture and the declared invariant. 5. Repeat or recover the operation when applicable; verify access, audit evidence, and side effects.","The platform must correctly resume a learner session from its saved fixture checkpoint; the time-zone boundary condition follows the configured contract; valid state is preserved, invalid or unauthorized work is rejected or quarantined without silent loss, retries do not duplicate side effects, lineage and audit evidence remain available, and no production records or credentials are used. Safety boundary: Use synthetic learners, applicants, grant records, datasets, and lab fixtures; never use real student or research-subject data. These workflows do not make academic, research-ethics, or human-subject determinations.",Playwright + platform UI/API,"education-research,market-platform,synthetic-data,learning_delivery,time-zone-boundary"
Education & Research Systems,Learning Delivery and Accessibility,EDUX-LEARNING-00174,Learning Delivery and Accessibility: prevent duplicate completion events after offline sync (time-zone boundary),Education & Research Systems: prevent duplicate completion events after offline sync with time-zone boundary,Functional,High,"Non-production tenant or isolated local fixture; synthetic records only; Place timestamps around local midnight and a daylight-saving transition. Safety boundary: Use synthetic learners, applicants, grant records, datasets, and lab fixtures; never use real student or research-subject data. These workflows do not make academic, research-ethics, or human-subject determinations.","1. Create a disposable, versioned synthetic fixture: Place timestamps around local midnight and a daylight-saving transition. 2. Execute the platform workflow to prevent duplicate completion events after offline sync. 3. Capture the committed result, resource version, or run status. 4. Compare the result with the source fixture and the declared invariant. 5. Repeat or recover the operation when applicable; verify access, audit evidence, and side effects.","The platform must correctly prevent duplicate completion events after offline sync; the time-zone boundary condition follows the configured contract; valid state is preserved, invalid or unauthorized work is rejected or quarantined without silent loss, retries do not duplicate side effects, lineage and audit evidence remain available, and no production records or credentials are used. Safety boundary: Use synthetic learners, applicants, grant records, datasets, and lab fixtures; never use real student or research-subject data. These workflows do not make academic, research-ethics, or human-subject determinations.",Playwright + platform UI/API,"education-research,market-platform,synthetic-data,learning_delivery,time-zone-boundary"
Education & Research Systems,Learning Delivery and Accessibility,EDUX-LEARNING-00175,Learning Delivery and Accessibility: apply an approved course revision to new enrollments (time-zone boundary),Education & Research Systems: apply an approved course revision to new enrollments with time-zone boundary,Functional,High,"Non-production tenant or isolated local fixture; synthetic records only; Place timestamps around local midnight and a daylight-saving transition. Safety boundary: Use synthetic learners, applicants, grant records, datasets, and lab fixtures; never use real student or research-subject data. These workflows do not make academic, research-ethics, or human-subject determinations.","1. Create a disposable, versioned synthetic fixture: Place timestamps around local midnight and a daylight-saving transition. 2. Execute the platform workflow to apply an approved course revision to new enrollments. 3. Capture the committed result, resource version, or run status. 4. Compare the result with the source fixture and the declared invariant. 5. Repeat or recover the operation when applicable; verify access, audit evidence, and side effects.","The platform must correctly apply an approved course revision to new enrollments; the time-zone boundary condition follows the configured contract; valid state is preserved, invalid or unauthorized work is rejected or quarantined without silent loss, retries do not duplicate side effects, lineage and audit evidence remain available, and no production records or credentials are used. Safety boundary: Use synthetic learners, applicants, grant records, datasets, and lab fixtures; never use real student or research-subject data. These workflows do not make academic, research-ethics, or human-subject determinations.",Playwright + platform UI/API,"education-research,market-platform,synthetic-data,learning_delivery,time-zone-boundary"
Education & Research Systems,Learning Delivery and Accessibility,EDUX-LEARNING-00176,Learning Delivery and Accessibility: retain prior progress after a content correction (time-zone boundary),Education & Research Systems: retain prior progress after a content correction with time-zone boundary,Functional,High,"Non-production tenant or isolated local fixture; synthetic records only; Place timestamps around local midnight and a daylight-saving transition. Safety boundary: Use synthetic learners, applicants, grant records, datasets, and lab fixtures; never use real student or research-subject data. These workflows do not make academic, research-ethics, or human-subject determinations.","1. Create a disposable, versioned synthetic fixture: Place timestamps around local midnight and a daylight-saving transition. 2. Execute the platform workflow to retain prior progress after a content correction. 3. Capture the committed result, resource version, or run status. 4. Compare the result with the source fixture and the declared invariant. 5. Repeat or recover the operation when applicable; verify access, audit evidence, and side effects.","The platform must correctly retain prior progress after a content correction; the time-zone boundary condition follows the configured contract; valid state is preserved, invalid or unauthorized work is rejected or quarantined without silent loss, retries do not duplicate side effects, lineage and audit evidence remain available, and no production records or credentials are used. Safety boundary: Use synthetic learners, applicants, grant records, datasets, and lab fixtures; never use real student or research-subject data. These workflows do not make academic, research-ethics, or human-subject determinations.",Playwright + platform UI/API,"education-research,market-platform,synthetic-data,learning_delivery,time-zone-boundary"
Education & Research Systems,Learning Delivery and Accessibility,EDUX-LEARNING-00177,Learning Delivery and Accessibility: validate captions and alternate-text fixture metadata (time-zone boundary),Education & Research Systems: validate captions and alternate-text fixture metadata with time-zone boundary,Functional,Medium,"Non-production tenant or isolated local fixture; synthetic records only; Place timestamps around local midnight and a daylight-saving transition. Safety boundary: Use synthetic learners, applicants, grant records, datasets, and lab fixtures; never use real student or research-subject data. These workflows do not make academic, research-ethics, or human-subject determinations.","1. Create a disposable, versioned synthetic fixture: Place timestamps around local midnight and a daylight-saving transition. 2. Execute the platform workflow to validate captions and alternate-text fixture metadata. 3. Capture the committed result, resource version, or run status. 4. Compare the result with the source fixture and the declared invariant. 5. Repeat or recover the operation when applicable; verify access, audit evidence, and side effects.","The platform must correctly validate captions and alternate-text fixture metadata; the time-zone boundary condition follows the configured contract; valid state is preserved, invalid or unauthorized work is rejected or quarantined without silent loss, retries do not duplicate side effects, lineage and audit evidence remain available, and no production records or credentials are used. Safety boundary: Use synthetic learners, applicants, grant records, datasets, and lab fixtures; never use real student or research-subject data. These workflows do not make academic, research-ethics, or human-subject determinations.",Playwright + platform UI/API,"education-research,market-platform,synthetic-data,learning_delivery,time-zone-boundary"
Education & Research Systems,Learning Delivery and Accessibility,EDUX-LEARNING-00178,Learning Delivery and Accessibility: restrict instructor actions to assigned test courses (time-zone boundary),Education & Research Systems: restrict instructor actions to assigned test courses with time-zone boundary,Functional,High,"Non-production tenant or isolated local fixture; synthetic records only; Place timestamps around local midnight and a daylight-saving transition. Safety boundary: Use synthetic learners, applicants, grant records, datasets, and lab fixtures; never use real student or research-subject data. These workflows do not make academic, research-ethics, or human-subject determinations.","1. Create a disposable, versioned synthetic fixture: Place timestamps around local midnight and a daylight-saving transition. 2. Execute the platform workflow to restrict instructor actions to assigned test courses. 3. Capture the committed result, resource version, or run status. 4. Compare the result with the source fixture and the declared invariant. 5. Repeat or recover the operation when applicable; verify access, audit evidence, and side effects.","The platform must correctly restrict instructor actions to assigned test courses; the time-zone boundary condition follows the configured contract; valid state is preserved, invalid or unauthorized work is rejected or quarantined without silent loss, retries do not duplicate side effects, lineage and audit evidence remain available, and no production records or credentials are used. Safety boundary: Use synthetic learners, applicants, grant records, datasets, and lab fixtures; never use real student or research-subject data. These workflows do not make academic, research-ethics, or human-subject determinations.",Playwright + platform UI/API,"education-research,market-platform,synthetic-data,learning_delivery,time-zone-boundary"
Education & Research Systems,Learning Delivery and Accessibility,EDUX-LEARNING-00179,Learning Delivery and Accessibility: report completion from deterministic synthetic activity (time-zone boundary),Education & Research Systems: report completion from deterministic synthetic activity with time-zone boundary,Functional,High,"Non-production tenant or isolated local fixture; synthetic records only; Place timestamps around local midnight and a daylight-saving transition. Safety boundary: Use synthetic learners, applicants, grant records, datasets, and lab fixtures; never use real student or research-subject data. These workflows do not make academic, research-ethics, or human-subject determinations.","1. Create a disposable, versioned synthetic fixture: Place timestamps around local midnight and a daylight-saving transition. 2. Execute the platform workflow to report completion from deterministic synthetic activity. 3. Capture the committed result, resource version, or run status. 4. Compare the result with the source fixture and the declared invariant. 5. Repeat or recover the operation when applicable; verify access, audit evidence, and side effects.","The platform must correctly report completion from deterministic synthetic activity; the time-zone boundary condition follows the configured contract; valid state is preserved, invalid or unauthorized work is rejected or quarantined without silent loss, retries do not duplicate side effects, lineage and audit evidence remain available, and no production records or credentials are used. Safety boundary: Use synthetic learners, applicants, grant records, datasets, and lab fixtures; never use real student or research-subject data. These workflows do not make academic, research-ethics, or human-subject determinations.",Playwright + platform UI/API,"education-research,market-platform,synthetic-data,learning_delivery,time-zone-boundary"
Education & Research Systems,Learning Delivery and Accessibility,EDUX-LEARNING-00180,Learning Delivery and Accessibility: audit course publication and accessibility review (time-zone boundary),Education & Research Systems: audit course publication and accessibility review with time-zone boundary,Functional,High,"Non-production tenant or isolated local fixture; synthetic records only; Place timestamps around local midnight and a daylight-saving transition. Safety boundary: Use synthetic learners, applicants, grant records, datasets, and lab fixtures; never use real student or research-subject data. These workflows do not make academic, research-ethics, or human-subject determinations.","1. Create a disposable, versioned synthetic fixture: Place timestamps around local midnight and a daylight-saving transition. 2. Execute the platform workflow to audit course publication and accessibility review. 3. Capture the committed result, resource version, or run status. 4. Compare the result with the source fixture and the declared invariant. 5. Repeat or recover the operation when applicable; verify access, audit evidence, and side effects.","The platform must correctly audit course publication and accessibility review; the time-zone boundary condition follows the configured contract; valid state is preserved, invalid or unauthorized work is rejected or quarantined without silent loss, retries do not duplicate side effects, lineage and audit evidence remain available, and no production records or credentials are used. Safety boundary: Use synthetic learners, applicants, grant records, datasets, and lab fixtures; never use real student or research-subject data. These workflows do not make academic, research-ethics, or human-subject determinations.",Playwright + platform UI/API,"education-research,market-platform,synthetic-data,learning_delivery,time-zone-boundary"
Education & Research Systems,Learning Delivery and Accessibility,EDUX-LEARNING-00181,Learning Delivery and Accessibility: publish a synthetic course with accessible content metadata (skewed high volume),Education & Research Systems: publish a synthetic course with accessible content metadata with skewed high volume,Functional,Medium,"Non-production tenant or isolated local fixture; synthetic records only; Use a large synthetic fixture with one intentionally skewed key or partition. Safety boundary: Use synthetic learners, applicants, grant records, datasets, and lab fixtures; never use real student or research-subject data. These workflows do not make academic, research-ethics, or human-subject determinations.","1. Create a disposable, versioned synthetic fixture: Use a large synthetic fixture with one intentionally skewed key or partition. 2. Execute the platform workflow to publish a synthetic course with accessible content metadata. 3. Capture the committed result, resource version, or run status. 4. Compare the result with the source fixture and the declared invariant. 5. Repeat or recover the operation when applicable; verify access, audit evidence, and side effects.","The platform must correctly publish a synthetic course with accessible content metadata; the skewed high volume condition follows the configured contract; valid state is preserved, invalid or unauthorized work is rejected or quarantined without silent loss, retries do not duplicate side effects, lineage and audit evidence remain available, and no production records or credentials are used. Safety boundary: Use synthetic learners, applicants, grant records, datasets, and lab fixtures; never use real student or research-subject data. These workflows do not make academic, research-ethics, or human-subject determinations.",Playwright + platform UI/API,"education-research,market-platform,synthetic-data,learning_delivery,skewed-high-volume"
Education & Research Systems,Learning Delivery and Accessibility,EDUX-LEARNING-00182,Learning Delivery and Accessibility: verify keyboard access to the test lesson and assessment (skewed high volume),Education & Research Systems: verify keyboard access to the test lesson and assessment with skewed high volume,Functional,High,"Non-production tenant or isolated local fixture; synthetic records only; Use a large synthetic fixture with one intentionally skewed key or partition. Safety boundary: Use synthetic learners, applicants, grant records, datasets, and lab fixtures; never use real student or research-subject data. These workflows do not make academic, research-ethics, or human-subject determinations.","1. Create a disposable, versioned synthetic fixture: Use a large synthetic fixture with one intentionally skewed key or partition. 2. Execute the platform workflow to verify keyboard access to the test lesson and assessment. 3. Capture the committed result, resource version, or run status. 4. Compare the result with the source fixture and the declared invariant. 5. Repeat or recover the operation when applicable; verify access, audit evidence, and side effects.","The platform must correctly verify keyboard access to the test lesson and assessment; the skewed high volume condition follows the configured contract; valid state is preserved, invalid or unauthorized work is rejected or quarantined without silent loss, retries do not duplicate side effects, lineage and audit evidence remain available, and no production records or credentials are used. Safety boundary: Use synthetic learners, applicants, grant records, datasets, and lab fixtures; never use real student or research-subject data. These workflows do not make academic, research-ethics, or human-subject determinations.",Playwright + platform UI/API,"education-research,market-platform,synthetic-data,learning_delivery,skewed-high-volume"
Education & Research Systems,Learning Delivery and Accessibility,EDUX-LEARNING-00183,Learning Delivery and Accessibility: resume a learner session from its saved fixture checkpoint (skewed high volume),Education & Research Systems: resume a learner session from its saved fixture checkpoint with skewed high volume,Functional,High,"Non-production tenant or isolated local fixture; synthetic records only; Use a large synthetic fixture with one intentionally skewed key or partition. Safety boundary: Use synthetic learners, applicants, grant records, datasets, and lab fixtures; never use real student or research-subject data. These workflows do not make academic, research-ethics, or human-subject determinations.","1. Create a disposable, versioned synthetic fixture: Use a large synthetic fixture with one intentionally skewed key or partition. 2. Execute the platform workflow to resume a learner session from its saved fixture checkpoint. 3. Capture the committed result, resource version, or run status. 4. Compare the result with the source fixture and the declared invariant. 5. Repeat or recover the operation when applicable; verify access, audit evidence, and side effects.","The platform must correctly resume a learner session from its saved fixture checkpoint; the skewed high volume condition follows the configured contract; valid state is preserved, invalid or unauthorized work is rejected or quarantined without silent loss, retries do not duplicate side effects, lineage and audit evidence remain available, and no production records or credentials are used. Safety boundary: Use synthetic learners, applicants, grant records, datasets, and lab fixtures; never use real student or research-subject data. These workflows do not make academic, research-ethics, or human-subject determinations.",Playwright + platform UI/API,"education-research,market-platform,synthetic-data,learning_delivery,skewed-high-volume"
Education & Research Systems,Learning Delivery and Accessibility,EDUX-LEARNING-00184,Learning Delivery and Accessibility: prevent duplicate completion events after offline sync (skewed high volume),Education & Research Systems: prevent duplicate completion events after offline sync with skewed high volume,Functional,High,"Non-production tenant or isolated local fixture; synthetic records only; Use a large synthetic fixture with one intentionally skewed key or partition. Safety boundary: Use synthetic learners, applicants, grant records, datasets, and lab fixtures; never use real student or research-subject data. These workflows do not make academic, research-ethics, or human-subject determinations.","1. Create a disposable, versioned synthetic fixture: Use a large synthetic fixture with one intentionally skewed key or partition. 2. Execute the platform workflow to prevent duplicate completion events after offline sync. 3. Capture the committed result, resource version, or run status. 4. Compare the result with the source fixture and the declared invariant. 5. Repeat or recover the operation when applicable; verify access, audit evidence, and side effects.","The platform must correctly prevent duplicate completion events after offline sync; the skewed high volume condition follows the configured contract; valid state is preserved, invalid or unauthorized work is rejected or quarantined without silent loss, retries do not duplicate side effects, lineage and audit evidence remain available, and no production records or credentials are used. Safety boundary: Use synthetic learners, applicants, grant records, datasets, and lab fixtures; never use real student or research-subject data. These workflows do not make academic, research-ethics, or human-subject determinations.",Playwright + platform UI/API,"education-research,market-platform,synthetic-data,learning_delivery,skewed-high-volume"
Education & Research Systems,Learning Delivery and Accessibility,EDUX-LEARNING-00185,Learning Delivery and Accessibility: apply an approved course revision to new enrollments (skewed high volume),Education & Research Systems: apply an approved course revision to new enrollments with skewed high volume,Functional,Medium,"Non-production tenant or isolated local fixture; synthetic records only; Use a large synthetic fixture with one intentionally skewed key or partition. Safety boundary: Use synthetic learners, applicants, grant records, datasets, and lab fixtures; never use real student or research-subject data. These workflows do not make academic, research-ethics, or human-subject determinations.","1. Create a disposable, versioned synthetic fixture: Use a large synthetic fixture with one intentionally skewed key or partition. 2. Execute the platform workflow to apply an approved course revision to new enrollments. 3. Capture the committed result, resource version, or run status. 4. Compare the result with the source fixture and the declared invariant. 5. Repeat or recover the operation when applicable; verify access, audit evidence, and side effects.","The platform must correctly apply an approved course revision to new enrollments; the skewed high volume condition follows the configured contract; valid state is preserved, invalid or unauthorized work is rejected or quarantined without silent loss, retries do not duplicate side effects, lineage and audit evidence remain available, and no production records or credentials are used. Safety boundary: Use synthetic learners, applicants, grant records, datasets, and lab fixtures; never use real student or research-subject data. These workflows do not make academic, research-ethics, or human-subject determinations.",Playwright + platform UI/API,"education-research,market-platform,synthetic-data,learning_delivery,skewed-high-volume"
Education & Research Systems,Learning Delivery and Accessibility,EDUX-LEARNING-00186,Learning Delivery and Accessibility: retain prior progress after a content correction (skewed high volume),Education & Research Systems: retain prior progress after a content correction with skewed high volume,Functional,High,"Non-production tenant or isolated local fixture; synthetic records only; Use a large synthetic fixture with one intentionally skewed key or partition. Safety boundary: Use synthetic learners, applicants, grant records, datasets, and lab fixtures; never use real student or research-subject data. These workflows do not make academic, research-ethics, or human-subject determinations.","1. Create a disposable, versioned synthetic fixture: Use a large synthetic fixture with one intentionally skewed key or partition. 2. Execute the platform workflow to retain prior progress after a content correction. 3. Capture the committed result, resource version, or run status. 4. Compare the result with the source fixture and the declared invariant. 5. Repeat or recover the operation when applicable; verify access, audit evidence, and side effects.","The platform must correctly retain prior progress after a content correction; the skewed high volume condition follows the configured contract; valid state is preserved, invalid or unauthorized work is rejected or quarantined without silent loss, retries do not duplicate side effects, lineage and audit evidence remain available, and no production records or credentials are used. Safety boundary: Use synthetic learners, applicants, grant records, datasets, and lab fixtures; never use real student or research-subject data. These workflows do not make academic, research-ethics, or human-subject determinations.",Playwright + platform UI/API,"education-research,market-platform,synthetic-data,learning_delivery,skewed-high-volume"
Education & Research Systems,Learning Delivery and Accessibility,EDUX-LEARNING-00187,Learning Delivery and Accessibility: validate captions and alternate-text fixture metadata (skewed high volume),Education & Research Systems: validate captions and alternate-text fixture metadata with skewed high volume,Functional,High,"Non-production tenant or isolated local fixture; synthetic records only; Use a large synthetic fixture with one intentionally skewed key or partition. Safety boundary: Use synthetic learners, applicants, grant records, datasets, and lab fixtures; never use real student or research-subject data. These workflows do not make academic, research-ethics, or human-subject determinations.","1. Create a disposable, versioned synthetic fixture: Use a large synthetic fixture with one intentionally skewed key or partition. 2. Execute the platform workflow to validate captions and alternate-text fixture metadata. 3. Capture the committed result, resource version, or run status. 4. Compare the result with the source fixture and the declared invariant. 5. Repeat or recover the operation when applicable; verify access, audit evidence, and side effects.","The platform must correctly validate captions and alternate-text fixture metadata; the skewed high volume condition follows the configured contract; valid state is preserved, invalid or unauthorized work is rejected or quarantined without silent loss, retries do not duplicate side effects, lineage and audit evidence remain available, and no production records or credentials are used. Safety boundary: Use synthetic learners, applicants, grant records, datasets, and lab fixtures; never use real student or research-subject data. These workflows do not make academic, research-ethics, or human-subject determinations.",Playwright + platform UI/API,"education-research,market-platform,synthetic-data,learning_delivery,skewed-high-volume"
Education & Research Systems,Learning Delivery and Accessibility,EDUX-LEARNING-00188,Learning Delivery and Accessibility: restrict instructor actions to assigned test courses (skewed high volume),Education & Research Systems: restrict instructor actions to assigned test courses with skewed high volume,Functional,High,"Non-production tenant or isolated local fixture; synthetic records only; Use a large synthetic fixture with one intentionally skewed key or partition. Safety boundary: Use synthetic learners, applicants, grant records, datasets, and lab fixtures; never use real student or research-subject data. These workflows do not make academic, research-ethics, or human-subject determinations.","1. Create a disposable, versioned synthetic fixture: Use a large synthetic fixture with one intentionally skewed key or partition. 2. Execute the platform workflow to restrict instructor actions to assigned test courses. 3. Capture the committed result, resource version, or run status. 4. Compare the result with the source fixture and the declared invariant. 5. Repeat or recover the operation when applicable; verify access, audit evidence, and side effects.","The platform must correctly restrict instructor actions to assigned test courses; the skewed high volume condition follows the configured contract; valid state is preserved, invalid or unauthorized work is rejected or quarantined without silent loss, retries do not duplicate side effects, lineage and audit evidence remain available, and no production records or credentials are used. Safety boundary: Use synthetic learners, applicants, grant records, datasets, and lab fixtures; never use real student or research-subject data. These workflows do not make academic, research-ethics, or human-subject determinations.",Playwright + platform UI/API,"education-research,market-platform,synthetic-data,learning_delivery,skewed-high-volume"
Education & Research Systems,Learning Delivery and Accessibility,EDUX-LEARNING-00189,Learning Delivery and Accessibility: report completion from deterministic synthetic activity (skewed high volume),Education & Research Systems: report completion from deterministic synthetic activity with skewed high volume,Functional,Medium,"Non-production tenant or isolated local fixture; synthetic records only; Use a large synthetic fixture with one intentionally skewed key or partition. Safety boundary: Use synthetic learners, applicants, grant records, datasets, and lab fixtures; never use real student or research-subject data. These workflows do not make academic, research-ethics, or human-subject determinations.","1. Create a disposable, versioned synthetic fixture: Use a large synthetic fixture with one intentionally skewed key or partition. 2. Execute the platform workflow to report completion from deterministic synthetic activity. 3. Capture the committed result, resource version, or run status. 4. Compare the result with the source fixture and the declared invariant. 5. Repeat or recover the operation when applicable; verify access, audit evidence, and side effects.","The platform must correctly report completion from deterministic synthetic activity; the skewed high volume condition follows the configured contract; valid state is preserved, invalid or unauthorized work is rejected or quarantined without silent loss, retries do not duplicate side effects, lineage and audit evidence remain available, and no production records or credentials are used. Safety boundary: Use synthetic learners, applicants, grant records, datasets, and lab fixtures; never use real student or research-subject data. These workflows do not make academic, research-ethics, or human-subject determinations.",Playwright + platform UI/API,"education-research,market-platform,synthetic-data,learning_delivery,skewed-high-volume"
Education & Research Systems,Learning Delivery and Accessibility,EDUX-LEARNING-00190,Learning Delivery and Accessibility: audit course publication and accessibility review (skewed high volume),Education & Research Systems: audit course publication and accessibility review with skewed high volume,Functional,High,"Non-production tenant or isolated local fixture; synthetic records only; Use a large synthetic fixture with one intentionally skewed key or partition. Safety boundary: Use synthetic learners, applicants, grant records, datasets, and lab fixtures; never use real student or research-subject data. These workflows do not make academic, research-ethics, or human-subject determinations.","1. Create a disposable, versioned synthetic fixture: Use a large synthetic fixture with one intentionally skewed key or partition. 2. Execute the platform workflow to audit course publication and accessibility review. 3. Capture the committed result, resource version, or run status. 4. Compare the result with the source fixture and the declared invariant. 5. Repeat or recover the operation when applicable; verify access, audit evidence, and side effects.","The platform must correctly audit course publication and accessibility review; the skewed high volume condition follows the configured contract; valid state is preserved, invalid or unauthorized work is rejected or quarantined without silent loss, retries do not duplicate side effects, lineage and audit evidence remain available, and no production records or credentials are used. Safety boundary: Use synthetic learners, applicants, grant records, datasets, and lab fixtures; never use real student or research-subject data. These workflows do not make academic, research-ethics, or human-subject determinations.",Playwright + platform UI/API,"education-research,market-platform,synthetic-data,learning_delivery,skewed-high-volume"
Education & Research Systems,Learning Delivery and Accessibility,EDUX-LEARNING-00191,Learning Delivery and Accessibility: publish a synthetic course with accessible content metadata (corrupt input),Education & Research Systems: publish a synthetic course with accessible content metadata with corrupt input,Functional,High,"Non-production tenant or isolated local fixture; synthetic records only; Include one malformed record and verify quarantine or clear failure without silent loss. Safety boundary: Use synthetic learners, applicants, grant records, datasets, and lab fixtures; never use real student or research-subject data. These workflows do not make academic, research-ethics, or human-subject determinations.","1. Create a disposable, versioned synthetic fixture: Include one malformed record and verify quarantine or clear failure without silent loss. 2. Execute the platform workflow to publish a synthetic course with accessible content metadata. 3. Capture the committed result, resource version, or run status. 4. Compare the result with the source fixture and the declared invariant. 5. Repeat or recover the operation when applicable; verify access, audit evidence, and side effects.","The platform must correctly publish a synthetic course with accessible content metadata; the corrupt input condition follows the configured contract; valid state is preserved, invalid or unauthorized work is rejected or quarantined without silent loss, retries do not duplicate side effects, lineage and audit evidence remain available, and no production records or credentials are used. Safety boundary: Use synthetic learners, applicants, grant records, datasets, and lab fixtures; never use real student or research-subject data. These workflows do not make academic, research-ethics, or human-subject determinations.",Playwright + platform UI/API,"education-research,market-platform,synthetic-data,learning_delivery,corrupt-input"
Education & Research Systems,Learning Delivery and Accessibility,EDUX-LEARNING-00192,Learning Delivery and Accessibility: verify keyboard access to the test lesson and assessment (corrupt input),Education & Research Systems: verify keyboard access to the test lesson and assessment with corrupt input,Functional,High,"Non-production tenant or isolated local fixture; synthetic records only; Include one malformed record and verify quarantine or clear failure without silent loss. Safety boundary: Use synthetic learners, applicants, grant records, datasets, and lab fixtures; never use real student or research-subject data. These workflows do not make academic, research-ethics, or human-subject determinations.","1. Create a disposable, versioned synthetic fixture: Include one malformed record and verify quarantine or clear failure without silent loss. 2. Execute the platform workflow to verify keyboard access to the test lesson and assessment. 3. Capture the committed result, resource version, or run status. 4. Compare the result with the source fixture and the declared invariant. 5. Repeat or recover the operation when applicable; verify access, audit evidence, and side effects.","The platform must correctly verify keyboard access to the test lesson and assessment; the corrupt input condition follows the configured contract; valid state is preserved, invalid or unauthorized work is rejected or quarantined without silent loss, retries do not duplicate side effects, lineage and audit evidence remain available, and no production records or credentials are used. Safety boundary: Use synthetic learners, applicants, grant records, datasets, and lab fixtures; never use real student or research-subject data. These workflows do not make academic, research-ethics, or human-subject determinations.",Playwright + platform UI/API,"education-research,market-platform,synthetic-data,learning_delivery,corrupt-input"
Education & Research Systems,Learning Delivery and Accessibility,EDUX-LEARNING-00193,Learning Delivery and Accessibility: resume a learner session from its saved fixture checkpoint (corrupt input),Education & Research Systems: resume a learner session from its saved fixture checkpoint with corrupt input,Functional,Medium,"Non-production tenant or isolated local fixture; synthetic records only; Include one malformed record and verify quarantine or clear failure without silent loss. Safety boundary: Use synthetic learners, applicants, grant records, datasets, and lab fixtures; never use real student or research-subject data. These workflows do not make academic, research-ethics, or human-subject determinations.","1. Create a disposable, versioned synthetic fixture: Include one malformed record and verify quarantine or clear failure without silent loss. 2. Execute the platform workflow to resume a learner session from its saved fixture checkpoint. 3. Capture the committed result, resource version, or run status. 4. Compare the result with the source fixture and the declared invariant. 5. Repeat or recover the operation when applicable; verify access, audit evidence, and side effects.","The platform must correctly resume a learner session from its saved fixture checkpoint; the corrupt input condition follows the configured contract; valid state is preserved, invalid or unauthorized work is rejected or quarantined without silent loss, retries do not duplicate side effects, lineage and audit evidence remain available, and no production records or credentials are used. Safety boundary: Use synthetic learners, applicants, grant records, datasets, and lab fixtures; never use real student or research-subject data. These workflows do not make academic, research-ethics, or human-subject determinations.",Playwright + platform UI/API,"education-research,market-platform,synthetic-data,learning_delivery,corrupt-input"
Education & Research Systems,Learning Delivery and Accessibility,EDUX-LEARNING-00194,Learning Delivery and Accessibility: prevent duplicate completion events after offline sync (corrupt input),Education & Research Systems: prevent duplicate completion events after offline sync with corrupt input,Functional,High,"Non-production tenant or isolated local fixture; synthetic records only; Include one malformed record and verify quarantine or clear failure without silent loss. Safety boundary: Use synthetic learners, applicants, grant records, datasets, and lab fixtures; never use real student or research-subject data. These workflows do not make academic, research-ethics, or human-subject determinations.","1. Create a disposable, versioned synthetic fixture: Include one malformed record and verify quarantine or clear failure without silent loss. 2. Execute the platform workflow to prevent duplicate completion events after offline sync. 3. Capture the committed result, resource version, or run status. 4. Compare the result with the source fixture and the declared invariant. 5. Repeat or recover the operation when applicable; verify access, audit evidence, and side effects.","The platform must correctly prevent duplicate completion events after offline sync; the corrupt input condition follows the configured contract; valid state is preserved, invalid or unauthorized work is rejected or quarantined without silent loss, retries do not duplicate side effects, lineage and audit evidence remain available, and no production records or credentials are used. Safety boundary: Use synthetic learners, applicants, grant records, datasets, and lab fixtures; never use real student or research-subject data. These workflows do not make academic, research-ethics, or human-subject determinations.",Playwright + platform UI/API,"education-research,market-platform,synthetic-data,learning_delivery,corrupt-input"
Education & Research Systems,Learning Delivery and Accessibility,EDUX-LEARNING-00195,Learning Delivery and Accessibility: apply an approved course revision to new enrollments (corrupt input),Education & Research Systems: apply an approved course revision to new enrollments with corrupt input,Functional,High,"Non-production tenant or isolated local fixture; synthetic records only; Include one malformed record and verify quarantine or clear failure without silent loss. Safety boundary: Use synthetic learners, applicants, grant records, datasets, and lab fixtures; never use real student or research-subject data. These workflows do not make academic, research-ethics, or human-subject determinations.","1. Create a disposable, versioned synthetic fixture: Include one malformed record and verify quarantine or clear failure without silent loss. 2. Execute the platform workflow to apply an approved course revision to new enrollments. 3. Capture the committed result, resource version, or run status. 4. Compare the result with the source fixture and the declared invariant. 5. Repeat or recover the operation when applicable; verify access, audit evidence, and side effects.","The platform must correctly apply an approved course revision to new enrollments; the corrupt input condition follows the configured contract; valid state is preserved, invalid or unauthorized work is rejected or quarantined without silent loss, retries do not duplicate side effects, lineage and audit evidence remain available, and no production records or credentials are used. Safety boundary: Use synthetic learners, applicants, grant records, datasets, and lab fixtures; never use real student or research-subject data. These workflows do not make academic, research-ethics, or human-subject determinations.",Playwright + platform UI/API,"education-research,market-platform,synthetic-data,learning_delivery,corrupt-input"
Education & Research Systems,Learning Delivery and Accessibility,EDUX-LEARNING-00196,Learning Delivery and Accessibility: retain prior progress after a content correction (corrupt input),Education & Research Systems: retain prior progress after a content correction with corrupt input,Functional,High,"Non-production tenant or isolated local fixture; synthetic records only; Include one malformed record and verify quarantine or clear failure without silent loss. Safety boundary: Use synthetic learners, applicants, grant records, datasets, and lab fixtures; never use real student or research-subject data. These workflows do not make academic, research-ethics, or human-subject determinations.","1. Create a disposable, versioned synthetic fixture: Include one malformed record and verify quarantine or clear failure without silent loss. 2. Execute the platform workflow to retain prior progress after a content correction. 3. Capture the committed result, resource version, or run status. 4. Compare the result with the source fixture and the declared invariant. 5. Repeat or recover the operation when applicable; verify access, audit evidence, and side effects.","The platform must correctly retain prior progress after a content correction; the corrupt input condition follows the configured contract; valid state is preserved, invalid or unauthorized work is rejected or quarantined without silent loss, retries do not duplicate side effects, lineage and audit evidence remain available, and no production records or credentials are used. Safety boundary: Use synthetic learners, applicants, grant records, datasets, and lab fixtures; never use real student or research-subject data. These workflows do not make academic, research-ethics, or human-subject determinations.",Playwright + platform UI/API,"education-research,market-platform,synthetic-data,learning_delivery,corrupt-input"
Education & Research Systems,Learning Delivery and Accessibility,EDUX-LEARNING-00197,Learning Delivery and Accessibility: validate captions and alternate-text fixture metadata (corrupt input),Education & Research Systems: validate captions and alternate-text fixture metadata with corrupt input,Functional,Medium,"Non-production tenant or isolated local fixture; synthetic records only; Include one malformed record and verify quarantine or clear failure without silent loss. Safety boundary: Use synthetic learners, applicants, grant records, datasets, and lab fixtures; never use real student or research-subject data. These workflows do not make academic, research-ethics, or human-subject determinations.","1. Create a disposable, versioned synthetic fixture: Include one malformed record and verify quarantine or clear failure without silent loss. 2. Execute the platform workflow to validate captions and alternate-text fixture metadata. 3. Capture the committed result, resource version, or run status. 4. Compare the result with the source fixture and the declared invariant. 5. Repeat or recover the operation when applicable; verify access, audit evidence, and side effects.","The platform must correctly validate captions and alternate-text fixture metadata; the corrupt input condition follows the configured contract; valid state is preserved, invalid or unauthorized work is rejected or quarantined without silent loss, retries do not duplicate side effects, lineage and audit evidence remain available, and no production records or credentials are used. Safety boundary: Use synthetic learners, applicants, grant records, datasets, and lab fixtures; never use real student or research-subject data. These workflows do not make academic, research-ethics, or human-subject determinations.",Playwright + platform UI/API,"education-research,market-platform,synthetic-data,learning_delivery,corrupt-input"
Education & Research Systems,Learning Delivery and Accessibility,EDUX-LEARNING-00198,Learning Delivery and Accessibility: restrict instructor actions to assigned test courses (corrupt input),Education & Research Systems: restrict instructor actions to assigned test courses with corrupt input,Functional,High,"Non-production tenant or isolated local fixture; synthetic records only; Include one malformed record and verify quarantine or clear failure without silent loss. Safety boundary: Use synthetic learners, applicants, grant records, datasets, and lab fixtures; never use real student or research-subject data. These workflows do not make academic, research-ethics, or human-subject determinations.","1. Create a disposable, versioned synthetic fixture: Include one malformed record and verify quarantine or clear failure without silent loss. 2. Execute the platform workflow to restrict instructor actions to assigned test courses. 3. Capture the committed result, resource version, or run status. 4. Compare the result with the source fixture and the declared invariant. 5. Repeat or recover the operation when applicable; verify access, audit evidence, and side effects.","The platform must correctly restrict instructor actions to assigned test courses; the corrupt input condition follows the configured contract; valid state is preserved, invalid or unauthorized work is rejected or quarantined without silent loss, retries do not duplicate side effects, lineage and audit evidence remain available, and no production records or credentials are used. Safety boundary: Use synthetic learners, applicants, grant records, datasets, and lab fixtures; never use real student or research-subject data. These workflows do not make academic, research-ethics, or human-subject determinations.",Playwright + platform UI/API,"education-research,market-platform,synthetic-data,learning_delivery,corrupt-input"
Education & Research Systems,Learning Delivery and Accessibility,EDUX-LEARNING-00199,Learning Delivery and Accessibility: report completion from deterministic synthetic activity (corrupt input),Education & Research Systems: report completion from deterministic synthetic activity with corrupt input,Functional,High,"Non-production tenant or isolated local fixture; synthetic records only; Include one malformed record and verify quarantine or clear failure without silent loss. Safety boundary: Use synthetic learners, applicants, grant records, datasets, and lab fixtures; never use real student or research-subject data. These workflows do not make academic, research-ethics, or human-subject determinations.","1. Create a disposable, versioned synthetic fixture: Include one malformed record and verify quarantine or clear failure without silent loss. 2. Execute the platform workflow to report completion from deterministic synthetic activity. 3. Capture the committed result, resource version, or run status. 4. Compare the result with the source fixture and the declared invariant. 5. Repeat or recover the operation when applicable; verify access, audit evidence, and side effects.","The platform must correctly report completion from deterministic synthetic activity; the corrupt input condition follows the configured contract; valid state is preserved, invalid or unauthorized work is rejected or quarantined without silent loss, retries do not duplicate side effects, lineage and audit evidence remain available, and no production records or credentials are used. Safety boundary: Use synthetic learners, applicants, grant records, datasets, and lab fixtures; never use real student or research-subject data. These workflows do not make academic, research-ethics, or human-subject determinations.",Playwright + platform UI/API,"education-research,market-platform,synthetic-data,learning_delivery,corrupt-input"
Education & Research Systems,Learning Delivery and Accessibility,EDUX-LEARNING-00200,Learning Delivery and Accessibility: audit course publication and accessibility review (corrupt input),Education & Research Systems: audit course publication and accessibility review with corrupt input,Functional,High,"Non-production tenant or isolated local fixture; synthetic records only; Include one malformed record and verify quarantine or clear failure without silent loss. Safety boundary: Use synthetic learners, applicants, grant records, datasets, and lab fixtures; never use real student or research-subject data. These workflows do not make academic, research-ethics, or human-subject determinations.","1. Create a disposable, versioned synthetic fixture: Include one malformed record and verify quarantine or clear failure without silent loss. 2. Execute the platform workflow to audit course publication and accessibility review. 3. Capture the committed result, resource version, or run status. 4. Compare the result with the source fixture and the declared invariant. 5. Repeat or recover the operation when applicable; verify access, audit evidence, and side effects.","The platform must correctly audit course publication and accessibility review; the corrupt input condition follows the configured contract; valid state is preserved, invalid or unauthorized work is rejected or quarantined without silent loss, retries do not duplicate side effects, lineage and audit evidence remain available, and no production records or credentials are used. Safety boundary: Use synthetic learners, applicants, grant records, datasets, and lab fixtures; never use real student or research-subject data. These workflows do not make academic, research-ethics, or human-subject determinations.",Playwright + platform UI/API,"education-research,market-platform,synthetic-data,learning_delivery,corrupt-input"
